Location,Time,Temperature_C,Humidity_Percent,Pressure_hPa
Chennai,2025-01-01 00:00:00,24.0,94.71996347442106,1012.9
Chennai,2025-01-01 01:00:00,24.0,94.1486450224181,
Chennai,2025-01-01 02:00:00,24.0,94.1486450224181,
Chennai,2025-01-01 03:00:00,24.8,84.97083781729286,1015.4
Chennai,2025-01-01 04:00:00,27.0,88.83751596451742,
Chennai,2025-01-01 05:00:00,28.0,78.9202680701639,
Chennai,2025-01-01 06:00:00,29.0,69.68555280505707,1015.1
Chennai,2025-01-01 07:00:00,30.0,66.17996487728405,
Chennai,2025-01-01 08:00:00,30.0,62.279197326402645,
Chennai,2025-01-01 09:00:00,30.0,58.58138510397075,1012.5
Chennai,2025-01-01 10:00:00,29.0,70.10874183711726,
Chennai,2025-01-01 11:00:00,29.0,70.10874183711726,
Chennai,2025-01-01 12:00:00,30.0,58.58138510397075,1012.5
Chennai,2025-01-01 13:00:00,27.0,78.78071949348664,
Chennai,2025-01-01 14:00:00,27.0,83.67695517522091,
Chennai,2025-01-01 15:00:00,26.0,84.07244076824206,1014.3
Chennai,2025-01-01 16:00:00,26.0,88.7589455109383,
Chennai,2025-01-01 17:00:00,26.0,83.5653445347348,
Chennai,2025-01-01 18:00:00,25.6,85.05359376201457,1014.2
Chennai,2025-01-01 19:00:00,25.0,88.67956137467019,
Chennai,2025-01-01 20:00:00,25.0,88.67956137467019,
Chennai,2025-01-01 21:00:00,24.4,89.71497940989825,1012.3
Chennai,2025-01-01 22:00:00,25.0,88.67956137467019,
Chennai,2025-01-01 23:00:00,25.0,88.67956137467019,
Chennai,2025-01-02 00:00:00,24.0,93.01505522924245,1012.7
Chennai,2025-01-02 01:00:00,24.0,88.59935257199315,
Chennai,2025-01-02 02:00:00,24.0,94.1486450224181,
Chennai,2025-01-02 03:00:00,24.6,91.37426421535667,1015.2
Chennai,2025-01-02 04:00:00,27.0,78.78071949348664,
Chennai,2025-01-02 05:00:00,29.0,62.05907199151088,
Chennai,2025-01-02 06:00:00,29.4,53.245045415963254,1015.3
Chennai,2025-01-02 07:00:00,30.0,55.07749010874436,
Chennai,2025-01-02 08:00:00,29.0,58.347168092797666,
Chennai,2025-01-02 09:00:00,29.0,57.98691806209805,1012.4
Chennai,2025-01-02 10:00:00,29.0,58.347168092797666,
Chennai,2025-01-02 11:00:00,28.0,65.77119451823714,
Chennai,2025-01-02 12:00:00,27.4,61.70335673214363,1012.7
Chennai,2025-01-02 13:00:00,27.0,74.13724053720264,
Chennai,2025-01-02 14:00:00,26.0,78.6398510724195,
Chennai,2025-01-02 15:00:00,25.4,77.59744380650201,1014.6
Chennai,2025-01-02 16:00:00,26.0,78.6398510724195,
Chennai,2025-01-02 17:00:00,26.0,78.6398510724195,
Chennai,2025-01-02 18:00:00,25.4,79.03718283041701,1014.9
Chennai,2025-01-02 19:00:00,26.0,83.5653445347348,
Chennai,2025-01-02 20:00:00,25.0,83.45262666598398,
Chennai,2025-01-02 21:00:00,24.0,84.88741479671322,1013.3
Chennai,2025-01-02 22:00:00,24.0,88.59935257199315,
Chennai,2025-01-02 23:00:00,24.0,88.59935257199315,
Chennai,2025-01-03 00:00:00,23.2,89.62675163391533,1013.5
Chennai,2025-01-03 01:00:00,24.0,83.33878752130364,
Chennai,2025-01-03 02:00:00,24.0,83.33878752130364,
Chennai,2025-01-03 03:00:00,24.2,81.33784349698335,1016.0
Chennai,2025-01-03 04:00:00,26.0,78.6398510724195,
Chennai,2025-01-03 05:00:00,27.0,74.13724053720264,
Chennai,2025-01-03 06:00:00,27.0,69.73535987777385,1016.0
Chennai,2025-01-03 07:00:00,29.0,65.9764050234237,
Chennai,2025-01-03 08:00:00,29.0,65.9764050234237,
Chennai,2025-01-03 09:00:00,29.0,59.073562416700796,1013.3
Chennai,2025-01-03 10:00:00,29.0,54.83146494452449,
Chennai,2025-01-03 11:00:00,28.0,61.83725955078121,
Chennai,2025-01-03 12:00:00,26.6,69.23176807489104,1012.9
Chennai,2025-01-03 13:00:00,26.0,73.97062900551056,
Chennai,2025-01-03 14:00:00,26.0,73.97062900551056,
Chennai,2025-01-03 15:00:00,24.8,75.61833422287444,1013.9
Chennai,2025-01-03 16:00:00,25.0,78.49764721655077,
Chennai,2025-01-03 17:00:00,24.0,83.33878752130364,
Chennai,2025-01-03 18:00:00,22.2,85.75572174928098,1013.1
Chennai,2025-01-03 19:00:00,24.0,78.3540921272656,
Chennai,2025-01-03 20:00:00,23.0,83.22381284256232,
Chennai,2025-01-03 21:00:00,22.4,87.38305999003406,1012.9
Chennai,2025-01-03 22:00:00,23.0,83.22381284256232,
Chennai,2025-01-03 23:00:00,23.0,83.22381284256232,
Chennai,2025-01-04 00:00:00,22.0,87.34731863549206,1012.5
Chennai,2025-01-04 01:00:00,23.0,83.22381284256232,
Chennai,2025-01-04 02:00:00,23.0,83.22381284256232,
Chennai,2025-01-04 03:00:00,23.6,78.29628816720248,1014.9
Chennai,2025-01-04 04:00:00,26.0,78.6398510724195,
Chennai,2025-01-04 05:00:00,27.0,74.13724053720264,
Chennai,2025-01-04 06:00:00,29.0,69.68555280505707,1014.6
Chennai,2025-01-04 07:00:00,29.0,58.347168092797666,
Chennai,2025-01-04 08:00:00,29.0,58.347168092797666,
Chennai,2025-01-04 09:00:00,29.2,58.034152283639216,1011.4
Chennai,2025-01-04 10:00:00,28.0,61.83725955078121,
Chennai,2025-01-04 11:00:00,28.0,61.83725955078121,
Chennai,2025-01-04 12:00:00,26.6,65.075572953862,1011.1
Chennai,2025-01-04 13:00:00,26.0,73.97062900551056,
Chennai,2025-01-04 14:00:00,26.0,78.6398510724195,
Chennai,2025-01-04 15:00:00,24.2,81.33784349698335,1013.8
Chennai,2025-01-04 16:00:00,25.0,78.49764721655077,
Chennai,2025-01-04 17:00:00,24.0,83.33878752130364,
Chennai,2025-01-04 18:00:00,22.2,89.00113039766441,1014.3
Chennai,2025-01-04 19:00:00,24.0,83.33878752130364,
Chennai,2025-01-04 20:00:00,24.0,83.33878752130364,
Chennai,2025-01-04 21:00:00,23.2,89.62675163391533,1012.6
Chennai,2025-01-04 22:00:00,24.0,83.33878752130364,
Chennai,2025-01-04 23:00:00,24.0,83.33878752130364,
Chennai,2025-01-05 00:00:00,22.8,87.95886336881536,1013.2
Chennai,2025-01-05 01:00:00,23.0,88.51830793896134,
Chennai,2025-01-05 02:00:00,24.0,83.33878752130364,
Chennai,2025-01-05 03:00:00,24.6,78.44038822062748,1015.0
Chennai,2025-01-05 04:00:00,27.0,74.13724053720264,
Chennai,2025-01-05 05:00:00,27.0,74.13724053720264,
Chennai,2025-01-05 06:00:00,29.0,61.67879224265577,1014.6
Chennai,2025-01-05 07:00:00,29.0,62.05907199151088,
Chennai,2025-01-05 08:00:00,29.0,62.05907199151088,
Chennai,2025-01-05 09:00:00,29.8,56.06041297831903,1011.3
Chennai,2025-01-05 10:00:00,29.0,58.347168092797666,
Chennai,2025-01-05 11:00:00,28.0,61.83725955078121,
Chennai,2025-01-05 12:00:00,27.0,63.95820133697369,1011.0
Chennai,2025-01-05 13:00:00,26.0,73.97062900551056,
Chennai,2025-01-05 14:00:00,25.0,78.49764721655077,
Chennai,2025-01-05 15:00:00,24.6,73.73484030490799,1014.1
Chennai,2025-01-05 16:00:00,25.0,78.49764721655077,
Chennai,2025-01-05 17:00:00,24.0,83.33878752130364,
Chennai,2025-01-05 18:00:00,23.2,86.38519664977352,1013.9
Chennai,2025-01-05 19:00:00,24.0,83.33878752130364,
Chennai,2025-01-05 20:00:00,24.0,83.33878752130364,
Chennai,2025-01-05 21:00:00,21.8,91.19872298278054,1012.1
Chennai,2025-01-05 22:00:00,23.0,83.22381284256232,
Chennai,2025-01-05 23:00:00,23.0,83.22381284256232,
Chennai,2025-01-06 00:00:00,21.4,92.8817543813387,1012.1
Chennai,2025-01-06 01:00:00,22.0,88.4364161279818,
Chennai,2025-01-06 02:00:00,23.0,83.22381284256232,
Chennai,2025-01-06 03:00:00,23.0,85.83526762261728,1014.3
Chennai,2025-01-06 04:00:00,25.0,83.45262666598398,
Chennai,2025-01-06 05:00:00,27.0,74.13724053720264,
Chennai,2025-01-06 06:00:00,27.4,67.28568959900366,1013.3
Chennai,2025-01-06 07:00:00,28.0,69.92284655824665,
Chennai,2025-01-06 08:00:00,29.0,65.9764050234237,
Chennai,2025-01-06 09:00:00,29.0,62.82580292280707,1010.9
Chennai,2025-01-06 10:00:00,28.0,69.92284655824665,
Chennai,2025-01-06 11:00:00,28.0,69.92284655824665,
Chennai,2025-01-06 12:00:00,27.0,69.73535987777385,1011.1
Chennai,2025-01-06 13:00:00,26.0,78.6398510724195,
Chennai,2025-01-06 14:00:00,25.0,83.45262666598398,
Chennai,2025-01-06 15:00:00,24.6,81.88902089566457,1013.5
Chennai,2025-01-06 16:00:00,25.0,83.45262666598398,
Chennai,2025-01-06 17:00:00,24.0,88.59935257199315,
Chennai,2025-01-06 18:00:00,23.2,87.992888940916,1013.5
Chennai,2025-01-06 19:00:00,24.0,88.59935257199315,
Chennai,2025-01-06 20:00:00,24.0,88.59935257199315,
Chennai,2025-01-06 21:00:00,23.0,91.27459428964966,1012.1
Chennai,2025-01-06 22:00:00,24.0,88.59935257199315,
Chennai,2025-01-06 23:00:00,24.0,88.59935257199315,
Chennai,2025-01-07 00:00:00,23.4,92.98462350012163,1012.5
Chennai,2025-01-07 01:00:00,24.0,88.59935257199315,
Chennai,2025-01-07 02:00:00,24.0,88.59935257199315,
Chennai,2025-01-07 03:00:00,24.8,83.42994899232998,1014.9
Chennai,2025-01-07 04:00:00,27.0,78.78071949348664,
Chennai,2025-01-07 05:00:00,27.0,74.13724053720264,
Chennai,2025-01-07 06:00:00,28.0,63.385341541150645,1014.4
Chennai,2025-01-07 07:00:00,29.0,65.9764050234237,
Chennai,2025-01-07 08:00:00,30.0,58.58138510397075,
Chennai,2025-01-07 09:00:00,29.2,61.723255448317445,1010.6
Chennai,2025-01-07 10:00:00,29.0,62.05907199151088,
Chennai,2025-01-07 11:00:00,28.0,65.77119451823714,
Chennai,2025-01-07 12:00:00,26.8,69.26993747765529,1010.9
Chennai,2025-01-07 13:00:00,26.0,73.97062900551056,
Chennai,2025-01-07 14:00:00,25.0,78.49764721655077,
Chennai,2025-01-07 15:00:00,24.4,76.97148310021423,1013.1
Chennai,2025-01-07 16:00:00,25.0,78.49764721655077,
Chennai,2025-01-07 17:00:00,25.0,78.49764721655077,
Chennai,2025-01-07 18:00:00,23.2,86.38519664977352,1013.1
Chennai,2025-01-07 19:00:00,24.0,83.33878752130364,
Chennai,2025-01-07 20:00:00,24.0,83.33878752130364,
Chennai,2025-01-07 22:00:00,23.0,88.51830793896134,
Chennai,2025-01-07 23:00:00,23.0,83.22381284256232,
Chennai,2025-01-08 00:00:00,21.0,92.86091278956886,1011.4
Chennai,2025-01-08 01:00:00,22.0,88.4364161279818,
Chennai,2025-01-08 02:00:00,22.0,88.4364161279818,
Chennai,2025-01-08 03:00:00,23.0,82.70996817603475,1014.4
Chennai,2025-01-08 04:00:00,25.0,78.49764721655077,
Chennai,2025-01-08 05:00:00,27.0,74.13724053720264,
Chennai,2025-01-08 06:00:00,27.6,61.748059200440466,1014.1
Chennai,2025-01-08 07:00:00,28.0,65.77119451823714,
Chennai,2025-01-08 08:00:00,28.0,65.77119451823714,
Chennai,2025-01-08 09:00:00,28.0,55.62172468270759,1011.2
Chennai,2025-01-08 10:00:00,28.0,61.83725955078121,
Chennai,2025-01-08 11:00:00,28.0,61.83725955078121,
Chennai,2025-01-08 12:00:00,26.4,69.19353375788072,1011.7
Chennai,2025-01-08 13:00:00,26.0,73.97062900551056,
Chennai,2025-01-08 14:00:00,26.0,69.54626593683008,
Chennai,2025-01-08 15:00:00,24.2,76.94107668815431,1014.1
Chennai,2025-01-08 16:00:00,25.0,78.49764721655077,
Chennai,2025-01-08 17:00:00,25.0,78.49764721655077,
Chennai,2025-01-08 18:00:00,22.2,87.3652077823185,1013.8
Chennai,2025-01-08 19:00:00,24.0,83.33878752130364,
Chennai,2025-01-08 20:00:00,24.0,78.3540921272656,
Chennai,2025-01-08 21:00:00,22.0,91.21143560546284,1012.3
Chennai,2025-01-08 22:00:00,23.0,83.22381284256232,
Chennai,2025-01-08 23:00:00,23.0,88.51830793896134,
Chennai,2025-01-09 00:00:00,22.8,85.81544188377062,
Chennai,2025-01-09 01:00:00,23.0,88.51830793896134,
Chennai,2025-01-09 02:00:00,23.0,88.51830793896134,
Chennai,2025-01-09 03:00:00,24.0,83.33878752130364,1015.0
Chennai,2025-01-09 04:00:00,26.0,83.5653445347348,
Chennai,2025-01-09 05:00:00,28.0,69.92284655824665,
Chennai,2025-01-09 06:00:00,28.6,58.61574157718646,1014.5
Chennai,2025-01-09 07:00:00,29.0,62.05907199151088,
Chennai,2025-01-09 08:00:00,29.0,62.05907199151088,
Chennai,2025-01-09 09:00:00,28.2,59.62356658779815,1011.7
Chennai,2025-01-09 10:00:00,28.0,65.77119451823714,
Chennai,2025-01-09 11:00:00,28.0,65.77119451823714,
Chennai,2025-01-09 12:00:00,26.8,62.34242458660606,1012.4
Chennai,2025-01-09 13:00:00,26.0,69.54626593683008,
Chennai,2025-01-09 14:00:00,26.0,69.54626593683008,
Chennai,2025-01-09 15:00:00,24.6,75.58646829846579,1015.2
Chennai,2025-01-09 16:00:00,25.0,73.8025121880607,
Chennai,2025-01-09 17:00:00,25.0,78.49764721655077,
Chennai,2025-01-09 18:00:00,23.6,79.76690260624395,1016.0
Chennai,2025-01-09 19:00:00,24.0,83.33878752130364,
Chennai,2025-01-09 20:00:00,24.0,83.33878752130364,
Chennai,2025-01-09 22:00:00,24.0,83.33878752130364,
Chennai,2025-01-09 23:00:00,24.0,83.33878752130364,
Chennai,2025-01-10 00:00:00,22.0,96.39934967716894,1013.9
Chennai,2025-01-10 01:00:00,23.0,88.51830793896134,
Chennai,2025-01-10 02:00:00,24.0,83.33878752130364,
Chennai,2025-01-10 03:00:00,24.6,81.88902089566457,1015.9
Chennai,2025-01-10 04:00:00,27.0,78.78071949348664,
Chennai,2025-01-10 05:00:00,28.0,74.30236303611937,
Chennai,2025-01-10 06:00:00,28.4,69.15080360685214,1015.6
Chennai,2025-01-10 07:00:00,28.0,74.30236303611937,
Chennai,2025-01-10 08:00:00,29.0,70.10874183711726,
Chennai,2025-01-10 09:00:00,28.2,67.44486451604266,1013.6
Chennai,2025-01-10 10:00:00,27.0,78.78071949348664,
Chennai,2025-01-10 11:00:00,27.0,78.78071949348664,
Chennai,2025-01-10 12:00:00,26.6,73.61894146789774,1014.1
Chennai,2025-01-10 13:00:00,27.0,78.78071949348664,
Chennai,2025-01-10 14:00:00,27.0,78.78071949348664,
Chennai,2025-01-10 15:00:00,26.6,78.2479077819723,1016.0
Chennai,2025-01-10 16:00:00,26.0,78.6398510724195,
Chennai,2025-01-10 17:00:00,26.0,83.5653445347348,
Chennai,2025-01-10 18:00:00,25.6,79.0650667975322,1015.8
Chennai,2025-01-10 19:00:00,26.0,78.6398510724195,
Chennai,2025-01-10 20:00:00,25.0,83.45262666598398,
Chennai,2025-01-10 21:00:00,24.6,83.4072263549273,1014.0
Chennai,2025-01-10 22:00:00,25.0,83.45262666598398,
Chennai,2025-01-10 23:00:00,25.0,83.45262666598398,
Chennai,2025-01-11 00:00:00,25.4,79.03718283041701,1013.4
Chennai,2025-01-11 01:00:00,26.0,78.6398510724195,
Chennai,2025-01-11 02:00:00,26.0,78.6398510724195,
Chennai,2025-01-11 03:00:00,26.2,73.55128024517502,1016.2
Chennai,2025-01-11 04:00:00,28.0,74.30236303611937,
Chennai,2025-01-11 05:00:00,28.0,69.92284655824665,
Chennai,2025-01-11 06:00:00,27.6,65.68864481870233,1016.4
Chennai,2025-01-11 07:00:00,28.0,69.92284655824665,
Chennai,2025-01-11 08:00:00,28.0,69.92284655824665,
Chennai,2025-01-11 09:00:00,28.0,62.22113735241833,1013.9
Chennai,2025-01-11 10:00:00,28.0,69.92284655824665,
Chennai,2025-01-11 11:00:00,28.0,65.77119451823714,
Chennai,2025-01-11 12:00:00,27.2,68.49913989698025,1013.7
Chennai,2025-01-11 13:00:00,26.0,73.97062900551056,
Chennai,2025-01-11 14:00:00,26.0,73.97062900551056,
Chennai,2025-01-11 15:00:00,24.4,79.87545001594653,1015.5
Chennai,2025-01-11 16:00:00,25.0,78.49764721655077,
Chennai,2025-01-11 17:00:00,25.0,83.45262666598398,
Chennai,2025-01-11 18:00:00,24.0,83.33878752130364,1015.9
Chennai,2025-01-11 19:00:00,24.0,83.33878752130364,
Chennai,2025-01-11 20:00:00,24.0,83.33878752130364,
Chennai,2025-01-11 21:00:00,23.2,87.992888940916,1013.6
Chennai,2025-01-11 22:00:00,23.0,88.51830793896134,
Chennai,2025-01-11 23:00:00,23.0,88.51830793896134,
Chennai,2025-01-12 00:00:00,23.4,88.00984897364455,1013.3
Chennai,2025-01-12 01:00:00,24.0,83.33878752130364,
Chennai,2025-01-12 02:00:00,24.0,88.59935257199315,
Chennai,2025-01-12 03:00:00,24.6,80.39509424447246,1015.8
Chennai,2025-01-12 04:00:00,25.0,83.45262666598398,
Chennai,2025-01-12 05:00:00,26.0,83.5653445347348,
Chennai,2025-01-12 06:00:00,26.4,73.58514111197726,1015.9
Chennai,2025-01-12 07:00:00,26.0,83.5653445347348,
Chennai,2025-01-12 08:00:00,26.0,83.5653445347348,
Chennai,2025-01-12 09:00:00,26.6,79.6854136873141,1012.3
Chennai,2025-01-12 10:00:00,27.0,78.78071949348664,
Chennai,2025-01-12 11:00:00,27.0,78.78071949348664,
Chennai,2025-01-12 12:00:00,25.2,83.47525948927431,1012.9
Chennai,2025-01-12 13:00:00,25.0,88.67956137467019,
Chennai,2025-01-12 14:00:00,26.0,83.5653445347348,
Chennai,2025-01-12 15:00:00,25.6,85.05359376201457,1014.7
Chennai,2025-01-12 16:00:00,26.0,83.5653445347348,
Chennai,2025-01-12 17:00:00,26.0,83.5653445347348,
Chennai,2025-01-12 18:00:00,25.0,91.39891921824884,1015.2
Chennai,2025-01-12 19:00:00,25.0,88.67956137467019,
Chennai,2025-01-12 20:00:00,24.0,94.1486450224181,
Chennai,2025-01-12 21:00:00,24.0,94.71996347442106,1012.3
Chennai,2025-01-12 22:00:00,24.0,94.1486450224181,
Chennai,2025-01-12 23:00:00,24.0,94.1486450224181,
Chennai,2025-01-13 00:00:00,24.0,94.71996347442106,1012.1
Chennai,2025-01-13 01:00:00,24.0,94.1486450224181,
Chennai,2025-01-13 02:00:00,24.0,94.1486450224181,
Chennai,2025-01-13 03:00:00,25.0,91.39891921824884,1014.2
Chennai,2025-01-13 04:00:00,26.0,88.7589455109383,
Chennai,2025-01-13 05:00:00,27.0,88.83751596451742,
Chennai,2025-01-13 06:00:00,26.4,88.79047072518293,1013.8
Chennai,2025-01-13 07:00:00,28.0,83.78747242805218,
Chennai,2025-01-13 08:00:00,27.0,83.67695517522091,
Chennai,2025-01-13 09:00:00,27.8,78.41909711972701,1011.0
Chennai,2025-01-13 10:00:00,28.0,78.9202680701639,
Chennai,2025-01-13 11:00:00,27.0,78.78071949348664,
Chennai,2025-01-13 12:00:00,26.0,80.57864267765963,1011.7
Chennai,2025-01-13 13:00:00,27.0,78.78071949348664,
Chennai,2025-01-13 14:00:00,27.0,83.67695517522091,
Chennai,2025-01-13 15:00:00,25.8,80.55257262849392,1013.4
Chennai,2025-01-13 16:00:00,26.0,83.5653445347348,
Chennai,2025-01-13 17:00:00,26.0,83.5653445347348,
Chennai,2025-01-13 18:00:00,24.8,84.97083781729286,1014.0
Chennai,2025-01-13 19:00:00,25.0,88.67956137467019,
Chennai,2025-01-13 20:00:00,25.0,94.19101183405704,
Chennai,2025-01-13 21:00:00,24.8,93.05532775865673,1012.4
Chennai,2025-01-13 22:00:00,25.0,88.67956137467019,
Chennai,2025-01-13 23:00:00,25.0,88.67956137467019,
Chennai,2025-01-14 00:00:00,24.4,94.73534893450257,1012.9
Chennai,2025-01-14 01:00:00,25.0,88.67956137467019,
Chennai,2025-01-14 02:00:00,25.0,88.67956137467019,
Chennai,2025-01-14 03:00:00,25.6,82.01145278638,1015.4
Chennai,2025-01-14 04:00:00,27.0,88.83751596451742,
Chennai,2025-01-14 05:00:00,29.0,70.10874183711726,
Chennai,2025-01-14 06:00:00,29.2,64.42644761526883,1016.0
Chennai,2025-01-14 07:00:00,30.0,66.17996487728405,
Chennai,2025-01-14 08:00:00,29.0,65.9764050234237,
Chennai,2025-01-14 09:00:00,30.0,58.58138510397075,1013.0
Chennai,2025-01-14 10:00:00,29.0,70.10874183711726,
Chennai,2025-01-14 11:00:00,28.0,74.30236303611937,
Chennai,2025-01-14 12:00:00,27.2,71.06754970374743,1013.4
Chennai,2025-01-14 13:00:00,27.0,78.78071949348664,
Chennai,2025-01-14 14:00:00,26.0,83.5653445347348,
Chennai,2025-01-14 15:00:00,25.8,79.09289790144875,1015.6
Chennai,2025-01-14 16:00:00,26.0,83.5653445347348,
Chennai,2025-01-14 17:00:00,26.0,78.6398510724195,
Chennai,2025-01-14 18:00:00,25.6,82.01145278638,1016.1
Chennai,2025-01-14 19:00:00,26.0,83.5653445347348,
Chennai,2025-01-14 20:00:00,25.0,88.67956137467019,
Chennai,2025-01-14 21:00:00,24.6,86.51781437617485,1014.1
Chennai,2025-01-14 22:00:00,25.0,83.45262666598398,
Chennai,2025-01-14 23:00:00,25.0,83.45262666598398,
Chennai,2025-01-15 00:00:00,24.4,88.0941253601151,1013.8
Chennai,2025-01-15 01:00:00,24.0,88.59935257199315,
Chennai,2025-01-15 02:00:00,24.0,94.1486450224181,
Chennai,2025-01-15 03:00:00,25.0,88.14427552074832,1016.4
Chennai,2025-01-15 04:00:00,27.0,83.67695517522091,
Chennai,2025-01-15 05:00:00,28.0,78.9202680701639,
Chennai,2025-01-15 06:00:00,29.6,63.341728305764846,1016.2
Chennai,2025-01-15 07:00:00,29.0,65.9764050234237,
Chennai,2025-01-15 08:00:00,29.0,65.9764050234237,
Chennai,2025-01-15 09:00:00,30.0,58.58138510397075,1013.8
Chennai,2025-01-15 10:00:00,29.0,65.9764050234237,
Chennai,2025-01-15 11:00:00,28.0,74.30236303611937,
Chennai,2025-01-15 12:00:00,27.2,69.77298528509857,1014.0
Chennai,2025-01-15 13:00:00,27.0,74.13724053720264,
Chennai,2025-01-15 14:00:00,27.0,74.13724053720264,
Chennai,2025-01-15 15:00:00,26.0,74.88452551485119,1015.8
Chennai,2025-01-15 16:00:00,26.0,78.6398510724195,
Chennai,2025-01-15 17:00:00,26.0,78.6398510724195,
Chennai,2025-01-15 18:00:00,25.0,81.93813716288261,1015.9
Chennai,2025-01-15 19:00:00,25.0,83.45262666598398,
Chennai,2025-01-15 20:00:00,25.0,83.45262666598398,
Chennai,2025-01-15 21:00:00,25.0,83.45262666598398,
Chennai,2025-01-15 22:00:00,24.0,88.59935257199315,
Chennai,2025-01-15 23:00:00,24.0,88.59935257199315,
Chennai,2025-01-16 00:00:00,22.8,91.2620162268376,1013.5
Chennai,2025-01-16 01:00:00,24.0,88.59935257199315,
Chennai,2025-01-16 02:00:00,24.0,88.59935257199315,
Chennai,2025-01-16 03:00:00,26.0,76.27392919082712,1015.9
Chennai,2025-01-16 04:00:00,28.0,74.30236303611937,
Chennai,2025-01-16 05:00:00,28.0,74.30236303611937,
Chennai,2025-01-16 06:00:00,28.6,74.85017612547131,1015.9
Chennai,2025-01-16 07:00:00,28.0,69.92284655824665,
Chennai,2025-01-16 08:00:00,29.0,65.9764050234237,
Chennai,2025-01-16 09:00:00,29.4,63.298643541066646,1013.0
Chennai,2025-01-16 10:00:00,29.0,62.05907199151088,
Chennai,2025-01-16 11:00:00,28.0,65.77119451823714,
Chennai,2025-01-16 12:00:00,27.0,72.34810781589086,1013.2
Chennai,2025-01-16 13:00:00,27.0,74.13724053720264,
Chennai,2025-01-16 14:00:00,26.0,78.6398510724195,
Chennai,2025-01-16 15:00:00,25.8,70.37492245088673,1015.8
Chennai,2025-01-16 16:00:00,26.0,73.97062900551056,
Chennai,2025-01-16 17:00:00,25.0,78.49764721655077,
Chennai,2025-01-16 18:00:00,23.4,88.00984897364455,1016.3
Chennai,2025-01-16 19:00:00,25.0,83.45262666598398,
Chennai,2025-01-16 20:00:00,25.0,83.45262666598398,
Chennai,2025-01-16 21:00:00,23.2,91.2871456644803,1013.7
Chennai,2025-01-16 22:00:00,24.0,88.59935257199315,
Chennai,2025-01-16 23:00:00,24.0,83.33878752130364,
Chennai,2025-01-17 00:00:00,22.6,92.9437416009186,1013.2
Chennai,2025-01-17 01:00:00,23.0,88.51830793896134,
Chennai,2025-01-17 02:00:00,24.0,88.59935257199315,
Chennai,2025-01-17 03:00:00,24.6,86.51781437617485,1015.2
Chennai,2025-01-17 04:00:00,27.0,74.13724053720264,
Chennai,2025-01-17 05:00:00,28.0,65.77119451823714,
Chennai,2025-01-17 06:00:00,27.8,66.13551830732304,1014.8
Chennai,2025-01-17 07:00:00,28.0,69.92284655824665,
Chennai,2025-01-17 08:00:00,28.0,65.77119451823714,
Chennai,2025-01-17 09:00:00,28.6,72.18874813372028,1012.1
Chennai,2025-01-17 10:00:00,28.0,65.77119451823714,
Chennai,2025-01-17 11:00:00,28.0,65.77119451823714,
Chennai,2025-01-17 12:00:00,26.6,78.2479077819723,1011.7
Chennai,2025-01-17 13:00:00,26.0,73.97062900551056,
Chennai,2025-01-17 14:00:00,26.0,73.97062900551056,
Chennai,2025-01-17 15:00:00,25.4,71.62083740281858,1014.2
Chennai,2025-01-17 16:00:00,26.0,73.97062900551056,
Chennai,2025-01-17 17:00:00,25.0,78.49764721655077,
Chennai,2025-01-17 18:00:00,25.2,77.56785584692332,1014.3
Chennai,2025-01-17 19:00:00,25.0,78.49764721655077,
Chennai,2025-01-17 20:00:00,25.0,78.49764721655077,
Chennai,2025-01-17 21:00:00,24.4,75.5545437025466,1013.0
Chennai,2025-01-17 22:00:00,24.0,78.3540921272656,
Chennai,2025-01-17 23:00:00,24.0,78.3540921272656,
Chennai,2025-01-18 00:00:00,23.0,81.18509420602786,1011.8
Chennai,2025-01-18 01:00:00,24.0,78.3540921272656,
Chennai,2025-01-18 02:00:00,24.0,83.33878752130364,
Chennai,2025-01-18 03:00:00,24.6,73.73484030490799,1014.1
Chennai,2025-01-18 04:00:00,26.0,73.97062900551056,
Chennai,2025-01-18 05:00:00,26.0,73.97062900551056,
Chennai,2025-01-18 06:00:00,26.8,68.00051812091587,1014.5
Chennai,2025-01-18 07:00:00,27.0,74.13724053720264,
Chennai,2025-01-18 08:00:00,27.0,74.13724053720264,
Chennai,2025-01-18 09:00:00,27.0,69.73535987777385,1011.8
Chennai,2025-01-18 10:00:00,27.0,74.13724053720264,
Chennai,2025-01-18 11:00:00,27.0,74.13724053720264,
Chennai,2025-01-18 12:00:00,26.2,71.76431122414668,1011.3
Chennai,2025-01-18 13:00:00,25.0,83.45262666598398,
Chennai,2025-01-18 14:00:00,25.0,83.45262666598398,
Chennai,2025-01-18 15:00:00,24.6,88.1108765345105,1013.1
Chennai,2025-01-18 16:00:00,25.0,88.67956137467019,
Chennai,2025-01-18 17:00:00,24.0,94.1486450224181,
Chennai,2025-01-18 18:00:00,24.4,89.71497940989825,1012.9
Chennai,2025-01-18 19:00:00,24.0,94.1486450224181,
Chennai,2025-01-18 20:00:00,25.0,88.67956137467019,
Chennai,2025-01-18 21:00:00,24.0,94.71996347442106,1012.0
Chennai,2025-01-18 22:00:00,24.0,88.59935257199315,
Chennai,2025-01-18 23:00:00,24.0,94.1486450224181,
Chennai,2025-01-19 00:00:00,24.0,94.71996347442106,1012.0
Chennai,2025-01-19 01:00:00,24.0,94.1486450224181,
Chennai,2025-01-19 02:00:00,24.0,94.1486450224181,
Chennai,2025-01-19 03:00:00,25.4,96.48847066905626,1014.4
Chennai,2025-01-19 04:00:00,27.0,88.83751596451742,
Chennai,2025-01-19 05:00:00,28.0,88.91528354225218,
Chennai,2025-01-19 06:00:00,27.2,84.20248990010974,1014.3
Chennai,2025-01-19 07:00:00,29.0,79.0585121873896,
Chennai,2025-01-19 08:00:00,29.0,79.0585121873896,
Chennai,2025-01-19 09:00:00,29.6,71.07014207384191,1011.5
Chennai,2025-01-19 10:00:00,29.0,74.46601257025355,
Chennai,2025-01-19 11:00:00,28.0,78.9202680701639,
Chennai,2025-01-19 12:00:00,27.4,84.22401507730588,1011.8
Chennai,2025-01-19 13:00:00,26.0,83.5653445347348,
Chennai,2025-01-19 14:00:00,26.0,83.5653445347348,
Chennai,2025-01-19 15:00:00,25.2,83.47525948927431,1013.2
Chennai,2025-01-19 16:00:00,25.0,88.67956137467019,
Chennai,2025-01-19 17:00:00,25.0,88.67956137467019,
Chennai,2025-01-19 18:00:00,24.6,88.1108765345105,1013.8
Chennai,2025-01-19 19:00:00,25.0,88.67956137467019,
Chennai,2025-01-19 20:00:00,25.0,88.67956137467019,
Chennai,2025-01-19 21:00:00,23.6,94.70451111903132,1012.0
Chennai,2025-01-19 22:00:00,24.0,88.59935257199315,
Chennai,2025-01-19 23:00:00,24.0,88.59935257199315,
Chennai,2025-01-20 00:00:00,23.2,92.97443596255128,1011.8
Chennai,2025-01-20 01:00:00,23.0,94.10581804007526,
Chennai,2025-01-20 02:00:00,23.0,94.10581804007526,
Chennai,2025-01-20 03:00:00,23.6,91.3121686462366,1013.9
Chennai,2025-01-20 04:00:00,26.0,83.5653445347348,
Chennai,2025-01-20 05:00:00,27.0,78.78071949348664,
Chennai,2025-01-20 06:00:00,27.8,66.13551830732304,1013.5
Chennai,2025-01-20 07:00:00,29.0,65.9764050234237,
Chennai,2025-01-20 08:00:00,29.0,65.9764050234237,
Chennai,2025-01-20 09:00:00,28.8,63.94883649333304,1010.6
Chennai,2025-01-20 10:00:00,28.0,69.92284655824665,
Chennai,2025-01-20 11:00:00,28.0,69.92284655824665,
Chennai,2025-01-20 12:00:00,26.8,70.99479528301373,1010.4
Chennai,2025-01-20 13:00:00,26.0,78.6398510724195,
Chennai,2025-01-20 14:00:00,26.0,78.6398510724195,
Chennai,2025-01-20 15:00:00,25.0,80.44778939452424,1012.4
Chennai,2025-01-20 16:00:00,25.0,83.45262666598398,
Chennai,2025-01-20 17:00:00,25.0,83.45262666598398,
Chennai,2025-01-20 18:00:00,23.8,88.04366400310334,1012.9
Chennai,2025-01-20 19:00:00,24.0,88.59935257199315,
Chennai,2025-01-20 20:00:00,24.0,83.33878752130364,
Chennai,2025-01-20 21:00:00,23.0,91.27459428964966,1011.0
Chennai,2025-01-20 22:00:00,23.0,88.51830793896134,
Chennai,2025-01-20 23:00:00,23.0,88.51830793896134,
Chennai,2025-01-21 00:00:00,22.4,91.23677973971499,1011.1
Chennai,2025-01-21 01:00:00,23.0,88.51830793896134,
Chennai,2025-01-21 02:00:00,23.0,88.51830793896134,
Chennai,2025-01-21 03:00:00,23.4,86.40425816902815,1013.1
Chennai,2025-01-21 04:00:00,26.0,78.6398510724195,
Chennai,2025-01-21 05:00:00,27.0,74.13724053720264,
Chennai,2025-01-21 06:00:00,27.4,68.53792596203576,1013.0
Chennai,2025-01-21 07:00:00,28.0,69.92284655824665,
Chennai,2025-01-21 08:00:00,28.0,69.92284655824665,
Chennai,2025-01-21 09:00:00,29.4,60.640804904992116,1010.1
Chennai,2025-01-21 10:00:00,29.0,62.05907199151088,
Chennai,2025-01-21 11:00:00,28.0,65.77119451823714,
Chennai,2025-01-21 12:00:00,27.2,68.49913989698025,1010.0
Chennai,2025-01-21 13:00:00,26.0,73.97062900551056,
Chennai,2025-01-21 14:00:00,26.0,78.6398510724195,
Chennai,2025-01-21 15:00:00,24.6,80.39509424447246,1011.7
Chennai,2025-01-21 16:00:00,25.0,83.45262666598398,
Chennai,2025-01-21 17:00:00,25.0,83.45262666598398,
Chennai,2025-01-21 18:00:00,23.8,84.86645400274385,1012.3
Chennai,2025-01-21 19:00:00,24.0,83.33878752130364,
Chennai,2025-01-21 20:00:00,24.0,83.33878752130364,
Chennai,2025-01-21 21:00:00,22.4,91.23677973971499,1010.6
Chennai,2025-01-21 22:00:00,24.0,83.33878752130364,
Chennai,2025-01-21 23:00:00,23.0,88.51830793896134,
Chennai,2025-01-22 00:00:00,22.4,91.23677973971499,1010.7
Chennai,2025-01-22 01:00:00,23.0,88.51830793896134,
Chennai,2025-01-22 02:00:00,23.0,88.51830793896134,
Chennai,2025-01-22 03:00:00,23.6,86.42328080854222,1013.5
Chennai,2025-01-22 04:00:00,26.0,83.5653445347348,
Chennai,2025-01-22 05:00:00,27.0,78.78071949348664,
Chennai,2025-01-22 06:00:00,27.6,69.84804373904335,1013.3
Chennai,2025-01-22 07:00:00,28.0,74.30236303611937,
Chennai,2025-01-22 08:00:00,28.0,74.30236303611937,
Chennai,2025-01-22 09:00:00,27.8,68.61530293019021,1010.9
Chennai,2025-01-22 10:00:00,28.0,74.30236303611937,
Chennai,2025-01-22 11:00:00,28.0,74.30236303611937,
Chennai,2025-01-22 12:00:00,26.8,70.99479528301373,1010.7
Chennai,2025-01-22 13:00:00,26.0,78.6398510724195,
Chennai,2025-01-22 14:00:00,26.0,78.6398510724195,
Chennai,2025-01-22 15:00:00,25.0,83.45262666598398,1013.2
Chennai,2025-01-22 16:00:00,25.0,83.45262666598398,
Chennai,2025-01-22 17:00:00,25.0,83.45262666598398,
Chennai,2025-01-22 18:00:00,23.2,89.62675163391533,1013.0
Chennai,2025-01-22 20:00:00,24.0,88.59935257199315,
Chennai,2025-01-22 21:00:00,23.0,91.27459428964966,1011.3
Chennai,2025-01-22 22:00:00,24.0,88.59935257199315,
Chennai,2025-01-22 23:00:00,23.0,88.51830793896134,
Chennai,2025-01-23 00:00:00,22.6,91.24941140171894,1011.2
Chennai,2025-01-23 01:00:00,23.0,88.51830793896134,
Chennai,2025-01-23 02:00:00,23.0,88.51830793896134,
Chennai,2025-01-23 03:00:00,24.0,89.68569309935684,1013.7
Chennai,2025-01-23 04:00:00,27.0,83.67695517522091,
Chennai,2025-01-23 05:00:00,28.0,74.30236303611937,
Chennai,2025-01-23 07:00:00,30.0,62.279197326402645,
Chennai,2025-01-23 08:00:00,29.0,65.9764050234237,
Chennai,2025-01-23 09:00:00,30.0,66.17996487728405,
Chennai,2025-01-23 10:00:00,29.0,65.9764050234237,
Chennai,2025-01-23 12:00:00,27.6,69.84804373904335,1010.3
Chennai,2025-01-23 13:00:00,26.0,78.6398510724195,
Chennai,2025-01-23 14:00:00,26.0,73.97062900551056,
Chennai,2025-01-23 15:00:00,24.4,81.86439065070549,1012.6
Chennai,2025-01-23 16:00:00,25.0,78.49764721655077,
Chennai,2025-01-23 17:00:00,25.0,78.49764721655077,
Chennai,2025-01-23 18:00:00,23.0,85.83526762261728,1012.6
Chennai,2025-01-23 19:00:00,24.0,78.3540921272656,
Chennai,2025-01-23 20:00:00,24.0,83.33878752130364,
Chennai,2025-01-23 22:00:00,24.0,83.33878752130364,
Chennai,2025-01-23 23:00:00,24.0,83.33878752130364,
Chennai,2025-01-24 00:00:00,22.2,91.22412116599256,1010.4
Chennai,2025-01-24 01:00:00,23.0,88.51830793896134,
Chennai,2025-01-24 02:00:00,23.0,88.51830793896134,
Chennai,2025-01-24 03:00:00,24.4,83.38445864005315,1012.6
Chennai,2025-01-24 04:00:00,27.0,78.78071949348664,
Chennai,2025-01-24 05:00:00,28.0,69.92284655824665,
Chennai,2025-01-24 06:00:00,29.0,57.98691806209805,1013.6
Chennai,2025-01-24 07:00:00,29.0,62.05907199151088,
Chennai,2025-01-24 08:00:00,30.0,58.58138510397075,
Chennai,2025-01-24 09:00:00,30.0,55.07749010874436,1011.0
Chennai,2025-01-24 10:00:00,29.0,62.05907199151088,
Chennai,2025-01-24 11:00:00,28.0,65.77119451823714,
Chennai,2025-01-24 12:00:00,27.6,68.57664693138325,1011.1
Chennai,2025-01-24 13:00:00,26.0,73.97062900551056,
Chennai,2025-01-24 14:00:00,26.0,73.97062900551056,
Chennai,2025-01-24 15:00:00,24.0,83.33878752130364,1012.7
Chennai,2025-01-24 16:00:00,25.0,78.49764721655077,
Chennai,2025-01-24 17:00:00,25.0,78.49764721655077,
Chennai,2025-01-24 18:00:00,22.8,89.59709513251278,1013.2
Chennai,2025-01-24 19:00:00,25.0,78.49764721655077,
Chennai,2025-01-24 20:00:00,24.0,88.59935257199315,
Chennai,2025-01-24 21:00:00,22.2,92.9231682794469,1011.8
Chennai,2025-01-24 22:00:00,24.0,83.33878752130364,
Chennai,2025-01-24 23:00:00,23.0,88.51830793896134,
Chennai,2025-01-25 00:00:00,22.0,92.91284830656912,1012.2
Chennai,2025-01-25 01:00:00,23.0,88.51830793896134,
Chennai,2025-01-25 02:00:00,23.0,88.51830793896134,
Chennai,2025-01-25 03:00:00,24.6,83.4072263549273,1014.0
Chennai,2025-01-25 04:00:00,27.0,78.78071949348664,
Chennai,2025-01-25 05:00:00,28.0,69.92284655824665,
Chennai,2025-01-25 06:00:00,29.2,61.723255448317445,1013.7
Chennai,2025-01-25 07:00:00,29.0,65.9764050234237,
Chennai,2025-01-25 08:00:00,29.0,62.05907199151088,
Chennai,2025-01-25 09:00:00,30.0,56.10882184768884,1010.7
Chennai,2025-01-25 10:00:00,29.0,58.347168092797666,
Chennai,2025-01-25 11:00:00,29.0,62.05907199151088,
Chennai,2025-01-25 12:00:00,27.8,63.34204232336771,1010.4
Chennai,2025-01-25 13:00:00,26.0,73.97062900551056,
Chennai,2025-01-25 14:00:00,25.0,78.49764721655077,
Chennai,2025-01-25 15:00:00,24.4,81.86439065070549,1012.7
Chennai,2025-01-25 16:00:00,25.0,78.49764721655077,
Chennai,2025-01-25 17:00:00,24.0,83.33878752130364,
Chennai,2025-01-25 18:00:00,23.8,79.7941177858265,1013.9
Chennai,2025-01-25 19:00:00,23.0,88.51830793896134,
Chennai,2025-01-25 20:00:00,23.0,88.51830793896134,
Chennai,2025-01-25 21:00:00,21.6,92.89214142096014,1012.2
Chennai,2025-01-25 22:00:00,23.0,83.22381284256232,
Chennai,2025-01-25 23:00:00,23.0,83.22381284256232,
Chennai,2025-01-26 00:00:00,21.0,92.86091278956886,1012.1
Chennai,2025-01-26 01:00:00,22.0,88.4364161279818,
Chennai,2025-01-26 02:00:00,22.0,88.4364161279818,
Chennai,2025-01-26 03:00:00,23.2,84.2817000187918,1013.9
Chennai,2025-01-26 04:00:00,26.0,78.6398510724195,
Chennai,2025-01-26 05:00:00,27.0,74.13724053720264,
Chennai,2025-01-26 06:00:00,29.0,61.67879224265577,1013.6
Chennai,2025-01-26 07:00:00,29.0,62.05907199151088,
Chennai,2025-01-26 08:00:00,29.0,65.9764050234237,
Chennai,2025-01-26 09:00:00,30.2,60.45078609803656,1010.8
Chennai,2025-01-26 10:00:00,29.0,65.9764050234237,
Chennai,2025-01-26 11:00:00,28.0,65.77119451823714,
Chennai,2025-01-26 12:00:00,27.0,69.73535987777385,1010.8
Chennai,2025-01-26 13:00:00,26.0,73.97062900551056,
Chennai,2025-01-26 14:00:00,25.0,78.49764721655077,
Chennai,2025-01-26 15:00:00,24.0,83.33878752130364,1012.4
Chennai,2025-01-26 16:00:00,25.0,78.49764721655077,
Chennai,2025-01-26 17:00:00,25.0,78.49764721655077,
Chennai,2025-01-26 18:00:00,23.0,87.97589377078442,1012.4
Chennai,2025-01-26 19:00:00,24.0,88.59935257199315,
Chennai,2025-01-26 20:00:00,24.0,88.59935257199315,
Chennai,2025-01-26 21:00:00,22.6,91.24941140171894,1010.5
Chennai,2025-01-26 22:00:00,23.0,88.51830793896134,
Chennai,2025-01-26 23:00:00,23.0,88.51830793896134,
Chennai,2025-01-27 00:00:00,22.0,92.91284830656912,1010.6
Chennai,2025-01-27 01:00:00,23.0,83.22381284256232,
Chennai,2025-01-27 02:00:00,23.0,88.51830793896134,
Chennai,2025-01-27 03:00:00,23.0,89.61193893447619,1013.1
Chennai,2025-01-27 04:00:00,26.0,83.5653445347348,
Chennai,2025-01-27 05:00:00,28.0,74.30236303611937,
Chennai,2025-01-27 06:00:00,29.0,57.98691806209805,1013.0
Chennai,2025-01-27 07:00:00,30.0,58.58138510397075,
Chennai,2025-01-27 08:00:00,30.0,55.07749010874436,
Chennai,2025-01-27 09:00:00,30.4,51.860643353792355,1010.3
Chennai,2025-01-27 10:00:00,30.0,58.58138510397075,
Chennai,2025-01-27 11:00:00,29.0,58.347168092797666,
Chennai,2025-01-27 12:00:00,27.8,67.36540856745333,1009.9
Chennai,2025-01-27 13:00:00,27.0,74.13724053720264,
Chennai,2025-01-27 14:00:00,26.0,78.6398510724195,
Chennai,2025-01-27 15:00:00,24.4,88.0941253601151,1011.9
Chennai,2025-01-27 16:00:00,25.0,83.45262666598398,
Chennai,2025-01-27 17:00:00,25.0,83.45262666598398,
Chennai,2025-01-27 18:00:00,23.0,89.61193893447619,1012.0
Chennai,2025-01-27 19:00:00,24.0,88.59935257199315,
Chennai,2025-01-27 20:00:00,24.0,88.59935257199315,
Chennai,2025-01-27 21:00:00,22.2,92.9231682794469,1010.1
Chennai,2025-01-27 22:00:00,24.0,88.59935257199315,
Chennai,2025-01-27 23:00:00,23.0,88.51830793896134,
Chennai,2025-01-28 00:00:00,22.6,94.66558503403643,1009.6
Chennai,2025-01-28 01:00:00,23.0,88.51830793896134,
Chennai,2025-01-28 02:00:00,23.0,88.51830793896134,
Chennai,2025-01-28 03:00:00,23.6,91.3121686462366,1012.8
Chennai,2025-01-28 04:00:00,26.0,83.5653445347348,
Chennai,2025-01-28 05:00:00,28.0,74.30236303611937,
Chennai,2025-01-28 06:00:00,28.4,67.8977377259484,1013.8
Chennai,2025-01-28 07:00:00,30.0,62.279197326402645,
Chennai,2025-01-28 08:00:00,29.0,65.9764050234237,
Chennai,2025-01-28 09:00:00,29.4,59.53202238671283,1010.6
Chennai,2025-01-28 10:00:00,29.0,65.9764050234237,
Chennai,2025-01-28 11:00:00,29.0,62.05907199151088,
Chennai,2025-01-28 12:00:00,27.4,68.53792596203576,1010.9
Chennai,2025-01-28 13:00:00,26.0,73.97062900551056,
Chennai,2025-01-28 14:00:00,26.0,73.97062900551056,
Chennai,2025-01-28 15:00:00,24.2,83.36164573364587,1013.5
Chennai,2025-01-28 16:00:00,25.0,78.49764721655077,
Chennai,2025-01-28 17:00:00,25.0,78.49764721655077,
Chennai,2025-01-28 18:00:00,22.6,87.40087535726879,1014.4
Chennai,2025-01-28 19:00:00,25.0,78.49764721655077,
Chennai,2025-01-28 20:00:00,25.0,83.45262666598398,
Chennai,2025-01-28 21:00:00,23.0,91.27459428964966,1013.0
Chennai,2025-01-28 22:00:00,24.0,88.59935257199315,
Chennai,2025-01-28 23:00:00,24.0,88.59935257199315,
Chennai,2025-01-29 00:00:00,22.6,89.58222014288508,1012.4
Chennai,2025-01-29 01:00:00,23.0,88.51830793896134,
Chennai,2025-01-29 02:00:00,23.0,88.51830793896134,
Chennai,2025-01-29 03:00:00,24.0,88.06051918717874,1014.8
Chennai,2025-01-29 04:00:00,27.0,78.78071949348664,
Chennai,2025-01-29 05:00:00,28.0,69.92284655824665,
Chennai,2025-01-29 06:00:00,29.0,57.98691806209805,1014.7
Chennai,2025-01-29 07:00:00,29.0,62.05907199151088,
Chennai,2025-01-29 08:00:00,29.0,62.05907199151088,
Chennai,2025-01-29 09:00:00,29.4,55.617075987669494,1011.2
Chennai,2025-01-29 10:00:00,28.0,61.83725955078121,
Chennai,2025-01-29 11:00:00,28.0,61.83725955078121,
Chennai,2025-01-29 12:00:00,27.4,68.53792596203576,1010.8
Chennai,2025-01-29 13:00:00,26.0,73.97062900551056,
Chennai,2025-01-29 14:00:00,26.0,69.54626593683008,
Chennai,2025-01-29 15:00:00,24.6,73.73484030490799,1013.6
Chennai,2025-01-29 16:00:00,25.0,73.8025121880607,
Chennai,2025-01-29 17:00:00,25.0,73.8025121880607,
Chennai,2025-01-29 18:00:00,25.0,78.49764721655077,
Chennai,2025-01-29 19:00:00,25.0,78.49764721655077,
Chennai,2025-01-29 20:00:00,24.0,83.33878752130364,
Chennai,2025-01-29 21:00:00,25.0,78.49764721655077,
Chennai,2025-01-29 22:00:00,24.0,83.33878752130364,
Chennai,2025-01-29 23:00:00,24.0,78.3540921272656,
Chennai,2025-01-30 00:00:00,23.2,77.7522586030719,1011.9
Chennai,2025-01-30 01:00:00,24.0,78.3540921272656,
Chennai,2025-01-30 02:00:00,24.0,78.3540921272656,
Chennai,2025-01-30 03:00:00,24.4,76.97148310021423,1014.3
Chennai,2025-01-30 04:00:00,27.0,74.13724053720264,
Chennai,2025-01-30 05:00:00,28.0,69.92284655824665,
Chennai,2025-01-30 06:00:00,30.4,61.61247622848766,1013.4
Chennai,2025-01-30 07:00:00,30.0,66.17996487728405,
Chennai,2025-01-30 08:00:00,31.0,66.3818887938788,
Chennai,2025-01-30 09:00:00,31.4,61.08987992237482,1010.3
Chennai,2025-01-30 10:00:00,30.0,66.17996487728405,
Chennai,2025-01-30 11:00:00,30.0,66.17996487728405,
Chennai,2025-01-30 12:00:00,28.6,69.18880061124511,1010.0
Chennai,2025-01-30 13:00:00,27.0,78.78071949348664,
Chennai,2025-01-30 14:00:00,26.0,83.5653445347348,
Chennai,2025-01-30 15:00:00,26.0,80.57864267765963,1011.7
Chennai,2025-01-30 16:00:00,27.0,83.67695517522091,
Chennai,2025-01-30 17:00:00,27.0,83.67695517522091,
Chennai,2025-01-30 18:00:00,26.2,90.38476214988123,1012.0
Chennai,2025-01-30 19:00:00,26.0,88.7589455109383,
Chennai,2025-01-30 20:00:00,26.0,88.7589455109383,
Chennai,2025-01-30 21:00:00,25.6,87.13618000678832,1010.1
Chennai,2025-01-30 22:00:00,26.0,83.5653445347348,
Chennai,2025-01-30 23:00:00,26.0,83.5653445347348,
Chennai,2025-01-31 00:00:00,24.6,91.37426421535667,1010.5
Chennai,2025-01-31 01:00:00,25.0,88.67956137467019,
Chennai,2025-01-31 02:00:00,25.0,88.67956137467019,
Chennai,2025-01-31 03:00:00,26.2,85.62978692730046,1013.1
Chennai,2025-01-31 04:00:00,28.0,83.78747242805218,
Chennai,2025-01-31 05:00:00,30.0,79.1954670273341,
Chennai,2025-01-31 06:00:00,31.2,66.82152314124305,1013.0
Chennai,2025-01-31 07:00:00,31.0,70.47582088918256,
Chennai,2025-01-31 08:00:00,31.0,70.47582088918256,
Chennai,2025-01-31 09:00:00,31.6,63.768916444962564,1010.4
Chennai,2025-01-31 10:00:00,31.0,70.47582088918256,
Chennai,2025-01-31 11:00:00,30.0,74.62820502423824,
Chennai,2025-01-31 12:00:00,29.2,73.60956501820533,1009.8
Chennai,2025-01-31 13:00:00,28.0,78.9202680701639,
Chennai,2025-01-31 14:00:00,28.0,83.78747242805218,
Chennai,2025-01-31 15:00:00,26.8,85.68910507577876,1011.3
Chennai,2025-01-31 16:00:00,28.0,83.78747242805218,
Chennai,2025-01-31 17:00:00,28.0,83.78747242805218,
Chennai,2025-01-31 18:00:00,26.4,88.79047072518293,1011.8
Chennai,2025-01-31 19:00:00,27.0,83.67695517522091,
Chennai,2025-01-31 20:00:00,27.0,83.67695517522091,
Chennai,2025-01-31 22:00:00,27.0,83.67695517522091,
Chennai,2025-01-31 23:00:00,26.0,88.7589455109383,
Chennai,2025-02-01 00:00:00,24.2,93.02515571569042,1010.7
Chennai,2025-02-01 01:00:00,26.0,88.7589455109383,
Chennai,2025-02-01 02:00:00,26.0,88.7589455109383,
Chennai,2025-02-01 03:00:00,25.6,93.09525743190015,1013.5
Chennai,2025-02-01 04:00:00,28.0,83.78747242805218,
Chennai,2025-02-01 05:00:00,30.0,74.62820502423824,
Chennai,2025-02-01 06:00:00,30.2,69.0741524820506,1013.9
Chennai,2025-02-01 07:00:00,31.0,66.3818887938788,
Chennai,2025-02-01 08:00:00,30.0,70.29306142592459,
Chennai,2025-02-01 09:00:00,31.4,58.549296934220294,1010.4
Chennai,2025-02-01 10:00:00,30.0,58.58138510397075,
Chennai,2025-02-01 11:00:00,29.0,74.46601257025355,
Chennai,2025-02-01 12:00:00,28.2,76.15120458899845,1010.3
Chennai,2025-02-01 13:00:00,28.0,78.9202680701639,
Chennai,2025-02-01 14:00:00,28.0,78.9202680701639,
Chennai,2025-02-01 15:00:00,26.4,82.60642273476351,1012.4
Chennai,2025-02-01 16:00:00,27.0,83.67695517522091,
Chennai,2025-02-01 17:00:00,27.0,83.67695517522091,
Chennai,2025-02-01 18:00:00,25.6,87.13618000678832,1013.6
Chennai,2025-02-01 19:00:00,26.0,88.7589455109383,
Chennai,2025-02-01 20:00:00,26.0,88.7589455109383,
Chennai,2025-02-01 21:00:00,23.8,88.04366400310334,1011.7
Chennai,2025-02-01 22:00:00,25.0,83.45262666598398,
Chennai,2025-02-01 23:00:00,25.0,83.45262666598398,
Chennai,2025-02-02 00:00:00,23.4,94.69675973556869,1012.1
Chennai,2025-02-02 01:00:00,25.0,88.67956137467019,
Chennai,2025-02-02 02:00:00,25.0,88.67956137467019,
Chennai,2025-02-02 03:00:00,25.6,90.34377933678581,1014.0
Chennai,2025-02-02 04:00:00,27.0,83.67695517522091,
Chennai,2025-02-02 05:00:00,29.0,65.9764050234237,
Chennai,2025-02-02 06:00:00,30.6,55.56557299066436,1013.5
Chennai,2025-02-02 07:00:00,31.0,58.81392369643709,
Chennai,2025-02-02 08:00:00,30.0,66.17996487728405,
Chennai,2025-02-02 09:00:00,31.0,65.58856385714532,1010.3
Chennai,2025-02-02 10:00:00,29.0,70.10874183711726,
Chennai,2025-02-02 11:00:00,29.0,65.9764050234237,
Chennai,2025-02-02 12:00:00,28.0,67.40516935791447,1010.1
Chennai,2025-02-02 13:00:00,27.0,69.73535987777385,
Chennai,2025-02-02 14:00:00,26.0,73.97062900551056,
Chennai,2025-02-02 15:00:00,24.8,80.42146721617324,1012.7
Chennai,2025-02-02 16:00:00,25.0,78.49764721655077,
Chennai,2025-02-02 17:00:00,25.0,78.49764721655077,
Chennai,2025-02-02 18:00:00,23.0,77.72260499738547,1013.1
Chennai,2025-02-02 19:00:00,24.0,83.33878752130364,
Chennai,2025-02-02 20:00:00,24.0,83.33878752130364,
Chennai,2025-02-02 21:00:00,22.0,92.91284830656912,1011.5
Chennai,2025-02-02 22:00:00,24.0,83.33878752130364,
Chennai,2025-02-02 23:00:00,23.0,88.51830793896134,
Chennai,2025-02-03 00:00:00,22.0,91.21143560546284,1011.6
Chennai,2025-02-03 01:00:00,23.0,88.51830793896134,
Chennai,2025-02-03 02:00:00,23.0,88.51830793896134,
Chennai,2025-02-03 03:00:00,24.6,81.88902089566457,1013.9
Chennai,2025-02-03 04:00:00,27.0,78.78071949348664,
Chennai,2025-02-03 05:00:00,28.0,69.92284655824665,
Chennai,2025-02-03 06:00:00,30.2,58.98867435336403,1013.7
Chennai,2025-02-03 07:00:00,31.0,55.321861254558726,
Chennai,2025-02-03 08:00:00,31.0,52.0129263013748,
Chennai,2025-02-03 09:00:00,31.6,49.64767639109842,1011.0
Chennai,2025-02-03 10:00:00,31.0,52.0129263013748,
Chennai,2025-02-03 11:00:00,29.0,62.05907199151088,
Chennai,2025-02-03 12:00:00,28.4,63.863368876015656,1011.6
Chennai,2025-02-03 13:00:00,27.0,74.13724053720264,
Chennai,2025-02-03 14:00:00,27.0,74.13724053720264,
Chennai,2025-02-03 15:00:00,24.6,81.88902089566457,1013.9
Chennai,2025-02-03 16:00:00,26.0,78.6398510724195,
Chennai,2025-02-03 17:00:00,25.0,83.45262666598398,
Chennai,2025-02-03 18:00:00,22.6,87.40087535726879,1014.0
Chennai,2025-02-03 19:00:00,24.0,83.33878752130364,
Chennai,2025-02-03 20:00:00,24.0,83.33878752130364,
Chennai,2025-02-03 21:00:00,21.8,92.90250604151835,1012.2
Chennai,2025-02-03 22:00:00,23.0,88.51830793896134,
Chennai,2025-02-03 23:00:00,23.0,88.51830793896134,
Chennai,2025-02-04 00:00:00,21.6,94.62623236125361,1012.2
Chennai,2025-02-04 01:00:00,23.0,88.51830793896134,
Chennai,2025-02-04 02:00:00,23.0,94.10581804007526,
Chennai,2025-02-04 03:00:00,23.0,94.6812063155598,1014.6
Chennai,2025-02-04 04:00:00,26.0,88.7589455109383,
Chennai,2025-02-04 05:00:00,29.0,70.10874183711726,
Chennai,2025-02-04 06:00:00,30.6,55.56557299066436,1014.4
Chennai,2025-02-04 07:00:00,32.0,43.37530845087229,
Chennai,2025-02-04 08:00:00,32.0,43.37530845087229,
Chennai,2025-02-04 09:00:00,32.6,36.2384025408733,1011.2
Chennai,2025-02-04 10:00:00,32.0,43.37530845087229,
Chennai,2025-02-04 11:00:00,31.0,48.87889229893936,
Chennai,2025-02-04 12:00:00,30.0,63.8146323928593,1011.3
Chennai,2025-02-04 13:00:00,28.0,69.92284655824665,
Chennai,2025-02-04 14:00:00,27.0,74.13724053720264,
Chennai,2025-02-04 15:00:00,25.2,81.96262342273943,1012.6
Chennai,2025-02-04 16:00:00,26.0,78.6398510724195,
Chennai,2025-02-04 17:00:00,26.0,78.6398510724195,
Chennai,2025-02-04 18:00:00,23.8,89.67100396425253,1012.5
Chennai,2025-02-04 19:00:00,25.0,83.45262666598398,
Chennai,2025-02-04 20:00:00,25.0,83.45262666598398,
Chennai,2025-02-04 21:00:00,23.0,91.27459428964966,1011.0
Chennai,2025-02-04 22:00:00,24.0,88.59935257199315,
Chennai,2025-02-04 23:00:00,24.0,88.59935257199315,
Chennai,2025-02-05 00:00:00,22.8,92.95399507508202,1011.4
Chennai,2025-02-05 01:00:00,24.0,83.33878752130364,
Chennai,2025-02-05 02:00:00,23.0,88.51830793896134,
Chennai,2025-02-05 03:00:00,24.6,78.44038822062748,1014.1
Chennai,2025-02-05 04:00:00,27.0,78.78071949348664,
Chennai,2025-02-05 05:00:00,29.0,74.46601257025355,
Chennai,2025-02-05 06:00:00,31.0,52.335815898202554,1013.7
Chennai,2025-02-05 07:00:00,32.0,52.26545370306257,
Chennai,2025-02-05 08:00:00,32.0,46.178444191385225,
Chennai,2025-02-05 09:00:00,33.0,43.645157807317524,1010.1
Chennai,2025-02-05 10:00:00,32.0,46.178444191385225,
Chennai,2025-02-05 11:00:00,31.0,45.91183326611469,
Chennai,2025-02-05 12:00:00,29.6,53.62840385858026,1010.0
Chennai,2025-02-05 13:00:00,29.0,54.83146494452449,
Chennai,2025-02-05 14:00:00,28.0,69.92284655824665,
Chennai,2025-02-05 15:00:00,24.8,80.42146721617324,1012.2
Chennai,2025-02-05 16:00:00,27.0,74.13724053720264,
Chennai,2025-02-05 17:00:00,26.0,78.6398510724195,
Chennai,2025-02-05 18:00:00,23.2,90.17725044563136,1012.8
Chennai,2025-02-05 19:00:00,25.0,83.45262666598398,
Chennai,2025-02-05 20:00:00,25.0,83.45262666598398,
Chennai,2025-02-05 21:00:00,22.8,89.59709513251278,1011.5
Chennai,2025-02-05 22:00:00,25.0,83.45262666598398,
Chennai,2025-02-05 23:00:00,24.0,88.59935257199315,
Chennai,2025-02-06 00:00:00,22.0,92.91284830656912,1011.4
Chennai,2025-02-06 01:00:00,23.0,88.51830793896134,
Chennai,2025-02-06 02:00:00,24.0,88.59935257199315,
Chennai,2025-02-06 03:00:00,25.0,84.99158907366431,1013.4
Chennai,2025-02-06 04:00:00,27.0,83.67695517522091,
Chennai,2025-02-06 05:00:00,29.0,70.10874183711726,
Chennai,2025-02-06 06:00:00,30.2,56.504455252841076,1013.8
Chennai,2025-02-06 07:00:00,31.0,55.321861254558726,
Chennai,2025-02-06 08:00:00,31.0,55.321861254558726,
Chennai,2025-02-06 09:00:00,32.0,50.99468465735812,1010.4
Chennai,2025-02-06 10:00:00,31.0,52.0129263013748,
Chennai,2025-02-06 11:00:00,30.0,55.07749010874436,
Chennai,2025-02-06 12:00:00,29.0,68.01508576459278,1010.0
Chennai,2025-02-06 13:00:00,27.0,74.13724053720264,
Chennai,2025-02-06 14:00:00,27.0,74.13724053720264,
Chennai,2025-02-06 15:00:00,25.0,83.45262666598398,1012.2
Chennai,2025-02-06 16:00:00,27.0,78.78071949348664,
Chennai,2025-02-06 17:00:00,26.0,78.6398510724195,
Chennai,2025-02-06 18:00:00,23.8,84.86645400274385,1013.1
Chennai,2025-02-06 19:00:00,25.0,83.45262666598398,
Chennai,2025-02-06 20:00:00,25.0,83.45262666598398,
Chennai,2025-02-06 21:00:00,22.4,92.93346602326532,1011.8
Chennai,2025-02-06 22:00:00,24.0,83.33878752130364,
Chennai,2025-02-06 23:00:00,24.0,88.59935257199315,
Chennai,2025-02-07 00:00:00,22.0,94.64202501465911,1012.3
Chennai,2025-02-07 01:00:00,24.0,88.59935257199315,
Chennai,2025-02-07 02:00:00,23.0,88.51830793896134,
Chennai,2025-02-07 03:00:00,24.6,86.51781437617485,1015.0
Chennai,2025-02-07 04:00:00,27.0,78.78071949348664,
Chennai,2025-02-07 05:00:00,29.0,70.10874183711726,
Chennai,2025-02-07 06:00:00,31.2,58.5027997016778,1015.0
Chennai,2025-02-07 07:00:00,31.0,62.49764883972529,
Chennai,2025-02-07 08:00:00,31.0,62.49764883972529,
Chennai,2025-02-07 09:00:00,32.0,52.26545370306257,1012.4
Chennai,2025-02-07 10:00:00,31.0,55.321861254558726,
Chennai,2025-02-07 11:00:00,30.0,62.279197326402645,
Chennai,2025-02-07 12:00:00,29.4,65.65748852781738,1012.3
Chennai,2025-02-07 13:00:00,27.0,78.78071949348664,
Chennai,2025-02-07 14:00:00,27.0,78.78071949348664,
Chennai,2025-02-07 15:00:00,24.8,84.97083781729286,1013.5
Chennai,2025-02-07 16:00:00,26.0,78.6398510724195,
Chennai,2025-02-07 17:00:00,25.0,83.45262666598398,
Chennai,2025-02-07 18:00:00,23.6,89.65628406436801,1013.8
Chennai,2025-02-07 19:00:00,25.0,83.45262666598398,
Chennai,2025-02-07 20:00:00,25.0,83.45262666598398,
Chennai,2025-02-07 21:00:00,23.0,89.61193893447619,1011.7
Chennai,2025-02-07 22:00:00,24.0,88.59935257199315,
Chennai,2025-02-07 23:00:00,24.0,88.59935257199315,
Chennai,2025-02-08 00:00:00,23.0,92.96422650821278,1012.0
Chennai,2025-02-08 01:00:00,24.0,88.59935257199315,
Chennai,2025-02-08 02:00:00,24.0,88.59935257199315,
Chennai,2025-02-08 03:00:00,24.0,93.01505522924245,1015.0
Chennai,2025-02-08 04:00:00,26.0,94.23292497092102,
Chennai,2025-02-08 05:00:00,29.0,74.46601257025355,
Chennai,2025-02-08 06:00:00,30.8,46.73171542897705,1015.0
Chennai,2025-02-08 07:00:00,31.0,55.321861254558726,
Chennai,2025-02-08 08:00:00,31.0,52.0129263013748,
Chennai,2025-02-08 09:00:00,32.0,54.55620730373795,1011.7
Chennai,2025-02-08 10:00:00,31.0,58.81392369643709,
Chennai,2025-02-08 11:00:00,30.0,58.58138510397075,
Chennai,2025-02-08 12:00:00,29.4,59.53202238671283,1011.2
Chennai,2025-02-08 13:00:00,28.0,65.77119451823714,
Chennai,2025-02-08 14:00:00,27.0,78.78071949348664,
Chennai,2025-02-08 15:00:00,25.4,85.03296693933086,1013.3
Chennai,2025-02-08 16:00:00,26.0,83.5653445347348,
Chennai,2025-02-08 17:00:00,26.0,83.5653445347348,
Chennai,2025-02-08 18:00:00,24.2,89.70035155341864,1014.0
Chennai,2025-02-08 19:00:00,25.0,83.45262666598398,
Chennai,2025-02-08 20:00:00,25.0,83.45262666598398,
Chennai,2025-02-08 21:00:00,23.4,91.29967042540224,1011.5
Chennai,2025-02-08 22:00:00,25.0,83.45262666598398,
Chennai,2025-02-08 23:00:00,25.0,83.45262666598398,
Chennai,2025-02-09 00:00:00,24.0,91.33708576167582,1011.6
Chennai,2025-02-09 01:00:00,24.0,88.59935257199315,
Chennai,2025-02-09 02:00:00,24.0,88.59935257199315,
Chennai,2025-02-09 03:00:00,25.4,80.5002818626729,1013.7
Chennai,2025-02-09 04:00:00,28.0,78.9202680701639,
Chennai,2025-02-09 05:00:00,29.0,70.10874183711726,
Chennai,2025-02-09 06:00:00,30.6,60.541168204253225,1014.6
Chennai,2025-02-09 07:00:00,30.0,66.17996487728405,
Chennai,2025-02-09 08:00:00,30.0,66.17996487728405,
Chennai,2025-02-09 09:00:00,31.2,58.5027997016778,1011.0
Chennai,2025-02-09 10:00:00,30.0,66.17996487728405,
Chennai,2025-02-09 11:00:00,29.0,70.10874183711726,
Chennai,2025-02-09 12:00:00,28.8,65.53389236922786,1010.8
Chennai,2025-02-09 13:00:00,28.0,69.92284655824665,
Chennai,2025-02-09 14:00:00,27.0,74.13724053720264,
Chennai,2025-02-09 15:00:00,25.6,80.52645239736388,1013.0
Chennai,2025-02-09 16:00:00,26.0,78.6398510724195,
Chennai,2025-02-09 17:00:00,26.0,83.5653445347348,
Chennai,2025-02-09 18:00:00,24.6,88.1108765345105,1013.7
Chennai,2025-02-09 19:00:00,26.0,78.6398510724195,
Chennai,2025-02-09 20:00:00,25.0,83.45262666598398,
Chennai,2025-02-09 21:00:00,23.4,91.29967042540224,1012.3
Chennai,2025-02-09 22:00:00,25.0,83.45262666598398,
Chennai,2025-02-09 23:00:00,25.0,83.45262666598398,
Chennai,2025-02-10 00:00:00,23.6,89.65628406436801,1012.4
Chennai,2025-02-10 01:00:00,24.0,88.59935257199315,
Chennai,2025-02-10 02:00:00,25.0,83.45262666598398,
Chennai,2025-02-10 03:00:00,25.4,83.49784757524912,1015.3
Chennai,2025-02-10 04:00:00,27.0,83.67695517522091,
Chennai,2025-02-10 05:00:00,29.0,65.9764050234237,
Chennai,2025-02-10 06:00:00,29.6,58.4879003480961,1015.5
Chennai,2025-02-10 07:00:00,30.0,58.58138510397075,
Chennai,2025-02-10 08:00:00,30.0,58.58138510397075,
Chennai,2025-02-10 09:00:00,31.4,51.793336482077336,1012.0
Chennai,2025-02-10 10:00:00,30.0,58.58138510397075,
Chennai,2025-02-10 11:00:00,30.0,58.58138510397075,
Chennai,2025-02-10 12:00:00,28.4,60.0407336708837,1011.9
Chennai,2025-02-10 13:00:00,27.0,69.73535987777385,
Chennai,2025-02-10 14:00:00,27.0,69.73535987777385,
Chennai,2025-02-10 15:00:00,25.6,71.65680034129598,1014.5
Chennai,2025-02-10 16:00:00,26.0,73.97062900551056,
Chennai,2025-02-10 17:00:00,26.0,73.97062900551056,
Chennai,2025-02-10 18:00:00,23.8,73.5987618697542,1014.6
Chennai,2025-02-10 19:00:00,24.0,83.33878752130364,
Chennai,2025-02-10 20:00:00,24.0,83.33878752130364,
Chennai,2025-02-10 22:00:00,24.0,83.33878752130364,
Chennai,2025-02-10 23:00:00,24.0,83.33878752130364,
Chennai,2025-02-11 00:00:00,21.6,92.89214142096014,1013.3
Chennai,2025-02-11 01:00:00,23.0,83.22381284256232,
Chennai,2025-02-11 02:00:00,23.0,88.51830793896134,
Chennai,2025-02-11 03:00:00,24.6,84.95004486909127,1015.3
Chennai,2025-02-11 04:00:00,27.0,78.78071949348664,
Chennai,2025-02-11 05:00:00,29.0,65.9764050234237,
Chennai,2025-02-11 06:00:00,31.2,53.6947284534463,1015.1
Chennai,2025-02-11 07:00:00,31.0,58.81392369643709,
Chennai,2025-02-11 08:00:00,31.0,58.81392369643709,
Chennai,2025-02-11 09:00:00,31.8,53.1868368284505,1012.7
Chennai,2025-02-11 10:00:00,30.0,66.17996487728405,
Chennai,2025-02-11 11:00:00,29.0,65.9764050234237,
Chennai,2025-02-11 12:00:00,28.4,65.05100507166367,1012.4
Chennai,2025-02-11 13:00:00,27.0,74.13724053720264,
Chennai,2025-02-11 14:00:00,27.0,74.13724053720264,
Chennai,2025-02-11 15:00:00,25.0,78.98125580461064,1014.0
Chennai,2025-02-11 16:00:00,26.0,78.6398510724195,
Chennai,2025-02-11 17:00:00,25.0,78.49764721655077,
Chennai,2025-02-11 20:00:00,24.0,88.59935257199315,
Chennai,2025-02-11 21:00:00,24.0,88.59935257199315,
Chennai,2025-02-11 22:00:00,24.0,83.33878752130364,
Chennai,2025-02-11 23:00:00,23.0,88.51830793896134,
Chennai,2025-02-12 00:00:00,23.0,89.61193893447619,1012.6
Chennai,2025-02-12 01:00:00,23.0,88.51830793896134,
Chennai,2025-02-12 02:00:00,23.0,88.51830793896134,
Chennai,2025-02-12 03:00:00,24.4,81.86439065070549,1015.5
Chennai,2025-02-12 04:00:00,27.0,78.78071949348664,
Chennai,2025-02-12 05:00:00,28.0,74.30236303611937,
Chennai,2025-02-12 06:00:00,30.0,57.5102579017241,1015.6
Chennai,2025-02-12 07:00:00,31.0,62.49764883972529,
Chennai,2025-02-12 08:00:00,31.0,62.49764883972529,
Chennai,2025-02-12 09:00:00,32.4,54.988018967303006,1012.3
Chennai,2025-02-12 10:00:00,31.0,62.49764883972529,
Chennai,2025-02-12 11:00:00,30.0,66.17996487728405,
Chennai,2025-02-12 12:00:00,29.6,63.341728305764846,1012.1
Chennai,2025-02-12 13:00:00,28.0,69.92284655824665,
Chennai,2025-02-12 14:00:00,27.0,78.78071949348664,
Chennai,2025-02-12 15:00:00,25.0,83.45262666598398,1013.6
Chennai,2025-02-12 16:00:00,25.0,83.45262666598398,
Chennai,2025-02-12 17:00:00,25.0,83.45262666598398,
Chennai,2025-02-12 18:00:00,22.6,91.24941140171894,1013.8
Chennai,2025-02-12 19:00:00,24.0,88.59935257199315,
Chennai,2025-02-12 20:00:00,24.0,83.33878752130364,
Chennai,2025-02-12 21:00:00,23.0,88.51830793896134,
Chennai,2025-02-12 22:00:00,23.0,88.51830793896134,
Chennai,2025-02-12 23:00:00,23.0,88.51830793896134,
Chennai,2025-02-13 00:00:00,22.0,92.91284830656912,1012.1
Chennai,2025-02-13 01:00:00,22.0,88.4364161279818,
Chennai,2025-02-13 02:00:00,23.0,88.51830793896134,
Chennai,2025-02-13 03:00:00,24.0,84.88741479671322,1014.9
Chennai,2025-02-13 04:00:00,25.0,83.45262666598398,
Chennai,2025-02-13 05:00:00,27.0,78.78071949348664,
Chennai,2025-02-13 06:00:00,29.6,54.63879144543691,1015.0
Chennai,2025-02-13 07:00:00,31.0,52.0129263013748,
Chennai,2025-02-13 08:00:00,31.0,62.49764883972529,
Chennai,2025-02-13 09:00:00,32.0,47.93557266740621,1011.7
Chennai,2025-02-13 10:00:00,31.0,45.91183326611469,
Chennai,2025-02-13 11:00:00,30.0,48.61692510697891,
Chennai,2025-02-13 12:00:00,28.6,58.61574157718646,1011.4
Chennai,2025-02-13 13:00:00,27.0,69.73535987777385,
Chennai,2025-02-13 14:00:00,27.0,74.13724053720264,
Chennai,2025-02-13 15:00:00,24.6,80.39509424447246,1013.5
Chennai,2025-02-13 16:00:00,26.0,78.6398510724195,
Chennai,2025-02-13 17:00:00,26.0,78.6398510724195,
Chennai,2025-02-13 18:00:00,23.0,85.83526762261728,1014.1
Chennai,2025-02-13 19:00:00,24.0,88.59935257199315,
Chennai,2025-02-13 20:00:00,24.0,88.59935257199315,
Chennai,2025-02-13 21:00:00,21.2,92.87134485887553,1011.8
Chennai,2025-02-13 22:00:00,23.0,88.51830793896134,
Chennai,2025-02-13 23:00:00,23.0,88.51830793896134,
Chennai,2025-02-14 00:00:00,21.0,92.86091278956886,1012.1
Chennai,2025-02-14 01:00:00,22.0,88.4364161279818,
Chennai,2025-02-14 02:00:00,23.0,88.51830793896134,
Chennai,2025-02-14 03:00:00,24.6,81.88902089566457,1014.5
Chennai,2025-02-14 04:00:00,27.0,78.78071949348664,
Chennai,2025-02-14 05:00:00,28.0,74.30236303611937,
Chennai,2025-02-14 06:00:00,30.8,53.595254858449735,1014.6
Chennai,2025-02-14 07:00:00,32.0,52.26545370306257,
Chennai,2025-02-14 08:00:00,32.0,59.04479527455803,
Chennai,2025-02-14 09:00:00,32.0,54.55620730373795,1010.7
Chennai,2025-02-14 10:00:00,32.0,55.56458760321053,
Chennai,2025-02-14 11:00:00,31.0,58.81392369643709,
Chennai,2025-02-14 12:00:00,29.2,65.61635596786235,1010.5
Chennai,2025-02-14 13:00:00,29.0,65.9764050234237,
Chennai,2025-02-14 14:00:00,28.0,69.92284655824665,
Chennai,2025-02-14 15:00:00,25.0,80.44778939452424,1012.8
Chennai,2025-02-14 16:00:00,27.0,78.78071949348664,
Chennai,2025-02-14 17:00:00,26.0,78.6398510724195,
Chennai,2025-02-14 18:00:00,23.6,88.02677396309889,1013.1
Chennai,2025-02-14 19:00:00,26.0,78.6398510724195,
Chennai,2025-02-14 20:00:00,25.0,78.49764721655077,
Chennai,2025-02-14 21:00:00,22.0,92.91284830656912,1011.1
Chennai,2025-02-14 22:00:00,24.0,83.33878752130364,
Chennai,2025-02-14 23:00:00,23.0,88.51830793896134,
Chennai,2025-02-15 00:00:00,22.2,92.9231682794469,1011.7
Chennai,2025-02-15 01:00:00,23.0,88.51830793896134,
Chennai,2025-02-15 02:00:00,24.0,88.59935257199315,
Chennai,2025-02-15 03:00:00,24.6,86.51781437617485,1013.7
Chennai,2025-02-15 04:00:00,27.0,83.67695517522091,
Chennai,2025-02-15 05:00:00,29.0,70.10874183711726,
Chennai,2025-02-15 06:00:00,31.4,52.76094443060454,1013.2
Chennai,2025-02-15 07:00:00,31.0,58.81392369643709,
Chennai,2025-02-15 08:00:00,32.0,59.04479527455803,
Chennai,2025-02-15 09:00:00,32.6,43.26569266618384,1009.6
Chennai,2025-02-15 10:00:00,31.0,48.87889229893936,
Chennai,2025-02-15 11:00:00,30.0,55.07749010874436,
Chennai,2025-02-15 12:00:00,28.6,62.738525974561355,1009.3
Chennai,2025-02-15 13:00:00,28.0,69.92284655824665,
Chennai,2025-02-15 14:00:00,27.0,74.13724053720264,
Chennai,2025-02-15 15:00:00,25.6,79.0650667975322,1011.9
Chennai,2025-02-15 16:00:00,27.0,78.78071949348664,
Chennai,2025-02-15 17:00:00,27.0,78.78071949348664,
Chennai,2025-02-15 18:00:00,24.6,84.95004486909127,1012.5
Chennai,2025-02-15 19:00:00,26.0,78.6398510724195,
Chennai,2025-02-15 20:00:00,26.0,78.6398510724195,
Chennai,2025-02-15 21:00:00,23.0,89.61193893447619,1011.3
Chennai,2025-02-15 22:00:00,25.0,83.45262666598398,
Chennai,2025-02-15 23:00:00,24.0,88.59935257199315,
Chennai,2025-02-16 00:00:00,23.2,89.62675163391533,1011.4
Chennai,2025-02-16 01:00:00,24.0,83.33878752130364,
Chennai,2025-02-16 02:00:00,24.0,88.59935257199315,
Chennai,2025-02-16 03:00:00,25.0,81.93813716288261,1014.7
Chennai,2025-02-16 04:00:00,27.0,78.78071949348664,
Chennai,2025-02-16 05:00:00,29.0,70.10874183711726,
Chennai,2025-02-16 06:00:00,31.4,52.76094443060454,1013.9
Chennai,2025-02-16 07:00:00,32.0,52.26545370306257,
Chennai,2025-02-16 08:00:00,32.0,43.37530845087229,
Chennai,2025-02-16 09:00:00,32.4,44.03144254531665,1010.9
Chennai,2025-02-16 11:00:00,30.0,66.17996487728405,
Chennai,2025-02-16 12:00:00,29.2,65.61635596786235,1011.1
Chennai,2025-02-16 13:00:00,28.0,74.30236303611937,
Chennai,2025-02-16 14:00:00,28.0,74.30236303611937,
Chennai,2025-02-16 15:00:00,26.6,74.98174057282651,1013.6
Chennai,2025-02-16 16:00:00,28.0,74.30236303611937,
Chennai,2025-02-16 17:00:00,28.0,74.30236303611937,
Chennai,2025-02-16 18:00:00,25.6,81.51380892113752,1014.2
Chennai,2025-02-16 19:00:00,27.0,78.78071949348664,
Chennai,2025-02-16 20:00:00,26.0,78.6398510724195,
Chennai,2025-02-16 21:00:00,23.6,89.65628406436801,1012.8
Chennai,2025-02-16 22:00:00,25.0,83.45262666598398,
Chennai,2025-02-16 23:00:00,25.0,83.45262666598398,
Chennai,2025-02-17 00:00:00,23.8,91.32464040055407,1013.5
Chennai,2025-02-17 01:00:00,24.0,88.59935257199315,
Chennai,2025-02-17 02:00:00,24.0,88.59935257199315,
Chennai,2025-02-17 03:00:00,25.4,85.03296693933086,1015.4
Chennai,2025-02-17 04:00:00,28.0,78.9202680701639,
Chennai,2025-02-17 05:00:00,30.0,66.17996487728405,
Chennai,2025-02-17 06:00:00,31.6,53.13694270651922,1015.2
Chennai,2025-02-17 07:00:00,31.0,62.49764883972529,
Chennai,2025-02-17 08:00:00,31.0,62.49764883972529,
Chennai,2025-02-17 09:00:00,32.0,54.55620730373795,1012.5
Chennai,2025-02-17 10:00:00,30.0,66.17996487728405,
Chennai,2025-02-17 11:00:00,30.0,62.279197326402645,
Chennai,2025-02-17 12:00:00,29.2,65.61635596786235,1012.4
Chennai,2025-02-17 13:00:00,28.0,69.92284655824665,
Chennai,2025-02-17 14:00:00,28.0,74.30236303611937,
Chennai,2025-02-17 15:00:00,26.0,76.27392919082712,1014.6
Chennai,2025-02-17 16:00:00,27.0,74.13724053720264,
Chennai,2025-02-17 17:00:00,27.0,78.78071949348664,
Chennai,2025-02-17 18:00:00,24.2,86.48011646915207,1014.7
Chennai,2025-02-17 19:00:00,27.0,78.78071949348664,
Chennai,2025-02-17 20:00:00,25.0,83.45262666598398,
Chennai,2025-02-17 21:00:00,23.0,91.27459428964966,1012.9
Chennai,2025-02-17 22:00:00,24.0,88.59935257199315,
Chennai,2025-02-17 23:00:00,24.0,88.59935257199315,
Chennai,2025-02-18 00:00:00,23.2,91.2871456644803,1013.1
Chennai,2025-02-18 01:00:00,24.0,83.33878752130364,
Chennai,2025-02-18 02:00:00,24.0,88.59935257199315,
Chennai,2025-02-18 03:00:00,25.4,85.03296693933086,1015.8
Chennai,2025-02-18 04:00:00,28.0,78.9202680701639,
Chennai,2025-02-18 05:00:00,29.0,70.10874183711726,
Chennai,2025-02-18 06:00:00,31.0,56.00535491373798,1015.8
Chennai,2025-02-18 07:00:00,31.0,55.321861254558726,
Chennai,2025-02-18 08:00:00,31.0,55.321861254558726,
Chennai,2025-02-18 09:00:00,32.0,48.83593138119181,1012.7
Chennai,2025-02-18 10:00:00,31.0,55.321861254558726,
Chennai,2025-02-18 11:00:00,30.0,58.58138510397075,
Chennai,2025-02-18 12:00:00,29.0,64.38421540041374,1012.3
Chennai,2025-02-18 13:00:00,28.0,65.77119451823714,
Chennai,2025-02-18 14:00:00,28.0,69.92284655824665,
Chennai,2025-02-18 15:00:00,25.4,81.98706192459,1013.8
Chennai,2025-02-18 16:00:00,27.0,74.13724053720264,
Chennai,2025-02-18 17:00:00,27.0,74.13724053720264,
Chennai,2025-02-18 18:00:00,24.0,86.46120985687485,1013.9
Chennai,2025-02-18 19:00:00,26.0,78.6398510724195,
Chennai,2025-02-18 20:00:00,26.0,78.6398510724195,
Chennai,2025-02-18 21:00:00,22.8,91.2620162268376,1011.4
Chennai,2025-02-18 22:00:00,24.0,83.33878752130364,
Chennai,2025-02-18 23:00:00,24.0,83.33878752130364,
Chennai,2025-02-19 00:00:00,23.0,91.27459428964966,1011.3
Chennai,2025-02-19 01:00:00,24.0,83.33878752130364,
Chennai,2025-02-19 02:00:00,24.0,88.59935257199315,
Chennai,2025-02-19 03:00:00,24.6,86.51781437617485,1013.7
Chennai,2025-02-19 04:00:00,28.0,74.30236303611937,
Chennai,2025-02-19 05:00:00,29.0,70.10874183711726,
Chennai,2025-02-19 06:00:00,31.0,58.45623591814528,1013.4
Chennai,2025-02-19 07:00:00,30.0,66.17996487728405,
Chennai,2025-02-19 08:00:00,31.0,62.49764883972529,
Chennai,2025-02-19 09:00:00,31.4,54.07572802922947,1010.7
Chennai,2025-02-19 10:00:00,30.0,62.279197326402645,
Chennai,2025-02-19 11:00:00,30.0,62.279197326402645,
Chennai,2025-02-19 12:00:00,28.0,69.07461707385258,1010.4
Chennai,2025-02-19 13:00:00,28.0,74.30236303611937,
Chennai,2025-02-19 14:00:00,27.0,74.13724053720264,
Chennai,2025-02-19 15:00:00,25.4,79.03718283041701,1012.6
Chennai,2025-02-19 16:00:00,27.0,78.78071949348664,
Chennai,2025-02-19 17:00:00,27.0,78.78071949348664,
Chennai,2025-02-19 18:00:00,24.6,84.95004486909127,1012.7
Chennai,2025-02-19 19:00:00,27.0,78.78071949348664,
Chennai,2025-02-19 20:00:00,26.0,78.6398510724195,
Chennai,2025-02-19 21:00:00,23.0,89.61193893447619,1011.3
Chennai,2025-02-19 22:00:00,25.0,83.45262666598398,
Chennai,2025-02-19 23:00:00,24.0,88.59935257199315,
Chennai,2025-02-20 00:00:00,22.8,91.2620162268376,1011.9
Chennai,2025-02-20 01:00:00,24.0,83.33878752130364,
Chennai,2025-02-20 02:00:00,24.0,88.59935257199315,
Chennai,2025-02-20 03:00:00,25.4,81.98706192459,1014.5
Chennai,2025-02-20 04:00:00,28.0,74.30236303611937,
Chennai,2025-02-20 05:00:00,29.0,70.10874183711726,
Chennai,2025-02-20 06:00:00,31.4,52.76094443060454,1014.1
Chennai,2025-02-20 07:00:00,31.0,55.321861254558726,
Chennai,2025-02-20 08:00:00,31.0,58.81392369643709,
Chennai,2025-02-20 09:00:00,32.0,48.83593138119181,1011.3
Chennai,2025-02-20 10:00:00,31.0,58.81392369643709,
Chennai,2025-02-20 11:00:00,30.0,58.58138510397075,
Chennai,2025-02-20 12:00:00,28.8,65.53389236922786,1011.3
Chennai,2025-02-20 13:00:00,28.0,69.92284655824665,
Chennai,2025-02-20 14:00:00,27.0,74.13724053720264,
Chennai,2025-02-20 15:00:00,25.6,79.0650667975322,1014.0
Chennai,2025-02-20 16:00:00,27.0,78.78071949348664,
Chennai,2025-02-20 17:00:00,27.0,74.13724053720264,
Chennai,2025-02-20 18:00:00,24.8,83.42994899232998,1014.6
Chennai,2025-02-20 22:00:00,25.0,83.45262666598398,
Chennai,2025-02-20 23:00:00,25.0,83.45262666598398,
Chennai,2025-02-21 00:00:00,23.4,89.64153331568741,1013.6
Chennai,2025-02-21 01:00:00,24.0,88.59935257199315,
Chennai,2025-02-21 02:00:00,25.0,83.45262666598398,
Chennai,2025-02-21 03:00:00,26.0,82.55918218789247,1015.7
Chennai,2025-02-21 04:00:00,28.0,74.30236303611937,
Chennai,2025-02-21 05:00:00,30.0,66.17996487728405,
Chennai,2025-02-21 06:00:00,31.0,56.00535491373798,1015.7
Chennai,2025-02-21 07:00:00,30.0,66.17996487728405,
Chennai,2025-02-21 08:00:00,31.0,62.49764883972529,
Chennai,2025-02-21 09:00:00,31.6,55.46769384647515,1012.8
Chennai,2025-02-21 10:00:00,31.0,62.49764883972529,
Chennai,2025-02-21 11:00:00,30.0,66.17996487728405,
Chennai,2025-02-21 12:00:00,29.0,66.78535949708609,1012.8
Chennai,2025-02-21 13:00:00,28.0,74.30236303611937,
Chennai,2025-02-21 14:00:00,27.0,78.78071949348664,
Chennai,2025-02-21 15:00:00,26.4,74.94939436271723,1014.5
Chennai,2025-02-21 16:00:00,27.0,78.78071949348664,
Chennai,2025-02-21 17:00:00,27.0,78.78071949348664,
Chennai,2025-02-21 18:00:00,25.2,83.47525948927431,1015.1
Chennai,2025-02-21 19:00:00,27.0,78.78071949348664,
Chennai,2025-02-21 20:00:00,26.0,83.5653445347348,
Chennai,2025-02-21 21:00:00,24.0,89.68569309935684,1013.7
Chennai,2025-02-21 22:00:00,26.0,78.6398510724195,
Chennai,2025-02-21 23:00:00,25.0,88.67956137467019,
Chennai,2025-02-22 00:00:00,24.8,88.12759322404811,1013.5
Chennai,2025-02-22 01:00:00,25.0,83.45262666598398,
Chennai,2025-02-22 02:00:00,25.0,88.67956137467019,
Chennai,2025-02-22 03:00:00,26.0,82.55918218789247,1015.9
Chennai,2025-02-22 04:00:00,28.0,78.9202680701639,
Chennai,2025-02-22 05:00:00,30.0,70.29306142592459,
Chennai,2025-02-22 06:00:00,31.2,58.5027997016778,1015.6
Chennai,2025-02-22 07:00:00,31.0,66.3818887938788,
Chennai,2025-02-22 08:00:00,31.0,66.3818887938788,
Chennai,2025-02-22 09:00:00,31.4,57.48913124065053,1013.2
Chennai,2025-02-22 10:00:00,30.0,66.17996487728405,
Chennai,2025-02-22 11:00:00,30.0,66.17996487728405,
Chennai,2025-02-22 12:00:00,29.2,65.61635596786235,1013.0
Chennai,2025-02-22 13:00:00,28.0,74.30236303611937,
Chennai,2025-02-22 14:00:00,28.0,74.30236303611937,
Chennai,2025-02-22 15:00:00,26.0,79.12067626724064,1015.6
Chennai,2025-02-22 16:00:00,27.0,78.78071949348664,
Chennai,2025-02-22 17:00:00,27.0,78.78071949348664,
Chennai,2025-02-22 18:00:00,24.4,79.87545001594653,1015.8
Chennai,2025-02-22 19:00:00,26.0,78.6398510724195,
Chennai,2025-02-22 20:00:00,25.0,83.45262666598398,
Chennai,2025-02-22 21:00:00,23.4,89.64153331568741,1014.1
Chennai,2025-02-22 22:00:00,25.0,83.45262666598398,
Chennai,2025-02-22 23:00:00,25.0,83.45262666598398,
Chennai,2025-02-23 00:00:00,23.4,91.29967042540224,1014.0
Chennai,2025-02-23 01:00:00,24.0,88.59935257199315,
Chennai,2025-02-23 02:00:00,25.0,88.67956137467019,
Chennai,2025-02-23 03:00:00,26.0,84.07244076824206,1015.9
Chennai,2025-02-23 04:00:00,28.0,78.9202680701639,
Chennai,2025-02-23 05:00:00,29.0,70.10874183711726,
Chennai,2025-02-23 06:00:00,31.6,66.1056160585513,1015.8
Chennai,2025-02-23 07:00:00,32.0,59.04479527455803,
Chennai,2025-02-23 08:00:00,32.0,66.5821913857855,
Chennai,2025-02-23 09:00:00,32.2,58.027960608356956,1012.9
Chennai,2025-02-23 10:00:00,31.0,66.3818887938788,
Chennai,2025-02-23 11:00:00,30.0,66.17996487728405,
Chennai,2025-02-23 12:00:00,29.2,63.255491800252074,1013.5
Chennai,2025-02-23 13:00:00,28.0,74.30236303611937,
Chennai,2025-02-23 14:00:00,28.0,78.9202680701639,
Chennai,2025-02-23 15:00:00,26.2,79.14840201964623,1015.0
Chennai,2025-02-23 16:00:00,27.0,78.78071949348664,
Chennai,2025-02-23 17:00:00,27.0,78.78071949348664,
Chennai,2025-02-23 18:00:00,25.2,83.47525948927431,1015.5
Chennai,2025-02-23 19:00:00,27.0,78.78071949348664,
Chennai,2025-02-23 20:00:00,26.0,83.5653445347348,
Chennai,2025-02-23 21:00:00,23.4,89.64153331568741,1013.4
Chennai,2025-02-23 22:00:00,25.0,83.45262666598398,
Chennai,2025-02-23 23:00:00,25.0,83.45262666598398,
Chennai,2025-02-24 00:00:00,23.6,92.9947891827328,1013.5
Chennai,2025-02-24 01:00:00,24.0,88.59935257199315,
Chennai,2025-02-24 02:00:00,24.0,88.59935257199315,
Chennai,2025-02-24 03:00:00,25.6,80.52645239736388,1016.7
Chennai,2025-02-24 04:00:00,28.0,78.9202680701639,
Chennai,2025-02-24 05:00:00,30.0,70.29306142592459,
Chennai,2025-02-24 06:00:00,31.2,58.5027997016778,1017.0
Chennai,2025-02-24 07:00:00,31.0,58.81392369643709,
Chennai,2025-02-24 08:00:00,32.0,59.04479527455803,
Chennai,2025-02-24 09:00:00,33.0,50.00855048668853,1013.4
Chennai,2025-02-24 10:00:00,31.0,58.81392369643709,
Chennai,2025-02-24 11:00:00,30.0,66.17996487728405,
Chennai,2025-02-24 12:00:00,30.4,66.66180868247822,1013.3
Chennai,2025-02-24 13:00:00,28.0,74.30236303611937,
Chennai,2025-02-24 14:00:00,28.0,74.30236303611937,
Chennai,2025-02-24 15:00:00,27.4,74.20346731676847,1015.7
Chennai,2025-02-24 16:00:00,28.0,74.30236303611937,
Chennai,2025-02-24 17:00:00,27.0,78.78071949348664,
Chennai,2025-02-24 18:00:00,26.6,78.2479077819723,1016.6
Chennai,2025-02-24 19:00:00,27.0,78.78071949348664,
Chennai,2025-02-24 20:00:00,26.0,83.5653445347348,
Chennai,2025-02-24 21:00:00,24.8,81.91360302673357,1014.7
Chennai,2025-02-24 22:00:00,26.0,78.6398510724195,
Chennai,2025-02-24 23:00:00,26.0,83.5653445347348,
Chennai,2025-02-25 00:00:00,24.0,88.59935257199315,1014.6
Chennai,2025-02-25 01:00:00,25.0,88.67956137467019,
Chennai,2025-02-25 02:00:00,25.0,88.67956137467019,
Chennai,2025-02-25 03:00:00,27.2,78.33374294989056,1017.0
Chennai,2025-02-25 04:00:00,29.0,74.46601257025355,
Chennai,2025-02-25 05:00:00,31.0,58.81392369643709,
Chennai,2025-02-25 06:00:00,32.2,65.05199403084112,1016.8
Chennai,2025-02-25 07:00:00,32.0,52.26545370306257,
Chennai,2025-02-25 08:00:00,32.0,49.13932991257226,
Chennai,2025-02-25 09:00:00,33.4,39.08864098827481,1014.1
Chennai,2025-02-25 10:00:00,32.0,46.178444191385225,
Chennai,2025-02-25 11:00:00,31.0,58.81392369643709,
Chennai,2025-02-25 12:00:00,30.0,61.14896099495759,1014.2
Chennai,2025-02-25 13:00:00,29.0,70.10874183711726,
Chennai,2025-02-25 14:00:00,28.0,74.30236303611937,
Chennai,2025-02-25 15:00:00,27.6,74.23649168800932,1016.6
Chennai,2025-02-25 16:00:00,28.0,78.9202680701639,
Chennai,2025-02-25 17:00:00,27.0,78.78071949348664,
Chennai,2025-02-25 18:00:00,27.0,79.73938187381316,1017.1
Chennai,2025-02-25 19:00:00,27.0,83.67695517522091,
Chennai,2025-02-25 20:00:00,27.0,83.67695517522091,
Chennai,2025-02-25 21:00:00,26.2,84.09422307879059,1015.0
Chennai,2025-02-25 22:00:00,26.0,88.7589455109383,
Chennai,2025-02-25 23:00:00,26.0,83.5653445347348,
Chennai,2025-02-26 00:00:00,25.0,88.14427552074832,1015.0
Chennai,2025-02-26 01:00:00,26.0,83.5653445347348,
Chennai,2025-02-26 02:00:00,26.0,88.7589455109383,
Chennai,2025-02-26 03:00:00,27.4,79.79314536748959,1016.6
Chennai,2025-02-26 04:00:00,30.0,70.29306142592459,
Chennai,2025-02-26 05:00:00,31.0,62.49764883972529,
Chennai,2025-02-26 06:00:00,32.6,51.77843588862952,1016.6
Chennai,2025-02-26 07:00:00,32.0,52.26545370306257,
Chennai,2025-02-26 08:00:00,33.0,46.44361338141738,
Chennai,2025-02-26 09:00:00,33.4,52.2972859735491,1013.5
Chennai,2025-02-26 10:00:00,32.0,52.26545370306257,
Chennai,2025-02-26 11:00:00,31.0,58.81392369643709,
Chennai,2025-02-26 12:00:00,30.4,55.516916216092426,1013.1
Chennai,2025-02-26 13:00:00,29.0,70.10874183711726,
Chennai,2025-02-26 14:00:00,28.0,74.30236303611937,
Chennai,2025-02-26 15:00:00,28.0,71.64672861133928,1015.8
Chennai,2025-02-26 16:00:00,28.0,74.30236303611937,
Chennai,2025-02-26 17:00:00,28.0,74.30236303611937,
Chennai,2025-02-26 18:00:00,27.2,75.53609118292528,1016.2
Chennai,2025-02-26 19:00:00,28.0,74.30236303611937,
Chennai,2025-02-26 20:00:00,27.0,78.78071949348664,
Chennai,2025-02-26 21:00:00,26.4,81.1206589392812,1013.9
Chennai,2025-02-26 22:00:00,26.0,83.5653445347348,
Chennai,2025-02-26 23:00:00,26.0,83.5653445347348,
Chennai,2025-02-27 00:00:00,24.4,88.0941253601151,1013.4
Chennai,2025-02-27 01:00:00,25.0,88.67956137467019,
Chennai,2025-02-27 02:00:00,25.0,88.67956137467019,
Chennai,2025-02-27 03:00:00,27.2,78.33374294989056,1015.4
Chennai,2025-02-27 04:00:00,29.0,70.10874183711726,
Chennai,2025-02-27 05:00:00,31.0,62.49764883972529,
Chennai,2025-02-27 06:00:00,32.4,49.24307764278141,1015.2
Chennai,2025-02-27 07:00:00,32.0,59.04479527455803,
Chennai,2025-02-27 08:00:00,32.0,55.56458760321053,
Chennai,2025-02-27 09:00:00,32.8,45.53477219050725,1012.8
Chennai,2025-02-27 10:00:00,32.0,52.26545370306257,
Chennai,2025-02-27 11:00:00,31.0,52.0129263013748,
Chennai,2025-02-27 12:00:00,30.2,60.08231213848365,1012.1
Chennai,2025-02-27 13:00:00,28.0,74.30236303611937,
Chennai,2025-02-27 14:00:00,28.0,74.30236303611937,
Chennai,2025-02-27 15:00:00,27.6,69.84804373904335,1014.0
Chennai,2025-02-27 16:00:00,28.0,74.30236303611937,
Chennai,2025-02-27 17:00:00,28.0,74.30236303611937,
Chennai,2025-02-27 18:00:00,26.8,75.01402814660541,1014.6
Chennai,2025-02-27 19:00:00,27.0,78.78071949348664,
Chennai,2025-02-27 20:00:00,27.0,78.78071949348664,
Chennai,2025-02-27 21:00:00,26.4,81.1206589392812,1012.3
Chennai,2025-02-27 22:00:00,26.0,83.5653445347348,
Chennai,2025-02-27 23:00:00,26.0,83.5653445347348,
Chennai,2025-02-28 00:00:00,25.0,86.5553591977721,1012.4
Chennai,2025-02-28 01:00:00,25.0,83.45262666598398,
Chennai,2025-02-28 02:00:00,26.0,83.5653445347348,
Chennai,2025-02-28 03:00:00,27.4,74.20346731676847,1014.7
Chennai,2025-02-28 04:00:00,29.0,74.46601257025355,
Chennai,2025-02-28 05:00:00,29.0,70.10874183711726,
Chennai,2025-02-28 06:00:00,31.6,54.12510474048353,1015.1
Chennai,2025-02-28 07:00:00,31.0,62.49764883972529,
Chennai,2025-02-28 08:00:00,32.0,62.71443976755974,
Chennai,2025-02-28 09:00:00,33.2,51.299708268572545,1010.9
Chennai,2025-02-28 10:00:00,31.0,66.3818887938788,
Chennai,2025-02-28 11:00:00,31.0,66.3818887938788,
Chennai,2025-02-28 20:00:00,27.0,83.67695517522091,
Chennai,2025-02-28 21:00:00,27.0,82.67693820709039,1012.0
Chennai,2025-02-28 22:00:00,27.0,83.67695517522091,
Chennai,2025-02-28 23:00:00,27.0,83.67695517522091,
Chennai,2025-03-01 00:00:00,27.0,82.67693820709039,1011.9
Chennai,2025-03-01 01:00:00,27.0,83.67695517522091,
Chennai,2025-03-01 02:00:00,27.0,83.67695517522091,
Chennai,2025-03-01 03:00:00,28.4,78.97572139747378,1013.6
Chennai,2025-03-01 04:00:00,30.0,74.62820502423824,
Chennai,2025-03-01 05:00:00,30.0,70.29306142592459,
Chennai,2025-03-01 06:00:00,31.4,64.49787905022467,1013.8
Chennai,2025-03-01 07:00:00,31.0,70.47582088918256,
Chennai,2025-03-01 08:00:00,31.0,66.3818887938788,
Chennai,2025-03-01 09:00:00,32.0,59.04479527455803,1010.3
Chennai,2025-03-01 10:00:00,31.0,66.3818887938788,
Chennai,2025-03-01 11:00:00,30.0,74.62820502423824,
Chennai,2025-03-01 12:00:00,29.8,69.83477481244167,1010.3
Chennai,2025-03-01 13:00:00,28.0,78.9202680701639,
Chennai,2025-03-01 14:00:00,28.0,78.9202680701639,
Chennai,2025-03-01 15:00:00,27.8,79.84670514036797,1012.6
Chennai,2025-03-01 16:00:00,28.0,83.78747242805218,
Chennai,2025-03-01 17:00:00,28.0,83.78747242805218,
Chennai,2025-03-01 18:00:00,27.0,84.18092213796281,1012.9
Chennai,2025-03-01 19:00:00,28.0,78.9202680701639,
Chennai,2025-03-01 20:00:00,28.0,78.9202680701639,
Chennai,2025-03-01 21:00:00,27.0,83.67695517522091,
Chennai,2025-03-01 22:00:00,27.0,83.67695517522091,
Chennai,2025-03-01 23:00:00,27.0,83.67695517522091,
Chennai,2025-03-02 00:00:00,25.2,89.77318651955946,1010.0
Chennai,2025-03-02 01:00:00,26.0,83.5653445347348,
Chennai,2025-03-02 02:00:00,27.0,83.67695517522091,
Chennai,2025-03-02 03:00:00,27.2,85.72845277885752,1012.0
Chennai,2025-03-02 04:00:00,31.0,70.47582088918256,
Chennai,2025-03-02 05:00:00,32.0,62.71443976755974,
Chennai,2025-03-02 06:00:00,32.4,59.49445671738769,1011.9
Chennai,2025-03-02 07:00:00,32.0,66.5821913857855,
Chennai,2025-03-02 08:00:00,33.0,59.27401124880875,
Chennai,2025-03-02 09:00:00,33.6,52.66619140083634,1009.0
Chennai,2025-03-02 10:00:00,32.0,62.71443976755974,
Chennai,2025-03-02 11:00:00,31.0,70.47582088918256,
Chennai,2025-03-02 12:00:00,30.8,71.71113203855039,1008.6
Chennai,2025-03-02 13:00:00,29.0,74.46601257025355,
Chennai,2025-03-02 14:00:00,29.0,74.46601257025355,
Chennai,2025-03-02 15:00:00,27.6,79.81995065848324,1011.1
Chennai,2025-03-02 16:00:00,29.0,79.0585121873896,
Chennai,2025-03-02 17:00:00,28.0,83.78747242805218,
Chennai,2025-03-02 18:00:00,27.6,81.27196286112057,1012.0
Chennai,2025-03-02 20:00:00,28.0,83.78747242805218,
Chennai,2025-03-02 21:00:00,26.0,90.37112970835472,1010.4
Chennai,2025-03-02 22:00:00,27.0,83.67695517522091,
Chennai,2025-03-02 23:00:00,26.0,88.7589455109383,
Chennai,2025-03-03 00:00:00,25.8,90.35746879655075,1010.8
Chennai,2025-03-03 01:00:00,26.0,88.7589455109383,
Chennai,2025-03-03 02:00:00,27.0,88.83751596451742,
Chennai,2025-03-03 03:00:00,27.6,82.7470419948832,1012.6
Chennai,2025-03-03 04:00:00,30.0,79.1954670273341,
Chennai,2025-03-03 05:00:00,31.0,70.47582088918256,
Chennai,2025-03-03 06:00:00,33.0,55.468825283877344,1012.0
Chennai,2025-03-03 07:00:00,33.0,59.27401124880875,
Chennai,2025-03-03 08:00:00,33.0,62.92958329531054,
Chennai,2025-03-03 09:00:00,34.0,47.575273109543275,1009.2
Chennai,2025-03-03 10:00:00,33.0,52.516390209894936,
Chennai,2025-03-03 11:00:00,33.0,52.516390209894936,
Chennai,2025-03-03 12:00:00,31.2,56.05359172338208,1008.9
Chennai,2025-03-03 13:00:00,30.0,66.17996487728405,
Chennai,2025-03-03 14:00:00,29.0,74.46601257025355,
Chennai,2025-03-03 15:00:00,27.8,81.29701074620921,1010.1
Chennai,2025-03-03 16:00:00,29.0,79.0585121873896,
Chennai,2025-03-03 17:00:00,29.0,79.0585121873896,
Chennai,2025-03-03 18:00:00,26.0,88.7589455109383,1011.0
Chennai,2025-03-03 19:00:00,28.0,83.78747242805218,
Chennai,2025-03-03 20:00:00,27.0,83.67695517522091,
Chennai,2025-03-03 21:00:00,24.8,93.05532775865673,1009.6
Chennai,2025-03-03 22:00:00,26.0,88.7589455109383,
Chennai,2025-03-03 23:00:00,26.0,88.7589455109383,
Chennai,2025-03-04 00:00:00,24.6,94.74301669819423,1009.7
Chennai,2025-03-04 01:00:00,26.0,88.7589455109383,
Chennai,2025-03-04 02:00:00,27.0,88.83751596451742,
Chennai,2025-03-04 03:00:00,27.6,79.81995065848324,1011.9
Chennai,2025-03-04 04:00:00,30.0,74.62820502423824,
Chennai,2025-03-04 05:00:00,31.0,70.47582088918256,
Chennai,2025-03-04 06:00:00,33.4,49.19896559376817,1011.9
Chennai,2025-03-04 07:00:00,33.0,62.92958329531054,
Chennai,2025-03-04 08:00:00,32.0,66.5821913857855,
Chennai,2025-03-04 09:00:00,32.6,59.54003872035679,1009.8
Chennai,2025-03-04 10:00:00,32.0,66.5821913857855,
Chennai,2025-03-04 11:00:00,32.0,66.5821913857855,
Chennai,2025-03-04 12:00:00,30.6,66.70183445693432,1009.3
Chennai,2025-03-04 13:00:00,30.0,70.29306142592459,
Chennai,2025-03-04 14:00:00,29.0,74.46601257025355,
Chennai,2025-03-04 15:00:00,27.0,81.19652945190819,1010.9
Chennai,2025-03-04 16:00:00,28.0,78.9202680701639,
Chennai,2025-03-04 17:00:00,28.0,78.9202680701639,
Chennai,2025-03-04 18:00:00,25.4,88.17753730223563,1011.8
Chennai,2025-03-04 19:00:00,28.0,78.9202680701639,
Chennai,2025-03-04 20:00:00,27.0,83.67695517522091,
Chennai,2025-03-04 21:00:00,24.4,91.36189759637527,1009.8
Chennai,2025-03-04 22:00:00,26.0,83.5653445347348,
Chennai,2025-03-04 23:00:00,26.0,83.5653445347348,
Chennai,2025-03-05 00:00:00,24.2,93.02515571569042,1009.6
Chennai,2025-03-05 01:00:00,25.0,88.67956137467019,
Chennai,2025-03-05 02:00:00,26.0,88.7589455109383,
Chennai,2025-03-05 03:00:00,26.0,88.7589455109383,1011.6
Chennai,2025-03-05 04:00:00,28.0,83.78747242805218,
Chennai,2025-03-05 05:00:00,30.0,74.62820502423824,
Chennai,2025-03-05 06:00:00,32.0,59.04479527455803,1011.5
Chennai,2025-03-05 07:00:00,33.0,55.80567844118911,
Chennai,2025-03-05 08:00:00,34.0,52.76574284376031,
Chennai,2025-03-05 09:00:00,35.2,40.82715530568696,1008.6
Chennai,2025-03-05 10:00:00,34.0,46.70734273672021,
Chennai,2025-03-05 11:00:00,33.0,46.44361338141738,
Chennai,2025-03-05 12:00:00,31.2,62.164195185628046,1008.8
Chennai,2025-03-05 13:00:00,30.0,70.29306142592459,
Chennai,2025-03-05 14:00:00,29.0,70.10874183711726,
Chennai,2025-03-05 15:00:00,27.2,82.70035172790627,1011.0
Chennai,2025-03-05 16:00:00,29.0,74.46601257025355,
Chennai,2025-03-05 17:00:00,28.0,78.9202680701639,
Chennai,2025-03-05 18:00:00,26.4,83.61012087864516,1012.0
Chennai,2025-03-05 19:00:00,28.0,78.9202680701639,
Chennai,2025-03-05 20:00:00,27.0,83.67695517522091,
Chennai,2025-03-05 21:00:00,25.2,91.41120774609278,1010.6
Chennai,2025-03-05 22:00:00,26.0,83.5653445347348,
Chennai,2025-03-05 23:00:00,26.0,83.5653445347348,
Chennai,2025-03-06 00:00:00,24.2,91.34950480267452,1010.8
Chennai,2025-03-06 01:00:00,25.0,88.67956137467019,
Chennai,2025-03-06 02:00:00,26.0,88.7589455109383,
Chennai,2025-03-06 03:00:00,27.2,75.53609118292528,1013.4
Chennai,2025-03-06 04:00:00,30.0,66.17996487728405,
Chennai,2025-03-06 05:00:00,32.0,52.26545370306257,
Chennai,2025-03-06 06:00:00,34.6,37.48878141160586,1012.4
Chennai,2025-03-06 07:00:00,35.0,41.53826131238334,
Chennai,2025-03-06 08:00:00,36.0,34.69631980632837,
Chennai,2025-03-06 09:00:00,35.2,45.8888450476227,1009.6
Chennai,2025-03-06 10:00:00,35.0,32.302659255004215,
Chennai,2025-03-06 11:00:00,34.0,36.39210002718546,
Chennai,2025-03-06 12:00:00,32.4,33.928775115959056,1009.0
Chennai,2025-03-06 13:00:00,30.0,45.6437789332581,
Chennai,2025-03-06 14:00:00,29.0,45.37427975672665,
Chennai,2025-03-06 15:00:00,28.0,53.22632223446673,1010.6
Chennai,2025-03-06 16:00:00,28.0,61.83725955078121,
Chennai,2025-03-06 17:00:00,28.0,65.77119451823714,
Chennai,2025-03-06 18:00:00,25.0,80.44778939452424,1010.7
Chennai,2025-03-06 19:00:00,27.0,74.13724053720264,
Chennai,2025-03-06 20:00:00,26.0,65.35576219694184,
Chennai,2025-03-06 21:00:00,24.0,75.02229317138162,1009.0
Chennai,2025-03-06 22:00:00,24.0,78.3540921272656,
Chennai,2025-03-06 23:00:00,24.0,78.3540921272656,
Chennai,2025-03-07 00:00:00,22.8,77.69289526058442,1010.2
Chennai,2025-03-07 01:00:00,23.0,78.20916979499323,
Chennai,2025-03-07 02:00:00,24.0,73.63287364526842,
Chennai,2025-03-07 03:00:00,26.0,63.34488035972379,1011.9
Chennai,2025-03-07 04:00:00,29.0,65.9764050234237,
Chennai,2025-03-07 05:00:00,31.0,58.81392369643709,
Chennai,2025-03-07 06:00:00,32.4,44.03144254531665,1011.2
Chennai,2025-03-07 07:00:00,33.0,46.44361338141738,
Chennai,2025-03-07 08:00:00,34.0,38.76260999542678,
Chennai,2025-03-07 09:00:00,34.2,33.34235827532834,1008.8
Chennai,2025-03-07 10:00:00,32.0,46.178444191385225,
Chennai,2025-03-07 11:00:00,31.0,55.321861254558726,
Chennai,2025-03-07 12:00:00,30.6,52.234713311802714,1008.2
Chennai,2025-03-07 13:00:00,29.0,65.9764050234237,
Chennai,2025-03-07 14:00:00,29.0,65.9764050234237,
Chennai,2025-03-07 15:00:00,27.2,68.49913989698025,1010.4
Chennai,2025-03-07 16:00:00,28.0,74.30236303611937,
Chennai,2025-03-07 17:00:00,28.0,74.30236303611937,
Chennai,2025-03-07 18:00:00,25.6,82.01145278638,1010.9
Chennai,2025-03-07 19:00:00,27.0,78.78071949348664,
Chennai,2025-03-07 20:00:00,26.0,83.5653445347348,
Chennai,2025-03-07 21:00:00,24.6,83.4072263549273,1009.4
Chennai,2025-03-07 22:00:00,25.0,83.45262666598398,
Chennai,2025-03-07 23:00:00,25.0,83.45262666598398,
Chennai,2025-03-08 00:00:00,23.6,86.42328080854222,1009.4
Chennai,2025-03-08 01:00:00,24.0,83.33878752130364,
Chennai,2025-03-08 02:00:00,25.0,83.45262666598398,
Chennai,2025-03-08 03:00:00,26.0,79.12067626724064,1011.4
Chennai,2025-03-08 04:00:00,28.0,74.30236303611937,
Chennai,2025-03-08 05:00:00,30.0,62.279197326402645,
Chennai,2025-03-08 06:00:00,32.8,42.24804823188427,1010.9
Chennai,2025-03-08 07:00:00,33.0,43.645157807317524,
Chennai,2025-03-08 08:00:00,33.0,59.27401124880875,
Chennai,2025-03-08 09:00:00,33.6,52.66619140083634,1007.3
Chennai,2025-03-08 10:00:00,33.0,52.516390209894936,
Chennai,2025-03-08 11:00:00,32.0,52.26545370306257,
Chennai,2025-03-08 12:00:00,31.0,54.645691707211896,1006.8
Chennai,2025-03-08 13:00:00,30.0,62.279197326402645,
Chennai,2025-03-08 14:00:00,29.0,70.10874183711726,
Chennai,2025-03-08 15:00:00,27.0,73.68636116732236,1008.8
Chennai,2025-03-08 16:00:00,28.0,74.30236303611937,
Chennai,2025-03-08 17:00:00,28.0,74.30236303611937,
Chennai,2025-03-08 18:00:00,24.4,86.49898460860861,1008.5
Chennai,2025-03-08 19:00:00,27.0,78.78071949348664,
Chennai,2025-03-08 20:00:00,27.0,78.78071949348664,
Chennai,2025-03-08 21:00:00,24.4,86.49898460860861,1008.5
Chennai,2025-03-08 22:00:00,25.0,88.67956137467019,
Chennai,2025-03-08 23:00:00,25.0,88.67956137467019,
Chennai,2025-03-09 00:00:00,23.6,89.65628406436801,1008.6
Chennai,2025-03-09 01:00:00,24.0,88.59935257199315,
Chennai,2025-03-09 02:00:00,25.0,88.67956137467019,
Chennai,2025-03-09 03:00:00,26.0,79.12067626724064,1011.7
Chennai,2025-03-09 04:00:00,29.0,70.10874183711726,
Chennai,2025-03-09 05:00:00,30.0,66.17996487728405,
Chennai,2025-03-09 06:00:00,31.2,59.58083797061803,1012.3
Chennai,2025-03-09 07:00:00,31.0,58.81392369643709,
Chennai,2025-03-09 08:00:00,31.0,62.49764883972529,
Chennai,2025-03-09 09:00:00,32.6,51.77843588862952,1009.3
Chennai,2025-03-09 10:00:00,31.0,58.81392369643709,
Chennai,2025-03-09 11:00:00,30.0,62.279197326402645,
Chennai,2025-03-09 12:00:00,30.0,58.58138510397075,1009.5
Chennai,2025-03-09 13:00:00,29.0,65.9764050234237,
Chennai,2025-03-09 14:00:00,28.0,69.92284655824665,
Chennai,2025-03-09 15:00:00,27.0,71.03120402884956,1012.5
Chennai,2025-03-09 16:00:00,27.0,74.13724053720264,
Chennai,2025-03-09 17:00:00,27.0,69.73535987777385,
Chennai,2025-03-09 18:00:00,25.6,76.21186522133068,1013.1
Chennai,2025-03-09 19:00:00,27.0,74.13724053720264,
Chennai,2025-03-09 20:00:00,26.0,78.6398510724195,
Chennai,2025-03-09 21:00:00,24.6,80.39509424447246,1012.1
Chennai,2025-03-09 22:00:00,26.0,73.97062900551056,
Chennai,2025-03-09 23:00:00,26.0,78.6398510724195,
Chennai,2025-03-10 00:00:00,24.4,82.36835817462313,1011.9
Chennai,2025-03-10 01:00:00,26.0,78.6398510724195,
Chennai,2025-03-10 02:00:00,27.0,78.78071949348664,
Chennai,2025-03-10 03:00:00,29.4,59.53202238671283,1014.8
Chennai,2025-03-10 04:00:00,30.0,62.279197326402645,
Chennai,2025-03-10 05:00:00,31.0,58.81392369643709,
Chennai,2025-03-10 06:00:00,31.6,50.89250919922128,1014.7
Chennai,2025-03-10 07:00:00,32.0,55.56458760321053,
Chennai,2025-03-10 08:00:00,32.0,55.56458760321053,
Chennai,2025-03-10 09:00:00,33.0,50.00855048668853,1011.2
Chennai,2025-03-10 10:00:00,31.0,58.81392369643709,
Chennai,2025-03-10 11:00:00,31.0,58.81392369643709,
Chennai,2025-03-10 12:00:00,31.0,57.04447541902918,1010.5
Chennai,2025-03-10 13:00:00,29.0,70.10874183711726,
Chennai,2025-03-10 14:00:00,29.0,70.10874183711726,
Chennai,2025-03-10 15:00:00,28.0,70.35037364356444,1013.6
Chennai,2025-03-10 16:00:00,28.0,74.30236303611937,
Chennai,2025-03-10 17:00:00,28.0,78.9202680701639,
Chennai,2025-03-10 18:00:00,28.2,71.68232431462354,1014.2
Chennai,2025-03-10 19:00:00,28.0,78.9202680701639,
Chennai,2025-03-10 20:00:00,28.0,78.9202680701639,
Chennai,2025-03-10 21:00:00,27.2,78.33374294989056,1011.8
Chennai,2025-03-10 22:00:00,27.0,83.67695517522091,
Chennai,2025-03-10 23:00:00,27.0,83.67695517522091,
Chennai,2025-03-11 00:00:00,27.0,81.19652945190819,1011.6
Chennai,2025-03-11 01:00:00,27.0,83.67695517522091,
Chennai,2025-03-11 02:00:00,27.0,83.67695517522091,
Chennai,2025-03-11 03:00:00,28.0,78.9202680701639,1013.7
Chennai,2025-03-11 04:00:00,29.0,83.89690993013956,
Chennai,2025-03-11 05:00:00,31.0,74.7889561009917,
Chennai,2025-03-11 06:00:00,31.4,61.08987992237482,1013.5
Chennai,2025-03-11 07:00:00,27.0,88.83751596451742,
Chennai,2025-03-11 08:00:00,25.0,94.19101183405704,
Chennai,2025-03-11 09:00:00,27.8,93.7538663078413,1011.0
Chennai,2025-03-11 10:00:00,26.0,94.23292497092102,
Chennai,2025-03-11 11:00:00,27.0,94.27439081608838,
Chennai,2025-03-11 12:00:00,26.4,94.81128607168019,1011.9
Chennai,2025-03-11 13:00:00,27.0,88.83751596451742,
Chennai,2025-03-11 14:00:00,26.0,88.7589455109383,
Chennai,2025-03-11 15:00:00,25.8,94.78867673105134,1014.0
Chennai,2025-03-11 16:00:00,26.0,88.7589455109383,
Chennai,2025-03-11 17:00:00,26.0,94.23292497092102,
Chennai,2025-03-11 18:00:00,25.6,94.78110774663195,1013.7
Chennai,2025-03-11 19:00:00,26.0,88.7589455109383,
Chennai,2025-03-11 20:00:00,26.0,88.7589455109383,
Chennai,2025-03-11 21:00:00,25.0,94.75830253018951,1011.1
Chennai,2025-03-11 22:00:00,26.0,88.7589455109383,
Chennai,2025-03-11 23:00:00,26.0,88.7589455109383,
Chennai,2025-03-12 00:00:00,25.0,94.75830253018951,1011.2
Chennai,2025-03-12 01:00:00,26.0,88.7589455109383,
Chennai,2025-03-12 02:00:00,26.0,94.23292497092102,
Chennai,2025-03-12 03:00:00,27.6,88.88427217188078,1012.8
Chennai,2025-03-12 04:00:00,29.0,83.89690993013956,
Chennai,2025-03-12 05:00:00,31.0,74.7889561009917,
Chennai,2025-03-12 06:00:00,32.0,66.1862478230639,1012.4
Chennai,2025-03-12 07:00:00,32.0,70.6570356447408,
Chennai,2025-03-12 08:00:00,32.0,70.6570356447408,
Chennai,2025-03-12 09:00:00,32.4,65.48228630790443,1009.7
Chennai,2025-03-12 10:00:00,31.0,74.7889561009917,
Chennai,2025-03-12 11:00:00,31.0,70.47582088918256,
Chennai,2025-03-12 12:00:00,30.8,67.95498445600064,1010.1
Chennai,2025-03-12 13:00:00,29.0,83.89690993013956,
Chennai,2025-03-12 14:00:00,29.0,83.89690993013956,
Chennai,2025-03-12 15:00:00,28.2,87.36638064071765,1011.4
Chennai,2025-03-12 16:00:00,29.0,83.89690993013956,
Chennai,2025-03-12 17:00:00,28.0,83.78747242805218,
Chennai,2025-03-12 18:00:00,27.0,92.06569807815053,1011.8
Chennai,2025-03-12 19:00:00,28.0,83.78747242805218,
Chennai,2025-03-12 20:00:00,27.0,88.83751596451742,
Chennai,2025-03-12 22:00:00,27.0,83.67695517522091,
Chennai,2025-03-12 23:00:00,27.0,83.67695517522091,
Chennai,2025-03-13 00:00:00,25.4,94.77352241613059,1010.5
Chennai,2025-03-13 01:00:00,26.0,88.7589455109383,
Chennai,2025-03-13 02:00:00,27.0,88.83751596451742,
Chennai,2025-03-13 03:00:00,28.0,81.80996009312997,1012.7
Chennai,2025-03-13 04:00:00,30.0,74.62820502423824,
Chennai,2025-03-13 05:00:00,32.0,70.6570356447408,
Chennai,2025-03-13 06:00:00,33.6,58.00441896805416,1011.9
Chennai,2025-03-13 07:00:00,34.0,63.14309255534474,
Chennai,2025-03-13 08:00:00,33.0,66.78088716309055,
Chennai,2025-03-13 09:00:00,33.6,58.00441896805416,1008.3
Chennai,2025-03-13 10:00:00,32.0,70.6570356447408,
Chennai,2025-03-13 11:00:00,31.0,70.47582088918256,
Chennai,2025-03-13 12:00:00,31.0,69.22506422320274,1008.1
Chennai,2025-03-13 13:00:00,30.0,74.62820502423824,
Chennai,2025-03-13 14:00:00,29.0,79.0585121873896,
Chennai,2025-03-13 15:00:00,28.0,81.80996009312997,1009.7
Chennai,2025-03-13 16:00:00,29.0,79.0585121873896,
Chennai,2025-03-13 17:00:00,28.0,83.78747242805218,
Chennai,2025-03-13 18:00:00,26.4,88.79047072518293,1010.7
Chennai,2025-03-13 19:00:00,27.0,83.67695517522091,
Chennai,2025-03-13 20:00:00,27.0,83.67695517522091,
Chennai,2025-03-13 21:00:00,25.4,91.42347038708563,1009.3
Chennai,2025-03-13 22:00:00,26.0,88.7589455109383,
Chennai,2025-03-13 23:00:00,26.0,88.7589455109383,
Chennai,2025-03-14 00:00:00,25.0,93.06534216930645,1010.0
Chennai,2025-03-14 01:00:00,26.0,88.7589455109383,
Chennai,2025-03-14 02:00:00,27.0,88.83751596451742,
Chennai,2025-03-14 03:00:00,28.0,81.80996009312997,1013.0
Chennai,2025-03-14 04:00:00,29.0,79.0585121873896,
Chennai,2025-03-14 05:00:00,30.0,70.29306142592459,
Chennai,2025-03-14 06:00:00,32.6,57.422989250564385,1012.0
Chennai,2025-03-14 07:00:00,33.0,59.27401124880875,
Chennai,2025-03-14 08:00:00,33.0,62.92958329531054,
Chennai,2025-03-14 09:00:00,33.4,59.010628693089586,1009.3
Chennai,2025-03-14 10:00:00,32.0,66.5821913857855,
Chennai,2025-03-14 11:00:00,31.0,70.47582088918256,
Chennai,2025-03-14 12:00:00,30.8,69.18743090524858,1008.8
Chennai,2025-03-14 13:00:00,30.0,70.29306142592459,
Chennai,2025-03-14 14:00:00,29.0,74.46601257025355,
Chennai,2025-03-14 15:00:00,27.0,81.19652945190819,1010.9
Chennai,2025-03-14 16:00:00,28.0,78.9202680701639,
Chennai,2025-03-14 17:00:00,28.0,78.9202680701639,
Chennai,2025-03-14 18:00:00,26.2,84.09422307879059,1011.8
Chennai,2025-03-14 19:00:00,28.0,78.9202680701639,
Chennai,2025-03-14 20:00:00,27.0,83.67695517522091,
Chennai,2025-03-14 21:00:00,25.0,89.75868022431183,1010.3
Chennai,2025-03-14 22:00:00,26.0,83.5653445347348,
Chennai,2025-03-14 23:00:00,26.0,83.5653445347348,
Chennai,2025-03-15 00:00:00,24.0,91.33708576167582,1010.8
Chennai,2025-03-15 01:00:00,25.0,88.67956137467019,
Chennai,2025-03-15 02:00:00,26.0,88.7589455109383,
Chennai,2025-03-15 03:00:00,27.4,81.24686676192346,1012.9
Chennai,2025-03-15 04:00:00,29.0,79.0585121873896,
Chennai,2025-03-15 05:00:00,31.0,66.3818887938788,
Chennai,2025-03-15 06:00:00,33.2,52.24717555279882,1012.6
Chennai,2025-03-15 07:00:00,33.0,59.27401124880875,
Chennai,2025-03-15 08:00:00,33.0,59.27401124880875,
Chennai,2025-03-15 09:00:00,34.0,52.76574284376031,1010.1
Chennai,2025-03-15 10:00:00,32.0,62.71443976755974,
Chennai,2025-03-15 11:00:00,32.0,62.71443976755974,
Chennai,2025-03-15 12:00:00,31.6,62.25158297844957,1010.0
Chennai,2025-03-15 13:00:00,30.0,70.29306142592459,
Chennai,2025-03-15 14:00:00,29.0,74.46601257025355,
Chennai,2025-03-15 15:00:00,27.4,81.24686676192346,1012.0
Chennai,2025-03-15 16:00:00,29.0,74.46601257025355,
Chennai,2025-03-15 17:00:00,29.0,79.0585121873896,
Chennai,2025-03-15 18:00:00,26.8,87.24318141227258,1012.8
Chennai,2025-03-15 19:00:00,28.0,83.78747242805218,
Chennai,2025-03-15 20:00:00,28.0,83.78747242805218,
Chennai,2025-03-15 21:00:00,26.0,90.37112970835472,1011.0
Chennai,2025-03-15 22:00:00,27.0,83.67695517522091,
Chennai,2025-03-15 23:00:00,26.0,88.7589455109383,
Chennai,2025-03-16 00:00:00,26.0,87.17199233244091,1011.6
Chennai,2025-03-16 01:00:00,26.0,88.7589455109383,
Chennai,2025-03-16 02:00:00,27.0,83.67695517522091,
Chennai,2025-03-16 03:00:00,28.0,78.44744220055776,1013.4
Chennai,2025-03-16 04:00:00,30.0,79.1954670273341,
Chennai,2025-03-16 05:00:00,32.0,66.5821913857855,
Chennai,2025-03-16 06:00:00,33.4,59.010628693089586,1013.1
Chennai,2025-03-16 07:00:00,33.0,66.78088716309055,
Chennai,2025-03-16 08:00:00,31.0,70.47582088918256,
Chennai,2025-03-16 09:00:00,33.0,55.468825283877344,1010.7
Chennai,2025-03-16 10:00:00,32.0,62.71443976755974,
Chennai,2025-03-16 11:00:00,32.0,66.5821913857855,
Chennai,2025-03-16 12:00:00,31.2,65.62945434667039,1009.5
Chennai,2025-03-16 13:00:00,30.0,74.62820502423824,
Chennai,2025-03-16 14:00:00,30.0,74.62820502423824,
Chennai,2025-03-16 15:00:00,28.4,81.85865421535438,1010.7
Chennai,2025-03-16 16:00:00,29.0,79.0585121873896,
Chennai,2025-03-16 17:00:00,29.0,79.0585121873896,
Chennai,2025-03-16 18:00:00,27.8,85.78717977072007,1011.4
Chennai,2025-03-16 19:00:00,29.0,83.89690993013956,
Chennai,2025-03-16 20:00:00,28.0,83.78747242805218,
Chennai,2025-03-16 21:00:00,28.0,83.78747242805218,
Chennai,2025-03-16 22:00:00,27.0,88.83751596451742,
Chennai,2025-03-16 23:00:00,27.0,88.83751596451742,
Chennai,2025-03-17 00:00:00,26.6,90.41194193154737,1010.3
Chennai,2025-03-17 01:00:00,27.0,88.83751596451742,
Chennai,2025-03-17 02:00:00,28.0,83.78747242805218,
Chennai,2025-03-17 03:00:00,29.2,77.68451620551635,1013.0
Chennai,2025-03-17 04:00:00,30.0,79.1954670273341,
Chennai,2025-03-17 05:00:00,32.0,70.6570356447408,
Chennai,2025-03-17 06:00:00,34.2,55.091425528710424,1012.3
Chennai,2025-03-17 07:00:00,33.0,66.78088716309055,
Chennai,2025-03-17 08:00:00,33.0,66.78088716309055,
Chennai,2025-03-17 09:00:00,33.0,63.305763001067604,1009.4
Chennai,2025-03-17 10:00:00,33.0,66.78088716309055,
Chennai,2025-03-17 11:00:00,32.0,70.6570356447408,
Chennai,2025-03-17 12:00:00,31.6,66.1056160585513,1008.6
Chennai,2025-03-17 13:00:00,30.0,79.1954670273341,
Chennai,2025-03-17 14:00:00,30.0,79.1954670273341,
Chennai,2025-03-17 15:00:00,28.6,80.43187680667027,1010.5
Chennai,2025-03-17 16:00:00,29.0,83.89690993013956,
Chennai,2025-03-17 17:00:00,29.0,83.89690993013956,
Chennai,2025-03-17 18:00:00,28.0,84.79181717750924,1012.0
Chennai,2025-03-17 19:00:00,29.0,83.89690993013956,
Chennai,2025-03-17 20:00:00,28.0,88.91528354225218,
Chennai,2025-03-17 21:00:00,26.6,90.41194193154737,1009.8
Chennai,2025-03-17 22:00:00,28.0,83.78747242805218,
Chennai,2025-03-17 23:00:00,27.0,88.83751596451742,
Chennai,2025-03-18 00:00:00,26.8,92.05438311051279,1009.9
Chennai,2025-03-18 01:00:00,27.0,88.83751596451742,
Chennai,2025-03-18 02:00:00,28.0,88.91528354225218,
Chennai,2025-03-18 03:00:00,29.4,79.11344799319119,1012.2
Chennai,2025-03-18 04:00:00,31.0,70.47582088918256,
Chennai,2025-03-18 05:00:00,32.0,66.5821913857855,
Chennai,2025-03-18 06:00:00,34.0,57.40603103345707,1011.4
Chennai,2025-03-18 07:00:00,33.0,66.78088716309055,
Chennai,2025-03-18 08:00:00,33.0,66.78088716309055,
Chennai,2025-03-18 09:00:00,34.0,56.04514311511978,1009.4
Chennai,2025-03-18 10:00:00,33.0,66.78088716309055,
Chennai,2025-03-18 11:00:00,32.0,66.5821913857855,
Chennai,2025-03-18 12:00:00,31.6,67.30181208332723,1009.6
Chennai,2025-03-18 13:00:00,30.0,74.62820502423824,
Chennai,2025-03-18 14:00:00,30.0,74.62820502423824,
Chennai,2025-03-18 15:00:00,28.4,78.97572139747378,1011.5
Chennai,2025-03-18 16:00:00,29.0,79.0585121873896,
Chennai,2025-03-18 17:00:00,29.0,79.0585121873896,
Chennai,2025-03-18 18:00:00,27.8,81.29701074620921,1013.5
Chennai,2025-03-18 19:00:00,29.0,79.0585121873896,
Chennai,2025-03-18 20:00:00,29.0,79.0585121873896,
Chennai,2025-03-18 21:00:00,27.0,84.18092213796281,1011.5
Chennai,2025-03-18 22:00:00,28.0,83.78747242805218,
Chennai,2025-03-18 23:00:00,28.0,78.9202680701639,
Chennai,2025-03-19 00:00:00,26.6,87.22543835052973,1012.2
Chennai,2025-03-19 01:00:00,27.0,88.83751596451742,
Chennai,2025-03-19 02:00:00,28.0,83.78747242805218,
Chennai,2025-03-19 03:00:00,29.0,79.0585121873896,1014.7
Chennai,2025-03-19 04:00:00,30.0,74.62820502423824,
Chennai,2025-03-19 05:00:00,32.0,66.5821913857855,
Chennai,2025-03-19 06:00:00,32.0,63.85356133058713,1014.9
Chennai,2025-03-19 07:00:00,33.0,66.78088716309055,
Chennai,2025-03-19 08:00:00,33.0,66.78088716309055,
Chennai,2025-03-19 09:00:00,34.2,54.105694175209415,1012.1
Chennai,2025-03-19 10:00:00,32.0,66.5821913857855,
Chennai,2025-03-19 11:00:00,32.0,66.5821913857855,
Chennai,2025-03-19 12:00:00,31.8,63.81127171847181,1011.1
Chennai,2025-03-19 13:00:00,30.0,74.62820502423824,
Chennai,2025-03-19 14:00:00,30.0,79.1954670273341,
Chennai,2025-03-19 15:00:00,28.8,77.62630156297041,1013.6
Chennai,2025-03-19 16:00:00,30.0,74.62820502423824,
Chennai,2025-03-19 17:00:00,29.0,79.0585121873896,
Chennai,2025-03-19 18:00:00,28.0,78.44744220055776,1014.6
Chennai,2025-03-19 19:00:00,29.0,79.0585121873896,
Chennai,2025-03-19 20:00:00,29.0,79.0585121873896,
Chennai,2025-03-19 21:00:00,26.8,84.15931168305403,1013.5
Chennai,2025-03-19 22:00:00,28.0,78.9202680701639,
Chennai,2025-03-19 23:00:00,27.0,83.67695517522091,
Chennai,2025-03-20 00:00:00,25.6,88.72729010944434,1013.6
Chennai,2025-03-20 01:00:00,27.0,83.67695517522091,
Chennai,2025-03-20 02:00:00,28.0,83.78747242805218,
Chennai,2025-03-20 03:00:00,29.0,74.91450415439337,1015.4
Chennai,2025-03-20 04:00:00,31.0,70.47582088918256,
Chennai,2025-03-20 05:00:00,32.0,66.5821913857855,
Chennai,2025-03-20 06:00:00,34.2,55.091425528710424,1015.5
Chennai,2025-03-20 07:00:00,33.0,62.92958329531054,
Chennai,2025-03-20 08:00:00,33.0,62.92958329531054,
Chennai,2025-03-20 09:00:00,34.4,49.15636027363035,1012.7
Chennai,2025-03-20 10:00:00,33.0,59.27401124880875,
Chennai,2025-03-20 11:00:00,32.0,66.5821913857855,
Chennai,2025-03-20 12:00:00,31.4,61.08987992237482,1012.4
Chennai,2025-03-20 13:00:00,30.0,74.62820502423824,
Chennai,2025-03-20 14:00:00,30.0,74.62820502423824,
Chennai,2025-03-20 15:00:00,28.6,77.59711341151534,1014.3
Chennai,2025-03-20 16:00:00,29.0,79.0585121873896,
Chennai,2025-03-20 17:00:00,29.0,79.0585121873896,
Chennai,2025-03-20 18:00:00,28.2,80.37983931978188,1015.0
Chennai,2025-03-20 19:00:00,29.0,79.0585121873896,
Chennai,2025-03-20 20:00:00,29.0,79.0585121873896,
Chennai,2025-03-20 21:00:00,27.8,82.77031896665545,1013.2
Chennai,2025-03-20 22:00:00,29.0,79.0585121873896,
Chennai,2025-03-20 23:00:00,29.0,79.0585121873896,
Chennai,2025-03-21 00:00:00,26.4,90.39836619855579,1014.3
Chennai,2025-03-21 01:00:00,28.0,83.78747242805218,
Chennai,2025-03-21 02:00:00,29.0,83.89690993013956,
Chennai,2025-03-21 03:00:00,30.0,71.5698382304094,1016.3
Chennai,2025-03-21 04:00:00,32.0,66.5821913857855,
Chennai,2025-03-21 05:00:00,33.0,62.92958329531054,
Chennai,2025-03-21 06:00:00,34.4,53.18487560759012,1015.9
Chennai,2025-03-21 07:00:00,33.0,59.27401124880875,
Chennai,2025-03-21 08:00:00,33.0,62.92958329531054,
Chennai,2025-03-21 09:00:00,34.2,53.13543895263694,1012.5
Chennai,2025-03-21 10:00:00,33.0,62.92958329531054,
Chennai,2025-03-21 11:00:00,32.0,66.5821913857855,
Chennai,2025-03-21 12:00:00,31.8,62.67121379518331,1012.3
Chennai,2025-03-21 13:00:00,30.0,74.62820502423824,
Chennai,2025-03-21 14:00:00,30.0,74.62820502423824,
Chennai,2025-03-21 15:00:00,29.0,74.91450415439337,1013.8
Chennai,2025-03-21 16:00:00,30.0,74.62820502423824,
Chennai,2025-03-21 17:00:00,30.0,74.62820502423824,
Chennai,2025-03-21 18:00:00,28.4,78.97572139747378,1014.1
Chennai,2025-03-21 19:00:00,29.0,79.0585121873896,
Chennai,2025-03-21 20:00:00,29.0,79.0585121873896,
Chennai,2025-03-21 21:00:00,27.8,84.2669381064797,1012.0
Chennai,2025-03-21 22:00:00,29.0,79.0585121873896,
Chennai,2025-03-21 23:00:00,28.0,83.78747242805218,
Chennai,2025-03-22 00:00:00,26.8,87.24318141227258,1012.6
Chennai,2025-03-22 01:00:00,28.0,83.78747242805218,
Chennai,2025-03-22 02:00:00,28.0,83.78747242805218,
Chennai,2025-03-22 03:00:00,29.6,78.20620296447258,1015.3
Chennai,2025-03-22 04:00:00,32.0,70.6570356447408,
Chennai,2025-03-22 05:00:00,32.0,70.6570356447408,
Chennai,2025-03-22 06:00:00,34.2,53.13543895263694,1014.5
Chennai,2025-03-22 07:00:00,33.0,66.78088716309055,
Chennai,2025-03-22 08:00:00,33.0,66.78088716309055,
Chennai,2025-03-22 09:00:00,34.6,56.524933034712646,1011.8
Chennai,2025-03-22 10:00:00,32.0,70.6570356447408,
Chennai,2025-03-22 11:00:00,31.0,74.7889561009917,
Chennai,2025-03-22 12:00:00,31.4,70.96895584191402,1011.3
Chennai,2025-03-22 13:00:00,30.0,79.1954670273341,
Chennai,2025-03-22 14:00:00,30.0,79.1954670273341,
Chennai,2025-03-22 15:00:00,29.4,74.97860136800087,1013.0
Chennai,2025-03-22 16:00:00,30.0,79.1954670273341,
Chennai,2025-03-22 17:00:00,30.0,79.1954670273341,
Chennai,2025-03-22 18:00:00,28.8,80.45782143103412,1014.0
Chennai,2025-03-22 19:00:00,29.0,83.89690993013956,
Chennai,2025-03-22 20:00:00,29.0,83.89690993013956,
Chennai,2025-03-22 21:00:00,28.2,83.31179804309043,1011.9
Chennai,2025-03-22 22:00:00,29.0,83.89690993013956,
Chennai,2025-03-22 23:00:00,29.0,79.0585121873896,
Chennai,2025-03-23 00:00:00,27.4,87.29619508920601,1011.5
Chennai,2025-03-23 01:00:00,29.0,83.89690993013956,
Chennai,2025-03-23 02:00:00,30.0,79.1954670273341,
Chennai,2025-03-23 03:00:00,29.6,76.82235153000387,1015.0
Chennai,2025-03-23 04:00:00,32.0,70.6570356447408,
Chennai,2025-03-23 05:00:00,32.0,66.5821913857855,
Chennai,2025-03-23 06:00:00,34.6,54.52982508908034,1014.2
Chennai,2025-03-23 07:00:00,33.0,55.80567844118911,
Chennai,2025-03-23 08:00:00,33.0,59.27401124880875,
Chennai,2025-03-23 09:00:00,34.0,51.81527988036216,1011.7
Chennai,2025-03-23 10:00:00,32.0,66.5821913857855,
Chennai,2025-03-23 11:00:00,31.0,70.47582088918256,
Chennai,2025-03-23 12:00:00,31.4,66.06520314217083,1011.5
Chennai,2025-03-23 13:00:00,30.0,79.1954670273341,
Chennai,2025-03-23 14:00:00,30.0,79.1954670273341,
Chennai,2025-03-23 15:00:00,29.0,77.65543578652992,1013.8
Chennai,2025-03-23 16:00:00,30.0,74.62820502423824,
Chennai,2025-03-23 17:00:00,30.0,74.62820502423824,
Chennai,2025-03-23 18:00:00,28.6,80.43187680667027,1013.8
Chennai,2025-03-23 19:00:00,29.0,79.0585121873896,
Chennai,2025-03-23 20:00:00,29.0,79.0585121873896,
Chennai,2025-03-23 21:00:00,28.0,83.28921441559984,1011.6
Chennai,2025-03-23 22:00:00,29.0,79.0585121873896,
Chennai,2025-03-23 23:00:00,28.0,83.78747242805218,
Chennai,2025-03-24 00:00:00,27.4,87.29619508920601,1012.0
Chennai,2025-03-24 01:00:00,27.0,88.83751596451742,
Chennai,2025-03-24 02:00:00,28.0,88.91528354225218,
Chennai,2025-03-24 03:00:00,29.2,77.68451620551635,1014.8
Chennai,2025-03-24 04:00:00,31.0,70.47582088918256,
Chennai,2025-03-24 05:00:00,32.0,66.5821913857855,
Chennai,2025-03-24 06:00:00,33.8,55.99737982292572,1014.2
Chennai,2025-03-24 07:00:00,33.0,62.92958329531054,
Chennai,2025-03-24 08:00:00,33.0,62.92958329531054,
Chennai,2025-03-24 09:00:00,34.0,56.04514311511978,1011.0
Chennai,2025-03-24 10:00:00,32.0,66.5821913857855,
Chennai,2025-03-24 11:00:00,31.0,74.7889561009917,
Chennai,2025-03-24 12:00:00,31.2,66.82152314124305,1010.5
Chennai,2025-03-24 13:00:00,30.0,74.62820502423824,
Chennai,2025-03-24 14:00:00,29.0,79.0585121873896,
Chennai,2025-03-24 15:00:00,28.6,73.50891633549199,1012.8
Chennai,2025-03-24 16:00:00,29.0,74.46601257025355,
Chennai,2025-03-24 17:00:00,29.0,74.46601257025355,
Chennai,2025-03-24 18:00:00,27.6,78.39069896683198,1012.3
Chennai,2025-03-24 19:00:00,28.0,78.9202680701639,
Chennai,2025-03-24 20:00:00,27.0,83.67695517522091,
Chennai,2025-03-24 21:00:00,26.0,87.17199233244091,1009.8
Chennai,2025-03-24 22:00:00,27.0,83.67695517522091,
Chennai,2025-03-24 23:00:00,27.0,83.67695517522091,
Chennai,2025-03-25 00:00:00,26.0,87.17199233244091,1010.5
Chennai,2025-03-25 01:00:00,26.0,88.7589455109383,
Chennai,2025-03-25 02:00:00,27.0,83.67695517522091,
Chennai,2025-03-25 03:00:00,28.6,77.59711341151534,1012.0
Chennai,2025-03-25 04:00:00,30.0,74.62820502423824,
Chennai,2025-03-25 05:00:00,32.0,62.71443976755974,
Chennai,2025-03-25 06:00:00,33.8,53.682250230841014,1011.0
Chennai,2025-03-25 07:00:00,33.0,55.80567844118911,
Chennai,2025-03-25 08:00:00,33.0,52.516390209894936,
Chennai,2025-03-25 09:00:00,34.0,50.879846925795135,1008.4
Chennai,2025-03-25 10:00:00,32.0,62.71443976755974,
Chennai,2025-03-25 11:00:00,32.0,59.04479527455803,
Chennai,2025-03-25 12:00:00,31.2,63.301037088202364,1007.7
Chennai,2025-03-25 13:00:00,30.0,74.62820502423824,
Chennai,2025-03-25 14:00:00,29.0,74.46601257025355,
Chennai,2025-03-25 15:00:00,28.4,67.8977377259484,1009.9
Chennai,2025-03-25 16:00:00,29.0,74.46601257025355,
Chennai,2025-03-25 17:00:00,29.0,74.46601257025355,
Chennai,2025-03-25 18:00:00,27.6,76.98390463811192,1009.9
Chennai,2025-03-25 19:00:00,29.0,74.46601257025355,
Chennai,2025-03-25 20:00:00,28.0,78.9202680701639,
Chennai,2025-03-25 21:00:00,26.4,84.11596226208941,1008.3
Chennai,2025-03-25 22:00:00,27.0,83.67695517522091,
Chennai,2025-03-25 23:00:00,27.0,83.67695517522091,
Chennai,2025-03-26 00:00:00,25.0,89.75868022431183,1008.6
Chennai,2025-03-26 01:00:00,26.0,88.7589455109383,
Chennai,2025-03-26 03:00:00,28.4,76.18203664070896,1010.6
Chennai,2025-03-26 04:00:00,30.0,74.62820502423824,
Chennai,2025-03-26 05:00:00,32.0,62.71443976755974,
Chennai,2025-03-26 06:00:00,33.4,50.11110420939171,1010.1
Chennai,2025-03-26 07:00:00,33.0,62.92958329531054,
Chennai,2025-03-26 08:00:00,33.0,62.92958329531054,
Chennai,2025-03-26 09:00:00,33.4,54.566580431863855,1006.9
Chennai,2025-03-26 10:00:00,33.0,62.92958329531054,
Chennai,2025-03-26 11:00:00,32.0,66.5821913857855,
Chennai,2025-03-26 12:00:00,31.2,64.45604167734498,1006.1
Chennai,2025-03-26 13:00:00,30.0,70.29306142592459,
Chennai,2025-03-26 14:00:00,30.0,74.62820502423824,
Chennai,2025-03-26 15:00:00,28.4,77.56787120852722,1008.7
Chennai,2025-03-26 16:00:00,29.0,79.0585121873896,
Chennai,2025-03-26 17:00:00,29.0,79.0585121873896,
Chennai,2025-03-26 18:00:00,27.6,79.81995065848324,1009.7
Chennai,2025-03-26 19:00:00,29.0,79.0585121873896,
Chennai,2025-03-26 20:00:00,28.0,83.78747242805218,
Chennai,2025-03-26 21:00:00,26.4,88.79047072518293,1008.4
Chennai,2025-03-26 22:00:00,27.0,83.67695517522091,
Chennai,2025-03-26 23:00:00,27.0,83.67695517522091,
Chennai,2025-03-27 00:00:00,26.0,87.17199233244091,1008.6
Chennai,2025-03-27 01:00:00,26.0,88.7589455109383,
Chennai,2025-03-27 02:00:00,27.0,83.67695517522091,
Chennai,2025-03-27 03:00:00,28.2,78.94802076163292,1010.5
Chennai,2025-03-27 04:00:00,30.0,74.62820502423824,
Chennai,2025-03-27 05:00:00,32.0,62.71443976755974,
Chennai,2025-03-27 06:00:00,34.0,50.879846925795135,1009.8
Chennai,2025-03-27 07:00:00,35.0,44.180823739166094,
Chennai,2025-03-27 08:00:00,36.0,41.80763114476111,
Chennai,2025-03-27 09:00:00,37.4,35.95888767942709,1006.0
Chennai,2025-03-27 10:00:00,38.0,35.239155156367524,
Chennai,2025-03-27 11:00:00,38.0,33.11582316313886,
Chennai,2025-03-27 12:00:00,34.4,61.02394829813572,1005.0
Chennai,2025-03-27 13:00:00,33.0,66.78088716309055,
Chennai,2025-03-27 14:00:00,32.0,70.6570356447408,
Chennai,2025-03-27 15:00:00,29.8,76.85229197010862,1007.1
Chennai,2025-03-27 16:00:00,30.0,79.1954670273341,
Chennai,2025-03-27 17:00:00,30.0,79.1954670273341,
Chennai,2025-03-27 18:00:00,28.6,81.88293095675748,1007.7
Chennai,2025-03-27 21:00:00,28.0,85.80667728802291,1006.9
Chennai,2025-03-28 00:00:00,26.6,87.22543835052973,1007.3
Chennai,2025-03-28 03:00:00,29.0,79.0585121873896,1009.3
Chennai,2025-03-28 04:00:00,32.0,66.5821913857855,
Chennai,2025-03-28 05:00:00,33.0,59.27401124880875,
Chennai,2025-03-28 06:00:00,34.8,47.49343066312642,1008.7
Chennai,2025-03-28 07:00:00,36.0,44.44663958001136,
Chennai,2025-03-28 08:00:00,36.0,53.25972513472508,
Chennai,2025-03-28 09:00:00,36.0,55.52354788757412,1005.5
Chennai,2025-03-28 10:00:00,34.0,63.14309255534474,
Chennai,2025-03-28 11:00:00,34.0,59.50158303199722,
Chennai,2025-03-28 12:00:00,33.4,59.010628693089586,1004.7
Chennai,2025-03-28 13:00:00,32.0,70.6570356447408,
Chennai,2025-03-28 15:00:00,30.0,78.26294962837345,1007.5
Chennai,2025-03-28 16:00:00,30.0,79.1954670273341,
Chennai,2025-03-28 17:00:00,29.0,83.89690993013956,
Chennai,2025-03-28 18:00:00,28.8,84.87449545917907,1007.9
Chennai,2025-03-28 19:00:00,29.0,83.89690993013956,
Chennai,2025-03-28 20:00:00,29.0,83.89690993013956,
Chennai,2025-03-28 21:00:00,27.6,90.47939854432097,1006.3
Chennai,2025-03-28 22:00:00,28.0,88.91528354225218,
Chennai,2025-03-28 23:00:00,28.0,88.91528354225218,
Chennai,2025-03-29 00:00:00,27.0,92.06569807815053,1006.8
Chennai,2025-03-29 01:00:00,27.0,88.83751596451742,
Chennai,2025-03-29 02:00:00,28.0,83.78747242805218,
Chennai,2025-03-29 03:00:00,29.2,76.30480387190515,1009.5
Chennai,2025-03-29 04:00:00,31.0,70.47582088918256,
Chennai,2025-03-29 05:00:00,34.0,56.04514311511978,
Chennai,2025-03-29 06:00:00,36.4,37.51072942618642,1009.0
Chennai,2025-03-29 07:00:00,37.0,32.845540487664145,
Chennai,2025-03-29 08:00:00,37.0,34.968188412155946,
Chennai,2025-03-29 09:00:00,38.4,25.15219584538922,1005.7
Chennai,2025-03-29 10:00:00,37.0,25.443296727449532,
Chennai,2025-03-29 11:00:00,37.0,23.839996716195756,
Chennai,2025-03-29 12:00:00,35.0,27.316482202350663,1005.2
Chennai,2025-03-29 13:00:00,35.0,30.297495555271077,
Chennai,2025-03-29 14:00:00,32.0,66.5821913857855,
Chennai,2025-03-29 15:00:00,25.8,93.66341932268438,1007.7
Chennai,2025-03-29 16:00:00,30.0,74.62820502423824,
Chennai,2025-03-29 17:00:00,29.0,83.89690993013956,
Chennai,2025-03-29 18:00:00,28.2,83.31179804309043,1008.9
Chennai,2025-03-29 19:00:00,29.0,83.89690993013956,
Chennai,2025-03-29 20:00:00,28.0,88.91528354225218,
Chennai,2025-03-29 21:00:00,27.4,87.29619508920601,1007.4
Chennai,2025-03-29 22:00:00,28.0,83.78747242805218,
Chennai,2025-03-29 23:00:00,27.0,88.83751596451742,
Chennai,2025-03-30 00:00:00,26.6,89.33864171287273,1008.2
Chennai,2025-03-30 01:00:00,26.0,88.7589455109383,
Chennai,2025-03-30 02:00:00,27.0,88.83751596451742,
Chennai,2025-03-30 03:00:00,28.6,76.21281246926864,1010.7
Chennai,2025-03-30 04:00:00,30.0,74.62820502423824,
Chennai,2025-03-30 05:00:00,32.0,62.71443976755974,
Chennai,2025-03-30 06:00:00,33.8,51.765014611076786,1010.3
Chennai,2025-03-30 07:00:00,34.0,56.04514311511978,
Chennai,2025-03-30 08:00:00,34.0,56.04514311511978,
Chennai,2025-03-30 09:00:00,34.8,47.49343066312642,1006.9
Chennai,2025-03-30 10:00:00,34.0,56.04514311511978,
Chennai,2025-03-30 11:00:00,33.0,55.80567844118911,
Chennai,2025-03-30 12:00:00,30.4,62.74695361986276,1007.1
Chennai,2025-03-30 13:00:00,30.0,70.29306142592459,
Chennai,2025-03-30 14:00:00,29.0,74.46601257025355,
Chennai,2025-03-30 15:00:00,28.4,71.71785815951927,1009.4
Chennai,2025-03-30 16:00:00,29.0,74.46601257025355,
Chennai,2025-03-30 17:00:00,29.0,74.46601257025355,
Chennai,2025-03-30 18:00:00,28.0,75.66221487345534,1010.5
Chennai,2025-03-30 19:00:00,29.0,74.46601257025355,
Chennai,2025-03-30 20:00:00,28.0,78.9202680701639,
Chennai,2025-03-30 21:00:00,26.4,84.11596226208941,1009.0
Chennai,2025-03-30 22:00:00,26.0,83.5653445347348,
Chennai,2025-03-30 23:00:00,26.0,83.5653445347348,
Chennai,2025-03-31 00:00:00,25.6,87.13618000678832,1009.1
Chennai,2025-03-31 01:00:00,26.0,83.5653445347348,
Chennai,2025-03-31 02:00:00,27.0,83.67695517522091,
Chennai,2025-03-31 03:00:00,28.2,76.15120458899845,1011.2
Chennai,2025-03-31 04:00:00,30.0,74.62820502423824,
Chennai,2025-03-31 05:00:00,31.0,66.3818887938788,
Chennai,2025-03-31 06:00:00,32.4,56.00051948884619,1011.0
Chennai,2025-03-31 07:00:00,32.0,59.04479527455803,
Chennai,2025-03-31 08:00:00,32.0,62.71443976755974,
Chennai,2025-03-31 09:00:00,33.6,48.35343825000899,1008.3
Chennai,2025-03-31 10:00:00,32.0,59.04479527455803,
Chennai,2025-03-31 11:00:00,31.0,66.3818887938788,
Chennai,2025-03-31 12:00:00,30.4,61.988621954264836,1007.2
Chennai,2025-03-31 13:00:00,30.0,66.17996487728405,
Chennai,2025-03-31 14:00:00,29.0,70.10874183711726,
Chennai,2025-03-31 15:00:00,28.4,71.71785815951927,1009.2
Chennai,2025-03-31 17:00:00,29.0,74.46601257025355,
Chennai,2025-03-31 18:00:00,28.0,72.96396353006286,1009.9
Chennai,2025-03-31 19:00:00,29.0,74.46601257025355,
Chennai,2025-03-31 20:00:00,29.0,74.46601257025355,
Chennai,2025-03-31 21:00:00,26.4,81.1206589392812,1008.3
Chennai,2025-03-31 22:00:00,27.0,78.78071949348664,
Chennai,2025-03-31 23:00:00,27.0,78.78071949348664,
Chennai,2025-04-01 00:00:00,26.0,82.55918218789247,1008.5
Chennai,2025-04-01 01:00:00,26.0,83.5653445347348,
Chennai,2025-04-01 02:00:00,27.0,83.67695517522091,
Chennai,2025-04-01 03:00:00,28.8,70.92566455258084,1010.6
Chennai,2025-04-01 04:00:00,30.0,66.17996487728405,
Chennai,2025-04-01 05:00:00,32.0,55.56458760321053,
Chennai,2025-04-01 06:00:00,32.0,55.56458760321053,
Chennai,2025-04-01 07:00:00,32.0,59.04479527455803,
Chennai,2025-04-01 08:00:00,32.0,62.71443976755974,
Chennai,2025-04-01 09:00:00,33.5,52.00506525387822,1008.3
Chennai,2025-04-01 10:00:00,32.0,59.04479527455803,
Chennai,2025-04-01 11:00:00,31.0,62.49764883972529,
Chennai,2025-04-01 12:00:00,30.6,61.656767739717175,1007.3
Chennai,2025-04-01 13:00:00,30.0,66.17996487728405,
Chennai,2025-04-01 14:00:00,30.0,70.29306142592459,
Chennai,2025-04-01 15:00:00,29.0,69.68555280505707,1009.2
Chennai,2025-04-01 16:00:00,30.0,70.29306142592459,
Chennai,2025-04-01 17:00:00,30.0,70.29306142592459,
Chennai,2025-04-01 18:00:00,28.4,74.81792523943739,1009.5
Chennai,2025-04-01 19:00:00,29.0,79.0585121873896,
Chennai,2025-04-01 20:00:00,29.0,79.0585121873896,
Chennai,2025-04-01 21:00:00,28.0,77.50922415182016,1007.9
Chennai,2025-04-01 22:00:00,28.0,78.9202680701639,
Chennai,2025-04-01 23:00:00,28.0,78.9202680701639,
Chennai,2025-04-02 00:00:00,27.0,82.67693820709039,1008.5
Chennai,2025-04-02 01:00:00,27.0,83.67695517522091,
Chennai,2025-04-02 02:00:00,28.0,83.78747242805218,
Chennai,2025-04-02 03:00:00,29.6,71.07014207384191,1011.1
Chennai,2025-04-02 04:00:00,31.0,70.47582088918256,
Chennai,2025-04-02 05:00:00,32.0,66.5821913857855,
Chennai,2025-04-02 06:00:00,34.0,52.76574284376031,1010.9
Chennai,2025-04-02 07:00:00,33.0,59.27401124880875,
Chennai,2025-04-02 08:00:00,33.0,59.27401124880875,
Chennai,2025-04-02 09:00:00,34.0,50.879846925795135,1008.5
Chennai,2025-04-02 10:00:00,33.0,59.27401124880875,
Chennai,2025-04-02 11:00:00,32.0,62.71443976755974,
Chennai,2025-04-02 12:00:00,31.4,59.989475281496674,1008.2
Chennai,2025-04-02 13:00:00,30.0,74.62820502423824,
Chennai,2025-04-02 14:00:00,30.0,74.62820502423824,
Chennai,2025-04-02 15:00:00,29.8,71.53436216643706,1010.6
Chennai,2025-04-02 16:00:00,30.0,79.1954670273341,
Chennai,2025-04-02 17:00:00,30.0,79.1954670273341,
Chennai,2025-04-02 18:00:00,29.4,74.97860136800087,1011.3
Chennai,2025-04-02 19:00:00,30.0,79.1954670273341,
Chennai,2025-04-02 20:00:00,30.0,79.1954670273341,
Chennai,2025-04-02 21:00:00,29.0,80.48371679996085,1010.1
Chennai,2025-04-02 22:00:00,30.0,79.1954670273341,
Chennai,2025-04-02 23:00:00,30.0,79.1954670273341,
Chennai,2025-04-03 00:00:00,29.0,80.48371679996085,1010.5
Chennai,2025-04-03 01:00:00,27.0,83.67695517522091,
Chennai,2025-04-03 02:00:00,25.0,88.67956137467019,
Chennai,2025-04-03 03:00:00,25.2,94.76592069291524,1013.2
Chennai,2025-04-03 04:00:00,27.0,88.83751596451742,
Chennai,2025-04-03 05:00:00,27.0,88.83751596451742,
Chennai,2025-04-03 06:00:00,27.0,87.26088849314073,1013.5
Chennai,2025-04-03 07:00:00,28.0,83.78747242805218,
Chennai,2025-04-03 08:00:00,29.0,83.89690993013956,
Chennai,2025-04-03 09:00:00,30.4,75.58532357148971,1010.9
Chennai,2025-04-03 10:00:00,31.0,70.47582088918256,
Chennai,2025-04-03 11:00:00,31.0,70.47582088918256,
Chennai,2025-04-03 12:00:00,29.6,76.82235153000387,1009.1
Chennai,2025-04-03 13:00:00,30.0,74.62820502423824,
Chennai,2025-04-03 14:00:00,29.0,83.89690993013956,
Chennai,2025-04-03 15:00:00,27.6,87.31379479213656,1012.2
Chennai,2025-04-03 16:00:00,28.0,83.78747242805218,
Chennai,2025-04-03 17:00:00,28.0,83.78747242805218,
Chennai,2025-04-03 18:00:00,27.6,85.767643247121,1012.8
Chennai,2025-04-03 19:00:00,28.0,83.78747242805218,
Chennai,2025-04-03 20:00:00,28.0,83.78747242805218,
Chennai,2025-04-03 21:00:00,27.0,88.83751596451742,1011.3
Chennai,2025-04-03 22:00:00,28.0,83.78747242805218,
Chennai,2025-04-03 23:00:00,28.0,83.78747242805218,
Chennai,2025-04-04 00:00:00,26.4,92.03168153578638,1011.3
Chennai,2025-04-04 01:00:00,28.0,83.78747242805218,
Chennai,2025-04-04 02:00:00,29.0,83.89690993013956,
Chennai,2025-04-04 03:00:00,30.0,71.5698382304094,1013.7
Chennai,2025-04-04 04:00:00,32.0,66.5821913857855,
Chennai,2025-04-04 05:00:00,33.0,62.92958329531054,
Chennai,2025-04-04 06:00:00,32.4,60.57918429384643,1012.3
Chennai,2025-04-04 07:00:00,33.0,66.78088716309055,
Chennai,2025-04-04 08:00:00,33.0,66.78088716309055,
Chennai,2025-04-04 09:00:00,33.2,62.22651784699078,1009.4
Chennai,2025-04-04 10:00:00,32.0,66.5821913857855,
Chennai,2025-04-04 11:00:00,32.0,70.6570356447408,
Chennai,2025-04-04 12:00:00,30.4,70.36635155961307,1008.5
Chennai,2025-04-04 13:00:00,30.0,74.62820502423824,
Chennai,2025-04-04 14:00:00,30.0,79.1954670273341,
Chennai,2025-04-04 15:00:00,29.0,80.48371679996085,1011.4
Chennai,2025-04-04 16:00:00,30.0,79.1954670273341,
Chennai,2025-04-04 17:00:00,30.0,79.1954670273341,
Chennai,2025-04-04 18:00:00,28.4,81.85865421535438,1012.1
Chennai,2025-04-04 19:00:00,30.0,79.1954670273341,
Chennai,2025-04-04 20:00:00,29.0,83.89690993013956,
Chennai,2025-04-04 21:00:00,27.6,85.767643247121,1010.0
Chennai,2025-04-04 22:00:00,29.0,79.0585121873896,
Chennai,2025-04-04 23:00:00,28.0,83.78747242805218,
Chennai,2025-04-05 00:00:00,27.4,85.74806761675889,1010.4
Chennai,2025-04-05 01:00:00,28.0,83.78747242805218,
Chennai,2025-04-05 02:00:00,29.0,83.89690993013956,
Chennai,2025-04-05 03:00:00,29.8,74.15162297941144,1012.1
Chennai,2025-04-05 04:00:00,30.0,79.1954670273341,
Chennai,2025-04-05 05:00:00,32.0,66.5821913857855,
Chennai,2025-04-05 06:00:00,32.2,62.75759984410254,1012.1
Chennai,2025-04-05 07:00:00,32.0,70.6570356447408,
Chennai,2025-04-05 08:00:00,32.0,70.6570356447408,
Chennai,2025-04-05 09:00:00,32.4,61.68118591242464,1009.1
Chennai,2025-04-05 10:00:00,31.0,70.47582088918256,
Chennai,2025-04-05 11:00:00,32.0,62.71443976755974,
Chennai,2025-04-05 12:00:00,31.0,65.58856385714532,1007.6
Chennai,2025-04-05 13:00:00,30.0,79.1954670273341,
Chennai,2025-04-05 14:00:00,30.0,74.62820502423824,
Chennai,2025-04-05 15:00:00,29.0,74.91450415439337,1009.8
Chennai,2025-04-05 16:00:00,30.0,74.62820502423824,
Chennai,2025-04-05 17:00:00,30.0,79.1954670273341,
Chennai,2025-04-05 18:00:00,27.8,85.78717977072007,1010.3
Chennai,2025-04-05 19:00:00,29.0,83.89690993013956,
Chennai,2025-04-05 20:00:00,29.0,79.0585121873896,
Chennai,2025-04-05 21:00:00,27.2,88.85313336738866,1008.6
Chennai,2025-04-05 22:00:00,28.0,83.78747242805218,
Chennai,2025-04-05 23:00:00,28.0,83.78747242805218,
Chennai,2025-04-06 00:00:00,26.4,90.39836619855579,1008.8
Chennai,2025-04-06 01:00:00,27.0,88.83751596451742,
Chennai,2025-04-06 02:00:00,29.0,83.89690993013956,
Chennai,2025-04-06 03:00:00,30.0,74.18441432342445,1011.0
Chennai,2025-04-06 04:00:00,31.0,70.47582088918256,
Chennai,2025-04-06 05:00:00,33.0,62.92958329531054,
Chennai,2025-04-06 06:00:00,34.2,55.091425528710424,1009.7
Chennai,2025-04-06 07:00:00,35.0,53.01351873864528,
Chennai,2025-04-06 08:00:00,34.0,63.14309255534474,
Chennai,2025-04-06 09:00:00,32.8,67.93722542562669,1006.9
Chennai,2025-04-06 10:00:00,32.0,70.6570356447408,
Chennai,2025-04-06 11:00:00,32.0,66.5821913857855,
Chennai,2025-04-06 12:00:00,31.2,73.50477620307173,1006.7
Chennai,2025-04-06 13:00:00,31.0,74.7889561009917,
Chennai,2025-04-06 14:00:00,30.0,79.1954670273341,
Chennai,2025-04-06 15:00:00,29.6,75.45996920875774,1009.1
Chennai,2025-04-06 16:00:00,30.0,79.1954670273341,
Chennai,2025-04-06 17:00:00,30.0,79.1954670273341,
Chennai,2025-04-06 18:00:00,29.0,80.48371679996085,1010.3
Chennai,2025-04-06 19:00:00,30.0,79.1954670273341,
Chennai,2025-04-06 20:00:00,30.0,79.1954670273341,
Chennai,2025-04-06 21:00:00,28.0,85.80667728802291,1008.9
Chennai,2025-04-06 22:00:00,28.0,83.78747242805218,
Chennai,2025-04-06 23:00:00,28.0,88.91528354225218,
Chennai,2025-04-07 00:00:00,27.8,87.33135888966177,1009.4
Chennai,2025-04-07 01:00:00,28.0,83.78747242805218,
Chennai,2025-04-07 02:00:00,29.0,88.99225887739404,
Chennai,2025-04-07 03:00:00,30.2,76.91200889831605,1010.7
Chennai,2025-04-07 04:00:00,32.0,70.6570356447408,
Chennai,2025-04-07 05:00:00,33.0,62.92958329531054,
Chennai,2025-04-07 06:00:00,35.2,51.80309518672777,1009.3
Chennai,2025-04-07 07:00:00,34.0,63.14309255534474,
Chennai,2025-04-07 08:00:00,35.0,56.28299102683274,
Chennai,2025-04-07 09:00:00,35.0,53.65377696725721,1006.3
Chennai,2025-04-07 10:00:00,33.0,62.92958329531054,
Chennai,2025-04-07 11:00:00,32.0,70.6570356447408,
Chennai,2025-04-07 12:00:00,31.6,69.75114396222972,1006.6
Chennai,2025-04-07 13:00:00,31.0,74.7889561009917,
Chennai,2025-04-07 14:00:00,30.0,79.1954670273341,
Chennai,2025-04-07 15:00:00,29.8,75.49139258129554,1009.7
Chennai,2025-04-07 16:00:00,30.0,79.1954670273341,
Chennai,2025-04-07 17:00:00,30.0,79.1954670273341,
Chennai,2025-04-07 18:00:00,29.2,80.5095630310082,
Chennai,2025-04-07 19:00:00,29.0,83.89690993013956,
Chennai,2025-04-07 20:00:00,29.0,83.89690993013956,
Chennai,2025-04-07 21:00:00,28.0,84.79181717750924,1009.1
Chennai,2025-04-07 22:00:00,28.0,83.78747242805218,
Chennai,2025-04-07 23:00:00,28.0,83.78747242805218,
Chennai,2025-04-08 00:00:00,27.8,85.78717977072007,1010.0
Chennai,2025-04-08 01:00:00,28.0,83.78747242805218,
Chennai,2025-04-08 02:00:00,29.0,83.89690993013956,
Chennai,2025-04-08 03:00:00,30.6,74.28243957799879,1011.9
Chennai,2025-04-08 04:00:00,32.0,70.6570356447408,
Chennai,2025-04-08 05:00:00,33.0,62.92958329531054,
Chennai,2025-04-08 06:00:00,34.2,54.105694175209415,1010.9
Chennai,2025-04-08 07:00:00,34.0,56.04514311511978,
Chennai,2025-04-08 08:00:00,34.0,56.04514311511978,
Chennai,2025-04-08 09:00:00,34.2,59.54690108998311,1008.8
Chennai,2025-04-08 10:00:00,33.0,59.27401124880875,
Chennai,2025-04-08 11:00:00,33.0,55.80567844118911,
Chennai,2025-04-08 12:00:00,32.0,61.59314569456349,1008.6
Chennai,2025-04-08 13:00:00,31.0,66.3818887938788,
Chennai,2025-04-08 14:00:00,30.0,74.62820502423824,
Chennai,2025-04-08 15:00:00,29.8,68.58338730413207,1011.1
Chennai,2025-04-08 16:00:00,30.0,74.62820502423824,
Chennai,2025-04-08 17:00:00,29.0,79.0585121873896,
Chennai,2025-04-08 18:00:00,29.6,72.36298568854065,1011.7
Chennai,2025-04-08 19:00:00,29.0,79.0585121873896,
Chennai,2025-04-08 20:00:00,29.0,83.89690993013956,
Chennai,2025-04-08 21:00:00,28.4,78.97572139747378,1009.2
Chennai,2025-04-08 22:00:00,28.0,83.78747242805218,
Chennai,2025-04-08 23:00:00,28.0,83.78747242805218,
Chennai,2025-04-09 00:00:00,28.0,81.80996009312997,1008.9
Chennai,2025-04-09 01:00:00,28.0,83.78747242805218,
Chennai,2025-04-09 02:00:00,29.0,79.0585121873896,
Chennai,2025-04-09 03:00:00,30.4,70.36635155961307,1010.7
Chennai,2025-04-09 04:00:00,31.0,74.7889561009917,
Chennai,2025-04-09 05:00:00,33.0,62.92958329531054,
Chennai,2025-04-09 06:00:00,34.4,54.154564287934356,1010.4
Chennai,2025-04-09 07:00:00,34.0,59.50158303199722,
Chennai,2025-04-09 08:00:00,34.0,56.04514311511978,
Chennai,2025-04-09 09:00:00,34.4,49.15636027363035,1007.7
Chennai,2025-04-09 10:00:00,33.0,59.27401124880875,
Chennai,2025-04-09 11:00:00,33.0,62.92958329531054,
Chennai,2025-04-09 12:00:00,31.6,62.25158297844957,1007.0
Chennai,2025-04-09 13:00:00,30.0,74.62820502423824,
Chennai,2025-04-09 14:00:00,30.0,74.62820502423824,
Chennai,2025-04-09 15:00:00,29.2,74.94658155009306,1008.7
Chennai,2025-04-09 16:00:00,29.0,79.0585121873896,
Chennai,2025-04-09 17:00:00,29.0,79.0585121873896,
Chennai,2025-04-09 18:00:00,28.2,80.37983931978188,1009.3
Chennai,2025-04-09 19:00:00,29.0,79.0585121873896,
Chennai,2025-04-09 20:00:00,29.0,79.0585121873896,
Chennai,2025-04-09 21:00:00,27.0,84.18092213796281,1007.0
Chennai,2025-04-09 22:00:00,28.0,83.78747242805218,
Chennai,2025-04-09 23:00:00,27.0,88.83751596451742,
Chennai,2025-04-10 00:00:00,27.0,88.83751596451742,1007.3
Chennai,2025-04-10 01:00:00,27.0,88.83751596451742,
Chennai,2025-04-10 02:00:00,29.0,83.89690993013956,
Chennai,2025-04-10 03:00:00,30.0,72.866865390855,1009.3
Chennai,2025-04-10 04:00:00,32.0,70.6570356447408,
Chennai,2025-04-10 05:00:00,33.0,66.78088716309055,
Chennai,2025-04-10 06:00:00,34.8,49.559037044283905,1007.7
Chennai,2025-04-10 07:00:00,36.0,53.25972513472508,
Chennai,2025-04-10 08:00:00,37.0,47.48991405743266,
Chennai,2025-04-10 09:00:00,36.6,58.009334396515534,1004.1
Chennai,2025-04-10 10:00:00,35.0,59.72752203563765,
Chennai,2025-04-10 11:00:00,34.0,63.14309255534474,
Chennai,2025-04-10 12:00:00,32.6,64.36278271700262,1003.1
Chennai,2025-04-10 13:00:00,32.0,70.6570356447408,
Chennai,2025-04-10 14:00:00,32.0,70.6570356447408,
Chennai,2025-04-10 15:00:00,31.0,73.47141965449843,1005.4
Chennai,2025-04-10 16:00:00,32.0,70.6570356447408,
Chennai,2025-04-10 17:00:00,31.0,79.33114757208126,
Chennai,2025-04-10 18:00:00,30.6,82.60607945629376,1006.4
Chennai,2025-04-10 19:00:00,31.0,84.11259923098856,
Chennai,2025-04-10 20:00:00,31.0,84.11259923098856,
Chennai,2025-04-10 21:00:00,30.4,82.58284223811447,1004.9
Chennai,2025-04-10 22:00:00,30.0,84.00528111799692,
Chennai,2025-04-10 23:00:00,30.0,70.29306142592459,
Chennai,2025-04-11 00:00:00,29.4,76.33535606218936,1005.4
Chennai,2025-04-11 01:00:00,28.0,78.9202680701639,
Chennai,2025-04-11 02:00:00,29.0,74.46601257025355,
Chennai,2025-04-11 03:00:00,29.2,73.60956501820533,1007.6
Chennai,2025-04-11 04:00:00,31.0,74.7889561009917,
Chennai,2025-04-11 05:00:00,33.0,62.92958329531054,
Chennai,2025-04-11 06:00:00,34.2,48.80620230029397,1007.2
Chennai,2025-04-11 07:00:00,35.0,56.28299102683274,
Chennai,2025-04-11 08:00:00,34.0,59.50158303199722,
Chennai,2025-04-11 09:00:00,34.2,58.491665561139094,1005.4
Chennai,2025-04-11 10:00:00,33.0,62.92958329531054,
Chennai,2025-04-11 11:00:00,33.0,62.92958329531054,
Chennai,2025-04-11 12:00:00,31.8,69.78813164326573,1004.0
Chennai,2025-04-11 13:00:00,31.0,79.33114757208126,
Chennai,2025-04-11 14:00:00,30.0,84.00528111799692,
Chennai,2025-04-11 15:00:00,30.6,78.34767637456054,1007.0
Chennai,2025-04-11 16:00:00,31.0,79.33114757208126,
Chennai,2025-04-11 17:00:00,31.0,79.33114757208126,
Chennai,2025-04-11 18:00:00,30.4,78.31948639832048,1007.3
Chennai,2025-04-11 19:00:00,30.0,84.00528111799692,
Chennai,2025-04-11 20:00:00,29.0,79.0585121873896,
Chennai,2025-04-11 21:00:00,28.8,77.62630156297041,1006.2
Chennai,2025-04-11 22:00:00,29.0,74.46601257025355,
Chennai,2025-04-11 23:00:00,28.0,78.9202680701639,
Chennai,2025-04-12 00:00:00,27.6,72.89528290675949,1006.5
Chennai,2025-04-12 01:00:00,28.0,74.30236303611937,
Chennai,2025-04-12 02:00:00,28.0,74.30236303611937,
Chennai,2025-04-12 03:00:00,29.2,63.255491800252074,1008.4
Chennai,2025-04-12 04:00:00,32.0,59.04479527455803,
Chennai,2025-04-12 05:00:00,34.0,52.76574284376031,
Chennai,2025-04-12 06:00:00,35.0,44.726671478165436,1007.7
Chennai,2025-04-12 07:00:00,37.0,44.7111106073837,
Chennai,2025-04-12 08:00:00,38.0,42.34263482139515,
Chennai,2025-04-12 09:00:00,38.8,47.107247743404976,1004.4
Chennai,2025-04-12 10:00:00,37.0,50.41873224708425,
Chennai,2025-04-12 11:00:00,34.0,63.14309255534474,
Chennai,2025-04-12 12:00:00,33.2,57.911321754346524,1004.8
Chennai,2025-04-12 13:00:00,32.0,66.5821913857855,
Chennai,2025-04-12 14:00:00,32.0,70.6570356447408,
Chennai,2025-04-12 15:00:00,31.2,66.82152314124305,1007.1
Chennai,2025-04-12 16:00:00,32.0,70.6570356447408,
Chennai,2025-04-12 17:00:00,31.0,79.33114757208126,
Chennai,2025-04-12 18:00:00,30.6,78.34767637456054,1008.4
Chennai,2025-04-12 19:00:00,30.0,84.00528111799692,
Chennai,2025-04-12 20:00:00,30.0,84.00528111799692,
Chennai,2025-04-12 21:00:00,30.0,82.53623329490637,1007.3
Chennai,2025-04-12 22:00:00,30.0,84.00528111799692,
Chennai,2025-04-12 23:00:00,30.0,84.00528111799692,
Chennai,2025-04-13 00:00:00,29.4,80.53536024141098,1006.8
Chennai,2025-04-13 01:00:00,30.0,62.279197326402645,
Chennai,2025-04-13 02:00:00,30.0,79.1954670273341,
Chennai,2025-04-13 03:00:00,30.8,74.31499881924898,1009.5
Chennai,2025-04-13 04:00:00,33.0,66.78088716309055,
Chennai,2025-04-13 05:00:00,34.0,66.97799053247137,
Chennai,2025-04-13 06:00:00,36.0,52.31450796094774,1009.5
Chennai,2025-04-13 07:00:00,35.0,67.17351579636517,
Chennai,2025-04-13 08:00:00,35.0,63.354980624753985,
Chennai,2025-04-13 09:00:00,35.4,50.9259925271208,1006.4
Chennai,2025-04-13 10:00:00,34.0,66.97799053247137,
Chennai,2025-04-13 11:00:00,33.0,70.83672096419855,
Chennai,2025-04-13 12:00:00,32.2,72.80896276194781,1005.7
Chennai,2025-04-13 13:00:00,31.0,79.33114757208126,
Chennai,2025-04-13 14:00:00,31.0,79.33114757208126,
Chennai,2025-04-13 15:00:00,30.2,84.02682856635852,1008.3
Chennai,2025-04-13 16:00:00,31.0,79.33114757208126,
Chennai,2025-04-13 17:00:00,30.0,84.00528111799692,
Chennai,2025-04-13 18:00:00,30.4,79.71870652103674,1009.4
Chennai,2025-04-13 19:00:00,31.0,79.33114757208126,
Chennai,2025-04-13 20:00:00,30.0,84.00528111799692,
Chennai,2025-04-13 21:00:00,29.0,86.41175942849821,1007.9
Chennai,2025-04-13 22:00:00,29.0,83.89690993013956,
Chennai,2025-04-13 23:00:00,29.0,83.89690993013956,
Chennai,2025-04-14 00:00:00,28.2,92.13309053912468,1008.5
Chennai,2025-04-14 01:00:00,29.0,83.89690993013956,
Chennai,2025-04-14 02:00:00,30.0,84.00528111799692,
Chennai,2025-04-14 03:00:00,31.6,74.88472135092377,1010.7
Chennai,2025-04-14 04:00:00,32.0,74.94828132337592,
Chennai,2025-04-14 05:00:00,34.0,63.14309255534474,
Chennai,2025-04-14 06:00:00,35.0,59.02423742118093,1009.4
Chennai,2025-04-14 07:00:00,34.0,66.97799053247137,
Chennai,2025-04-14 08:00:00,35.0,63.354980624753985,
Chennai,2025-04-14 09:00:00,35.0,56.95764470575925,1006.6
Chennai,2025-04-14 10:00:00,33.0,66.78088716309055,
Chennai,2025-04-14 11:00:00,32.0,70.6570356447408,
Chennai,2025-04-14 12:00:00,32.0,66.1862478230639,1006.1
Chennai,2025-04-14 13:00:00,31.0,74.7889561009917,
Chennai,2025-04-14 14:00:00,31.0,74.7889561009917,
Chennai,2025-04-14 15:00:00,30.0,71.5698382304094,1008.5
Chennai,2025-04-14 16:00:00,30.0,79.1954670273341,
Chennai,2025-04-14 17:00:00,30.0,79.1954670273341,
Chennai,2025-04-14 18:00:00,29.6,76.82235153000387,1009.9
Chennai,2025-04-14 19:00:00,30.0,79.1954670273341,
Chennai,2025-04-14 20:00:00,30.0,79.1954670273341,
Chennai,2025-04-14 21:00:00,28.8,81.90716097068722,1008.6
Chennai,2025-04-14 22:00:00,29.0,83.89690993013956,
Chennai,2025-04-14 23:00:00,29.0,83.89690993013956,
Chennai,2025-04-15 00:00:00,28.0,84.79181717750924,1008.5
Chennai,2025-04-15 01:00:00,29.0,83.89690993013956,
Chennai,2025-04-15 02:00:00,30.0,79.1954670273341,
Chennai,2025-04-15 03:00:00,30.6,74.28243957799879,1010.5
Chennai,2025-04-15 04:00:00,32.0,70.6570356447408,
Chennai,2025-04-15 05:00:00,33.0,66.78088716309055,
Chennai,2025-04-15 06:00:00,34.6,52.28033074523809,1009.5
Chennai,2025-04-15 07:00:00,34.0,66.97799053247137,
Chennai,2025-04-15 08:00:00,34.0,66.97799053247137,
Chennai,2025-04-15 09:00:00,34.6,62.160715526838395,1006.8
Chennai,2025-04-15 10:00:00,33.0,70.83672096419855,
Chennai,2025-04-15 11:00:00,32.0,70.6570356447408,
Chennai,2025-04-15 12:00:00,31.6,73.57131384659597,1006.3
Chennai,2025-04-15 13:00:00,31.0,74.7889561009917,
Chennai,2025-04-15 14:00:00,31.0,74.7889561009917,
Chennai,2025-04-15 15:00:00,30.2,71.60525312499601,1009.1
Chennai,2025-04-15 16:00:00,30.0,79.1954670273341,
Chennai,2025-04-15 17:00:00,30.0,79.1954670273341,
Chennai,2025-04-15 18:00:00,29.6,79.6118092261478,1010.3
Chennai,2025-04-15 19:00:00,30.0,79.1954670273341,
Chennai,2025-04-15 20:00:00,30.0,79.1954670273341,
Chennai,2025-04-15 21:00:00,29.0,83.40169277956687,1008.4
Chennai,2025-04-15 22:00:00,29.0,83.89690993013956,
Chennai,2025-04-15 23:00:00,30.0,79.1954670273341,
Chennai,2025-04-16 00:00:00,29.0,79.0585121873896,1008.5
Chennai,2025-04-16 01:00:00,29.0,83.89690993013956,
Chennai,2025-04-16 02:00:00,30.0,79.1954670273341,
Chennai,2025-04-16 03:00:00,30.6,75.61652127297627,1010.7
Chennai,2025-04-16 04:00:00,32.0,70.6570356447408,
Chennai,2025-04-16 05:00:00,30.0,79.1954670273341,
Chennai,2025-04-16 06:00:00,24.5,95.8868298976468,1012.2
Chennai,2025-04-16 07:00:00,25.0,88.67956137467019,
Chennai,2025-04-16 08:00:00,26.0,88.7589455109383,
Chennai,2025-04-16 09:00:00,27.0,90.43900875787912,1007.7
Chennai,2025-04-16 10:00:00,30.0,74.62820502423824,
Chennai,2025-04-16 11:00:00,31.0,62.49764883972529,
Chennai,2025-04-16 12:00:00,28.8,81.90716097068722,1007.0
Chennai,2025-04-16 13:00:00,30.0,79.1954670273341,
Chennai,2025-04-16 14:00:00,30.0,79.1954670273341,
Chennai,2025-04-16 15:00:00,28.0,88.91528354225218,1009.0
Chennai,2025-04-16 16:00:00,30.0,79.1954670273341,
Chennai,2025-04-16 17:00:00,30.0,79.1954670273341,
Chennai,2025-04-16 18:00:00,27.8,88.89979374390309,1009.9
Chennai,2025-04-16 19:00:00,29.0,83.89690993013956,
Chennai,2025-04-16 20:00:00,29.0,83.89690993013956,
Chennai,2025-04-16 21:00:00,27.2,90.45250000428203,1008.1
Chennai,2025-04-16 22:00:00,28.0,88.91528354225218,
Chennai,2025-04-16 23:00:00,28.0,83.78747242805218,
Chennai,2025-04-17 00:00:00,27.0,92.06569807815053,1008.8
Chennai,2025-04-17 01:00:00,28.0,88.91528354225218,
Chennai,2025-04-17 02:00:00,29.0,83.89690993013956,
Chennai,2025-04-17 03:00:00,29.6,82.00361602371757,1010.3
Chennai,2025-04-17 04:00:00,31.0,79.33114757208126,
Chennai,2025-04-17 05:00:00,33.0,66.78088716309055,
Chennai,2025-04-17 06:00:00,34.0,61.663754542437346,1009.4
Chennai,2025-04-17 07:00:00,35.0,59.72752203563765,
Chennai,2025-04-17 08:00:00,35.0,63.354980624753985,
Chennai,2025-04-17 09:00:00,33.8,62.727505384680136,1006.2
Chennai,2025-04-17 10:00:00,34.0,66.97799053247137,
Chennai,2025-04-17 11:00:00,33.0,66.78088716309055,
Chennai,2025-04-17 12:00:00,31.2,70.93306375697343,1005.5
Chennai,2025-04-17 13:00:00,31.0,74.7889561009917,
Chennai,2025-04-17 14:00:00,31.0,74.7889561009917,
Chennai,2025-04-17 15:00:00,29.8,76.85229197010862,1007.0
Chennai,2025-04-17 16:00:00,31.0,74.7889561009917,
Chennai,2025-04-17 17:00:00,30.0,79.1954670273341,
Chennai,2025-04-17 18:00:00,29.4,80.53536024141098,1008.1
Chennai,2025-04-17 19:00:00,30.0,79.1954670273341,
Chennai,2025-04-17 20:00:00,30.0,79.1954670273341,
Chennai,2025-04-17 21:00:00,28.4,86.35566419509173,1006.9
Chennai,2025-04-17 22:00:00,29.0,83.89690993013956,
Chennai,2025-04-17 23:00:00,29.0,83.89690993013956,
Chennai,2025-04-18 00:00:00,27.8,88.89979374390309,1007.5
Chennai,2025-04-18 01:00:00,29.0,83.89690993013956,
Chennai,2025-04-18 02:00:00,30.0,84.00528111799692,
Chennai,2025-04-18 03:00:00,30.6,74.28243957799879,1009.6
Chennai,2025-04-18 04:00:00,32.0,74.94828132337592,
Chennai,2025-04-18 05:00:00,33.0,70.83672096419855,
Chennai,2025-04-18 06:00:00,34.6,69.48622469453805,1008.7
Chennai,2025-04-18 07:00:00,35.0,63.354980624753985,
Chennai,2025-04-18 08:00:00,35.0,67.17351579636517,
Chennai,2025-04-18 09:00:00,34.6,64.39740048201318,1005.8
Chennai,2025-04-18 10:00:00,34.0,71.01489197336855,
Chennai,2025-04-18 11:00:00,33.0,70.83672096419855,
Chennai,2025-04-18 12:00:00,32.2,71.53290094917851,1004.6
Chennai,2025-04-18 13:00:00,31.0,79.33114757208126,
Chennai,2025-04-18 14:00:00,31.0,79.33114757208126,
Chennai,2025-04-18 15:00:00,30.4,81.13972960661955,1004.7
Chennai,2025-04-18 16:00:00,31.0,79.33114757208126,
Chennai,2025-04-18 17:00:00,30.0,84.00528111799692,
Chennai,2025-04-18 18:00:00,30.0,83.5130798716472,1007.9
Chennai,2025-04-18 19:00:00,30.0,84.00528111799692,
Chennai,2025-04-18 20:00:00,30.0,84.00528111799692,
Chennai,2025-04-18 21:00:00,29.0,89.51636332080271,1006.6
Chennai,2025-04-18 22:00:00,30.0,84.00528111799692,
Chennai,2025-04-18 23:00:00,29.0,88.99225887739404,
Chennai,2025-04-19 00:00:00,29.0,85.90358327490499,1007.5
Chennai,2025-04-19 01:00:00,29.0,83.89690993013956,
Chennai,2025-04-19 02:00:00,30.0,79.1954670273341,
Chennai,2025-04-19 03:00:00,30.4,78.31948639832048,1008.7
Chennai,2025-04-19 04:00:00,33.0,75.1061960358666,
Chennai,2025-04-19 05:00:00,34.0,71.01489197336855,
Chennai,2025-04-19 06:00:00,34.2,62.81318702880705,1007.9
Chennai,2025-04-19 07:00:00,36.0,59.95183966647327,
Chennai,2025-04-19 08:00:00,35.0,67.17351579636517,
Chennai,2025-04-19 09:00:00,35.6,63.85354265585009,1004.2
Chennai,2025-04-19 10:00:00,35.0,67.17351579636517,
Chennai,2025-04-19 11:00:00,34.0,71.01489197336855,
Chennai,2025-04-19 12:00:00,32.2,72.80896276194781,1003.7
Chennai,2025-04-19 13:00:00,32.0,74.94828132337592,
Chennai,2025-04-19 14:00:00,31.0,84.11259923098856,
Chennai,2025-04-19 15:00:00,30.6,82.60607945629376,1006.5
Chennai,2025-04-19 16:00:00,31.0,84.11259923098856,
Chennai,2025-04-19 17:00:00,31.0,84.11259923098856,
Chennai,2025-04-19 18:00:00,30.4,82.58284223811447,1007.4
Chennai,2025-04-19 19:00:00,31.0,84.11259923098856,
Chennai,2025-04-19 20:00:00,31.0,84.11259923098856,
Chennai,2025-04-19 21:00:00,30.0,84.99729439748566,1006.1
Chennai,2025-04-19 22:00:00,30.0,89.06845243281573,
Chennai,2025-04-19 23:00:00,30.0,84.00528111799692,
Chennai,2025-04-20 00:00:00,29.2,84.91559008084812,1006.1
Chennai,2025-04-20 01:00:00,30.0,84.00528111799692,
Chennai,2025-04-20 02:00:00,30.0,84.00528111799692,
Chennai,2025-04-20 03:00:00,31.2,76.157651318818,1008.7
Chennai,2025-04-20 04:00:00,34.0,66.97799053247137,
Chennai,2025-04-20 05:00:00,35.0,59.72752203563765,
Chennai,2025-04-20 06:00:00,35.6,53.16143044853384,1008.2
Chennai,2025-04-20 07:00:00,37.0,53.50436937263995,
Chennai,2025-04-20 08:00:00,36.0,63.565260523235025,
Chennai,2025-04-20 09:00:00,36.4,49.668243867326865,1005.1
Chennai,2025-04-20 10:00:00,35.0,67.17351579636517,
Chennai,2025-04-20 11:00:00,35.0,67.17351579636517,
Chennai,2025-04-20 12:00:00,33.2,70.45783465512956,1004.3
Chennai,2025-04-20 13:00:00,33.0,75.1061960358666,
Chennai,2025-04-20 14:00:00,32.0,79.46556860628449,
Chennai,2025-04-20 15:00:00,30.8,81.1895795616241,1007.2
Chennai,2025-04-20 16:00:00,31.0,84.11259923098856,
Chennai,2025-04-20 17:00:00,31.0,84.11259923098856,
Chennai,2025-04-20 18:00:00,30.2,84.02682856635852,1009.1
Chennai,2025-04-20 19:00:00,31.0,84.11259923098856,
Chennai,2025-04-20 20:00:00,30.0,84.00528111799692,
Chennai,2025-04-20 21:00:00,29.8,84.97692867892383,1007.9
Chennai,2025-04-20 22:00:00,30.0,84.00528111799692,
Chennai,2025-04-20 23:00:00,30.0,84.00528111799692,
Chennai,2025-04-21 00:00:00,29.2,90.58588438387352,1007.9
Chennai,2025-04-21 01:00:00,30.0,89.06845243281573,
Chennai,2025-04-21 02:00:00,30.0,84.00528111799692,
Chennai,2025-04-21 03:00:00,31.0,78.40390010984709,1010.6
Chennai,2025-04-21 04:00:00,33.0,70.83672096419855,
Chennai,2025-04-21 05:00:00,34.0,66.97799053247137,
Chennai,2025-04-21 06:00:00,34.6,57.54622405958298,1011.2
Chennai,2025-04-21 07:00:00,35.0,63.354980624753985,
Chennai,2025-04-21 08:00:00,36.0,56.5192316286057,
Chennai,2025-04-21 09:00:00,35.2,54.02524542945505,1007.7
Chennai,2025-04-21 10:00:00,35.0,59.72752203563765,
Chennai,2025-04-21 11:00:00,34.0,63.14309255534474,
Chennai,2025-04-21 12:00:00,33.0,64.44613125580591,1007.1
Chennai,2025-04-21 13:00:00,32.0,70.6570356447408,
Chennai,2025-04-21 14:00:00,31.0,79.33114757208126,
Chennai,2025-04-21 15:00:00,30.0,81.08968974474207,1009.8
Chennai,2025-04-21 16:00:00,31.0,79.33114757208126,
Chennai,2025-04-21 17:00:00,30.0,84.00528111799692,
Chennai,2025-04-21 18:00:00,30.0,84.00528111799692,
Chennai,2025-04-21 19:00:00,30.0,84.00528111799692,
Chennai,2025-04-21 20:00:00,30.0,84.00528111799692,
Chennai,2025-04-21 21:00:00,29.0,84.89506306062921,1009.0
Chennai,2025-04-21 22:00:00,29.0,83.89690993013956,
Chennai,2025-04-21 23:00:00,29.0,83.89690993013956,
Chennai,2025-04-22 00:00:00,27.6,90.47939854432097,1009.6
Chennai,2025-04-22 01:00:00,29.0,83.89690993013956,
Chennai,2025-04-22 02:00:00,29.0,88.99225887739404,
Chennai,2025-04-22 03:00:00,30.6,75.61652127297627,1012.4
Chennai,2025-04-22 04:00:00,32.0,74.94828132337592,
Chennai,2025-04-22 05:00:00,33.0,66.78088716309055,
Chennai,2025-04-22 06:00:00,34.0,56.04514311511978,1011.8
Chennai,2025-04-22 07:00:00,35.0,59.72752203563765,
Chennai,2025-04-22 08:00:00,35.0,63.354980624753985,
Chennai,2025-04-22 09:00:00,35.0,56.95764470575925,1008.1
Chennai,2025-04-22 10:00:00,34.0,63.14309255534474,
Chennai,2025-04-22 11:00:00,33.0,66.78088716309055,
Chennai,2025-04-22 12:00:00,32.4,60.57918429384643,1007.6
Chennai,2025-04-22 13:00:00,31.0,74.7889561009917,
Chennai,2025-04-22 14:00:00,31.0,74.7889561009917,
Chennai,2025-04-22 15:00:00,30.2,75.10610737068166,1009.8
Chennai,2025-04-22 16:00:00,31.0,79.33114757208126,
Chennai,2025-04-22 17:00:00,31.0,79.33114757208126,
Chennai,2025-04-22 18:00:00,29.6,81.03945906223336,1010.8
Chennai,2025-04-22 19:00:00,30.0,79.1954670273341,
Chennai,2025-04-22 20:00:00,30.0,84.00528111799692,
Chennai,2025-04-22 21:00:00,28.8,86.39309843177878,1009.4
Chennai,2025-04-22 22:00:00,29.0,83.89690993013956,
Chennai,2025-04-22 23:00:00,29.0,83.89690993013956,
Chennai,2025-04-23 00:00:00,28.0,87.34888747491027,1008.8
Chennai,2025-04-23 01:00:00,29.0,83.89690993013956,
Chennai,2025-04-23 02:00:00,30.0,84.00528111799692,
Chennai,2025-04-23 03:00:00,31.0,72.1742265807024,1010.7
Chennai,2025-04-23 04:00:00,32.0,70.6570356447408,
Chennai,2025-04-23 05:00:00,34.0,59.50158303199722,
Chennai,2025-04-23 06:00:00,35.2,47.887740242840856,1009.9
Chennai,2025-04-23 07:00:00,36.0,50.16587400443515,
Chennai,2025-04-23 08:00:00,36.0,56.5192316286057,
Chennai,2025-04-23 09:00:00,35.4,51.85309266039345,1006.3
Chennai,2025-04-23 10:00:00,35.0,56.28299102683274,
Chennai,2025-04-23 11:00:00,35.0,56.28299102683274,
Chennai,2025-04-23 12:00:00,33.1,60.73559796466132,1005.4
Chennai,2025-04-23 13:00:00,32.0,70.6570356447408,
Chennai,2025-04-23 14:00:00,31.0,74.7889561009917,
Chennai,2025-04-23 15:00:00,30.6,75.61652127297627,1007.6
Chennai,2025-04-23 16:00:00,31.0,79.33114757208126,
Chennai,2025-04-23 17:00:00,30.0,84.00528111799692,
Chennai,2025-04-23 18:00:00,29.8,79.63860889063328,1008.5
Chennai,2025-04-23 19:00:00,30.0,79.1954670273341,
Chennai,2025-04-23 20:00:00,30.0,79.1954670273341,
Chennai,2025-04-23 21:00:00,28.8,86.39309843177878,1007.1
Chennai,2025-04-23 22:00:00,30.0,84.00528111799692,
Chennai,2025-04-23 23:00:00,29.0,88.99225887739404,
Chennai,2025-04-24 00:00:00,29.0,84.89506306062921,1007.6
Chennai,2025-04-24 01:00:00,29.0,83.89690993013956,
Chennai,2025-04-24 02:00:00,30.0,84.00528111799692,
Chennai,2025-04-24 03:00:00,31.4,72.24352874821913,1009.5
Chennai,2025-04-24 04:00:00,33.0,70.83672096419855,
Chennai,2025-04-24 05:00:00,35.0,63.354980624753985,
Chennai,2025-04-24 06:00:00,36.5,51.509081559279046,1008.5
Chennai,2025-04-24 07:00:00,36.0,56.5192316286057,
Chennai,2025-04-24 08:00:00,36.0,56.5192316286057,
Chennai,2025-04-24 09:00:00,36.8,50.97294305997948,1005.4
Chennai,2025-04-24 10:00:00,36.0,56.5192316286057,
Chennai,2025-04-24 11:00:00,34.0,63.14309255534474,
Chennai,2025-04-24 12:00:00,33.0,66.78088716309055,1004.8
Chennai,2025-04-24 13:00:00,32.0,74.94828132337592,
Chennai,2025-04-24 14:00:00,31.0,79.33114757208126,
Chennai,2025-04-24 15:00:00,30.6,79.74530566981048,1006.9
Chennai,2025-04-24 16:00:00,31.0,79.33114757208126,
Chennai,2025-04-24 17:00:00,31.0,79.33114757208126,
Chennai,2025-04-24 18:00:00,30.0,82.53623329490637,1008.3
Chennai,2025-04-24 19:00:00,30.0,84.00528111799692,
Chennai,2025-04-24 20:00:00,30.0,84.00528111799692,
Chennai,2025-04-24 21:00:00,30.0,84.00528111799692,
Chennai,2025-04-24 22:00:00,30.0,84.00528111799692,
Chennai,2025-04-24 23:00:00,30.0,84.00528111799692,
Chennai,2025-04-25 00:00:00,29.0,87.95208930052544,1007.4
Chennai,2025-04-25 01:00:00,30.0,84.00528111799692,
Chennai,2025-04-25 02:00:00,31.0,79.33114757208126,
Chennai,2025-04-25 03:00:00,31.4,74.85285642920122,1009.8
Chennai,2025-04-25 04:00:00,33.0,70.83672096419855,
Chennai,2025-04-25 05:00:00,35.0,63.354980624753985,
Chennai,2025-04-25 06:00:00,35.0,54.95462646615871,1008.9
Chennai,2025-04-25 07:00:00,37.0,50.41873224708425,
Chennai,2025-04-25 08:00:00,37.0,53.50436937263995,
Chennai,2025-04-25 09:00:00,36.4,50.87246310030946,1005.4
Chennai,2025-04-25 10:00:00,36.0,56.5192316286057,
Chennai,2025-04-25 11:00:00,35.0,59.72752203563765,
Chennai,2025-04-25 12:00:00,33.0,67.97575322043862,1005.0
Chennai,2025-04-25 13:00:00,31.0,74.7889561009917,
Chennai,2025-04-25 14:00:00,31.0,79.33114757208126,
Chennai,2025-04-25 15:00:00,30.4,81.13972960661955,1008.0
Chennai,2025-04-25 16:00:00,31.0,79.33114757208126,
Chennai,2025-04-25 17:00:00,31.0,79.33114757208126,
Chennai,2025-04-25 18:00:00,30.0,83.5130798716472,1009.0
Chennai,2025-04-25 19:00:00,30.0,84.00528111799692,
Chennai,2025-04-25 20:00:00,30.0,84.00528111799692,
Chennai,2025-04-25 21:00:00,29.2,86.43038313933076,1006.6
Chennai,2025-04-25 22:00:00,30.0,84.00528111799692,
Chennai,2025-04-25 23:00:00,30.0,84.00528111799692,
Chennai,2025-04-26 00:00:00,29.0,87.95208930052544,1007.1
Chennai,2025-04-26 01:00:00,30.0,84.00528111799692,
Chennai,2025-04-26 02:00:00,30.0,84.00528111799692,
Chennai,2025-04-26 03:00:00,31.6,72.27808999036708,1009.8
Chennai,2025-04-26 04:00:00,33.0,70.83672096419855,
Chennai,2025-04-26 05:00:00,34.0,63.14309255534474,
Chennai,2025-04-26 06:00:00,36.0,53.578100478732416,1007.9
Chennai,2025-04-26 07:00:00,35.0,59.72752203563765,
Chennai,2025-04-26 08:00:00,35.0,59.72752203563765,
Chennai,2025-04-26 09:00:00,35.6,54.1226737456844,1006.2
Chennai,2025-04-26 10:00:00,34.0,63.14309255534474,
Chennai,2025-04-26 11:00:00,33.0,70.83672096419855,
Chennai,2025-04-26 12:00:00,32.2,67.82126335429727,1006.3
Chennai,2025-04-26 13:00:00,32.0,70.6570356447408,
Chennai,2025-04-26 14:00:00,31.0,74.7889561009917,
Chennai,2025-04-26 15:00:00,30.2,75.55406963834521,1008.2
Chennai,2025-04-26 16:00:00,31.0,79.33114757208126,
Chennai,2025-04-26 17:00:00,31.0,79.33114757208126,
Chennai,2025-04-26 18:00:00,29.6,81.03945906223336,1009.2
Chennai,2025-04-26 19:00:00,30.0,84.00528111799692,
Chennai,2025-04-26 20:00:00,30.0,84.00528111799692,
Chennai,2025-04-26 21:00:00,28.8,86.39309843177878,1007.4
Chennai,2025-04-26 22:00:00,29.0,88.99225887739404,
Chennai,2025-04-26 23:00:00,29.0,83.89690993013956,
Chennai,2025-04-27 00:00:00,28.4,88.94616815571688,1007.9
Chennai,2025-04-27 01:00:00,29.0,83.89690993013956,
Chennai,2025-04-27 02:00:00,31.0,79.33114757208126,
Chennai,2025-04-27 03:00:00,31.8,71.04055669606059,1010.6
Chennai,2025-04-27 04:00:00,33.0,66.78088716309055,
Chennai,2025-04-27 05:00:00,34.0,63.14309255534474,
Chennai,2025-04-27 06:00:00,34.8,55.567469839769586,1010.2
Chennai,2025-04-27 07:00:00,34.0,66.97799053247137,
Chennai,2025-04-27 08:00:00,35.0,63.354980624753985,
Chennai,2025-04-27 09:00:00,34.6,64.39740048201318,1007.6
Chennai,2025-04-27 10:00:00,33.0,66.78088716309055,
Chennai,2025-04-27 11:00:00,32.0,70.6570356447408,
Chennai,2025-04-27 12:00:00,31.4,69.71409411644107,1007.0
Chennai,2025-04-27 13:00:00,31.0,74.7889561009917,
Chennai,2025-04-27 14:00:00,31.0,74.7889561009917,
Chennai,2025-04-27 15:00:00,31.4,69.71409411644107,1007.0
Chennai,2025-04-27 16:00:00,31.0,79.33114757208126,
Chennai,2025-04-27 17:00:00,31.0,74.7889561009917,
Chennai,2025-04-27 18:00:00,29.8,79.63860889063328,1010.0
Chennai,2025-04-27 19:00:00,30.0,84.00528111799692,
Chennai,2025-04-27 20:00:00,30.0,79.1954670273341,
Chennai,2025-04-27 21:00:00,29.2,81.95548127118022,1007.9
Chennai,2025-04-27 22:00:00,29.0,83.89690993013956,
Chennai,2025-04-27 23:00:00,29.0,83.89690993013956,
Chennai,2025-04-28 00:00:00,28.6,84.8538871735531,1008.3
Chennai,2025-04-28 01:00:00,29.0,83.89690993013956,
Chennai,2025-04-28 02:00:00,30.0,84.00528111799692,
Chennai,2025-04-28 03:00:00,30.4,75.58532357148971,1009.8
Chennai,2025-04-28 04:00:00,32.0,74.94828132337592,
Chennai,2025-04-28 05:00:00,33.0,66.78088716309055,
Chennai,2025-04-28 06:00:00,35.4,55.05099865764974,1009.2
Chennai,2025-04-28 07:00:00,33.0,66.78088716309055,
Chennai,2025-04-28 08:00:00,32.0,70.6570356447408,
Chennai,2025-04-28 09:00:00,32.0,66.1862478230639,1006.6
Chennai,2025-04-28 10:00:00,33.0,66.78088716309055,
Chennai,2025-04-28 11:00:00,33.0,62.92958329531054,
Chennai,2025-04-28 12:00:00,32.6,65.52306428907129,1005.3
Chennai,2025-04-28 13:00:00,31.0,74.7889561009917,
Chennai,2025-04-28 14:00:00,31.0,74.7889561009917,
Chennai,2025-04-28 15:00:00,30.0,78.26294962837345,1007.2
Chennai,2025-04-28 16:00:00,30.0,84.00528111799692,
Chennai,2025-04-28 17:00:00,31.0,74.7889561009917,
Chennai,2025-04-28 18:00:00,29.6,79.6118092261478,1008.5
Chennai,2025-04-28 19:00:00,30.0,79.1954670273341,
Chennai,2025-04-28 20:00:00,30.0,79.1954670273341,
Chennai,2025-04-28 21:00:00,29.2,81.95548127118022,1006.4
Chennai,2025-04-28 23:00:00,29.0,83.89690993013956,
Chennai,2025-04-29 00:00:00,28.0,87.34888747491027,1007.0
Chennai,2025-04-29 01:00:00,29.0,83.89690993013956,
Chennai,2025-04-29 02:00:00,30.0,84.00528111799692,
Chennai,2025-04-29 03:00:00,30.8,78.37581423848806,1009.0
Chennai,2025-04-29 04:00:00,33.0,66.78088716309055,
Chennai,2025-04-29 05:00:00,34.0,63.14309255534474,
Chennai,2025-04-29 06:00:00,35.4,57.05144460973204,1008.5
Chennai,2025-04-29 07:00:00,34.0,63.14309255534474,
Chennai,2025-04-29 08:00:00,35.0,59.72752203563765,
Chennai,2025-04-29 09:00:00,35.6,54.1226737456844,1005.7
Chennai,2025-04-29 10:00:00,34.0,63.14309255534474,
Chennai,2025-04-29 11:00:00,34.0,63.14309255534474,
Chennai,2025-04-29 12:00:00,32.6,64.36278271700262,1004.7
Chennai,2025-04-29 13:00:00,32.0,70.6570356447408,
Chennai,2025-04-29 14:00:00,31.0,79.33114757208126,
Chennai,2025-04-29 15:00:00,30.4,75.58532357148971,1007.2
Chennai,2025-04-29 16:00:00,31.0,79.33114757208126,
Chennai,2025-04-29 17:00:00,31.0,79.33114757208126,
Chennai,2025-04-29 18:00:00,30.0,79.66535824918688,1008.4
Chennai,2025-04-29 19:00:00,30.0,84.00528111799692,
Chennai,2025-04-29 20:00:00,30.0,84.00528111799692,
Chennai,2025-04-29 21:00:00,28.8,84.87449545917907,1007.0
Chennai,2025-04-29 22:00:00,29.0,83.89690993013956,
Chennai,2025-04-29 23:00:00,29.0,83.89690993013956,
Chennai,2025-04-30 00:00:00,28.6,84.8538871735531,1007.0
Chennai,2025-04-30 01:00:00,29.0,83.89690993013956,
Chennai,2025-04-30 02:00:00,30.0,84.00528111799692,
Chennai,2025-04-30 03:00:00,31.0,72.1742265807024,1009.2
Chennai,2025-04-30 04:00:00,33.0,66.78088716309055,
Chennai,2025-04-30 05:00:00,34.0,63.14309255534474,
Chennai,2025-04-30 06:00:00,35.6,49.166526532934895,1008.9
Chennai,2025-04-30 07:00:00,36.0,50.16587400443515,
Chennai,2025-04-30 08:00:00,35.0,63.354980624753985,
Chennai,2025-04-30 09:00:00,36.6,52.77597731364829,1005.5
Chennai,2025-04-30 10:00:00,35.0,59.72752203563765,
Chennai,2025-04-30 11:00:00,34.0,59.50158303199722,
Chennai,2025-04-30 12:00:00,33.2,61.12216416914973,1004.7
Chennai,2025-04-30 13:00:00,32.0,70.6570356447408,
Chennai,2025-04-30 14:00:00,32.0,74.94828132337592,
Chennai,2025-04-30 15:00:00,31.0,73.47141965449843,1007.3
Chennai,2025-04-30 16:00:00,31.0,79.33114757208126,
Chennai,2025-04-30 17:00:00,31.0,79.33114757208126,
Chennai,2025-04-30 18:00:00,30.6,81.16467826556904,1008.4
Chennai,2025-04-30 19:00:00,31.0,79.33114757208126,
Chennai,2025-04-30 20:00:00,30.0,84.00528111799692,
Chennai,2025-04-30 21:00:00,29.4,84.9360766224706,1008.3
Chennai,2025-04-30 22:00:00,30.0,84.00528111799692,
Chennai,2025-04-30 23:00:00,29.0,83.89690993013956,
Chennai,2025-05-01 00:00:00,29.0,84.89506306062921,1007.6
Chennai,2025-05-01 01:00:00,29.0,83.89690993013956,
Chennai,2025-05-01 02:00:00,30.0,79.1954670273341,
Chennai,2025-05-01 03:00:00,31.0,73.47141965449843,1009.2
Chennai,2025-05-01 04:00:00,33.0,70.83672096419855,
Chennai,2025-05-01 05:00:00,34.0,59.50158303199722,
Chennai,2025-05-01 06:00:00,36.6,47.960341553351576,1009.2
Chennai,2025-05-01 07:00:00,36.0,53.25972513472508,
Chennai,2025-05-01 08:00:00,35.0,63.354980624753985,
Chennai,2025-05-01 09:00:00,36.6,50.92273339058732,1006.5
Chennai,2025-05-01 10:00:00,36.0,56.5192316286057,
Chennai,2025-05-01 11:00:00,35.0,59.72752203563765,
Chennai,2025-05-01 12:00:00,33.0,72.94417143512577,1005.7
Chennai,2025-05-01 13:00:00,32.0,74.94828132337592,
Chennai,2025-05-01 14:00:00,32.0,74.94828132337592,
Chennai,2025-05-01 15:00:00,31.0,79.79835457938422,1008.2
Chennai,2025-05-01 16:00:00,31.0,84.11259923098856,
Chennai,2025-05-01 17:00:00,31.0,84.11259923098856,
Chennai,2025-05-01 18:00:00,30.6,84.06979751556185,1008.5
Chennai,2025-05-01 19:00:00,31.0,84.11259923098856,
Chennai,2025-05-01 20:00:00,30.0,89.06845243281573,
Chennai,2025-05-01 21:00:00,30.0,86.50450703984572,1007.3
Chennai,2025-05-01 22:00:00,30.0,84.00528111799692,
Chennai,2025-05-01 23:00:00,30.0,84.00528111799692,
Chennai,2025-05-02 00:00:00,29.0,87.95208930052544,1008.5
Chennai,2025-05-02 01:00:00,29.0,88.99225887739404,
Chennai,2025-05-02 02:00:00,30.0,84.00528111799692,
Chennai,2025-05-02 03:00:00,31.4,74.85285642920122,1010.8
Chennai,2025-05-02 04:00:00,33.0,70.83672096419855,
Chennai,2025-05-02 05:00:00,34.0,66.97799053247137,
Chennai,2025-05-02 06:00:00,36.0,74.28805628119477,1009.0
Chennai,2025-05-02 07:00:00,36.0,56.5192316286057,
Chennai,2025-05-02 08:00:00,36.0,56.5192316286057,
Chennai,2025-05-02 09:00:00,36.4,51.79231822369732,1006.5
Chennai,2025-05-02 10:00:00,35.0,59.72752203563765,
Chennai,2025-05-02 11:00:00,34.0,63.14309255534474,
Chennai,2025-05-02 12:00:00,33.0,65.60442666205464,1005.5
Chennai,2025-05-02 13:00:00,32.0,74.94828132337592,
Chennai,2025-05-02 14:00:00,31.0,79.33114757208126,
Chennai,2025-05-02 15:00:00,31.0,78.40390010984709,1007.9
Chennai,2025-05-02 16:00:00,31.0,84.11259923098856,
Chennai,2025-05-02 17:00:00,31.0,79.33114757208126,
Chennai,2025-05-02 18:00:00,30.6,79.74530566981048,1009.2
Chennai,2025-05-02 19:00:00,31.0,79.33114757208126,
Chennai,2025-05-02 20:00:00,30.0,84.00528111799692,
Chennai,2025-05-02 21:00:00,29.6,82.00361602371757,1006.9
Chennai,2025-05-02 22:00:00,30.0,84.00528111799692,
Chennai,2025-05-02 23:00:00,30.0,84.00528111799692,
Chennai,2025-05-03 00:00:00,29.0,86.41175942849821,1007.8
Chennai,2025-05-03 01:00:00,30.0,84.00528111799692,
Chennai,2025-05-03 02:00:00,30.0,84.00528111799692,
Chennai,2025-05-03 03:00:00,31.2,76.157651318818,1009.2
Chennai,2025-05-03 04:00:00,33.0,70.83672096419855,
Chennai,2025-05-03 05:00:00,35.0,56.28299102683274,
Chennai,2025-05-03 06:00:00,36.6,45.14992148381815,1008.4
Chennai,2025-05-03 07:00:00,37.0,50.41873224708425,
Chennai,2025-05-03 08:00:00,38.0,44.974237081492554,
Chennai,2025-05-03 09:00:00,37.2,51.37757364224426,1005.4
Chennai,2025-05-03 10:00:00,36.0,56.5192316286057,
Chennai,2025-05-03 11:00:00,35.0,59.72752203563765,
Chennai,2025-05-03 12:00:00,33.6,69.70861962540543,1004.8
Chennai,2025-05-03 13:00:00,33.0,66.78088716309055,
Chennai,2025-05-03 14:00:00,32.0,74.94828132337592,
Chennai,2025-05-03 15:00:00,31.6,78.94871738353811,1006.1
Chennai,2025-05-03 16:00:00,31.0,84.11259923098856,
Chennai,2025-05-03 17:00:00,31.0,84.11259923098856,
Chennai,2025-05-03 18:00:00,31.0,82.65241993308152,1006.9
Chennai,2025-05-03 19:00:00,31.0,84.11259923098856,
Chennai,2025-05-03 20:00:00,31.0,79.33114757208126,
Chennai,2025-05-03 21:00:00,29.8,85.4773855329206,1006.3
Chennai,2025-05-03 22:00:00,30.0,79.1954670273341,
Chennai,2025-05-03 23:00:00,30.0,79.1954670273341,
Chennai,2025-05-04 00:00:00,29.2,83.42405706602797,1006.0
Chennai,2025-05-04 01:00:00,30.0,84.00528111799692,
Chennai,2025-05-04 02:00:00,31.0,79.33114757208126,
Chennai,2025-05-04 03:00:00,32.6,66.70160074556692,1008.3
Chennai,2025-05-04 04:00:00,34.0,66.97799053247137,
Chennai,2025-05-04 05:00:00,35.0,59.72752203563765,
Chennai,2025-05-04 06:00:00,36.0,50.46801146991017,1006.8
Chennai,2025-05-04 07:00:00,38.0,47.747907370107505,
Chennai,2025-05-04 08:00:00,39.0,45.236019499476136,
Chennai,2025-05-04 09:00:00,37.0,53.18854985835784,1004.4
Chennai,2025-05-04 10:00:00,34.0,66.97799053247137,
Chennai,2025-05-04 11:00:00,26.0,73.97062900551056,
Chennai,2025-05-04 12:00:00,28.0,87.34888747491027,1004.5
Chennai,2025-05-04 13:00:00,27.0,88.83751596451742,
Chennai,2025-05-04 14:00:00,27.0,83.67695517522091,
Chennai,2025-05-04 15:00:00,26.0,90.37112970835472,1008.0
Chennai,2025-05-04 16:00:00,28.0,83.78747242805218,
Chennai,2025-05-04 17:00:00,28.0,83.78747242805218,
Chennai,2025-05-04 18:00:00,26.6,88.80618472944694,1008.1
Chennai,2025-05-04 19:00:00,28.0,83.78747242805218,
Chennai,2025-05-04 20:00:00,27.0,83.67695517522091,
Chennai,2025-05-04 21:00:00,26.2,85.62978692730046,1006.5
Chennai,2025-05-04 22:00:00,26.0,88.7589455109383,
Chennai,2025-05-04 23:00:00,26.0,83.5653445347348,
Chennai,2025-05-05 00:00:00,26.0,82.55918218789247,1006.5
Chennai,2025-05-05 01:00:00,27.0,78.78071949348664,
Chennai,2025-05-05 02:00:00,28.0,78.9202680701639,
Chennai,2025-05-05 03:00:00,29.4,65.65748852781738,1008.0
Chennai,2025-05-05 04:00:00,31.0,66.3818887938788,
Chennai,2025-05-05 05:00:00,32.0,62.71443976755974,
Chennai,2025-05-05 06:00:00,33.4,53.583679198134604,1007.1
Chennai,2025-05-05 07:00:00,35.0,53.01351873864528,
Chennai,2025-05-05 08:00:00,35.0,53.01351873864528,
Chennai,2025-05-05 09:00:00,34.0,58.445589633486186,1005.1
Chennai,2025-05-05 10:00:00,34.0,59.50158303199722,
Chennai,2025-05-05 11:00:00,32.0,66.5821913857855,
Chennai,2025-05-05 12:00:00,32.0,59.04479527455803,1005.2
Chennai,2025-05-05 13:00:00,31.0,70.47582088918256,
Chennai,2025-05-05 14:00:00,31.0,74.7889561009917,
Chennai,2025-05-05 15:00:00,30.0,78.26294962837345,1007.5
Chennai,2025-05-05 16:00:00,30.0,79.1954670273341,
Chennai,2025-05-05 17:00:00,30.0,84.00528111799692,
Chennai,2025-05-05 18:00:00,29.4,83.44637781059491,1007.9
Chennai,2025-05-05 19:00:00,30.0,84.00528111799692,
Chennai,2025-05-05 20:00:00,30.0,84.00528111799692,
Chennai,2025-05-05 21:00:00,28.8,87.93540259721783,1006.7
Chennai,2025-05-05 22:00:00,30.0,84.00528111799692,
Chennai,2025-05-05 23:00:00,28.0,88.91528354225218,
Chennai,2025-05-06 00:00:00,28.0,87.34888747491027,1007.6
Chennai,2025-05-06 01:00:00,29.0,83.89690993013956,
Chennai,2025-05-06 02:00:00,30.0,84.00528111799692,
Chennai,2025-05-06 03:00:00,30.6,74.28243957799879,1009.5
Chennai,2025-05-06 04:00:00,33.0,66.78088716309055,
Chennai,2025-05-06 05:00:00,34.0,66.97799053247137,
Chennai,2025-05-06 06:00:00,35.2,55.99588621396323,1008.3
Chennai,2025-05-06 07:00:00,35.0,67.17351579636517,
Chennai,2025-05-06 08:00:00,34.0,71.01489197336855,
Chennai,2025-05-06 09:00:00,35.4,63.81179206152036,1005.1
Chennai,2025-05-06 10:00:00,34.0,66.97799053247137,
Chennai,2025-05-06 11:00:00,33.0,70.83672096419855,
Chennai,2025-05-06 12:00:00,32.6,67.89863459456423,1004.1
Chennai,2025-05-06 13:00:00,32.0,74.94828132337592,
Chennai,2025-05-06 14:00:00,31.0,84.11259923098856,
Chennai,2025-05-06 15:00:00,31.0,79.79835457938422,1008.0
Chennai,2025-05-06 16:00:00,28.0,78.9202680701639,
Chennai,2025-05-06 17:00:00,29.0,65.9764050234237,
Chennai,2025-05-06 18:00:00,28.0,80.3537462205201,1008.7
Chennai,2025-05-06 19:00:00,27.0,83.67695517522091,
Chennai,2025-05-06 20:00:00,26.0,83.5653445347348,
Chennai,2025-05-06 21:00:00,25.0,89.75868022431183,1006.0
Chennai,2025-05-06 22:00:00,26.0,83.5653445347348,
Chennai,2025-05-06 23:00:00,25.0,88.67956137467019,
Chennai,2025-05-07 00:00:00,25.0,84.99158907366431,1006.8
Chennai,2025-05-07 01:00:00,26.0,83.5653445347348,
Chennai,2025-05-07 02:00:00,28.0,78.9202680701639,
Chennai,2025-05-07 03:00:00,29.0,70.96187714437761,1008.0
Chennai,2025-05-07 04:00:00,33.0,55.80567844118911,
Chennai,2025-05-07 05:00:00,34.0,59.50158303199722,
Chennai,2025-05-07 06:00:00,35.8,46.32734637103948,1006.6
Chennai,2025-05-07 07:00:00,36.0,53.25972513472508,
Chennai,2025-05-07 08:00:00,37.0,50.41873224708425,
Chennai,2025-05-07 09:00:00,36.0,50.46801146991017,1004.5
Chennai,2025-05-07 10:00:00,34.0,56.04514311511978,
Chennai,2025-05-07 11:00:00,33.0,59.27401124880875,
Chennai,2025-05-07 12:00:00,32.0,57.981228496846505,1004.5
Chennai,2025-05-07 13:00:00,31.0,66.3818887938788,
Chennai,2025-05-07 14:00:00,31.0,70.47582088918256,
Chennai,2025-05-07 15:00:00,30.0,70.29306142592459,1007.7
Chennai,2025-05-07 16:00:00,31.0,74.7889561009917,
Chennai,2025-05-07 17:00:00,30.0,79.1954670273341,
Chennai,2025-05-07 18:00:00,29.8,81.06459831337503,1007.3
Chennai,2025-05-07 19:00:00,30.0,79.1954670273341,
Chennai,2025-05-07 20:00:00,30.0,79.1954670273341,
Chennai,2025-05-07 21:00:00,28.8,77.62630156297041,1005.3
Chennai,2025-05-07 22:00:00,29.0,83.89690993013956,
Chennai,2025-05-07 23:00:00,29.0,88.99225887739404,
Chennai,2025-05-08 00:00:00,27.6,88.88427217188078,1005.8
Chennai,2025-05-08 01:00:00,28.0,83.78747242805218,
Chennai,2025-05-08 02:00:00,29.0,74.46601257025355,
Chennai,2025-05-08 03:00:00,30.0,64.98787314987105,1007.9
Chennai,2025-05-08 04:00:00,33.0,59.27401124880875,
Chennai,2025-05-08 05:00:00,35.0,49.91150957114025,
Chennai,2025-05-08 06:00:00,36.2,38.39843004146409,1007.5
Chennai,2025-05-08 07:00:00,35.0,59.72752203563765,
Chennai,2025-05-08 08:00:00,35.0,56.28299102683274,
Chennai,2025-05-08 09:00:00,35.6,49.166526532934895,1005.3
Chennai,2025-05-08 10:00:00,34.0,59.50158303199722,
Chennai,2025-05-08 11:00:00,34.0,59.50158303199722,
Chennai,2025-05-08 12:00:00,33.0,55.468825283877344,1005.0
Chennai,2025-05-08 13:00:00,32.0,66.5821913857855,
Chennai,2025-05-08 14:00:00,32.0,66.5821913857855,
Chennai,2025-05-08 15:00:00,31.0,70.89711040322032,1008.1
Chennai,2025-05-08 16:00:00,32.0,70.6570356447408,
Chennai,2025-05-08 17:00:00,31.0,70.47582088918256,
Chennai,2025-05-08 18:00:00,30.0,63.8146323928593,1009.2
Chennai,2025-05-08 19:00:00,29.0,74.46601257025355,
Chennai,2025-05-08 20:00:00,29.0,70.10874183711726,
Chennai,2025-05-08 21:00:00,28.2,71.68232431462354,1006.4
Chennai,2025-05-08 22:00:00,28.0,74.30236303611937,
Chennai,2025-05-08 23:00:00,28.0,78.9202680701639,
Chennai,2025-05-09 00:00:00,27.6,75.59926777139484,1007.3
Chennai,2025-05-09 01:00:00,28.0,78.9202680701639,
Chennai,2025-05-09 02:00:00,29.0,74.46601257025355,
Chennai,2025-05-09 03:00:00,30.6,63.94211751218886,1009.7
Chennai,2025-05-09 04:00:00,32.0,66.5821913857855,
Chennai,2025-05-09 05:00:00,33.0,59.27401124880875,
Chennai,2025-05-09 06:00:00,35.4,45.941504385664295,1008.2
Chennai,2025-05-09 07:00:00,36.0,50.16587400443515,
Chennai,2025-05-09 08:00:00,37.0,47.48991405743266,
Chennai,2025-05-09 09:00:00,35.8,48.33450439193775,1005.2
Chennai,2025-05-09 10:00:00,34.0,59.50158303199722,
Chennai,2025-05-09 11:00:00,33.0,62.92958329531054,
Chennai,2025-05-09 12:00:00,33.0,56.48476343652975,1005.7
Chennai,2025-05-09 13:00:00,32.0,66.5821913857855,
Chennai,2025-05-09 14:00:00,32.0,66.5821913857855,
Chennai,2025-05-09 15:00:00,31.0,70.89711040322032,1008.4
Chennai,2025-05-09 16:00:00,31.0,74.7889561009917,
Chennai,2025-05-09 17:00:00,31.0,79.33114757208126,
Chennai,2025-05-09 18:00:00,30.4,76.94178563223718,1008.6
Chennai,2025-05-09 19:00:00,31.0,79.33114757208126,
Chennai,2025-05-09 20:00:00,30.0,84.00528111799692,
Chennai,2025-05-09 21:00:00,29.6,82.00361602371757,1007.9
Chennai,2025-05-09 22:00:00,29.0,88.99225887739404,
Chennai,2025-05-09 23:00:00,29.0,83.89690993013956,
Chennai,2025-05-10 00:00:00,28.4,74.81792523943739,1007.5
Chennai,2025-05-10 01:00:00,29.0,74.46601257025355,
Chennai,2025-05-10 02:00:00,30.0,74.62820502423824,
Chennai,2025-05-10 03:00:00,31.0,66.78169156880611,1009.3
Chennai,2025-05-10 04:00:00,33.0,66.78088716309055,
Chennai,2025-05-10 05:00:00,34.0,63.14309255534474,
Chennai,2025-05-10 06:00:00,35.8,50.11512177516556,1008.7
Chennai,2025-05-10 07:00:00,36.0,59.95183966647327,
Chennai,2025-05-10 08:00:00,35.0,63.354980624753985,
Chennai,2025-05-10 09:00:00,35.4,56.04341471814388,1006.3
Chennai,2025-05-10 10:00:00,35.0,63.354980624753985,
Chennai,2025-05-10 11:00:00,35.0,63.354980624753985,
Chennai,2025-05-10 12:00:00,34.0,60.21481737086436,1005.1
Chennai,2025-05-10 13:00:00,33.0,66.78088716309055,
Chennai,2025-05-10 14:00:00,32.0,70.6570356447408,
Chennai,2025-05-10 15:00:00,31.4,72.24352874821913,1007.5
Chennai,2025-05-10 16:00:00,31.0,79.33114757208126,
Chennai,2025-05-10 17:00:00,31.0,79.33114757208126,
Chennai,2025-05-10 18:00:00,30.6,79.74530566981048,1008.2
Chennai,2025-05-10 19:00:00,31.0,79.33114757208126,
Chennai,2025-05-10 20:00:00,30.0,84.00528111799692,
Chennai,2025-05-10 21:00:00,30.0,84.99729439748566,1006.8
Chennai,2025-05-10 22:00:00,30.0,84.00528111799692,
Chennai,2025-05-10 23:00:00,30.0,84.00528111799692,
Chennai,2025-05-11 00:00:00,29.4,84.9360766224706,1007.1
Chennai,2025-05-11 01:00:00,30.0,84.00528111799692,
Chennai,2025-05-11 02:00:00,31.0,84.11259923098856,
Chennai,2025-05-11 03:00:00,32.0,73.63761837389029,1008.3
Chennai,2025-05-11 04:00:00,33.0,75.1061960358666,
Chennai,2025-05-11 05:00:00,35.0,59.72752203563765,
Chennai,2025-05-11 06:00:00,36.6,52.77597731364829,1007.1
Chennai,2025-05-11 07:00:00,35.0,67.17351579636517,
Chennai,2025-05-11 08:00:00,35.0,67.17351579636517,
Chennai,2025-05-11 09:00:00,31.6,54.12510474048353,1005.5
Chennai,2025-05-11 10:00:00,33.0,52.516390209894936,
Chennai,2025-05-11 11:00:00,33.0,62.92958329531054,
Chennai,2025-05-11 12:00:00,30.0,78.26294962837345,1004.1
Chennai,2025-05-11 13:00:00,32.0,66.5821913857855,
Chennai,2025-05-11 14:00:00,32.0,70.6570356447408,
Chennai,2025-05-11 15:00:00,30.2,76.91200889831605,1005.4
Chennai,2025-05-11 16:00:00,31.0,79.33114757208126,
Chennai,2025-05-11 17:00:00,31.0,79.33114757208126,
Chennai,2025-05-11 18:00:00,30.0,84.99729439748566,1006.2
Chennai,2025-05-11 19:00:00,30.0,89.06845243281573,
Chennai,2025-05-11 20:00:00,30.0,89.06845243281573,
Chennai,2025-05-11 21:00:00,29.2,87.96874224697314,1004.6
Chennai,2025-05-11 22:00:00,30.0,84.00528111799692,
Chennai,2025-05-11 23:00:00,30.0,84.00528111799692,
Chennai,2025-05-12 00:00:00,28.8,86.39309843177878,1004.5
Chennai,2025-05-12 01:00:00,29.0,88.99225887739404,
Chennai,2025-05-12 02:00:00,30.0,84.00528111799692,
Chennai,2025-05-12 03:00:00,30.8,79.77185498360923,1006.3
Chennai,2025-05-12 04:00:00,34.0,63.14309255534474,
Chennai,2025-05-12 05:00:00,35.0,59.72752203563765,
Chennai,2025-05-12 06:00:00,36.8,45.202582325350185,1005.1
Chennai,2025-05-12 07:00:00,38.0,47.747907370107505,
Chennai,2025-05-12 08:00:00,38.0,47.747907370107505,
Chennai,2025-05-12 09:00:00,37.4,47.879066969889,1002.6
Chennai,2025-05-12 10:00:00,36.0,59.95183966647327,
Chennai,2025-05-12 11:00:00,35.0,63.354980624753985,
Chennai,2025-05-12 12:00:00,34.0,61.663754542437346,1002.6
Chennai,2025-05-12 13:00:00,33.0,62.92958329531054,
Chennai,2025-05-12 14:00:00,33.0,62.92958329531054,
Chennai,2025-05-12 15:00:00,31.4,69.71409411644107,1004.8
Chennai,2025-05-12 16:00:00,33.0,62.92958329531054,
Chennai,2025-05-12 17:00:00,33.0,62.92958329531054,
Chennai,2025-05-12 19:00:00,31.0,74.7889561009917,
Chennai,2025-05-12 20:00:00,30.0,79.1954670273341,
Chennai,2025-05-12 21:00:00,30.0,76.88217771852533,1004.7
Chennai,2025-05-12 22:00:00,30.0,79.1954670273341,
Chennai,2025-05-12 23:00:00,29.0,79.0585121873896,
Chennai,2025-05-13 00:00:00,29.0,76.27419595958764,1004.8
Chennai,2025-05-13 01:00:00,29.0,79.0585121873896,
Chennai,2025-05-13 02:00:00,31.0,70.47582088918256,
Chennai,2025-05-13 03:00:00,32.6,58.47312526786792,1006.0
Chennai,2025-05-13 04:00:00,35.0,59.72752203563765,
Chennai,2025-05-13 05:00:00,36.0,56.5192316286057,
Chennai,2025-05-13 06:00:00,37.6,45.96196861442699,1005.6
Chennai,2025-05-13 07:00:00,38.0,47.747907370107505,
Chennai,2025-05-13 08:00:00,37.0,53.50436937263995,
Chennai,2025-05-13 09:00:00,35.8,53.210609064464286,1002.8
Chennai,2025-05-13 10:00:00,35.0,63.354980624753985,
Chennai,2025-05-13 11:00:00,34.0,66.97799053247137,
Chennai,2025-05-13 12:00:00,34.0,62.77037868066636,1002.4
Chennai,2025-05-13 13:00:00,33.0,70.83672096419855,
Chennai,2025-05-13 14:00:00,32.0,70.6570356447408,
Chennai,2025-05-13 15:00:00,31.4,72.24352874821913,1004.5
Chennai,2025-05-13 16:00:00,32.0,74.94828132337592,
Chennai,2025-05-13 17:00:00,31.0,79.33114757208126,
Chennai,2025-05-13 18:00:00,30.6,78.34767637456054,1006.2
Chennai,2025-05-13 19:00:00,31.0,79.33114757208126,
Chennai,2025-05-13 20:00:00,31.0,79.33114757208126,
Chennai,2025-05-13 21:00:00,29.8,84.97692867892383,1005.0
Chennai,2025-05-13 22:00:00,30.0,84.00528111799692,
Chennai,2025-05-13 23:00:00,30.0,84.00528111799692,
Chennai,2025-05-14 00:00:00,30.0,88.03501822943302,1005.4
Chennai,2025-05-14 01:00:00,30.0,84.00528111799692,
Chennai,2025-05-14 02:00:00,31.0,84.11259923098856,
Chennai,2025-05-14 03:00:00,32.0,73.63761837389029,1006.8
Chennai,2025-05-14 04:00:00,34.0,66.97799053247137,
Chennai,2025-05-14 05:00:00,35.0,63.354980624753985,
Chennai,2025-05-14 06:00:00,37.0,49.22877315128549,1006.3
Chennai,2025-05-14 07:00:00,35.0,67.17351579636517,
Chennai,2025-05-14 08:00:00,35.0,67.17351579636517,
Chennai,2025-05-14 09:00:00,36.2,56.90141318081153,1004.3
Chennai,2025-05-14 10:00:00,35.0,63.354980624753985,
Chennai,2025-05-14 11:00:00,34.0,66.97799053247137,
Chennai,2025-05-14 12:00:00,33.8,61.62000418347626,1002.9
Chennai,2025-05-14 13:00:00,33.0,70.83672096419855,
Chennai,2025-05-14 14:00:00,32.0,79.46556860628449,
Chennai,2025-05-14 15:00:00,31.4,77.54420157006253,1005.7
Chennai,2025-05-14 16:00:00,32.0,79.46556860628449,
Chennai,2025-05-14 17:00:00,32.0,79.46556860628449,
Chennai,2025-05-14 18:00:00,30.8,82.62927198490198,1007.3
Chennai,2025-05-14 19:00:00,31.0,84.11259923098856,
Chennai,2025-05-14 20:00:00,31.0,84.11259923098856,
Chennai,2025-05-14 21:00:00,30.0,86.50450703984572,1005.8
Chennai,2025-05-14 22:00:00,30.0,89.06845243281573,
Chennai,2025-05-14 23:00:00,30.0,84.00528111799692,
Chennai,2025-05-15 00:00:00,29.2,69.72295309892432,1006.1
Chennai,2025-05-15 01:00:00,29.0,74.46601257025355,
Chennai,2025-05-15 02:00:00,31.0,66.3818887938788,
Chennai,2025-05-15 03:00:00,31.6,57.536305303603164,1006.7
Chennai,2025-05-15 04:00:00,34.0,59.50158303199722,
Chennai,2025-05-15 05:00:00,36.0,53.25972513472508,
Chennai,2025-05-15 06:00:00,37.0,46.3607638584979,1007.6
Chennai,2025-05-15 07:00:00,36.0,56.5192316286057,
Chennai,2025-05-15 08:00:00,36.0,56.5192316286057,
Chennai,2025-05-15 09:00:00,36.4,48.78152494046583,1004.6
Chennai,2025-05-15 10:00:00,35.0,59.72752203563765,
Chennai,2025-05-15 11:00:00,34.0,63.14309255534474,
Chennai,2025-05-15 12:00:00,33.8,58.050869508005654,1003.8
Chennai,2025-05-15 13:00:00,33.0,66.78088716309055,
Chennai,2025-05-15 14:00:00,32.0,70.6570356447408,
Chennai,2025-05-15 15:00:00,31.8,73.60449518826249,1006.7
Chennai,2025-05-15 16:00:00,32.0,74.94828132337592,
Chennai,2025-05-15 17:00:00,32.0,74.94828132337592,
Chennai,2025-05-15 18:00:00,30.6,81.16467826556904,1007.6
Chennai,2025-05-15 19:00:00,31.0,79.33114757208126,
Chennai,2025-05-15 20:00:00,31.0,84.11259923098856,
Chennai,2025-05-15 21:00:00,30.6,82.60607945629376,1006.7
Chennai,2025-05-15 22:00:00,31.0,79.33114757208126,
Chennai,2025-05-15 23:00:00,30.0,84.00528111799692,
Chennai,2025-05-16 00:00:00,30.0,81.08968974474207,1004.9
Chennai,2025-05-16 01:00:00,30.0,84.00528111799692,
Chennai,2025-05-16 02:00:00,31.0,79.33114757208126,
Chennai,2025-05-16 03:00:00,31.6,68.51690400466761,1006.9
Chennai,2025-05-16 04:00:00,33.0,66.78088716309055,
Chennai,2025-05-16 05:00:00,34.0,63.14309255534474,
Chennai,2025-05-16 06:00:00,35.4,51.85309266039345,1007.0
Chennai,2025-05-16 07:00:00,35.0,59.72752203563765,
Chennai,2025-05-16 08:00:00,36.0,56.5192316286057,
Chennai,2025-05-16 09:00:00,35.2,50.87551178411221,1004.1
Chennai,2025-05-16 10:00:00,34.0,63.14309255534474,
Chennai,2025-05-16 11:00:00,33.0,66.78088716309055,
Chennai,2025-05-16 12:00:00,32.6,63.22051607138405,1003.3
Chennai,2025-05-16 13:00:00,32.0,66.5821913857855,
Chennai,2025-05-16 14:00:00,32.0,70.6570356447408,
Chennai,2025-05-16 15:00:00,31.4,66.86129021440888,1006.1
Chennai,2025-05-16 16:00:00,32.0,70.6570356447408,
Chennai,2025-05-16 17:00:00,32.0,74.94828132337592,
Chennai,2025-05-16 18:00:00,31.0,77.48613913975385,1007.3
Chennai,2025-05-16 19:00:00,28.0,83.78747242805218,
Chennai,2025-05-16 20:00:00,28.0,78.9202680701639,
Chennai,2025-05-16 21:00:00,27.6,74.23649168800932,1005.8
Chennai,2025-05-16 22:00:00,28.0,78.9202680701639,
Chennai,2025-05-16 23:00:00,28.0,78.9202680701639,
Chennai,2025-05-17 00:00:00,28.0,72.08347293059005,1004.5
Chennai,2025-05-17 01:00:00,28.0,78.9202680701639,
Chennai,2025-05-17 02:00:00,30.0,70.29306142592459,
Chennai,2025-05-17 03:00:00,30.6,61.656767739717175,1006.0
Chennai,2025-05-17 04:00:00,32.0,66.5821913857855,
Chennai,2025-05-17 05:00:00,33.0,66.78088716309055,
Chennai,2025-05-17 06:00:00,34.6,53.55559032656666,1005.8
Chennai,2025-05-17 07:00:00,35.0,56.28299102683274,
Chennai,2025-05-17 08:00:00,29.0,79.0585121873896,
Chennai,2025-05-17 09:00:00,30.8,77.00117625197225,1004.2
Chennai,2025-05-17 10:00:00,32.0,74.94828132337592,
Chennai,2025-05-17 11:00:00,32.0,74.94828132337592,
Chennai,2025-05-17 12:00:00,32.0,72.34703340707203,1003.8
Chennai,2025-05-17 13:00:00,29.0,79.0585121873896,
Chennai,2025-05-17 14:00:00,29.0,79.0585121873896,
Chennai,2025-05-17 15:00:00,28.6,76.21281246926864,1006.4
Chennai,2025-05-17 16:00:00,28.0,83.78747242805218,
Chennai,2025-05-17 17:00:00,28.0,83.78747242805218,
Chennai,2025-05-17 18:00:00,28.4,70.42408506037569,1006.8
Chennai,2025-05-17 19:00:00,28.0,83.78747242805218,
Chennai,2025-05-17 20:00:00,29.0,74.46601257025355,
Chennai,2025-05-17 21:00:00,28.6,77.59711341151534,1005.5
Chennai,2025-05-17 22:00:00,28.0,83.78747242805218,
Chennai,2025-05-17 23:00:00,28.0,83.78747242805218,
Chennai,2025-05-18 00:00:00,28.0,78.44744220055776,1004.8
Chennai,2025-05-18 01:00:00,28.0,83.78747242805218,
Chennai,2025-05-18 02:00:00,29.0,79.0585121873896,
Chennai,2025-05-18 03:00:00,30.0,71.5698382304094,1006.1
Chennai,2025-05-18 04:00:00,32.0,70.6570356447408,
Chennai,2025-05-18 05:00:00,33.0,66.78088716309055,
Chennai,2025-05-18 06:00:00,35.0,52.695904978436104,1005.3
Chennai,2025-05-18 07:00:00,35.0,59.72752203563765,
Chennai,2025-05-18 08:00:00,35.0,56.28299102683274,
Chennai,2025-05-18 09:00:00,35.4,56.04341471814388,1002.5
Chennai,2025-05-18 10:00:00,34.0,63.14309255534474,
Chennai,2025-05-18 11:00:00,32.0,70.6570356447408,
Chennai,2025-05-18 12:00:00,32.0,66.1862478230639,1002.6
Chennai,2025-05-18 13:00:00,31.0,79.33114757208126,
Chennai,2025-05-18 14:00:00,31.0,74.7889561009917,
Chennai,2025-05-18 15:00:00,30.6,74.28243957799879,1004.2
Chennai,2025-05-18 16:00:00,31.0,79.33114757208126,
Chennai,2025-05-18 17:00:00,29.0,83.89690993013956,
Chennai,2025-05-18 18:00:00,29.6,76.82235153000387,1004.4
Chennai,2025-05-18 19:00:00,28.0,88.91528354225218,
Chennai,2025-05-18 20:00:00,28.0,88.91528354225218,
Chennai,2025-05-18 21:00:00,27.8,87.33135888966177,1003.1
Chennai,2025-05-18 22:00:00,28.0,88.91528354225218,
Chennai,2025-05-18 23:00:00,27.0,88.83751596451742,
Chennai,2025-05-19 00:00:00,27.2,85.72845277885752,1003.2
Chennai,2025-05-19 01:00:00,27.0,88.83751596451742,
Chennai,2025-05-19 02:00:00,28.0,88.91528354225218,
Chennai,2025-05-19 03:00:00,27.0,93.71791865005993,1006.1
Chennai,2025-05-19 04:00:00,28.0,88.91528354225218,
Chennai,2025-05-19 05:00:00,28.0,88.91528354225218,
Chennai,2025-05-19 06:00:00,30.2,78.75577037755664,1004.1
Chennai,2025-05-19 07:00:00,32.0,74.94828132337592,
Chennai,2025-05-19 08:00:00,32.0,74.94828132337592,
Chennai,2025-05-19 09:00:00,32.2,71.53290094917851,1002.8
Chennai,2025-05-19 10:00:00,33.0,66.78088716309055,
Chennai,2025-05-19 11:00:00,32.0,70.6570356447408,
Chennai,2025-05-19 12:00:00,31.8,67.34108781459214,1001.6
Chennai,2025-05-19 13:00:00,31.0,79.33114757208126,
Chennai,2025-05-19 14:00:00,29.0,88.99225887739404,
Chennai,2025-05-19 15:00:00,29.5,85.95167540163044,1003.2
Chennai,2025-05-19 16:00:00,29.0,88.99225887739404,
Chennai,2025-05-19 17:00:00,29.0,88.99225887739404,
Chennai,2025-05-19 18:00:00,28.8,86.39309843177878,1003.9
Chennai,2025-05-19 19:00:00,29.0,88.99225887739404,
Chennai,2025-05-19 20:00:00,29.0,88.99225887739404,
Chennai,2025-05-19 21:00:00,28.8,86.39309843177878,1002.1
Chennai,2025-05-19 22:00:00,29.0,83.89690993013956,
Chennai,2025-05-19 23:00:00,29.0,83.89690993013956,
Chennai,2025-05-20 00:00:00,28.6,87.91868204829599,1002.7
Chennai,2025-05-20 01:00:00,29.0,88.99225887739404,
Chennai,2025-05-20 02:00:00,29.0,88.99225887739404,
Chennai,2025-05-20 03:00:00,28.4,93.78062725022617,1004.6
Chennai,2025-05-20 04:00:00,30.0,84.00528111799692,
Chennai,2025-05-20 05:00:00,31.0,84.11259923098856,
Chennai,2025-05-20 06:00:00,32.6,69.11441091335229,1003.7
Chennai,2025-05-20 07:00:00,33.0,70.83672096419855,
Chennai,2025-05-20 08:00:00,34.0,71.01489197336855,
Chennai,2025-05-20 09:00:00,33.0,70.42167655411042,1001.5
Chennai,2025-05-20 10:00:00,30.0,84.00528111799692,
Chennai,2025-05-20 11:00:00,29.0,88.99225887739404,
Chennai,2025-05-20 12:00:00,29.8,82.51286135002354,1001.9
Chennai,2025-05-20 13:00:00,29.0,88.99225887739404,
Chennai,2025-05-20 14:00:00,27.0,88.83751596451742,
Chennai,2025-05-20 15:00:00,26.8,93.15451744532717,1004.6
Chennai,2025-05-20 16:00:00,27.0,88.83751596451742,
Chennai,2025-05-20 17:00:00,27.0,88.83751596451742,
Chennai,2025-05-20 18:00:00,26.2,93.68166338882529,1004.9
Chennai,2025-05-20 19:00:00,27.0,88.83751596451742,
Chennai,2025-05-20 20:00:00,27.0,88.83751596451742,
Chennai,2025-05-20 21:00:00,26.2,93.68166338882529,1003.3
Chennai,2025-05-20 22:00:00,27.0,88.83751596451742,
Chennai,2025-05-20 23:00:00,27.0,88.83751596451742,
Chennai,2025-05-21 00:00:00,26.4,93.69075623120435,1004.6
Chennai,2025-05-21 01:00:00,27.0,88.83751596451742,
Chennai,2025-05-21 02:00:00,28.0,88.91528354225218,
Chennai,2025-05-21 03:00:00,29.0,80.48371679996085,1005.7
Chennai,2025-05-21 04:00:00,31.0,74.7889561009917,
Chennai,2025-05-21 05:00:00,33.0,66.78088716309055,
Chennai,2025-05-21 06:00:00,33.4,60.08005109311657,1005.6
Chennai,2025-05-21 07:00:00,34.0,63.14309255534474,
Chennai,2025-05-21 08:00:00,34.0,63.14309255534474,
Chennai,2025-05-21 09:00:00,34.6,54.52982508908034,1003.2
Chennai,2025-05-21 10:00:00,35.0,59.72752203563765,
Chennai,2025-05-21 11:00:00,35.0,59.72752203563765,
Chennai,2025-05-21 12:00:00,34.2,57.45282698261636,1002.4
Chennai,2025-05-21 13:00:00,34.0,63.14309255534474,
Chennai,2025-05-21 14:00:00,33.0,66.78088716309055,
Chennai,2025-05-21 15:00:00,31.2,74.82093472023674,1005.0
Chennai,2025-05-21 16:00:00,31.0,79.33114757208126,
Chennai,2025-05-21 17:00:00,31.0,79.33114757208126,
Chennai,2025-05-21 18:00:00,29.6,83.46865512129703,1005.9
Chennai,2025-05-21 19:00:00,30.0,79.1954670273341,
Chennai,2025-05-21 20:00:00,30.0,79.1954670273341,
Chennai,2025-05-21 21:00:00,28.0,84.79181717750924,1004.9
Chennai,2025-05-21 22:00:00,29.0,74.46601257025355,
Chennai,2025-05-21 23:00:00,29.0,74.46601257025355,
Chennai,2025-05-22 00:00:00,28.4,69.15080360685214,1005.2
Chennai,2025-05-22 01:00:00,29.0,70.10874183711726,
Chennai,2025-05-22 02:00:00,29.0,70.10874183711726,
Chennai,2025-05-22 03:00:00,29.8,63.38474620448235,1007.4
Chennai,2025-05-22 04:00:00,32.0,62.71443976755974,
Chennai,2025-05-22 05:00:00,33.0,59.27401124880875,
Chennai,2025-05-22 06:00:00,33.8,46.3683932576894,1006.3
Chennai,2025-05-22 07:00:00,35.0,53.01351873864528,
Chennai,2025-05-22 08:00:00,36.0,50.16587400443515,
Chennai,2025-05-22 09:00:00,36.4,43.21618022972479,1003.5
Chennai,2025-05-22 10:00:00,36.0,50.16587400443515,
Chennai,2025-05-22 11:00:00,36.0,50.16587400443515,
Chennai,2025-05-22 12:00:00,34.8,49.559037044283905,1002.6
Chennai,2025-05-22 13:00:00,34.0,59.50158303199722,
Chennai,2025-05-22 14:00:00,33.0,66.78088716309055,
Chennai,2025-05-22 15:00:00,30.6,72.96898936310727,1004.3
Chennai,2025-05-22 16:00:00,31.0,74.7889561009917,
Chennai,2025-05-22 17:00:00,31.0,79.33114757208126,
Chennai,2025-05-22 18:00:00,30.4,75.58532357148971,1005.4
Chennai,2025-05-22 19:00:00,31.0,74.7889561009917,
Chennai,2025-05-22 20:00:00,30.0,79.1954670273341,
Chennai,2025-05-22 21:00:00,29.4,74.97860136800087,1003.9
Chennai,2025-05-22 22:00:00,30.0,79.1954670273341,
Chennai,2025-05-22 23:00:00,29.0,83.89690993013956,
Chennai,2025-05-23 00:00:00,28.4,84.83323810049623,1003.7
Chennai,2025-05-23 01:00:00,29.0,83.89690993013956,
Chennai,2025-05-23 02:00:00,30.0,79.1954670273341,
Chennai,2025-05-23 03:00:00,31.4,67.26247234040332,1005.1
Chennai,2025-05-23 04:00:00,34.0,56.04514311511978,
Chennai,2025-05-23 05:00:00,35.0,53.01351873864528,
Chennai,2025-05-23 06:00:00,36.2,41.86135583652421,1003.8
Chennai,2025-05-23 07:00:00,36.0,50.16587400443515,
Chennai,2025-05-23 08:00:00,37.0,47.48991405743266,
Chennai,2025-05-23 09:00:00,37.8,40.775662191210785,1000.8
Chennai,2025-05-23 10:00:00,37.0,47.48991405743266,
Chennai,2025-05-23 11:00:00,36.0,59.95183966647327,
Chennai,2025-05-23 12:00:00,34.8,48.369264142818636,1000.2
Chennai,2025-05-23 13:00:00,33.0,66.78088716309055,
Chennai,2025-05-23 14:00:00,32.0,74.94828132337592,
Chennai,2025-05-23 15:00:00,31.6,73.57131384659597,1002.3
Chennai,2025-05-23 16:00:00,26.0,88.7589455109383,
Chennai,2025-05-23 17:00:00,27.0,88.83751596451742,
Chennai,2025-05-23 18:00:00,25.6,98.23312117951836,1004.1
Chennai,2025-05-23 19:00:00,26.0,94.23292497092102,
Chennai,2025-05-23 20:00:00,27.0,88.83751596451742,
Chennai,2025-05-23 21:00:00,25.4,96.48847066905626,1002.1
Chennai,2025-05-23 22:00:00,27.0,88.83751596451742,
Chennai,2025-05-23 23:00:00,27.0,88.83751596451742,
Chennai,2025-05-24 00:00:00,26.4,90.39836619855579,1002.7
Chennai,2025-05-24 01:00:00,28.0,83.78747242805218,
Chennai,2025-05-24 02:00:00,28.0,88.91528354225218,
Chennai,2025-05-24 03:00:00,28.4,83.33433758376981,1003.9
Chennai,2025-05-24 04:00:00,31.0,79.33114757208126,
Chennai,2025-05-24 05:00:00,32.0,70.6570356447408,
Chennai,2025-05-24 06:00:00,34.0,59.50158303199722,1002.9
Chennai,2025-05-24 07:00:00,34.0,59.50158303199722,
Chennai,2025-05-24 08:00:00,35.0,63.354980624753985,
Chennai,2025-05-24 09:00:00,34.8,55.567469839769586,1000.3
Chennai,2025-05-24 10:00:00,34.0,63.14309255534474,
Chennai,2025-05-24 11:00:00,33.0,66.78088716309055,
Chennai,2025-05-24 12:00:00,32.2,62.75759984410254,1000.9
Chennai,2025-05-24 13:00:00,32.0,70.6570356447408,
Chennai,2025-05-24 14:00:00,32.0,74.94828132337592,
Chennai,2025-05-24 15:00:00,30.8,71.71113203855039,1003.7
Chennai,2025-05-24 16:00:00,31.0,74.7889561009917,
Chennai,2025-05-24 17:00:00,31.0,74.7889561009917,
Chennai,2025-05-24 18:00:00,30.2,67.83823315041917,1004.1
Chennai,2025-05-24 19:00:00,30.0,74.62820502423824,
Chennai,2025-05-24 20:00:00,30.0,74.62820502423824,
Chennai,2025-05-24 21:00:00,29.0,70.96187714437761,1002.6
Chennai,2025-05-24 22:00:00,30.0,74.62820502423824,
Chennai,2025-05-24 23:00:00,30.0,74.62820502423824,
Chennai,2025-05-25 00:00:00,28.4,77.56787120852722,1002.5
Chennai,2025-05-25 01:00:00,29.0,79.0585121873896,
Chennai,2025-05-25 02:00:00,31.0,70.47582088918256,
Chennai,2025-05-25 03:00:00,32.0,60.12540926930006,1003.9
Chennai,2025-05-25 04:00:00,32.0,66.5821913857855,
Chennai,2025-05-25 05:00:00,33.0,62.92958329531054,
Chennai,2025-05-25 06:00:00,33.8,57.01603340699637,1003.9
Chennai,2025-05-25 07:00:00,34.0,59.50158303199722,
Chennai,2025-05-25 08:00:00,35.0,56.28299102683274,
Chennai,2025-05-25 09:00:00,35.0,48.71594505052492,1001.5
Chennai,2025-05-25 10:00:00,33.0,62.92958329531054,
Chennai,2025-05-25 11:00:00,32.0,66.5821913857855,
Chennai,2025-05-25 12:00:00,32.0,63.85356133058713,1001.4
Chennai,2025-05-25 13:00:00,32.0,70.6570356447408,
Chennai,2025-05-25 14:00:00,32.0,70.6570356447408,
Chennai,2025-05-25 15:00:00,30.6,67.91613145039247,1005.5
Chennai,2025-05-25 16:00:00,28.0,78.9202680701639,
Chennai,2025-05-25 17:00:00,28.0,78.9202680701639,
Chennai,2025-05-25 18:00:00,28.2,70.38726092133687,1004.6
Chennai,2025-05-25 19:00:00,28.0,78.9202680701639,
Chennai,2025-05-25 20:00:00,28.0,78.9202680701639,
Chennai,2025-05-25 21:00:00,27.8,77.0138849054383,1002.9
Chennai,2025-05-25 22:00:00,28.0,78.9202680701639,
Chennai,2025-05-25 23:00:00,28.0,78.9202680701639,
Chennai,2025-05-26 00:00:00,27.6,79.81995065848324,1002.9
Chennai,2025-05-26 01:00:00,28.0,78.9202680701639,
Chennai,2025-05-26 02:00:00,29.0,79.0585121873896,
Chennai,2025-05-26 03:00:00,29.0,73.13460789145611,1004.4
Chennai,2025-05-26 04:00:00,30.0,74.62820502423824,
Chennai,2025-05-26 05:00:00,32.0,66.5821913857855,
Chennai,2025-05-26 06:00:00,32.6,57.422989250564385,1003.7
Chennai,2025-05-26 07:00:00,33.0,62.92958329531054,
Chennai,2025-05-26 08:00:00,33.0,66.78088716309055,
Chennai,2025-05-26 09:00:00,33.2,56.53234399526844,1001.3
Chennai,2025-05-26 10:00:00,34.0,63.14309255534474,
Chennai,2025-05-26 11:00:00,33.0,62.92958329531054,
Chennai,2025-05-26 12:00:00,33.2,56.53234399526844,1000.6
Chennai,2025-05-26 13:00:00,33.0,62.92958329531054,
Chennai,2025-05-26 14:00:00,32.0,66.5821913857855,
Chennai,2025-05-26 15:00:00,31.8,74.91652960815853,1002.1
Chennai,2025-05-26 16:00:00,32.0,62.71443976755974,
Chennai,2025-05-26 17:00:00,31.0,66.3818887938788,
Chennai,2025-05-26 18:00:00,30.2,63.85719380100154,1002.8
Chennai,2025-05-26 19:00:00,30.0,70.29306142592459,
Chennai,2025-05-26 20:00:00,30.0,70.29306142592459,
Chennai,2025-05-26 21:00:00,28.8,69.22673360721909,1001.0
Chennai,2025-05-26 22:00:00,29.0,74.46601257025355,
Chennai,2025-05-26 23:00:00,29.0,74.46601257025355,
Chennai,2025-05-27 00:00:00,28.2,66.21721115814579,1001.2
Chennai,2025-05-27 01:00:00,29.0,70.10874183711726,
Chennai,2025-05-27 03:00:00,30.0,61.14896099495759,1002.7
Chennai,2025-05-27 04:00:00,32.0,62.71443976755974,
Chennai,2025-05-27 05:00:00,32.0,62.71443976755974,
Chennai,2025-05-27 06:00:00,32.4,70.31283604150148,1002.6
Chennai,2025-05-27 07:00:00,34.0,59.50158303199722,
Chennai,2025-05-27 08:00:00,34.0,59.50158303199722,
Chennai,2025-05-27 09:00:00,34.4,54.154564287934356,1000.2
Chennai,2025-05-27 10:00:00,34.0,59.50158303199722,
Chennai,2025-05-27 11:00:00,34.0,59.50158303199722,
Chennai,2025-05-27 12:00:00,33.6,56.9688756885708,999.1
Chennai,2025-05-27 13:00:00,32.0,66.5821913857855,
Chennai,2025-05-27 15:00:00,30.4,69.11197515651446,1001.8
Chennai,2025-05-27 16:00:00,31.0,70.47582088918256,
Chennai,2025-05-27 17:00:00,31.0,70.47582088918256,
Chennai,2025-05-27 18:00:00,29.6,74.118773297339,1002.5
Chennai,2025-05-27 19:00:00,30.0,74.62820502423824,
Chennai,2025-05-27 20:00:00,30.0,70.29306142592459,
Chennai,2025-05-27 21:00:00,29.2,76.30480387190515,1000.6
Chennai,2025-05-27 22:00:00,29.0,74.46601257025355,
Chennai,2025-05-27 23:00:00,29.0,74.46601257025355,
Chennai,2025-05-28 00:00:00,28.6,70.46084618703307,1001.0
Chennai,2025-05-28 01:00:00,29.0,74.46601257025355,
Chennai,2025-05-28 02:00:00,30.0,70.29306142592459,
Chennai,2025-05-28 03:00:00,30.6,62.79033585952567,1002.0
Chennai,2025-05-28 04:00:00,33.0,62.92958329531054,
Chennai,2025-05-28 05:00:00,34.0,59.50158303199722,
Chennai,2025-05-28 06:00:00,35.0,44.726671478165436,1001.6
Chennai,2025-05-28 07:00:00,35.0,53.01351873864528,
Chennai,2025-05-28 08:00:00,36.0,50.16587400443515,
Chennai,2025-05-28 09:00:00,35.0,44.726671478165436,999.5
Chennai,2025-05-28 10:00:00,35.0,53.01351873864528,
Chennai,2025-05-28 11:00:00,35.0,53.01351873864528,
Chennai,2025-05-28 12:00:00,34.6,46.294665135954354,999.3
Chennai,2025-05-28 13:00:00,34.0,59.50158303199722,
Chennai,2025-05-28 14:00:00,33.0,62.92958329531054,
Chennai,2025-05-28 15:00:00,32.2,59.090770552518066,1001.4
Chennai,2025-05-28 16:00:00,32.0,66.5821913857855,
Chennai,2025-05-28 17:00:00,32.0,66.5821913857855,
Chennai,2025-05-28 18:00:00,31.0,59.53505705723449,1001.8
Chennai,2025-05-28 19:00:00,31.0,66.3818887938788,
Chennai,2025-05-28 20:00:00,30.0,70.29306142592459,
Chennai,2025-05-28 21:00:00,29.8,64.94624549390848,1000.0
Chennai,2025-05-28 22:00:00,30.0,70.29306142592459,
Chennai,2025-05-28 23:00:00,30.0,70.29306142592459,
Chennai,2025-05-29 00:00:00,29.4,63.298643541066646,1001.3
Chennai,2025-05-29 01:00:00,30.0,70.29306142592459,
Chennai,2025-05-29 02:00:00,30.0,70.29306142592459,
Chennai,2025-05-29 03:00:00,29.6,66.09873806993735,1002.6
Chennai,2025-05-29 04:00:00,31.0,70.47582088918256,
Chennai,2025-05-29 05:00:00,33.0,62.92958329531054,
Chennai,2025-05-29 06:00:00,34.8,46.34728534896258,1001.8
Chennai,2025-05-29 07:00:00,35.0,56.28299102683274,
Chennai,2025-05-29 08:00:00,36.0,53.25972513472508,
Chennai,2025-05-29 09:00:00,35.2,49.66137214526371,999.5
Chennai,2025-05-29 10:00:00,35.0,56.28299102683274,
Chennai,2025-05-29 11:00:00,35.0,56.28299102683274,
Chennai,2025-05-29 12:00:00,34.0,50.879846925795135,998.9
Chennai,2025-05-29 13:00:00,34.0,59.50158303199722,
Chennai,2025-05-29 14:00:00,33.0,62.92958329531054,
Chennai,2025-05-29 15:00:00,32.6,58.47312526786792,1001.3
Chennai,2025-05-29 16:00:00,32.0,66.5821913857855,
Chennai,2025-05-29 17:00:00,32.0,66.5821913857855,
Chennai,2025-05-29 18:00:00,31.2,63.301037088202364,1001.7
Chennai,2025-05-29 19:00:00,30.0,74.62820502423824,
Chennai,2025-05-29 20:00:00,30.0,74.62820502423824,
Chennai,2025-05-29 21:00:00,30.0,69.03626644470846,1000.3
Chennai,2025-05-29 22:00:00,30.0,70.29306142592459,
Chennai,2025-05-29 23:00:00,29.0,74.46601257025355,
Chennai,2025-05-30 00:00:00,29.0,66.78535949708609,1001.1
Chennai,2025-05-30 01:00:00,29.0,74.46601257025355,
Chennai,2025-05-30 02:00:00,30.0,70.29306142592459,
Chennai,2025-05-30 03:00:00,29.6,67.31212756795189,1002.4
Chennai,2025-05-30 04:00:00,31.0,66.3818887938788,
Chennai,2025-05-30 05:00:00,32.0,66.5821913857855,
Chennai,2025-05-30 06:00:00,32.0,57.981228496846505,1002.8
Chennai,2025-05-30 07:00:00,32.0,66.5821913857855,
Chennai,2025-05-30 08:00:00,33.0,66.78088716309055,
Chennai,2025-05-30 09:00:00,27.6,92.09950049107172,1001.6
Chennai,2025-05-30 10:00:00,28.0,83.78747242805218,
Chennai,2025-05-30 11:00:00,27.0,83.67695517522091,
Chennai,2025-05-30 12:00:00,28.0,93.76280556198172,1001.5
Chennai,2025-05-30 13:00:00,26.0,88.7589455109383,
Chennai,2025-05-30 14:00:00,27.0,83.67695517522091,
Chennai,2025-05-30 15:00:00,25.8,94.78867673105134,1003.8
Chennai,2025-05-30 16:00:00,27.0,88.83751596451742,
Chennai,2025-05-30 17:00:00,26.0,88.7589455109383,
Chennai,2025-05-30 18:00:00,26.0,88.7589455109383,
Chennai,2025-05-30 19:00:00,27.0,88.83751596451742,
Chennai,2025-05-30 20:00:00,27.0,88.83751596451742,
Chennai,2025-05-30 21:00:00,26.0,92.00888400052642,1003.1
Chennai,2025-05-30 22:00:00,28.0,83.78747242805218,
Chennai,2025-05-30 23:00:00,28.0,83.78747242805218,
Chennai,2025-05-31 00:00:00,26.6,84.13765842724912,1004.1
Chennai,2025-05-31 01:00:00,28.0,83.78747242805218,
Chennai,2025-05-31 02:00:00,29.0,79.0585121873896,
Chennai,2025-05-31 03:00:00,30.0,64.98787314987105,1005.8
Chennai,2025-05-31 04:00:00,32.0,66.5821913857855,
Chennai,2025-05-31 05:00:00,33.0,66.78088716309055,
Chennai,2025-05-31 06:00:00,34.0,52.76574284376031,1005.6
Chennai,2025-05-31 07:00:00,35.0,59.72752203563765,
Chennai,2025-05-31 08:00:00,35.0,59.72752203563765,
Chennai,2025-05-31 09:00:00,36.2,45.87258435676028,1003.9
Chennai,2025-05-31 10:00:00,36.0,56.5192316286057,
Chennai,2025-05-31 11:00:00,36.0,53.25972513472508,
Chennai,2025-05-31 12:00:00,34.4,57.499557963952576,1003.5
Chennai,2025-05-31 13:00:00,33.0,66.78088716309055,
Chennai,2025-05-31 14:00:00,32.0,74.94828132337592,
Chennai,2025-05-31 15:00:00,31.0,78.40390010984709,1004.8
Chennai,2025-05-31 16:00:00,31.0,79.33114757208126,
Chennai,2025-05-31 17:00:00,31.0,79.33114757208126,
Chennai,2025-05-31 18:00:00,30.0,82.53623329490637,1005.9
Chennai,2025-05-31 19:00:00,30.0,84.00528111799692,
Chennai,2025-05-31 20:00:00,30.0,79.1954670273341,
Chennai,2025-05-31 21:00:00,29.2,73.60956501820533,1004.9
Chennai,2025-05-31 22:00:00,30.0,74.62820502423824,
Chennai,2025-05-31 23:00:00,29.0,74.46601257025355,
Chennai,2025-06-01 00:00:00,29.0,66.78535949708609,1005.7
Chennai,2025-06-01 01:00:00,29.0,74.46601257025355,
Chennai,2025-06-01 02:00:00,30.0,70.29306142592459,
Chennai,2025-06-01 03:00:00,31.2,61.04527320720593,1007.8
Chennai,2025-06-01 04:00:00,33.0,62.92958329531054,
Chennai,2025-06-01 05:00:00,34.0,59.50158303199722,
Chennai,2025-06-01 06:00:00,35.2,45.8888450476227,1006.9
Chennai,2025-06-01 07:00:00,36.0,50.16587400443515,
Chennai,2025-06-01 08:00:00,37.0,50.41873224708425,
Chennai,2025-06-01 09:00:00,38.0,41.07815749378226,1004.6
Chennai,2025-06-01 10:00:00,38.0,47.747907370107505,
Chennai,2025-06-01 11:00:00,38.0,47.747907370107505,
Chennai,2025-06-01 12:00:00,36.6,48.832792621081225,1004.3
Chennai,2025-06-01 13:00:00,34.0,63.14309255534474,
Chennai,2025-06-01 14:00:00,33.0,70.83672096419855,
Chennai,2025-06-01 15:00:00,31.2,76.157651318818,1005.9
Chennai,2025-06-01 16:00:00,32.0,74.94828132337592,
Chennai,2025-06-01 17:00:00,32.0,74.94828132337592,
Chennai,2025-06-01 18:00:00,30.6,75.61652127297627,1007.4
Chennai,2025-06-01 19:00:00,31.0,79.33114757208126,
Chennai,2025-06-01 20:00:00,30.0,84.00528111799692,
Chennai,2025-06-01 21:00:00,30.2,76.91200889831605,1006.0
Chennai,2025-06-01 22:00:00,30.0,84.00528111799692,
Chennai,2025-06-01 23:00:00,29.0,83.89690993013956,
Chennai,2025-06-02 00:00:00,29.0,77.65543578652992,1006.4
Chennai,2025-06-02 01:00:00,30.0,66.17996487728405,
Chennai,2025-06-02 02:00:00,31.0,62.49764883972529,
Chennai,2025-06-02 03:00:00,32.6,52.73766518450572,1007.9
Chennai,2025-06-02 04:00:00,34.0,56.04514311511978,
Chennai,2025-06-02 05:00:00,35.0,53.01351873864528,
Chennai,2025-06-02 06:00:00,35.8,40.73714199718271,1006.5
Chennai,2025-06-02 07:00:00,37.0,47.48991405743266,
Chennai,2025-06-02 08:00:00,37.0,47.48991405743266,
Chennai,2025-06-02 09:00:00,37.8,41.77941499803934,1004.3
Chennai,2025-06-02 10:00:00,37.0,47.48991405743266,
Chennai,2025-06-02 11:00:00,37.0,50.41873224708425,
Chennai,2025-06-02 12:00:00,34.8,52.64629722905695,1004.2
Chennai,2025-06-02 13:00:00,33.0,66.78088716309055,
Chennai,2025-06-02 14:00:00,33.0,66.78088716309055,
Chennai,2025-06-02 15:00:00,31.6,66.1056160585513,1006.5
Chennai,2025-06-02 16:00:00,32.0,70.6570356447408,
Chennai,2025-06-02 17:00:00,31.0,79.33114757208126,
Chennai,2025-06-02 18:00:00,30.6,75.61652127297627,1007.0
Chennai,2025-06-02 19:00:00,31.0,79.33114757208126,
Chennai,2025-06-02 20:00:00,31.0,74.7889561009917,
Chennai,2025-06-02 22:00:00,30.0,74.62820502423824,
Chennai,2025-06-02 23:00:00,30.0,74.62820502423824,
Chennai,2025-06-03 00:00:00,29.4,67.27251207661499,1006.7
Chennai,2025-06-03 01:00:00,29.0,74.46601257025355,
Chennai,2025-06-03 02:00:00,31.0,62.49764883972529,
Chennai,2025-06-03 03:00:00,32.4,52.68765751422521,1007.9
Chennai,2025-06-03 04:00:00,34.0,56.04514311511978,
Chennai,2025-06-03 05:00:00,35.0,49.91150957114025,
Chennai,2025-06-03 06:00:00,36.0,40.791130956418186,1007.2
Chennai,2025-06-03 07:00:00,36.0,50.16587400443515,
Chennai,2025-06-03 08:00:00,37.0,50.41873224708425,
Chennai,2025-06-03 09:00:00,37.2,41.11405443334469,1004.5
Chennai,2025-06-03 10:00:00,36.0,50.16587400443515,
Chennai,2025-06-03 11:00:00,36.0,50.16587400443515,
Chennai,2025-06-03 12:00:00,36.8,44.38835366041097,1003.8
Chennai,2025-06-03 13:00:00,34.0,63.14309255534474,
Chennai,2025-06-03 14:00:00,30.0,74.62820502423824,
Chennai,2025-06-03 15:00:00,28.0,92.12191734434786,1006.3
Chennai,2025-06-03 16:00:00,31.0,74.7889561009917,
Chennai,2025-06-03 17:00:00,31.0,79.33114757208126,
Chennai,2025-06-03 18:00:00,29.8,81.06459831337503,1007.4
Chennai,2025-06-03 19:00:00,30.0,79.1954670273341,
Chennai,2025-06-03 20:00:00,30.0,74.62820502423824,
Chennai,2025-06-03 21:00:00,29.2,70.99802751141195,1006.2
Chennai,2025-06-03 22:00:00,30.0,74.62820502423824,
Chennai,2025-06-03 23:00:00,29.0,79.0585121873896,
Chennai,2025-06-04 00:00:00,28.6,76.21281246926864,1007.0
Chennai,2025-06-04 01:00:00,29.0,79.0585121873896,
Chennai,2025-06-04 02:00:00,30.0,74.62820502423824,
Chennai,2025-06-04 03:00:00,31.4,62.20792223032527,1008.5
Chennai,2025-06-04 04:00:00,34.0,56.04514311511978,
Chennai,2025-06-04 05:00:00,35.0,53.01351873864528,
Chennai,2025-06-04 06:00:00,35.4,44.83281126238255,1007.4
Chennai,2025-06-04 07:00:00,36.0,50.16587400443515,
Chennai,2025-06-04 08:00:00,37.0,47.48991405743266,
Chennai,2025-06-04 09:00:00,37.6,37.83597623983439,1005.2
Chennai,2025-06-04 10:00:00,36.0,53.25972513472508,
Chennai,2025-06-04 11:00:00,35.0,56.28299102683274,
Chennai,2025-06-04 12:00:00,33.8,61.62000418347626,1004.6
Chennai,2025-06-04 13:00:00,33.0,66.78088716309055,
Chennai,2025-06-04 14:00:00,30.0,70.29306142592459,
Chennai,2025-06-04 15:00:00,30.4,65.07093044891502,1006.7
Chennai,2025-06-04 16:00:00,31.0,79.33114757208126,
Chennai,2025-06-04 17:00:00,31.0,84.11259923098856,
Chennai,2025-06-04 18:00:00,30.6,74.28243957799879,1007.9
Chennai,2025-06-04 19:00:00,31.0,74.7889561009917,
Chennai,2025-06-04 20:00:00,31.0,79.33114757208126,
Chennai,2025-06-04 21:00:00,30.0,67.39116386417841,1005.9
Chennai,2025-06-04 22:00:00,30.0,84.00528111799692,
Chennai,2025-06-04 23:00:00,29.0,79.0585121873896,
Chennai,2025-06-05 00:00:00,29.0,76.27419595958764,1007.0
Chennai,2025-06-05 01:00:00,30.0,79.1954670273341,
Chennai,2025-06-05 02:00:00,31.0,70.47582088918256,
Chennai,2025-06-05 03:00:00,32.0,54.55620730373795,1008.7
Chennai,2025-06-05 04:00:00,33.0,55.80567844118911,
Chennai,2025-06-05 05:00:00,34.0,52.76574284376031,
Chennai,2025-06-05 06:00:00,35.4,44.01674985155224,1007.8
Chennai,2025-06-05 07:00:00,36.0,50.16587400443515,
Chennai,2025-06-05 08:00:00,37.0,47.48991405743266,
Chennai,2025-06-05 09:00:00,37.0,43.64011479942673,1005.4
Chennai,2025-06-05 10:00:00,37.0,47.48991405743266,
Chennai,2025-06-05 11:00:00,35.0,53.01351873864528,
Chennai,2025-06-05 12:00:00,34.5,45.704096128433925,1005.3
Chennai,2025-06-05 13:00:00,33.0,59.27401124880875,
Chennai,2025-06-05 14:00:00,33.0,62.92958329531054,
Chennai,2025-06-05 15:00:00,31.5,68.90726770553644,1007.6
Chennai,2025-06-05 16:00:00,32.0,70.6570356447408,
Chennai,2025-06-05 17:00:00,32.0,70.6570356447408,
Chennai,2025-06-05 18:00:00,30.8,70.01988787206955,1008.5
Chennai,2025-06-05 19:00:00,31.0,74.7889561009917,
Chennai,2025-06-05 20:00:00,31.0,74.7889561009917,
Chennai,2025-06-05 21:00:00,30.2,77.36937390933495,1007.5
Chennai,2025-06-05 22:00:00,30.0,84.00528111799692,
Chennai,2025-06-05 23:00:00,30.0,84.00528111799692,
Chennai,2025-06-06 00:00:00,29.4,77.71354294293734,1008.3
Chennai,2025-06-06 01:00:00,30.0,79.1954670273341,
Chennai,2025-06-06 02:00:00,31.0,74.7889561009917,
Chennai,2025-06-06 03:00:00,31.0,65.58856385714532,1008.6
Chennai,2025-06-06 04:00:00,33.0,66.78088716309055,
Chennai,2025-06-06 05:00:00,34.0,66.97799053247137,
Chennai,2025-06-06 06:00:00,35.4,50.9259925271208,1008.0
Chennai,2025-06-06 07:00:00,36.0,53.25972513472508,
Chennai,2025-06-06 08:00:00,37.0,50.41873224708425,
Chennai,2025-06-06 09:00:00,36.6,54.044002417811576,1005.5
Chennai,2025-06-06 10:00:00,36.0,59.95183966647327,
Chennai,2025-06-06 11:00:00,36.0,59.95183966647327,
Chennai,2025-06-06 12:00:00,34.0,63.89432970526357,1004.7
Chennai,2025-06-06 13:00:00,34.0,66.97799053247137,
Chennai,2025-06-06 14:00:00,33.0,70.83672096419855,
Chennai,2025-06-06 15:00:00,31.8,71.04055669606059,1007.4
Chennai,2025-06-06 16:00:00,32.0,79.46556860628449,
Chennai,2025-06-06 17:00:00,31.0,84.11259923098856,
Chennai,2025-06-06 18:00:00,31.4,76.18814229624397,1008.6
Chennai,2025-06-06 19:00:00,30.0,70.29306142592459,
Chennai,2025-06-06 20:00:00,31.0,70.47582088918256,
Chennai,2025-06-06 21:00:00,30.6,69.14973459026399,1007.4
Chennai,2025-06-06 22:00:00,31.0,74.7889561009917,
Chennai,2025-06-06 23:00:00,29.0,79.0585121873896,
Chennai,2025-06-07 00:00:00,29.4,68.50651160978764,1008.0
Chennai,2025-06-07 01:00:00,30.0,74.62820502423824,
Chennai,2025-06-07 02:00:00,30.0,79.1954670273341,
Chennai,2025-06-07 03:00:00,30.4,69.11197515651446,1009.2
Chennai,2025-06-07 04:00:00,30.0,84.00528111799692,
Chennai,2025-06-07 05:00:00,33.0,70.83672096419855,
Chennai,2025-06-07 06:00:00,35.2,49.66137214526371,1008.0
Chennai,2025-06-07 07:00:00,36.0,53.25972513472508,
Chennai,2025-06-07 08:00:00,36.0,56.5192316286057,
Chennai,2025-06-07 09:00:00,37.6,38.777389609655614,1005.5
Chennai,2025-06-07 10:00:00,37.0,50.41873224708425,
Chennai,2025-06-07 11:00:00,38.0,47.747907370107505,
Chennai,2025-06-07 12:00:00,37.8,43.588141538408586,1004.6
Chennai,2025-06-07 13:00:00,36.0,53.25972513472508,
Chennai,2025-06-07 14:00:00,35.0,56.28299102683274,
Chennai,2025-06-07 15:00:00,33.0,65.60442666205464,1006.1
Chennai,2025-06-07 16:00:00,32.0,74.94828132337592,
Chennai,2025-06-07 17:00:00,32.0,74.94828132337592,
Chennai,2025-06-07 18:00:00,31.2,72.20890765279174,1007.1
Chennai,2025-06-07 19:00:00,31.0,79.33114757208126,
Chennai,2025-06-07 20:00:00,31.0,79.33114757208126,
Chennai,2025-06-07 21:00:00,30.2,81.1147334710309,1005.6
Chennai,2025-06-07 22:00:00,30.0,84.00528111799692,
Chennai,2025-06-07 23:00:00,30.0,79.1954670273341,
Chennai,2025-06-08 00:00:00,29.4,77.71354294293734,1006.4
Chennai,2025-06-08 01:00:00,29.0,83.89690993013956,
Chennai,2025-06-08 02:00:00,31.0,74.7889561009917,
Chennai,2025-06-08 03:00:00,32.8,56.43711760467723,1007.2
Chennai,2025-06-08 04:00:00,34.0,59.50158303199722,
Chennai,2025-06-08 05:00:00,35.0,56.28299102683274,
Chennai,2025-06-08 06:00:00,36.8,44.38835366041097,1006.1
Chennai,2025-06-08 07:00:00,37.0,50.41873224708425,
Chennai,2025-06-08 08:00:00,38.0,47.747907370107505,
Chennai,2025-06-08 09:00:00,37.0,47.48991405743266,1004.1
Chennai,2025-06-08 10:00:00,29.0,74.46601257025355,
Chennai,2025-06-08 15:00:00,29.4,68.50651160978764,1006.6
Chennai,2025-06-08 16:00:00,29.0,74.46601257025355,
Chennai,2025-06-08 17:00:00,29.0,74.46601257025355,
Chennai,2025-06-08 18:00:00,29.4,64.46861316110979,1006.3
Chennai,2025-06-08 19:00:00,29.0,74.46601257025355,
Chennai,2025-06-08 20:00:00,29.0,74.46601257025355,
Chennai,2025-06-08 21:00:00,28.6,73.50891633549199,1005.0
Chennai,2025-06-08 22:00:00,28.0,83.78747242805218,
Chennai,2025-06-08 23:00:00,28.0,83.78747242805218,
Chennai,2025-06-09 00:00:00,28.2,74.33521026919057,1005.4
Chennai,2025-06-09 01:00:00,29.0,74.46601257025355,
Chennai,2025-06-09 02:00:00,29.0,79.0585121873896,
Chennai,2025-06-09 03:00:00,31.2,63.301037088202364,1006.2
Chennai,2025-06-09 04:00:00,33.0,62.92958329531054,
Chennai,2025-06-09 05:00:00,34.0,59.50158303199722,
Chennai,2025-06-09 06:00:00,36.0,46.37973350596264,1005.3
Chennai,2025-06-09 07:00:00,36.0,53.25972513472508,
Chennai,2025-06-09 08:00:00,37.0,50.41873224708425,
Chennai,2025-06-09 09:00:00,38.2,38.46606569671515,1002.6
Chennai,2025-06-09 10:00:00,31.0,66.3818887938788,
Chennai,2025-06-09 11:00:00,32.0,55.56458760321053,
Chennai,2025-06-09 12:00:00,32.0,54.55620730373795,1002.5
Chennai,2025-06-09 13:00:00,32.0,66.5821913857855,
Chennai,2025-06-09 14:00:00,32.0,66.5821913857855,
Chennai,2025-06-09 15:00:00,31.7,59.3343988816004,1004.2
Chennai,2025-06-09 16:00:00,31.0,66.3818887938788,
Chennai,2025-06-09 17:00:00,31.0,66.3818887938788,
Chennai,2025-06-09 18:00:00,30.4,63.899688803812836,1004.0
Chennai,2025-06-09 20:00:00,29.0,74.46601257025355,
Chennai,2025-06-09 21:00:00,29.2,68.46797755568882,1002.1
Chennai,2025-06-09 22:00:00,29.0,74.46601257025355,
Chennai,2025-06-09 23:00:00,28.0,78.9202680701639,
Chennai,2025-06-10 00:00:00,28.0,75.66221487345534,1002.1
Chennai,2025-06-10 01:00:00,28.0,78.9202680701639,
Chennai,2025-06-10 02:00:00,29.0,79.0585121873896,
Chennai,2025-06-10 03:00:00,31.6,60.03485302219658,1003.3
Chennai,2025-06-10 04:00:00,33.0,62.92958329531054,
Chennai,2025-06-10 05:00:00,35.0,56.28299102683274,
Chennai,2025-06-10 06:00:00,36.6,44.3354276416529,1001.7
Chennai,2025-06-10 07:00:00,36.0,53.25972513472508,
Chennai,2025-06-10 08:00:00,37.0,50.41873224708425,
Chennai,2025-06-10 09:00:00,38.2,40.38910915232585,1000.1
Chennai,2025-06-10 10:00:00,38.0,47.747907370107505,
Chennai,2025-06-10 12:00:00,27.2,82.70035172790627,1000.4
Chennai,2025-06-10 13:00:00,28.0,78.9202680701639,
Chennai,2025-06-10 14:00:00,28.0,78.9202680701639,
Chennai,2025-06-10 15:00:00,27.4,76.95386898986409,1001.8
Chennai,2025-06-10 16:00:00,28.0,78.9202680701639,
Chennai,2025-06-10 17:00:00,28.0,74.30236303611937,
Chennai,2025-06-10 18:00:00,28.0,71.64672861133928,1002.0
Chennai,2025-06-10 19:00:00,28.0,78.9202680701639,
Chennai,2025-06-10 20:00:00,27.0,83.67695517522091,
Chennai,2025-06-10 21:00:00,27.6,76.98390463811192,1000.7
Chennai,2025-06-10 22:00:00,28.0,78.9202680701639,
Chennai,2025-06-10 23:00:00,28.0,78.9202680701639,
Chennai,2025-06-11 00:00:00,27.4,79.79314536748959,1001.0
Chennai,2025-06-11 01:00:00,28.0,83.78747242805218,
Chennai,2025-06-11 02:00:00,29.0,79.0585121873896,
Chennai,2025-06-11 03:00:00,29.0,77.65543578652992,1002.5
Chennai,2025-06-11 04:00:00,30.0,74.62820502423824,
Chennai,2025-06-11 05:00:00,32.0,66.5821913857855,
Chennai,2025-06-11 06:00:00,33.6,53.632996598820334,1002.2
Chennai,2025-06-11 07:00:00,34.0,63.14309255534474,
Chennai,2025-06-11 08:00:00,35.0,59.72752203563765,
Chennai,2025-06-11 09:00:00,35.6,49.166526532934895,1000.0
Chennai,2025-06-11 10:00:00,35.0,56.28299102683274,
Chennai,2025-06-11 11:00:00,35.0,56.28299102683274,
Chennai,2025-06-11 12:00:00,35.0,49.01245956752089,999.0
Chennai,2025-06-11 13:00:00,34.0,63.14309255534474,
Chennai,2025-06-11 14:00:00,33.0,70.83672096419855,
Chennai,2025-06-11 15:00:00,30.6,71.67589990470815,1001.7
Chennai,2025-06-11 16:00:00,28.0,78.9202680701639,
Chennai,2025-06-11 17:00:00,28.0,78.9202680701639,
Chennai,2025-06-11 18:00:00,27.6,84.24549777703992,1003.0
Chennai,2025-06-11 19:00:00,27.0,88.83751596451742,
Chennai,2025-06-11 20:00:00,27.0,88.83751596451742,
Chennai,2025-06-12 03:00:00,29.0,74.46601257025355,1002.4
Chennai,2025-06-12 04:00:00,31.0,70.47582088918256,
Chennai,2025-06-12 05:00:00,34.0,59.50158303199722,
Chennai,2025-06-12 06:00:00,34.6,48.61266870807797,1001.8
Chennai,2025-06-12 07:00:00,34.0,59.50158303199722,
Chennai,2025-06-12 08:00:00,35.0,56.28299102683274,
Chennai,2025-06-12 09:00:00,36.4,44.013743193713786,999.7
Chennai,2025-06-12 10:00:00,35.0,56.28299102683274,
Chennai,2025-06-12 11:00:00,35.0,56.28299102683274,
Chennai,2025-06-12 12:00:00,32.6,64.36278271700262,999.0
Chennai,2025-06-12 13:00:00,31.0,74.7889561009917,
Chennai,2025-06-12 14:00:00,30.0,79.1954670273341,
Chennai,2025-06-12 15:00:00,30.6,72.96898936310727,1001.3
Chennai,2025-06-12 16:00:00,31.0,79.33114757208126,
Chennai,2025-06-12 17:00:00,28.0,83.78747242805218,
Chennai,2025-06-12 18:00:00,27.8,85.78717977072007,1003.1
Chennai,2025-06-12 19:00:00,27.0,88.83751596451742,
Chennai,2025-06-12 20:00:00,27.0,88.83751596451742,
Chennai,2025-06-12 21:00:00,27.0,85.7087986323302,1001.1
Chennai,2025-06-12 22:00:00,28.0,83.78747242805218,
Chennai,2025-06-12 23:00:00,28.0,83.78747242805218,
Chennai,2025-06-13 00:00:00,27.0,85.7087986323302,1001.6
Chennai,2025-06-13 01:00:00,28.0,83.78747242805218,
Chennai,2025-06-13 02:00:00,30.0,74.62820502423824,
Chennai,2025-06-13 03:00:00,31.6,61.8772256506775,1004.0
Chennai,2025-06-13 04:00:00,33.0,59.27401124880875,
Chennai,2025-06-13 05:00:00,35.0,53.01351873864528,
Chennai,2025-06-13 06:00:00,36.0,46.37973350596264,1002.6
Chennai,2025-06-13 07:00:00,36.0,53.25972513472508,
Chennai,2025-06-13 08:00:00,36.0,53.25972513472508,
Chennai,2025-06-13 09:00:00,37.0,43.64011479942673,1001.2
Chennai,2025-06-13 10:00:00,36.0,53.25972513472508,
Chennai,2025-06-13 11:00:00,36.0,53.25972513472508,
Chennai,2025-06-13 12:00:00,35.4,57.05144460973204,1000.4
Chennai,2025-06-13 13:00:00,33.0,66.78088716309055,
Chennai,2025-06-13 14:00:00,32.0,74.94828132337592,
Chennai,2025-06-13 15:00:00,31.2,74.82093472023674,1003.0
Chennai,2025-06-13 16:00:00,29.0,79.0585121873896,
Chennai,2025-06-13 17:00:00,28.0,83.78747242805218,
Chennai,2025-06-13 18:00:00,28.5,73.93705162982768,1003.8
Chennai,2025-06-13 19:00:00,29.0,79.0585121873896,
Chennai,2025-06-13 20:00:00,29.0,79.0585121873896,
Chennai,2025-06-13 21:00:00,27.8,79.36832881554842,1002.6
Chennai,2025-06-13 22:00:00,28.0,83.78747242805218,
Chennai,2025-06-13 23:00:00,28.0,83.78747242805218,
Chennai,2025-06-14 00:00:00,27.6,79.81995065848324,1002.7
Chennai,2025-06-14 01:00:00,29.0,79.0585121873896,
Chennai,2025-06-14 02:00:00,30.0,74.62820502423824,
Chennai,2025-06-14 03:00:00,31.6,66.1056160585513,1004.6
Chennai,2025-06-14 04:00:00,33.0,62.92958329531054,
Chennai,2025-06-14 05:00:00,34.0,59.50158303199722,
Chennai,2025-06-14 06:00:00,35.6,49.166526532934895,1003.7
Chennai,2025-06-14 07:00:00,35.0,56.28299102683274,
Chennai,2025-06-14 08:00:00,36.0,53.25972513472508,
Chennai,2025-06-14 09:00:00,37.0,43.64011479942673,1001.8
Chennai,2025-06-14 10:00:00,36.0,56.5192316286057,
Chennai,2025-06-14 11:00:00,36.0,56.5192316286057,
Chennai,2025-06-14 12:00:00,36.4,45.92506574150559,1001.0
Chennai,2025-06-14 13:00:00,34.0,63.14309255534474,
Chennai,2025-06-14 14:00:00,32.0,74.94828132337592,
Chennai,2025-06-14 15:00:00,31.6,72.27808999036708,1003.5
Chennai,2025-06-14 16:00:00,30.0,79.1954670273341,
Chennai,2025-06-14 17:00:00,29.0,74.46601257025355,
Chennai,2025-06-14 18:00:00,28.2,72.99821296932988,1004.4
Chennai,2025-06-14 19:00:00,29.0,74.46601257025355,
Chennai,2025-06-14 20:00:00,29.0,74.46601257025355,
Chennai,2025-06-14 21:00:00,29.0,74.46601257025355,
Chennai,2025-06-14 22:00:00,29.0,74.46601257025355,
Chennai,2025-06-14 23:00:00,29.0,74.46601257025355,
Chennai,2025-06-15 00:00:00,28.2,74.33521026919057,1003.0
Chennai,2025-06-15 01:00:00,29.0,74.46601257025355,
Chennai,2025-06-15 02:00:00,29.0,74.46601257025355,
Chennai,2025-06-15 03:00:00,30.1,63.06442896050136,1004.2
Chennai,2025-06-15 04:00:00,32.0,62.71443976755974,
Chennai,2025-06-15 05:00:00,33.0,62.92958329531054,
Chennai,2025-06-15 06:00:00,34.4,47.09995965271869,1003.6
Chennai,2025-06-15 07:00:00,35.0,53.01351873864528,
Chennai,2025-06-15 08:00:00,34.0,59.50158303199722,
Chennai,2025-06-15 09:00:00,34.8,50.4681130797898,1001.7
Chennai,2025-06-15 10:00:00,35.0,56.28299102683274,
Chennai,2025-06-15 11:00:00,34.0,59.50158303199722,
Chennai,2025-06-15 12:00:00,33.2,62.22651784699078,1001.4
Chennai,2025-06-15 13:00:00,32.0,70.6570356447408,
Chennai,2025-06-15 14:00:00,31.0,74.7889561009917,
Chennai,2025-06-15 15:00:00,31.0,76.1271052167908,1002.9
Chennai,2025-06-15 16:00:00,31.0,74.7889561009917,
Chennai,2025-06-15 17:00:00,30.0,74.62820502423824,
Chennai,2025-06-15 18:00:00,30.4,67.87721438855921,1004.6
Chennai,2025-06-15 19:00:00,30.0,70.29306142592459,
Chennai,2025-06-15 20:00:00,30.0,70.29306142592459,
Chennai,2025-06-15 21:00:00,28.4,70.42408506037569,1002.7
Chennai,2025-06-15 22:00:00,29.0,70.10874183711726,
Chennai,2025-06-15 23:00:00,28.0,74.30236303611937,
Chennai,2025-06-16 00:00:00,27.8,71.61107092213882,1003.6
Chennai,2025-06-16 01:00:00,28.0,74.30236303611937,
Chennai,2025-06-16 02:00:00,29.0,70.10874183711726,
Chennai,2025-06-16 03:00:00,29.5,62.169344715820365,1004.5
Chennai,2025-06-16 04:00:00,32.0,59.04479527455803,
Chennai,2025-06-16 05:00:00,33.0,55.80567844118911,
Chennai,2025-06-16 06:00:00,33.2,48.84635245467483,1003.9
Chennai,2025-06-16 07:00:00,34.0,56.04514311511978,
Chennai,2025-06-16 08:00:00,34.0,56.04514311511978,
Chennai,2025-06-16 09:00:00,34.4,47.971851880140846,1002.8
Chennai,2025-06-16 10:00:00,35.0,53.01351873864528,
Chennai,2025-06-16 11:00:00,35.0,53.01351873864528,
Chennai,2025-06-16 12:00:00,34.0,49.65563394804311,1002.3
Chennai,2025-06-16 13:00:00,33.0,59.27401124880875,
Chennai,2025-06-16 14:00:00,33.0,55.80567844118911,
Chennai,2025-06-16 15:00:00,31.4,69.71409411644107,1004.0
Chennai,2025-06-16 16:00:00,32.0,66.5821913857855,
Chennai,2025-06-16 17:00:00,32.0,59.04479527455803,
Chennai,2025-06-16 18:00:00,31.0,65.58856385714532,1005.3
Chennai,2025-06-16 19:00:00,31.0,62.49764883972529,
Chennai,2025-06-16 20:00:00,30.0,66.17996487728405,
Chennai,2025-06-16 22:00:00,29.0,70.10874183711726,
Chennai,2025-06-16 23:00:00,29.0,70.10874183711726,
Chennai,2025-06-17 00:00:00,28.6,66.70492848245004,1005.5
Chennai,2025-06-17 01:00:00,29.0,70.10874183711726,
Chennai,2025-06-17 02:00:00,30.0,66.17996487728405,
Chennai,2025-06-17 03:00:00,31.0,59.53505705723449,1006.9
Chennai,2025-06-17 04:00:00,32.0,62.71443976755974,
Chennai,2025-06-17 05:00:00,33.0,59.27401124880875,
Chennai,2025-06-17 06:00:00,35.2,44.77976864883668,1006.0
Chennai,2025-06-17 07:00:00,35.0,56.28299102683274,
Chennai,2025-06-17 08:00:00,36.0,53.25972513472508,
Chennai,2025-06-17 09:00:00,37.6,41.47296725483938,1003.7
Chennai,2025-06-17 10:00:00,37.0,50.41873224708425,
Chennai,2025-06-17 11:00:00,36.0,50.16587400443515,
Chennai,2025-06-17 12:00:00,35.6,49.166526532934895,1003.0
Chennai,2025-06-17 13:00:00,34.0,59.50158303199722,
Chennai,2025-06-17 14:00:00,34.0,59.50158303199722,
Chennai,2025-06-17 15:00:00,33.4,53.583679198134604,1005.7
Chennai,2025-06-17 16:00:00,33.0,62.92958329531054,
Chennai,2025-06-17 17:00:00,33.0,59.27401124880875,
Chennai,2025-06-17 18:00:00,32.0,59.04479527455803,1006.6
Chennai,2025-06-17 19:00:00,31.0,66.3818887938788,
Chennai,2025-06-17 20:00:00,31.0,66.3818887938788,
Chennai,2025-06-17 21:00:00,30.2,62.70350473078234,1005.2
Chennai,2025-06-17 22:00:00,30.0,66.17996487728405,
Chennai,2025-06-17 23:00:00,29.0,70.10874183711726,
Chennai,2025-06-18 00:00:00,29.2,64.42644761526883,1005.8
Chennai,2025-06-18 01:00:00,29.0,70.10874183711726,
Chennai,2025-06-18 02:00:00,30.0,70.29306142592459,
Chennai,2025-06-18 03:00:00,31.6,57.536305303603164,1007.4
Chennai,2025-06-18 04:00:00,33.0,59.27401124880875,
Chennai,2025-06-18 05:00:00,34.0,56.04514311511978,
Chennai,2025-06-18 06:00:00,35.6,45.160659019080256,1006.1
Chennai,2025-06-18 07:00:00,36.0,53.25972513472508,
Chennai,2025-06-18 08:00:00,37.0,50.41873224708425,
Chennai,2025-06-18 09:00:00,37.4,41.16770639461373,1003.8
Chennai,2025-06-18 10:00:00,37.0,50.41873224708425,
Chennai,2025-06-18 11:00:00,37.0,50.41873224708425,
Chennai,2025-06-18 12:00:00,36.4,45.92506574150559,1003.6
Chennai,2025-06-18 13:00:00,34.0,66.97799053247137,
Chennai,2025-06-18 14:00:00,32.0,70.6570356447408,
Chennai,2025-06-18 15:00:00,31.6,72.27808999036708,1005.6
Chennai,2025-06-18 16:00:00,31.0,74.7889561009917,
Chennai,2025-06-18 17:00:00,31.0,74.7889561009917,
Chennai,2025-06-18 18:00:00,30.6,74.28243957799879,1006.2
Chennai,2025-06-18 19:00:00,31.0,74.7889561009917,
Chennai,2025-06-18 20:00:00,31.0,70.47582088918256,
Chennai,2025-06-18 21:00:00,30.0,70.29306142592459,1004.5
Chennai,2025-06-18 22:00:00,30.0,70.29306142592459,
Chennai,2025-06-18 23:00:00,30.0,70.29306142592459,
Chennai,2025-06-19 00:00:00,29.2,69.72295309892432,1005.5
Chennai,2025-06-19 01:00:00,29.0,79.0585121873896,
Chennai,2025-06-19 02:00:00,30.0,74.62820502423824,
Chennai,2025-06-19 03:00:00,31.2,61.04527320720593,1007.0
Chennai,2025-06-19 04:00:00,33.0,55.80567844118911,
Chennai,2025-06-19 05:00:00,35.0,53.01351873864528,
Chennai,2025-06-19 06:00:00,35.8,40.73714199718271,1006.4
Chennai,2025-06-19 07:00:00,36.0,50.16587400443515,
Chennai,2025-06-19 08:00:00,36.0,50.16587400443515,
Chennai,2025-06-19 09:00:00,37.0,41.31216998440242,1003.7
Chennai,2025-06-19 10:00:00,37.0,47.48991405743266,
Chennai,2025-06-19 11:00:00,36.0,50.16587400443515,
Chennai,2025-06-19 12:00:00,36.6,43.26947320144839,1003.4
Chennai,2025-06-19 13:00:00,35.0,53.01351873864528,
Chennai,2025-06-19 14:00:00,34.0,63.14309255534474,
Chennai,2025-06-19 15:00:00,32.0,72.34703340707203,1005.7
Chennai,2025-06-19 16:00:00,31.0,79.33114757208126,
Chennai,2025-06-19 17:00:00,31.0,79.33114757208126,
Chennai,2025-06-19 18:00:00,30.5,77.8722359079542,1007.1
Chennai,2025-06-19 19:00:00,31.0,79.33114757208126,
Chennai,2025-06-19 20:00:00,30.0,84.00528111799692,
Chennai,2025-06-19 21:00:00,29.8,78.70017992928676,1005.9
Chennai,2025-06-19 22:00:00,30.0,79.1954670273341,
Chennai,2025-06-19 23:00:00,30.0,79.1954670273341,
Chennai,2025-06-20 00:00:00,29.0,76.27419595958764,1006.3
Chennai,2025-06-20 01:00:00,29.0,79.0585121873896,
Chennai,2025-06-20 02:00:00,31.0,66.3818887938788,
Chennai,2025-06-20 03:00:00,32.0,54.55620730373795,1007.5
Chennai,2025-06-20 04:00:00,33.0,59.27401124880875,
Chennai,2025-06-20 05:00:00,35.0,53.01351873864528,
Chennai,2025-06-20 06:00:00,35.6,41.44373316515145,1006.9
Chennai,2025-06-20 07:00:00,36.0,47.23049063882917,
Chennai,2025-06-20 08:00:00,37.0,47.48991405743266,
Chennai,2025-06-20 09:00:00,39.0,36.839620968431916,1003.9
Chennai,2025-06-20 10:00:00,38.0,44.974237081492554,
Chennai,2025-06-20 11:00:00,38.0,47.747907370107505,
Chennai,2025-06-20 12:00:00,37.2,41.87340030123058,1003.3
Chennai,2025-06-20 13:00:00,34.0,63.14309255534474,
Chennai,2025-06-20 14:00:00,33.0,66.78088716309055,
Chennai,2025-06-20 15:00:00,29.0,92.17754994106518,1006.2
Chennai,2025-06-20 16:00:00,32.0,74.94828132337592,
Chennai,2025-06-20 17:00:00,26.0,88.7589455109383,
Chennai,2025-06-20 18:00:00,26.2,85.62978692730046,1007.6
Chennai,2025-06-20 19:00:00,27.0,88.83751596451742,
Chennai,2025-06-20 20:00:00,27.0,88.83751596451742,
Chennai,2025-06-20 21:00:00,26.2,94.80376584735212,1005.8
Chennai,2025-06-20 22:00:00,28.0,83.78747242805218,
Chennai,2025-06-20 23:00:00,28.0,83.78747242805218,
Chennai,2025-06-21 00:00:00,26.4,93.69075623120435,1006.0
Chennai,2025-06-21 01:00:00,28.0,83.78747242805218,
Chennai,2025-06-21 02:00:00,29.0,79.0585121873896,
Chennai,2025-06-21 03:00:00,30.4,66.66180868247822,1007.8
Chennai,2025-06-21 04:00:00,31.0,70.47582088918256,
Chennai,2025-06-21 05:00:00,31.0,70.47582088918256,
Chennai,2025-06-21 06:00:00,32.2,56.98193041235249,1007.1
Chennai,2025-06-21 07:00:00,33.0,62.92958329531054,
Chennai,2025-06-21 08:00:00,34.0,59.50158303199722,
Chennai,2025-06-21 09:00:00,35.0,49.610234682009505,1004.9
Chennai,2025-06-21 10:00:00,35.0,56.28299102683274,
Chennai,2025-06-21 11:00:00,35.0,53.01351873864528,
Chennai,2025-06-21 12:00:00,35.0,44.726671478165436,1004.0
Chennai,2025-06-21 13:00:00,33.0,70.83672096419855,
Chennai,2025-06-21 14:00:00,32.0,70.6570356447408,
Chennai,2025-06-21 15:00:00,31.4,69.71409411644107,1006.1
Chennai,2025-06-21 16:00:00,31.0,74.7889561009917,
Chennai,2025-06-21 17:00:00,30.0,74.62820502423824,
Chennai,2025-06-21 18:00:00,29.5,75.89623996338017,1006.5
Chennai,2025-06-21 19:00:00,30.0,79.1954670273341,
Chennai,2025-06-21 20:00:00,30.0,79.1954670273341,
Chennai,2025-06-21 22:00:00,29.0,83.89690993013956,
Chennai,2025-06-21 23:00:00,29.0,79.0585121873896,
Chennai,2025-06-22 00:00:00,29.6,64.11896805335266,1004.8
Chennai,2025-06-22 01:00:00,29.0,74.46601257025355,
Chennai,2025-06-22 02:00:00,30.0,70.29306142592459,
Chennai,2025-06-22 03:00:00,31.2,61.04527320720593,1006.3
Chennai,2025-06-22 04:00:00,32.0,62.71443976755974,
Chennai,2025-06-22 05:00:00,33.0,59.27401124880875,
Chennai,2025-06-22 06:00:00,33.0,51.87931731051191,1006.1
Chennai,2025-06-22 07:00:00,33.0,62.92958329531054,
Chennai,2025-06-22 08:00:00,34.0,59.50158303199722,
Chennai,2025-06-22 09:00:00,34.6,49.20781804636321,1004.2
Chennai,2025-06-22 10:00:00,34.0,59.50158303199722,
Chennai,2025-06-22 11:00:00,35.0,53.01351873864528,
Chennai,2025-06-22 12:00:00,33.2,66.03479395995936,1003.0
Chennai,2025-06-22 13:00:00,32.0,74.94828132337592,
Chennai,2025-06-22 14:00:00,31.0,74.7889561009917,
Chennai,2025-06-22 15:00:00,31.0,76.1271052167908,1005.8
Chennai,2025-06-22 16:00:00,30.0,66.17996487728405,
Chennai,2025-06-22 17:00:00,28.0,78.9202680701639,
Chennai,2025-06-22 18:00:00,26.6,84.13765842724912,1008.0
Chennai,2025-06-22 19:00:00,26.0,83.5653445347348,
Chennai,2025-06-22 20:00:00,26.0,83.5653445347348,
Chennai,2025-06-22 21:00:00,25.6,88.72729010944434,1005.7
Chennai,2025-06-22 22:00:00,26.0,83.5653445347348,
Chennai,2025-06-22 23:00:00,26.0,88.7589455109383,
Chennai,2025-06-23 00:00:00,25.6,91.43570721258781,1005.1
Chennai,2025-06-23 01:00:00,26.0,88.7589455109383,
Chennai,2025-06-23 02:00:00,27.0,88.83751596451742,
Chennai,2025-06-23 03:00:00,27.5,83.73234961805122,1006.2
Chennai,2025-06-23 04:00:00,29.0,83.89690993013956,
Chennai,2025-06-23 05:00:00,30.0,70.29306142592459,
Chennai,2025-06-23 06:00:00,31.0,60.63128269788534,1005.5
Chennai,2025-06-23 07:00:00,32.0,62.71443976755974,
Chennai,2025-06-23 08:00:00,33.0,59.27401124880875,
Chennai,2025-06-23 09:00:00,33.5,52.00506525387822,1003.4
Chennai,2025-06-23 10:00:00,34.0,56.04514311511978,
Chennai,2025-06-23 11:00:00,33.0,62.92958329531054,
Chennai,2025-06-23 12:00:00,32.5,62.44723871738671,1002.6
Chennai,2025-06-23 13:00:00,32.0,66.5821913857855,
Chennai,2025-06-23 14:00:00,31.0,74.7889561009917,
Chennai,2025-06-23 15:00:00,30.1,74.20078815780448,1004.7
Chennai,2025-06-23 16:00:00,31.0,70.47582088918256,
Chennai,2025-06-23 17:00:00,31.0,70.47582088918256,
Chennai,2025-06-23 18:00:00,29.8,67.3516781237725,1005.0
Chennai,2025-06-23 19:00:00,30.0,70.29306142592459,
Chennai,2025-06-23 20:00:00,30.0,70.29306142592459,
Chennai,2025-06-23 21:00:00,28.9,61.65653531414264,1003.4
Chennai,2025-06-23 22:00:00,29.0,70.10874183711726,
Chennai,2025-06-23 23:00:00,29.0,70.10874183711726,
Chennai,2025-06-24 00:00:00,28.4,67.8977377259484,1004.0
Chennai,2025-06-24 01:00:00,29.0,70.10874183711726,
Chennai,2025-06-24 02:00:00,29.0,70.10874183711726,
Chennai,2025-06-24 03:00:00,29.4,64.46861316110979,1005.3
Chennai,2025-06-24 04:00:00,32.0,62.71443976755974,
Chennai,2025-06-24 05:00:00,33.0,59.27401124880875,
Chennai,2025-06-24 06:00:00,34.0,50.879846925795135,1004.4
Chennai,2025-06-24 07:00:00,35.0,53.01351873864528,
Chennai,2025-06-24 08:00:00,35.0,53.01351873864528,
Chennai,2025-06-24 09:00:00,36.4,41.15093514291351,1002.1
Chennai,2025-06-24 10:00:00,36.0,47.23049063882917,
Chennai,2025-06-24 11:00:00,36.0,47.23049063882917,
Chennai,2025-06-24 12:00:00,35.8,40.73714199718271,1001.2
Chennai,2025-06-24 13:00:00,35.0,49.91150957114025,
Chennai,2025-06-24 14:00:00,34.0,52.76574284376031,
Chennai,2025-06-24 15:00:00,33.2,49.14728523903349,1003.1
Chennai,2025-06-24 16:00:00,33.0,55.80567844118911,
Chennai,2025-06-24 17:00:00,32.0,59.04479527455803,
Chennai,2025-06-24 18:00:00,32.0,52.26545370306257,1004.2
Chennai,2025-06-24 19:00:00,31.0,62.49764883972529,
Chennai,2025-06-24 20:00:00,31.0,62.49764883972529,
Chennai,2025-06-24 21:00:00,30.0,58.58138510397075,1002.6
Chennai,2025-06-24 22:00:00,30.0,62.279197326402645,
Chennai,2025-06-24 23:00:00,30.0,62.279197326402645,
Chennai,2025-06-25 00:00:00,29.6,60.68601439855552,1003.3
Chennai,2025-06-25 01:00:00,30.0,66.17996487728405,
Chennai,2025-06-25 02:00:00,30.0,66.17996487728405,
Chennai,2025-06-25 03:00:00,30.0,63.8146323928593,1005.6
Chennai,2025-06-25 04:00:00,31.0,66.3818887938788,
Chennai,2025-06-25 05:00:00,31.0,66.3818887938788,
Chennai,2025-06-25 06:00:00,33.0,59.27401124880875,
Chennai,2025-06-25 07:00:00,33.0,59.27401124880875,
Chennai,2025-06-25 08:00:00,33.0,59.27401124880875,
Chennai,2025-06-25 09:00:00,33.6,52.66619140083634,1003.3
Chennai,2025-06-25 10:00:00,34.0,56.04514311511978,
Chennai,2025-06-25 11:00:00,33.0,59.27401124880875,
Chennai,2025-06-25 12:00:00,33.0,55.468825283877344,1001.5
Chennai,2025-06-25 13:00:00,32.0,70.6570356447408,
Chennai,2025-06-25 14:00:00,31.0,70.47582088918256,
Chennai,2025-06-25 15:00:00,31.0,68.81248386416608,1003.9
Chennai,2025-06-25 16:00:00,32.0,62.71443976755974,
Chennai,2025-06-25 17:00:00,31.0,66.3818887938788,
Chennai,2025-06-25 18:00:00,30.8,61.70099247044744,1004.2
Chennai,2025-06-25 19:00:00,30.0,66.17996487728405,
Chennai,2025-06-25 20:00:00,30.0,66.17996487728405,
Chennai,2025-06-25 21:00:00,29.5,64.48967096870717,1003.5
Chennai,2025-06-25 22:00:00,30.0,66.17996487728405,
Chennai,2025-06-25 23:00:00,29.0,70.10874183711726,
Chennai,2025-06-26 00:00:00,29.2,66.82547661101904,1004.2
Chennai,2025-06-26 01:00:00,29.0,70.10874183711726,
Chennai,2025-06-26 02:00:00,30.0,66.17996487728405,
Chennai,2025-06-26 03:00:00,30.6,63.94211751218886,1006.2
Chennai,2025-06-26 04:00:00,32.0,66.5821913857855,
Chennai,2025-06-26 05:00:00,33.0,59.27401124880875,
Chennai,2025-06-26 06:00:00,34.4,50.981169991683494,1005.4
Chennai,2025-06-26 07:00:00,35.0,53.01351873864528,
Chennai,2025-06-26 08:00:00,36.0,50.16587400443515,
Chennai,2025-06-26 09:00:00,36.0,42.58451355254139,1003.6
Chennai,2025-06-26 10:00:00,36.0,50.16587400443515,
Chennai,2025-06-26 11:00:00,35.0,53.01351873864528,
Chennai,2025-06-26 12:00:00,35.2,46.73637773077028,1002.9
Chennai,2025-06-26 13:00:00,34.0,63.14309255534474,
Chennai,2025-06-26 14:00:00,32.0,74.94828132337592,
Chennai,2025-06-26 15:00:00,31.2,76.157651318818,1004.5
Chennai,2025-06-26 16:00:00,31.0,79.33114757208126,
Chennai,2025-06-26 17:00:00,31.0,79.33114757208126,
Chennai,2025-06-26 18:00:00,30.4,82.58284223811447,1005.2
Chennai,2025-06-26 19:00:00,30.0,84.00528111799692,
Chennai,2025-06-26 20:00:00,30.0,79.1954670273341,
Chennai,2025-06-26 21:00:00,29.6,74.118773297339,1004.3
Chennai,2025-06-26 22:00:00,29.0,79.0585121873896,
Chennai,2025-06-26 23:00:00,29.0,74.46601257025355,
Chennai,2025-06-27 00:00:00,29.0,67.6029912702051,1004.8
Chennai,2025-06-27 01:00:00,29.0,74.46601257025355,
Chennai,2025-06-27 02:00:00,30.0,70.29306142592459,
Chennai,2025-06-27 03:00:00,31.2,57.44189089337356,1006.2
Chennai,2025-06-27 04:00:00,33.0,55.80567844118911,
Chennai,2025-06-27 05:00:00,34.0,52.76574284376031,
Chennai,2025-06-27 06:00:00,36.0,42.58451355254139,1005.8
Chennai,2025-06-27 07:00:00,36.0,50.16587400443515,
Chennai,2025-06-27 08:00:00,37.0,47.48991405743266,
Chennai,2025-06-27 09:00:00,37.2,39.38899905609476,1003.9
Chennai,2025-06-27 10:00:00,37.0,47.48991405743266,
Chennai,2025-06-27 11:00:00,37.0,47.48991405743266,
Chennai,2025-06-27 12:00:00,37.0,41.81986488052018,1003.3
Chennai,2025-06-27 13:00:00,33.0,66.78088716309055,
Chennai,2025-06-27 14:00:00,32.0,70.6570356447408,
Chennai,2025-06-27 15:00:00,32.0,67.38029965170892,1005.2
Chennai,2025-06-27 16:00:00,31.0,79.33114757208126,
Chennai,2025-06-27 17:00:00,31.0,79.33114757208126,
Chennai,2025-06-27 18:00:00,30.8,77.00117625197225,1006.2
Chennai,2025-06-27 19:00:00,31.0,79.33114757208126,
Chennai,2025-06-27 20:00:00,31.0,70.47582088918256,
Chennai,2025-06-27 21:00:00,30.4,62.74695361986276,1005.3
Chennai,2025-06-27 22:00:00,30.0,70.29306142592459,
Chennai,2025-06-27 23:00:00,30.0,70.29306142592459,
Chennai,2025-06-28 00:00:00,30.0,61.14896099495759,1005.4
Chennai,2025-06-28 01:00:00,30.0,70.29306142592459,
Chennai,2025-06-28 02:00:00,30.0,70.29306142592459,
Chennai,2025-06-28 03:00:00,31.4,56.79173434463173,1007.0
Chennai,2025-06-28 04:00:00,33.0,59.27401124880875,
Chennai,2025-06-28 05:00:00,34.0,56.04514311511978,
Chennai,2025-06-28 06:00:00,35.1,44.20746584225359,1006.1
Chennai,2025-06-28 07:00:00,36.0,50.16587400443515,
Chennai,2025-06-28 08:00:00,36.0,50.16587400443515,
Chennai,2025-06-28 09:00:00,37.0,43.64011479942673,1004.1
Chennai,2025-06-28 10:00:00,37.0,50.41873224708425,
Chennai,2025-06-28 11:00:00,37.0,47.48991405743266,
Chennai,2025-06-28 12:00:00,37.0,43.64011479942673,1002.9
Chennai,2025-06-28 13:00:00,34.0,63.14309255534474,
Chennai,2025-06-28 14:00:00,33.0,66.78088716309055,
Chennai,2025-06-28 15:00:00,32.0,63.85356133058713,1004.7
Chennai,2025-06-28 16:00:00,32.0,74.94828132337592,
Chennai,2025-06-28 17:00:00,31.0,74.7889561009917,
Chennai,2025-06-28 18:00:00,30.6,78.34767637456054,1006.1
Chennai,2025-06-28 19:00:00,30.0,74.62820502423824,
Chennai,2025-06-28 20:00:00,30.0,70.29306142592459,
Chennai,2025-06-28 21:00:00,29.6,64.51071215170371,1004.3
Chennai,2025-06-28 22:00:00,29.0,74.46601257025355,
Chennai,2025-06-28 23:00:00,29.0,74.46601257025355,
Chennai,2025-06-29 00:00:00,29.4,63.298643541066646,1004.2
Chennai,2025-06-29 01:00:00,30.0,66.17996487728405,
Chennai,2025-06-29 02:00:00,30.0,66.17996487728405,
Chennai,2025-06-29 03:00:00,31.6,55.46769384647515,1005.8
Chennai,2025-06-29 04:00:00,33.0,55.80567844118911,
Chennai,2025-06-29 05:00:00,34.0,52.76574284376031,
Chennai,2025-06-29 06:00:00,34.6,45.17243194873731,1004.8
Chennai,2025-06-29 07:00:00,36.0,50.16587400443515,
Chennai,2025-06-29 08:00:00,37.0,47.48991405743266,
Chennai,2025-06-29 09:00:00,38.5,35.8130114134098,1002.4
Chennai,2025-06-29 10:00:00,38.0,44.974237081492554,
Chennai,2025-06-29 11:00:00,38.0,44.974237081492554,
Chennai,2025-06-29 12:00:00,37.0,48.35250304538567,1002.0
Chennai,2025-06-29 13:00:00,35.0,49.91150957114025,
Chennai,2025-06-29 14:00:00,34.0,63.14309255534474,
Chennai,2025-06-29 15:00:00,33.0,65.60442666205464,1004.0
Chennai,2025-06-29 16:00:00,34.0,56.04514311511978,
Chennai,2025-06-29 17:00:00,32.0,70.6570356447408,
Chennai,2025-06-29 18:00:00,31.8,65.35956383382464,1005.0
Chennai,2025-06-29 19:00:00,32.0,62.71443976755974,
Chennai,2025-06-29 20:00:00,32.0,62.71443976755974,
Chennai,2025-06-29 21:00:00,31.5,55.7837118359496,1003.8
Chennai,2025-06-29 22:00:00,31.0,58.81392369643709,
Chennai,2025-06-29 23:00:00,31.0,58.81392369643709,
Chennai,2025-06-30 00:00:00,30.4,56.552501126573276,1003.8
Chennai,2025-06-30 01:00:00,30.0,62.279197326402645,
Chennai,2025-06-30 02:00:00,31.0,58.81392369643709,
Chennai,2025-06-30 03:00:00,31.4,50.52742024257406,1005.4
Chennai,2025-06-30 04:00:00,32.0,55.56458760321053,
Chennai,2025-06-30 05:00:00,34.0,49.65563394804311,
Chennai,2025-06-30 06:00:00,34.6,44.07412084316889,1005.3
Chennai,2025-06-30 07:00:00,34.0,49.65563394804311,
Chennai,2025-06-30 08:00:00,35.0,49.91150957114025,
Chennai,2025-06-30 09:00:00,37.0,36.524784215721255,1002.8
Chennai,2025-06-30 10:00:00,37.0,44.7111106073837,
Chennai,2025-06-30 11:00:00,36.0,50.16587400443515,
Chennai,2025-06-30 12:00:00,35.4,45.10776278964171,1001.8
Chennai,2025-06-30 13:00:00,34.0,56.04514311511978,
Chennai,2025-06-30 14:00:00,33.0,66.78088716309055,
Chennai,2025-06-30 15:00:00,32.2,69.03930501374236,1004.6
Chennai,2025-06-30 16:00:00,32.0,74.94828132337592,
Chennai,2025-06-30 17:00:00,33.0,66.78088716309055,
Chennai,2025-06-30 18:00:00,32.0,60.12540926930006,1005.1
Chennai,2025-06-30 19:00:00,31.0,66.3818887938788,
Chennai,2025-06-30 20:00:00,31.0,62.49764883972529,
Chennai,2025-06-30 21:00:00,30.8,59.48920941788979,1004.3
Chennai,2025-06-30 22:00:00,31.0,62.49764883972529,
Chennai,2025-06-30 23:00:00,31.0,62.49764883972529,
Chennai,2025-07-01 00:00:00,30.4,57.95960848703658,1004.7
Chennai,2025-07-01 01:00:00,30.0,66.17996487728405,
Chennai,2025-07-01 02:00:00,32.0,59.04479527455803,
Chennai,2025-07-01 03:00:00,32.2,51.360639078809555,1005.7
Chennai,2025-07-01 04:00:00,32.0,55.56458760321053,
Chennai,2025-07-01 05:00:00,34.0,52.76574284376031,
Chennai,2025-07-01 06:00:00,35.2,39.08979535895464,1005.6
Chennai,2025-07-01 07:00:00,35.0,49.91150957114025,
Chennai,2025-07-01 08:00:00,35.0,49.91150957114025,
Chennai,2025-07-01 09:00:00,36.4,39.41535291035404,1003.7
Chennai,2025-07-01 10:00:00,36.0,50.16587400443515,
Chennai,2025-07-01 11:00:00,35.0,49.91150957114025,
Chennai,2025-07-01 12:00:00,35.4,42.948937628723854,1002.8
Chennai,2025-07-01 13:00:00,34.0,49.65563394804311,
Chennai,2025-07-01 14:00:00,34.0,52.76574284376031,
Chennai,2025-07-01 15:00:00,32.4,57.029314759535474,1004.6
Chennai,2025-07-01 16:00:00,32.0,70.6570356447408,
Chennai,2025-07-01 17:00:00,32.0,70.6570356447408,
Chennai,2025-07-01 18:00:00,31.6,62.25158297844957,1005.7
Chennai,2025-07-01 19:00:00,32.0,59.04479527455803,
Chennai,2025-07-01 20:00:00,32.0,59.04479527455803,
Chennai,2025-07-01 21:00:00,31.4,54.07572802922947,1004.4
Chennai,2025-07-01 22:00:00,31.0,62.49764883972529,
Chennai,2025-07-01 23:00:00,30.0,66.17996487728405,
Chennai,2025-07-02 00:00:00,30.2,58.98867435336403,1004.7
Chennai,2025-07-02 01:00:00,30.0,66.17996487728405,
Chennai,2025-07-02 02:00:00,31.0,62.49764883972529,
Chennai,2025-07-02 03:00:00,31.3,55.73535182239239,1005.5
Chennai,2025-07-02 04:00:00,32.0,59.04479527455803,
Chennai,2025-07-02 05:00:00,33.0,59.27401124880875,
Chennai,2025-07-02 06:00:00,34.5,47.70572345276429,1005.3
Chennai,2025-07-02 07:00:00,35.0,53.01351873864528,
Chennai,2025-07-02 08:00:00,35.0,49.91150957114025,
Chennai,2025-07-02 09:00:00,36.4,42.17247812997893,1003.9
Chennai,2025-07-02 10:00:00,35.0,53.01351873864528,
Chennai,2025-07-02 11:00:00,35.0,53.01351873864528,
Chennai,2025-07-02 12:00:00,32.0,72.34703340707203,1003.3
Chennai,2025-07-02 13:00:00,30.0,79.1954670273341,
Chennai,2025-07-02 14:00:00,31.0,74.7889561009917,
Chennai,2025-07-02 15:00:00,27.6,87.31379479213656,1006.1
Chennai,2025-07-02 16:00:00,27.0,88.83751596451742,
Chennai,2025-07-02 17:00:00,27.0,88.83751596451742,
Chennai,2025-07-02 18:00:00,27.0,90.43900875787912,1005.9
Chennai,2025-07-02 19:00:00,28.0,83.78747242805218,
Chennai,2025-07-02 20:00:00,28.0,83.78747242805218,
Chennai,2025-07-02 21:00:00,27.6,82.7470419948832,1005.0
Chennai,2025-07-02 22:00:00,28.0,83.78747242805218,
Chennai,2025-07-02 23:00:00,28.0,83.78747242805218,
Chennai,2025-07-03 00:00:00,27.6,79.81995065848324,1005.0
Chennai,2025-07-03 01:00:00,29.0,79.0585121873896,
Chennai,2025-07-03 02:00:00,29.0,74.46601257025355,
Chennai,2025-07-03 03:00:00,29.0,70.96187714437761,1006.8
Chennai,2025-07-03 04:00:00,30.0,70.29306142592459,
Chennai,2025-07-03 05:00:00,31.0,70.47582088918256,
Chennai,2025-07-03 06:00:00,32.6,55.0366623119638,1006.0
Chennai,2025-07-03 07:00:00,33.0,59.27401124880875,
Chennai,2025-07-03 08:00:00,33.0,59.27401124880875,
Chennai,2025-07-03 09:00:00,33.8,49.60427705148923,1004.2
Chennai,2025-07-03 10:00:00,34.0,52.76574284376031,
Chennai,2025-07-03 11:00:00,34.0,56.04514311511978,
Chennai,2025-07-03 12:00:00,33.4,50.11110420939171,1003.7
Chennai,2025-07-03 13:00:00,33.0,55.80567844118911,
Chennai,2025-07-03 14:00:00,33.0,59.27401124880875,
Chennai,2025-07-03 15:00:00,31.5,58.217370712097605,1005.9
Chennai,2025-07-03 16:00:00,32.0,62.71443976755974,
Chennai,2025-07-03 17:00:00,31.0,66.3818887938788,
Chennai,2025-07-03 18:00:00,30.8,61.327434848702055,1007.0
Chennai,2025-07-03 19:00:00,31.0,66.3818887938788,
Chennai,2025-07-03 20:00:00,30.0,66.17996487728405,
Chennai,2025-07-03 21:00:00,30.0,61.90043484423167,1005.8
Chennai,2025-07-03 22:00:00,29.0,70.10874183711726,
Chennai,2025-07-03 23:00:00,29.0,70.10874183711726,
Chennai,2025-07-04 00:00:00,28.8,62.782198156408256,1006.4
Chennai,2025-07-04 01:00:00,29.0,65.9764050234237,
Chennai,2025-07-04 02:00:00,30.0,66.17996487728405,
Chennai,2025-07-04 03:00:00,30.6,61.656767739717175,1007.9
Chennai,2025-07-04 04:00:00,32.0,59.04479527455803,
Chennai,2025-07-04 05:00:00,33.0,55.80567844118911,
Chennai,2025-07-04 06:00:00,34.6,47.15230400200087,1006.7
Chennai,2025-07-04 07:00:00,35.0,49.91150957114025,
Chennai,2025-07-04 08:00:00,35.0,49.91150957114025,
Chennai,2025-07-04 09:00:00,36.0,42.58451355254139,1004.4
Chennai,2025-07-04 10:00:00,36.0,50.16587400443515,
Chennai,2025-07-04 11:00:00,35.0,53.01351873864528,
Chennai,2025-07-04 12:00:00,34.4,45.95905839180616,1003.7
Chennai,2025-07-04 13:00:00,34.0,52.76574284376031,
Chennai,2025-07-04 14:00:00,33.0,55.80567844118911,
Chennai,2025-07-04 15:00:00,32.6,55.0366623119638,1006.2
Chennai,2025-07-04 16:00:00,32.0,62.71443976755974,
Chennai,2025-07-04 17:00:00,29.0,83.89690993013956,
Chennai,2025-07-04 18:00:00,29.0,84.89506306062921,1007.0
Chennai,2025-07-04 19:00:00,29.0,83.89690993013956,
Chennai,2025-07-04 20:00:00,29.0,83.89690993013956,
Chennai,2025-07-04 21:00:00,28.0,84.79181717750924,1006.3
Chennai,2025-07-04 22:00:00,29.0,74.46601257025355,
Chennai,2025-07-04 23:00:00,29.0,70.10874183711726,
Chennai,2025-07-05 00:00:00,29.0,64.38421540041374,1006.4
Chennai,2025-07-05 01:00:00,29.0,70.10874183711726,
Chennai,2025-07-05 02:00:00,30.0,70.29306142592459,
Chennai,2025-07-05 03:00:00,30.8,59.48920941788979,1007.4
Chennai,2025-07-05 04:00:00,33.0,59.27401124880875,
Chennai,2025-07-05 05:00:00,34.0,56.04514311511978,
Chennai,2025-07-05 06:00:00,35.8,43.32064620484594,1006.5
Chennai,2025-07-05 07:00:00,36.0,50.16587400443515,
Chennai,2025-07-05 08:00:00,37.0,47.48991405743266,
Chennai,2025-07-05 09:00:00,37.8,37.197239483545935,1002.8
Chennai,2025-07-05 10:00:00,37.0,47.48991405743266,
Chennai,2025-07-05 11:00:00,38.0,44.974237081492554,
Chennai,2025-07-05 12:00:00,37.8,36.741568592863274,1002.6
Chennai,2025-07-05 13:00:00,36.0,47.23049063882917,
Chennai,2025-07-05 14:00:00,35.0,53.01351873864528,
Chennai,2025-07-05 15:00:00,34.6,50.41729520575189,1004.9
Chennai,2025-07-05 16:00:00,34.0,52.76574284376031,
Chennai,2025-07-05 17:00:00,33.0,55.80567844118911,
Chennai,2025-07-05 18:00:00,33.0,52.19700204876771,1006.0
Chennai,2025-07-05 19:00:00,32.0,59.04479527455803,
Chennai,2025-07-05 20:00:00,31.0,62.49764883972529,
Chennai,2025-07-05 21:00:00,30.6,58.006624337338984,1004.9
Chennai,2025-07-05 22:00:00,31.0,62.49764883972529,
Chennai,2025-07-05 23:00:00,30.0,66.17996487728405,
Chennai,2025-07-06 00:00:00,29.8,61.10417493715189,1005.4
Chennai,2025-07-06 01:00:00,30.0,66.17996487728405,
Chennai,2025-07-06 02:00:00,30.0,66.17996487728405,
Chennai,2025-07-06 03:00:00,32.0,55.56458760321053,1006.0
Chennai,2025-07-06 04:00:00,33.0,55.80567844118911,
Chennai,2025-07-06 05:00:00,34.0,52.76574284376031,
Chennai,2025-07-06 06:00:00,35.8,42.53092676973995,1005.4
Chennai,2025-07-06 07:00:00,35.0,49.91150957114025,
Chennai,2025-07-06 08:00:00,36.0,47.23049063882917,
Chennai,2025-07-06 09:00:00,38.4,37.130923857351014,1002.9
Chennai,2025-07-06 10:00:00,38.0,44.974237081492554,
Chennai,2025-07-06 11:00:00,38.0,44.974237081492554,
Chennai,2025-07-06 12:00:00,37.0,39.09378371023023,1002.2
Chennai,2025-07-06 13:00:00,36.0,47.23049063882917,
Chennai,2025-07-06 14:00:00,35.0,49.91150957114025,
Chennai,2025-07-06 15:00:00,34.4,50.981169991683494,1004.0
Chennai,2025-07-06 16:00:00,34.0,52.76574284376031,
Chennai,2025-07-06 17:00:00,34.0,52.76574284376031,
Chennai,2025-07-06 18:00:00,33.4,45.977751283807315,1004.7
Chennai,2025-07-06 19:00:00,33.0,55.80567844118911,
Chennai,2025-07-06 20:00:00,32.0,59.04479527455803,
Chennai,2025-07-06 21:00:00,31.6,51.84401660919995,1004.4
Chennai,2025-07-06 22:00:00,31.0,58.81392369643709,
Chennai,2025-07-06 23:00:00,31.0,58.81392369643709,
Chennai,2025-07-07 00:00:00,30.4,55.516916216092426,1005.0
Chennai,2025-07-07 01:00:00,30.0,62.279197326402645,
Chennai,2025-07-07 02:00:00,31.0,62.49764883972529,
Chennai,2025-07-07 03:00:00,31.8,52.21507571697287,1006.3
Chennai,2025-07-07 04:00:00,33.0,55.80567844118911,
Chennai,2025-07-07 05:00:00,34.0,52.76574284376031,
Chennai,2025-07-07 06:00:00,36.0,39.06432377676067,1005.6
Chennai,2025-07-07 07:00:00,36.0,47.23049063882917,
Chennai,2025-07-07 08:00:00,37.0,47.48991405743266,
Chennai,2025-07-07 09:00:00,38.4,36.22948235999917,1003.1
Chennai,2025-07-07 10:00:00,38.0,42.34263482139515,
Chennai,2025-07-07 11:00:00,37.0,47.48991405743266,
Chennai,2025-07-07 12:00:00,37.8,37.197239483545935,1002.1
Chennai,2025-07-07 13:00:00,36.0,47.23049063882917,
Chennai,2025-07-07 14:00:00,36.0,47.23049063882917,
Chennai,2025-07-07 15:00:00,35.1,44.20746584225359,1004.6
Chennai,2025-07-07 16:00:00,34.0,56.04514311511978,
Chennai,2025-07-07 17:00:00,34.0,52.76574284376031,
Chennai,2025-07-07 18:00:00,33.0,50.00855048668853,1005.4
Chennai,2025-07-07 19:00:00,33.0,52.516390209894936,
Chennai,2025-07-07 20:00:00,32.0,55.56458760321053,
Chennai,2025-07-07 21:00:00,32.0,47.93557266740621,1004.7
Chennai,2025-07-07 22:00:00,31.0,58.81392369643709,
Chennai,2025-07-07 23:00:00,30.0,62.279197326402645,
Chennai,2025-07-08 00:00:00,30.1,58.24587292001354,1005.3
Chennai,2025-07-08 01:00:00,30.0,62.279197326402645,
Chennai,2025-07-08 02:00:00,31.0,62.49764883972529,
Chennai,2025-07-08 03:00:00,32.2,55.9524546962478,1006.9
Chennai,2025-07-08 04:00:00,33.0,55.80567844118911,
Chennai,2025-07-08 05:00:00,34.0,52.76574284376031,
Chennai,2025-07-08 06:00:00,35.6,42.21680392673285,1005.6
Chennai,2025-07-08 07:00:00,36.0,50.16587400443515,
Chennai,2025-07-08 08:00:00,37.0,47.48991405743266,
Chennai,2025-07-08 09:00:00,39.0,33.592570595449,1002.7
Chennai,2025-07-08 10:00:00,37.0,44.7111106073837,
Chennai,2025-07-08 11:00:00,35.0,53.01351873864528,
Chennai,2025-07-08 12:00:00,29.8,81.06459831337503,1003.0
Chennai,2025-07-08 13:00:00,31.0,79.33114757208126,
Chennai,2025-07-08 14:00:00,31.0,74.7889561009917,
Chennai,2025-07-08 15:00:00,29.8,72.83270468535767,1006.3
Chennai,2025-07-08 16:00:00,27.0,83.67695517522091,
Chennai,2025-07-08 17:00:00,27.0,83.67695517522091,
Chennai,2025-07-08 18:00:00,28.0,83.78747242805218,
Chennai,2025-07-08 19:00:00,28.0,83.78747242805218,
Chennai,2025-07-08 20:00:00,27.0,88.83751596451742,
Chennai,2025-07-08 21:00:00,27.0,88.83751596451742,1006.4
Chennai,2025-07-08 22:00:00,28.0,83.78747242805218,
Chennai,2025-07-08 23:00:00,28.0,83.78747242805218,
Chennai,2025-07-09 00:00:00,27.0,92.06569807815053,1006.0
Chennai,2025-07-09 01:00:00,28.0,83.78747242805218,
Chennai,2025-07-09 02:00:00,29.0,79.0585121873896,
Chennai,2025-07-09 03:00:00,29.1,71.4097124267888,1006.4
Chennai,2025-07-09 04:00:00,32.0,62.71443976755974,
Chennai,2025-07-09 05:00:00,33.0,55.80567844118911,
Chennai,2025-07-09 06:00:00,34.8,46.917290957916755,1006.3
Chennai,2025-07-09 07:00:00,36.0,50.16587400443515,
Chennai,2025-07-09 08:00:00,37.0,47.48991405743266,
Chennai,2025-07-09 09:00:00,37.4,38.2500885937212,1003.4
Chennai,2025-07-09 10:00:00,38.0,44.974237081492554,
Chennai,2025-07-09 11:00:00,38.0,44.974237081492554,
Chennai,2025-07-09 12:00:00,38.6,33.90265863289956,1001.8
Chennai,2025-07-09 13:00:00,34.0,63.14309255534474,
Chennai,2025-07-09 14:00:00,33.0,59.27401124880875,
Chennai,2025-07-09 15:00:00,32.0,71.07626571001893,1004.9
Chennai,2025-07-09 16:00:00,32.0,70.6570356447408,
Chennai,2025-07-09 17:00:00,31.0,66.3818887938788,
Chennai,2025-07-09 18:00:00,30.4,65.07093044891502,1005.8
Chennai,2025-07-09 19:00:00,30.0,70.29306142592459,
Chennai,2025-07-09 20:00:00,30.0,70.29306142592459,
Chennai,2025-07-09 21:00:00,29.6,69.7975639784289,1004.8
Chennai,2025-07-09 22:00:00,30.0,79.1954670273341,
Chennai,2025-07-09 23:00:00,29.0,79.0585121873896,
Chennai,2025-07-10 00:00:00,29.0,79.0585121873896,1005.3
Chennai,2025-07-10 01:00:00,29.0,79.0585121873896,
Chennai,2025-07-10 02:00:00,31.0,66.3818887938788,
Chennai,2025-07-10 03:00:00,31.4,58.549296934220294,1006.4
Chennai,2025-07-10 04:00:00,33.0,59.27401124880875,
Chennai,2025-07-10 05:00:00,34.0,56.04514311511978,
Chennai,2025-07-10 06:00:00,35.2,45.8888450476227,1005.8
Chennai,2025-07-10 07:00:00,36.0,50.16587400443515,
Chennai,2025-07-10 08:00:00,37.0,47.48991405743266,
Chennai,2025-07-10 09:00:00,38.0,37.48098388067243,1003.5
Chennai,2025-07-10 10:00:00,35.0,53.01351873864528,
Chennai,2025-07-10 11:00:00,31.0,79.33114757208126,
Chennai,2025-07-10 12:00:00,31.8,69.78813164326573,1002.8
Chennai,2025-07-10 13:00:00,31.0,74.7889561009917,
Chennai,2025-07-10 14:00:00,31.0,70.47582088918256,
Chennai,2025-07-10 15:00:00,30.2,78.29124418971334,1004.2
Chennai,2025-07-10 16:00:00,31.0,79.33114757208126,
Chennai,2025-07-10 17:00:00,31.0,74.7889561009917,
Chennai,2025-07-10 18:00:00,30.6,74.28243957799879,1005.3
Chennai,2025-07-10 19:00:00,30.0,79.1954670273341,
Chennai,2025-07-10 20:00:00,30.0,79.1954670273341,
Chennai,2025-07-10 21:00:00,30.0,79.66535824918688,1003.4
Chennai,2025-07-10 22:00:00,29.0,83.89690993013956,
Chennai,2025-07-10 23:00:00,29.0,83.89690993013956,
Chennai,2025-07-11 00:00:00,29.2,81.95548127118022,1005.0
Chennai,2025-07-11 01:00:00,29.0,79.0585121873896,
Chennai,2025-07-11 02:00:00,30.0,74.62820502423824,
Chennai,2025-07-11 03:00:00,31.6,61.134420163955696,1005.6
Chennai,2025-07-11 04:00:00,33.0,59.27401124880875,
Chennai,2025-07-11 05:00:00,35.0,53.01351873864528,
Chennai,2025-07-11 06:00:00,36.2,39.11854885455013,1005.2
Chennai,2025-07-11 07:00:00,36.0,50.16587400443515,
Chennai,2025-07-11 08:00:00,38.0,44.974237081492554,
Chennai,2025-07-11 09:00:00,39.0,35.07520089076709,1002.9
Chennai,2025-07-11 10:00:00,37.0,50.41873224708425,
Chennai,2025-07-11 11:00:00,34.0,63.14309255534474,
Chennai,2025-07-11 12:00:00,33.6,55.949551784696496,1002.0
Chennai,2025-07-11 13:00:00,32.0,70.6570356447408,
Chennai,2025-07-11 14:00:00,31.0,74.7889561009917,
Chennai,2025-07-11 15:00:00,31.2,74.82093472023674,1004.0
Chennai,2025-07-11 16:00:00,31.0,79.33114757208126,
Chennai,2025-07-11 17:00:00,29.0,79.0585121873896,
Chennai,2025-07-11 18:00:00,26.8,90.42548942576907,1006.2
Chennai,2025-07-11 19:00:00,27.0,88.83751596451742,
Chennai,2025-07-11 20:00:00,27.0,94.27439081608838,
Chennai,2025-07-11 21:00:00,27.0,90.43900875787912,1004.5
Chennai,2025-07-11 22:00:00,28.0,83.78747242805218,
Chennai,2025-07-11 23:00:00,28.0,83.78747242805218,
Chennai,2025-07-12 00:00:00,26.6,90.41194193154737,1004.6
Chennai,2025-07-12 01:00:00,29.0,79.0585121873896,
Chennai,2025-07-12 02:00:00,30.0,74.62820502423824,
Chennai,2025-07-12 03:00:00,30.8,70.43939306440934,1006.0
Chennai,2025-07-12 04:00:00,33.0,59.27401124880875,
Chennai,2025-07-12 05:00:00,34.0,56.04514311511978,
Chennai,2025-07-12 06:00:00,35.2,55.99588621396323,1005.3
Chennai,2025-07-12 07:00:00,37.0,47.48991405743266,
Chennai,2025-07-12 08:00:00,37.0,47.48991405743266,
Chennai,2025-07-12 09:00:00,37.8,38.12347027279238,1003.3
Chennai,2025-07-12 10:00:00,37.0,47.48991405743266,
Chennai,2025-07-12 11:00:00,35.0,56.28299102683274,
Chennai,2025-07-12 12:00:00,33.2,58.9647920354539,1003.0
Chennai,2025-07-12 13:00:00,29.0,74.46601257025355,
Chennai,2025-07-12 14:00:00,28.0,83.78747242805218,
Chennai,2025-07-12 15:00:00,28.4,81.85865421535438,1004.8
Chennai,2025-07-12 16:00:00,30.0,74.62820502423824,
Chennai,2025-07-12 17:00:00,30.0,74.62820502423824,
Chennai,2025-07-12 18:00:00,29.0,77.65543578652992,1006.1
Chennai,2025-07-12 19:00:00,30.0,74.62820502423824,
Chennai,2025-07-12 20:00:00,30.0,74.62820502423824,
Chennai,2025-07-12 21:00:00,28.8,79.03096698905824,1005.4
Chennai,2025-07-12 22:00:00,29.0,79.0585121873896,
Chennai,2025-07-12 23:00:00,29.0,79.0585121873896,
Chennai,2025-07-13 00:00:00,29.0,69.68555280505707,1005.5
Chennai,2025-07-13 01:00:00,29.0,74.46601257025355,
Chennai,2025-07-13 02:00:00,31.0,66.3818887938788,
Chennai,2025-07-13 03:00:00,31.4,58.549296934220294,1006.1
Chennai,2025-07-13 04:00:00,33.0,59.27401124880875,
Chennai,2025-07-13 05:00:00,34.0,56.04514311511978,
Chennai,2025-07-13 06:00:00,35.2,43.96344994864194,1005.6
Chennai,2025-07-13 07:00:00,36.0,50.16587400443515,
Chennai,2025-07-13 08:00:00,37.0,47.48991405743266,
Chennai,2025-07-13 09:00:00,38.2,35.07566021250202,1003.4
Chennai,2025-07-13 10:00:00,37.0,47.48991405743266,
Chennai,2025-07-13 11:00:00,35.0,53.01351873864528,
Chennai,2025-07-13 12:00:00,34.6,53.55559032656666,1003.0
Chennai,2025-07-13 13:00:00,33.0,62.92958329531054,
Chennai,2025-07-13 14:00:00,32.0,66.5821913857855,
Chennai,2025-07-13 15:00:00,31.4,63.34384135735378,1005.4
Chennai,2025-07-13 16:00:00,30.0,74.62820502423824,
Chennai,2025-07-13 17:00:00,31.0,66.3818887938788,
Chennai,2025-07-13 18:00:00,30.2,69.0741524820506,1006.4
Chennai,2025-07-13 19:00:00,29.0,79.0585121873896,
Chennai,2025-07-13 20:00:00,30.0,70.29306142592459,
Chennai,2025-07-13 21:00:00,29.6,71.07014207384191,1005.1
Chennai,2025-07-13 22:00:00,30.0,74.62820502423824,
Chennai,2025-07-13 23:00:00,29.0,79.0585121873896,
Chennai,2025-07-14 00:00:00,29.2,70.99802751141195,1005.2
Chennai,2025-07-14 01:00:00,29.0,79.0585121873896,
Chennai,2025-07-14 03:00:00,31.4,59.989475281496674,1006.5
Chennai,2025-07-14 04:00:00,34.0,56.04514311511978,
Chennai,2025-07-14 05:00:00,35.0,53.01351873864528,
Chennai,2025-07-14 06:00:00,35.8,43.32064620484594,1006.0
Chennai,2025-07-14 07:00:00,37.0,47.48991405743266,
Chennai,2025-07-14 08:00:00,38.0,44.974237081492554,
Chennai,2025-07-14 09:00:00,38.6,38.105859618656055,1003.2
Chennai,2025-07-14 10:00:00,35.0,56.28299102683274,
Chennai,2025-07-14 11:00:00,37.0,47.48991405743266,
Chennai,2025-07-14 12:00:00,28.4,83.33433758376981,1002.9
Chennai,2025-07-14 13:00:00,28.0,88.91528354225218,
Chennai,2025-07-14 14:00:00,29.0,83.89690993013956,
Chennai,2025-07-14 15:00:00,28.6,87.91868204829599,1005.0
Chennai,2025-07-14 16:00:00,27.0,88.83751596451742,
Chennai,2025-07-14 17:00:00,27.0,88.83751596451742,
Chennai,2025-07-14 18:00:00,26.8,92.05438311051279,1006.2
Chennai,2025-07-14 19:00:00,27.0,88.83751596451742,
Chennai,2025-07-14 20:00:00,27.0,88.83751596451742,
Chennai,2025-07-14 21:00:00,27.0,93.71791865005993,1005.0
Chennai,2025-07-14 22:00:00,27.0,94.27439081608838,
Chennai,2025-07-14 23:00:00,27.0,94.27439081608838,
Chennai,2025-07-15 00:00:00,26.2,90.38476214988123,1004.6
Chennai,2025-07-15 01:00:00,28.0,78.9202680701639,
Chennai,2025-07-15 02:00:00,30.0,70.29306142592459,
Chennai,2025-07-15 03:00:00,29.0,70.96187714437761,1005.9
Chennai,2025-07-15 04:00:00,34.0,56.04514311511978,
Chennai,2025-07-15 05:00:00,35.0,53.01351873864528,
Chennai,2025-07-15 06:00:00,33.4,53.583679198134604,1005.4
Chennai,2025-07-15 07:00:00,35.0,53.01351873864528,
Chennai,2025-07-15 08:00:00,37.0,50.41873224708425,
Chennai,2025-07-15 09:00:00,37.0,41.81986488052018,1002.1
Chennai,2025-07-15 10:00:00,36.0,53.25972513472508,
Chennai,2025-07-15 11:00:00,35.0,53.01351873864528,
Chennai,2025-07-15 12:00:00,35.0,49.610234682009505,1001.7
Chennai,2025-07-15 13:00:00,33.0,66.78088716309055,
Chennai,2025-07-15 14:00:00,32.0,66.5821913857855,
Chennai,2025-07-15 15:00:00,31.4,69.71409411644107,1003.9
Chennai,2025-07-15 16:00:00,31.0,79.33114757208126,
Chennai,2025-07-15 17:00:00,31.0,74.7889561009917,
Chennai,2025-07-15 18:00:00,30.8,73.00291172196927,1004.9
Chennai,2025-07-15 19:00:00,30.0,84.00528111799692,
Chennai,2025-07-15 20:00:00,30.0,84.00528111799692,
Chennai,2025-07-15 21:00:00,29.9,78.71409694872857,1003.4
Chennai,2025-07-15 22:00:00,30.0,84.00528111799692,
Chennai,2025-07-15 23:00:00,29.0,83.89690993013956,
Chennai,2025-07-16 00:00:00,29.4,68.50651160978764,1003.1
Chennai,2025-07-16 01:00:00,30.0,70.29306142592459,
Chennai,2025-07-16 02:00:00,34.0,56.04514311511978,
Chennai,2025-07-16 03:00:00,31.6,61.134420163955696,1004.9
Chennai,2025-07-16 04:00:00,35.0,53.01351873864528,
Chennai,2025-07-16 05:00:00,35.0,56.28299102683274,
Chennai,2025-07-16 06:00:00,34.6,49.20781804636321,1004.3
Chennai,2025-07-16 07:00:00,36.0,50.16587400443515,
Chennai,2025-07-16 08:00:00,38.0,47.747907370107505,
Chennai,2025-07-16 09:00:00,38.0,42.857891490135415,1001.4
Chennai,2025-07-16 10:00:00,35.0,59.72752203563765,
Chennai,2025-07-16 11:00:00,34.0,63.14309255534474,
Chennai,2025-07-16 12:00:00,33.4,59.010628693089586,1000.9
Chennai,2025-07-16 13:00:00,32.0,66.5821913857855,
Chennai,2025-07-16 14:00:00,32.0,70.6570356447408,
Chennai,2025-07-16 15:00:00,31.8,71.04055669606059,1004.1
Chennai,2025-07-16 16:00:00,31.0,79.33114757208126,
Chennai,2025-07-16 17:00:00,31.0,79.33114757208126,
Chennai,2025-07-16 18:00:00,30.4,78.31948639832048,1004.7
Chennai,2025-07-16 19:00:00,29.0,79.0585121873896,
Chennai,2025-07-16 20:00:00,28.0,78.9202680701639,
Chennai,2025-07-16 21:00:00,27.8,72.92965355193031,1004.0
Chennai,2025-07-16 22:00:00,28.0,78.9202680701639,
Chennai,2025-07-16 23:00:00,28.0,78.9202680701639,
Chennai,2025-07-17 00:00:00,27.8,78.41909711972701,1003.6
Chennai,2025-07-17 01:00:00,28.0,78.9202680701639,
Chennai,2025-07-17 02:00:00,30.0,74.62820502423824,
Chennai,2025-07-17 03:00:00,29.6,69.7975639784289,1005.4
Chennai,2025-07-17 04:00:00,33.0,62.92958329531054,
Chennai,2025-07-17 05:00:00,34.0,59.50158303199722,
Chennai,2025-07-17 06:00:00,34.2,56.430169062022074,1004.3
Chennai,2025-07-17 07:00:00,36.0,56.5192316286057,
Chennai,2025-07-17 08:00:00,36.0,56.5192316286057,
Chennai,2025-07-17 09:00:00,37.0,44.17276978884076,1001.8
Chennai,2025-07-17 10:00:00,35.0,63.354980624753985,
Chennai,2025-07-17 11:00:00,33.0,70.83672096419855,
Chennai,2025-07-17 12:00:00,32.2,65.05199403084112,1002.1
Chennai,2025-07-17 13:00:00,29.0,83.89690993013956,
Chennai,2025-07-17 14:00:00,28.0,88.91528354225218,
Chennai,2025-07-17 15:00:00,28.6,79.00337009946395,1005.3
Chennai,2025-07-17 16:00:00,28.0,83.78747242805218,
Chennai,2025-07-17 17:00:00,28.0,83.78747242805218,
Chennai,2025-07-17 18:00:00,28.2,80.37983931978188,1006.0
Chennai,2025-07-17 19:00:00,28.0,83.78747242805218,
Chennai,2025-07-17 20:00:00,28.0,83.78747242805218,
Chennai,2025-07-17 21:00:00,27.6,84.24549777703992,1004.7
Chennai,2025-07-17 22:00:00,27.0,88.83751596451742,
Chennai,2025-07-17 23:00:00,26.0,94.23292497092102,
Chennai,2025-07-18 00:00:00,26.2,92.0202947964304,1004.8
Chennai,2025-07-18 01:00:00,27.0,88.83751596451742,
Chennai,2025-07-18 02:00:00,28.0,83.78747242805218,
Chennai,2025-07-18 03:00:00,28.0,84.79181717750924,1005.8
Chennai,2025-07-18 04:00:00,31.0,74.7889561009917,
Chennai,2025-07-18 05:00:00,33.0,66.78088716309055,
Chennai,2025-07-18 06:00:00,32.0,60.12540926930006,1004.7
Chennai,2025-07-18 07:00:00,33.0,62.92958329531054,
Chennai,2025-07-18 08:00:00,34.0,63.14309255534474,
Chennai,2025-07-18 09:00:00,33.6,56.9688756885708,1003.1
Chennai,2025-07-18 10:00:00,35.0,56.28299102683274,
Chennai,2025-07-18 11:00:00,32.0,70.6570356447408,
Chennai,2025-07-18 12:00:00,31.6,71.00478678077775,1002.0
Chennai,2025-07-18 13:00:00,31.0,74.7889561009917,
Chennai,2025-07-18 14:00:00,31.0,74.7889561009917,
Chennai,2025-07-18 15:00:00,30.2,76.91200889831605,1003.6
Chennai,2025-07-18 16:00:00,30.0,79.1954670273341,
Chennai,2025-07-18 17:00:00,30.0,84.00528111799692,
Chennai,2025-07-18 18:00:00,29.0,84.89506306062921,1005.5
Chennai,2025-07-18 19:00:00,25.0,94.19101183405704,
Chennai,2025-07-18 20:00:00,26.0,88.7589455109383,
Chennai,2025-07-18 21:00:00,25.8,88.74313412721081,1002.7
Chennai,2025-07-18 22:00:00,25.0,94.19101183405704,
Chennai,2025-07-18 23:00:00,26.0,88.7589455109383,
Chennai,2025-07-19 00:00:00,26.0,88.7589455109383,1002.3
Chennai,2025-07-19 01:00:00,26.0,94.23292497092102,
Chennai,2025-07-19 02:00:00,27.0,88.83751596451742,
Chennai,2025-07-19 03:00:00,27.0,90.43900875787912,1004.3
Chennai,2025-07-19 04:00:00,30.0,74.62820502423824,
Chennai,2025-07-19 05:00:00,31.0,70.47582088918256,
Chennai,2025-07-19 06:00:00,31.0,65.58856385714532,1003.3
Chennai,2025-07-19 07:00:00,32.0,66.5821913857855,
Chennai,2025-07-19 08:00:00,33.0,66.78088716309055,
Chennai,2025-07-19 09:00:00,32.8,66.74127585978114,1000.6
Chennai,2025-07-19 10:00:00,34.0,63.14309255534474,
Chennai,2025-07-19 11:00:00,28.0,83.78747242805218,
Chennai,2025-07-19 12:00:00,28.0,85.80667728802291,1000.7
Chennai,2025-07-19 13:00:00,27.0,88.83751596451742,
Chennai,2025-07-19 14:00:00,28.0,83.78747242805218,
Chennai,2025-07-19 15:00:00,26.8,88.82186644716782,1001.6
Chennai,2025-07-19 16:00:00,28.0,83.78747242805218,
Chennai,2025-07-19 17:00:00,28.0,83.78747242805218,
Chennai,2025-07-19 18:00:00,27.2,90.45250000428203,1002.2
Chennai,2025-07-19 19:00:00,28.0,83.78747242805218,
Chennai,2025-07-19 20:00:00,28.0,78.9202680701639,
Chennai,2025-07-19 21:00:00,27.4,78.36224761821416,1000.6
Chennai,2025-07-19 22:00:00,28.0,78.9202680701639,
Chennai,2025-07-19 23:00:00,28.0,78.9202680701639,
Chennai,2025-07-20 00:00:00,27.2,75.53609118292528,1000.5
Chennai,2025-07-20 01:00:00,28.0,78.9202680701639,
Chennai,2025-07-20 02:00:00,28.0,78.9202680701639,
Chennai,2025-07-20 03:00:00,28.4,71.71785815951927,1003.0
Chennai,2025-07-20 04:00:00,30.0,70.29306142592459,
Chennai,2025-07-20 05:00:00,30.0,70.29306142592459,
Chennai,2025-07-20 06:00:00,30.2,66.22048006651374,1002.9
Chennai,2025-07-20 07:00:00,32.0,66.5821913857855,
Chennai,2025-07-20 08:00:00,32.0,66.5821913857855,
Chennai,2025-07-20 09:00:00,32.0,61.59314569456349,1000.6
Chennai,2025-07-20 10:00:00,33.0,62.92958329531054,
Chennai,2025-07-20 11:00:00,32.0,66.5821913857855,
Chennai,2025-07-20 12:00:00,31.0,66.78169156880611,1000.1
Chennai,2025-07-20 13:00:00,31.0,70.47582088918256,
Chennai,2025-07-20 14:00:00,30.0,74.62820502423824,
Chennai,2025-07-20 15:00:00,29.2,76.30480387190515,1002.2
Chennai,2025-07-20 16:00:00,30.0,70.29306142592459,
Chennai,2025-07-20 17:00:00,30.0,74.62820502423824,
Chennai,2025-07-20 18:00:00,29.2,70.99802751141195,1002.8
Chennai,2025-07-20 19:00:00,29.0,74.46601257025355,
Chennai,2025-07-20 20:00:00,28.0,78.9202680701639,
Chennai,2025-07-20 21:00:00,28.0,77.50922415182016,1002.2
Chennai,2025-07-20 22:00:00,27.0,83.67695517522091,
Chennai,2025-07-20 23:00:00,27.0,83.67695517522091,
Chennai,2025-07-21 00:00:00,26.6,87.22543835052973,1003.2
Chennai,2025-07-21 01:00:00,27.0,83.67695517522091,
Chennai,2025-07-21 02:00:00,27.0,88.83751596451742,
Chennai,2025-07-21 03:00:00,27.0,85.7087986323302,1003.7
Chennai,2025-07-21 04:00:00,29.0,79.0585121873896,
Chennai,2025-07-21 05:00:00,30.0,74.62820502423824,
Chennai,2025-07-21 06:00:00,29.0,74.91450415439337,1003.8
Chennai,2025-07-21 07:00:00,32.0,66.5821913857855,
Chennai,2025-07-21 08:00:00,31.0,70.47582088918256,
Chennai,2025-07-21 09:00:00,31.4,66.06520314217083,1002.3
Chennai,2025-07-21 10:00:00,32.0,70.6570356447408,
Chennai,2025-07-21 11:00:00,30.0,70.29306142592459,
Chennai,2025-07-21 12:00:00,30.0,70.29306142592459,1001.7
Chennai,2025-07-21 13:00:00,29.0,79.0585121873896,
Chennai,2025-07-21 14:00:00,29.0,74.46601257025355,
Chennai,2025-07-21 15:00:00,28.4,74.81792523943739,1004.2
Chennai,2025-07-21 16:00:00,28.0,83.78747242805218,
Chennai,2025-07-21 17:00:00,28.0,78.9202680701639,
Chennai,2025-07-21 18:00:00,27.4,78.36224761821416,1004.5
Chennai,2025-07-21 19:00:00,27.0,83.67695517522091,
Chennai,2025-07-21 20:00:00,27.0,83.67695517522091,
Chennai,2025-07-21 21:00:00,27.2,78.33374294989056,1002.8
Chennai,2025-07-21 22:00:00,27.0,83.67695517522091,
Chennai,2025-07-21 23:00:00,27.0,78.78071949348664,
Chennai,2025-07-22 00:00:00,27.0,76.8936310454662,1003.4
Chennai,2025-07-22 01:00:00,27.0,78.78071949348664,
Chennai,2025-07-22 02:00:00,28.0,78.9202680701639,
Chennai,2025-07-22 03:00:00,28.4,73.03240199762554,1005.0
Chennai,2025-07-22 04:00:00,31.0,66.3818887938788,
Chennai,2025-07-22 05:00:00,31.0,66.3818887938788,
Chennai,2025-07-22 06:00:00,30.8,60.58625885317225,1004.8
Chennai,2025-07-22 07:00:00,32.0,66.5821913857855,
Chennai,2025-07-22 08:00:00,32.0,66.5821913857855,
Chennai,2025-07-22 09:00:00,31.0,65.58856385714532,1002.7
Chennai,2025-07-22 10:00:00,32.0,66.5821913857855,
Chennai,2025-07-22 11:00:00,32.0,66.5821913857855,
Chennai,2025-07-22 12:00:00,31.4,63.34384135735378,1001.0
Chennai,2025-07-22 13:00:00,30.0,70.29306142592459,
Chennai,2025-07-22 14:00:00,29.0,74.46601257025355,
Chennai,2025-07-22 15:00:00,21.5,100.0,1003.4
Chennai,2025-07-22 16:00:00,28.0,78.9202680701639,
Chennai,2025-07-22 17:00:00,28.0,78.9202680701639,
Chennai,2025-07-22 18:00:00,28.0,72.96396353006286,1004.7
Chennai,2025-07-22 19:00:00,28.0,74.30236303611937,
Chennai,2025-07-22 20:00:00,28.0,74.30236303611937,
Chennai,2025-07-22 21:00:00,27.8,75.63076994448524,1002.5
Chennai,2025-07-22 22:00:00,28.0,78.9202680701639,
Chennai,2025-07-22 23:00:00,28.0,74.30236303611937,
Chennai,2025-07-23 00:00:00,27.8,85.78717977072007,1002.9
Chennai,2025-07-23 01:00:00,28.0,74.30236303611937,
Chennai,2025-07-23 02:00:00,29.0,70.10874183711726,
Chennai,2025-07-23 03:00:00,29.0,65.57515728735507,1004.5
Chennai,2025-07-23 04:00:00,30.0,70.29306142592459,
Chennai,2025-07-23 05:00:00,30.0,70.29306142592459,
Chennai,2025-07-23 06:00:00,30.0,63.8146323928593,1004.5
Chennai,2025-07-23 07:00:00,32.0,62.71443976755974,
Chennai,2025-07-23 08:00:00,32.0,66.5821913857855,
Chennai,2025-07-23 09:00:00,30.6,69.14973459026399,1002.1
Chennai,2025-07-23 12:00:00,29.4,80.53536024141098,1001.4
Chennai,2025-07-23 15:00:00,28.4,88.94616815571688,1003.3
Chennai,2025-07-23 16:00:00,26.0,88.7589455109383,
Chennai,2025-07-23 17:00:00,26.0,88.7589455109383,
Chennai,2025-07-23 18:00:00,26.0,92.00888400052642,1004.3
Chennai,2025-07-23 19:00:00,26.0,88.7589455109383,
Chennai,2025-07-23 20:00:00,26.0,88.7589455109383,
Chennai,2025-07-23 21:00:00,25.8,91.99744908137737,1002.8
Chennai,2025-07-23 22:00:00,27.0,83.67695517522091,
Chennai,2025-07-23 23:00:00,26.0,88.7589455109383,
Chennai,2025-07-24 00:00:00,25.6,91.98598997205917,1002.2
Chennai,2025-07-24 01:00:00,27.0,88.83751596451742,
Chennai,2025-07-24 02:00:00,28.0,83.78747242805218,
Chennai,2025-07-24 03:00:00,27.6,82.7470419948832,1003.7
Chennai,2025-07-24 04:00:00,30.0,70.29306142592459,
Chennai,2025-07-24 05:00:00,32.0,62.71443976755974,
Chennai,2025-07-24 06:00:00,31.6,60.03485302219658,1003.8
Chennai,2025-07-24 07:00:00,33.0,59.27401124880875,
Chennai,2025-07-24 08:00:00,34.0,59.50158303199722,
Chennai,2025-07-24 09:00:00,34.4,50.06148181372093,1001.2
Chennai,2025-07-24 10:00:00,34.0,56.04514311511978,
Chennai,2025-07-24 11:00:00,34.0,56.04514311511978,
Chennai,2025-07-24 12:00:00,29.4,81.97957178446406,1001.1
Chennai,2025-07-24 13:00:00,31.0,70.47582088918256,
Chennai,2025-07-24 14:00:00,31.0,70.47582088918256,
Chennai,2025-07-24 15:00:00,28.0,81.80996009312997,1003.3
Chennai,2025-07-24 16:00:00,29.0,74.46601257025355,
Chennai,2025-07-24 17:00:00,29.0,74.46601257025355,
Chennai,2025-07-24 18:00:00,29.0,70.96187714437761,1004.0
Chennai,2025-07-24 19:00:00,29.0,74.46601257025355,
Chennai,2025-07-24 20:00:00,28.0,78.9202680701639,
Chennai,2025-07-24 21:00:00,27.8,75.63076994448524,1002.1
Chennai,2025-07-24 22:00:00,28.0,78.9202680701639,
Chennai,2025-07-24 23:00:00,28.0,78.9202680701639,
Chennai,2025-07-25 00:00:00,27.2,75.53609118292528,1002.3
Chennai,2025-07-25 01:00:00,28.0,74.30236303611937,
Chennai,2025-07-25 02:00:00,29.0,70.10874183711726,
Chennai,2025-07-25 03:00:00,28.4,70.42408506037569,1003.6
Chennai,2025-07-25 04:00:00,30.0,70.29306142592459,
Chennai,2025-07-25 05:00:00,32.0,62.71443976755974,
Chennai,2025-07-25 06:00:00,30.4,65.07093044891502,1003.9
Chennai,2025-07-25 07:00:00,32.0,66.5821913857855,
Chennai,2025-07-25 08:00:00,33.0,62.92958329531054,
Chennai,2025-07-25 09:00:00,32.0,62.71443976755974,1001.3
Chennai,2025-07-25 10:00:00,32.0,66.5821913857855,
Chennai,2025-07-25 11:00:00,32.0,66.5821913857855,
Chennai,2025-07-25 12:00:00,30.8,71.71113203855039,1000.6
Chennai,2025-07-25 13:00:00,32.0,62.71443976755974,
Chennai,2025-07-25 14:00:00,31.0,66.3818887938788,
Chennai,2025-07-25 15:00:00,30.6,61.656767739717175,1003.5
Chennai,2025-07-25 16:00:00,31.0,62.49764883972529,
Chennai,2025-07-25 17:00:00,30.0,66.17996487728405,
Chennai,2025-07-25 18:00:00,29.8,61.10417493715189,1004.5
Chennai,2025-07-25 19:00:00,30.0,62.279197326402645,
Chennai,2025-07-25 20:00:00,29.0,65.9764050234237,
Chennai,2025-07-25 21:00:00,29.0,62.82580292280707,1003.2
Chennai,2025-07-25 22:00:00,29.0,65.9764050234237,
Chennai,2025-07-25 23:00:00,29.0,65.9764050234237,
Chennai,2025-07-26 00:00:00,28.0,66.1763979306175,1003.3
Chennai,2025-07-26 01:00:00,29.0,65.9764050234237,
Chennai,2025-07-26 02:00:00,29.0,65.9764050234237,
Chennai,2025-07-26 03:00:00,28.8,66.74517682756588,1004.9
Chennai,2025-07-26 04:00:00,31.0,62.49764883972529,
Chennai,2025-07-26 05:00:00,33.0,59.27401124880875,
Chennai,2025-07-26 06:00:00,32.6,54.04084502929489,1004.4
Chennai,2025-07-26 07:00:00,34.0,56.04514311511978,
Chennai,2025-07-26 08:00:00,34.0,56.04514311511978,
Chennai,2025-07-26 09:00:00,34.2,50.01039226884028,1003.0
Chennai,2025-07-26 10:00:00,35.0,53.01351873864528,
Chennai,2025-07-26 11:00:00,34.0,56.04514311511978,
Chennai,2025-07-26 12:00:00,33.6,50.46945953917431,1002.8
Chennai,2025-07-26 13:00:00,33.0,59.27401124880875,
Chennai,2025-07-26 14:00:00,32.0,62.71443976755974,
Chennai,2025-07-26 15:00:00,31.4,56.445824525394414,1005.4
Chennai,2025-07-26 16:00:00,30.0,66.17996487728405,
Chennai,2025-07-26 17:00:00,30.0,66.17996487728405,
Chennai,2025-07-26 18:00:00,29.6,64.51071215170371,1006.8
Chennai,2025-07-26 19:00:00,30.0,66.17996487728405,
Chennai,2025-07-26 20:00:00,29.0,70.10874183711726,
Chennai,2025-07-26 21:00:00,29.0,64.38421540041374,1005.2
Chennai,2025-07-26 22:00:00,29.0,70.10874183711726,
Chennai,2025-07-26 23:00:00,29.0,65.9764050234237,
Chennai,2025-07-27 00:00:00,28.4,66.25795810970587,1005.9
Chennai,2025-07-27 01:00:00,28.0,74.30236303611937,
Chennai,2025-07-27 02:00:00,29.0,70.10874183711726,
Chennai,2025-07-27 03:00:00,29.0,64.38421540041374,1007.2
Chennai,2025-07-27 04:00:00,32.0,62.71443976755974,
Chennai,2025-07-27 05:00:00,33.0,55.80567844118911,
Chennai,2025-07-27 06:00:00,33.0,47.606318875900186,1006.4
Chennai,2025-07-27 07:00:00,34.0,52.76574284376031,
Chennai,2025-07-27 08:00:00,34.0,56.04514311511978,
Chennai,2025-07-27 09:00:00,35.0,44.726671478165436,1004.1
Chennai,2025-07-27 10:00:00,35.0,49.91150957114025,
Chennai,2025-07-27 11:00:00,35.0,49.91150957114025,
Chennai,2025-07-27 12:00:00,34.6,46.294665135954354,1003.6
Chennai,2025-07-27 13:00:00,33.0,55.80567844118911,
Chennai,2025-07-27 14:00:00,33.0,55.80567844118911,
Chennai,2025-07-27 15:00:00,32.4,54.988018967303006,1005.8
Chennai,2025-07-27 16:00:00,31.0,66.3818887938788,
Chennai,2025-07-27 17:00:00,30.0,66.17996487728405,
Chennai,2025-07-27 18:00:00,30.4,61.61247622848766,1006.7
Chennai,2025-07-27 19:00:00,29.0,70.10874183711726,
Chennai,2025-07-27 20:00:00,29.0,70.10874183711726,
Chennai,2025-07-27 21:00:00,28.8,65.53389236922786,1005.2
Chennai,2025-07-27 22:00:00,28.0,74.30236303611937,
Chennai,2025-07-27 23:00:00,28.0,69.92284655824665,
Chennai,2025-07-28 00:00:00,28.0,63.385341541150645,1005.4
Chennai,2025-07-28 01:00:00,29.0,65.9764050234237,
Chennai,2025-07-28 02:00:00,31.0,58.81392369643709,
Chennai,2025-07-28 03:00:00,30.2,57.5576548506657,1007.6
Chennai,2025-07-28 04:00:00,33.0,55.80567844118911,
Chennai,2025-07-28 05:00:00,33.0,55.80567844118911,
Chennai,2025-07-28 06:00:00,33.4,49.19896559376817,1006.7
Chennai,2025-07-28 07:00:00,34.0,56.04514311511978,
Chennai,2025-07-28 08:00:00,35.0,53.01351873864528,
Chennai,2025-07-28 09:00:00,35.0,47.54554171711145,1004.3
Chennai,2025-07-28 10:00:00,35.0,53.01351873864528,
Chennai,2025-07-28 11:00:00,35.0,49.91150957114025,
Chennai,2025-07-28 12:00:00,35.2,44.77976864883668,1003.4
Chennai,2025-07-28 13:00:00,34.0,56.04514311511978,
Chennai,2025-07-28 14:00:00,33.0,55.80567844118911,
Chennai,2025-07-28 15:00:00,33.2,51.299708268572545,1006.1
Chennai,2025-07-28 16:00:00,32.0,59.04479527455803,
Chennai,2025-07-28 17:00:00,32.0,59.04479527455803,
Chennai,2025-07-28 18:00:00,31.2,56.05359172338208,1007.5
Chennai,2025-07-28 19:00:00,30.0,66.17996487728405,
Chennai,2025-07-28 20:00:00,30.0,62.279197326402645,
Chennai,2025-07-28 21:00:00,29.0,65.9764050234237,
Chennai,2025-07-28 23:00:00,28.0,69.92284655824665,
Chennai,2025-07-29 00:00:00,27.8,66.13551830732304,1006.2
Chennai,2025-07-29 01:00:00,29.0,65.9764050234237,
Chennai,2025-07-29 05:00:00,34.0,52.76574284376031,
Chennai,2025-07-29 06:00:00,33.8,45.518660486367004,1006.1
Chennai,2025-07-29 07:00:00,36.0,47.23049063882917,
Chennai,2025-07-29 08:00:00,36.0,50.16587400443515,
Chennai,2025-07-29 09:00:00,36.8,37.15602939283433,1003.6
Chennai,2025-07-29 10:00:00,36.0,47.23049063882917,
Chennai,2025-07-29 11:00:00,36.0,50.16587400443515,
Chennai,2025-07-29 12:00:00,36.2,41.09709306555568,1003.5
Chennai,2025-07-29 13:00:00,34.0,56.04514311511978,
Chennai,2025-07-29 14:00:00,34.0,56.04514311511978,
Chennai,2025-07-29 15:00:00,33.4,54.566580431863855,1005.8
Chennai,2025-07-29 16:00:00,33.0,55.80567844118911,
Chennai,2025-07-29 17:00:00,32.0,59.04479527455803,
Chennai,2025-07-29 18:00:00,31.4,55.08058002977347,1007.0
Chennai,2025-07-29 19:00:00,31.0,62.49764883972529,
Chennai,2025-07-29 20:00:00,30.0,62.279197326402645,
Chennai,2025-07-29 21:00:00,29.6,60.68601439855552,1006.1
Chennai,2025-07-29 22:00:00,29.0,65.9764050234237,
Chennai,2025-07-29 23:00:00,29.0,65.9764050234237,
Chennai,2025-07-30 00:00:00,28.8,62.782198156408256,1005.9
Chennai,2025-07-30 01:00:00,30.0,62.279197326402645,
Chennai,2025-07-30 02:00:00,33.0,55.80567844118911,
Chennai,2025-07-30 03:00:00,30.6,58.006624337338984,1006.5
Chennai,2025-07-30 04:00:00,34.0,52.76574284376031,
Chennai,2025-07-30 05:00:00,34.0,52.76574284376031,
Chennai,2025-07-30 06:00:00,34.4,45.95905839180616,1005.7
Chennai,2025-07-30 07:00:00,35.0,53.01351873864528,
Chennai,2025-07-30 08:00:00,36.0,50.16587400443515,
Chennai,2025-07-30 09:00:00,37.4,41.16770639461373,1003.9
Chennai,2025-07-30 10:00:00,37.0,50.41873224708425,
Chennai,2025-07-30 11:00:00,37.0,47.48991405743266,
Chennai,2025-07-30 12:00:00,36.4,41.15093514291351,1004.1
Chennai,2025-07-30 13:00:00,35.0,49.91150957114025,
Chennai,2025-07-30 14:00:00,33.0,62.92958329531054,
Chennai,2025-07-30 15:00:00,32.0,63.85356133058713,1005.2
Chennai,2025-07-30 16:00:00,30.0,70.29306142592459,
Chennai,2025-07-30 17:00:00,30.0,74.62820502423824,
Chennai,2025-07-30 18:00:00,30.0,75.5227593496699,1006.3
Chennai,2025-07-30 19:00:00,30.0,79.1954670273341,
Chennai,2025-07-30 20:00:00,30.0,79.1954670273341,
Chennai,2025-07-30 21:00:00,29.4,81.97957178446406,1005.2
Chennai,2025-07-30 22:00:00,29.0,83.89690993013956,
Chennai,2025-07-30 23:00:00,29.0,79.0585121873896,
Chennai,2025-07-31 00:00:00,29.0,73.57607488115697,1005.6
Chennai,2025-07-31 01:00:00,29.0,74.46601257025355,
Chennai,2025-07-31 02:00:00,31.0,62.49764883972529,
Chennai,2025-07-31 03:00:00,30.6,59.08123488638958,1007.3
Chennai,2025-07-31 04:00:00,33.0,59.27401124880875,
Chennai,2025-07-31 05:00:00,33.0,59.27401124880875,
Chennai,2025-07-31 06:00:00,34.0,50.879846925795135,1006.4
Chennai,2025-07-31 07:00:00,35.0,56.28299102683274,
Chennai,2025-07-31 08:00:00,36.0,53.25972513472508,
Chennai,2025-07-31 09:00:00,37.0,45.529395294766076,1003.9
Chennai,2025-07-31 10:00:00,37.0,47.48991405743266,
Chennai,2025-07-31 11:00:00,32.0,66.5821913857855,
Chennai,2025-07-31 12:00:00,32.0,65.01074996458017,1004.7
Chennai,2025-07-31 13:00:00,31.0,74.7889561009917,
Chennai,2025-07-31 14:00:00,30.0,79.1954670273341,
Chennai,2025-07-31 15:00:00,30.4,72.93500760473812,1006.1
Chennai,2025-07-31 16:00:00,30.0,74.62820502423824,
Chennai,2025-07-31 17:00:00,30.0,79.1954670273341,
Chennai,2025-07-31 18:00:00,30.0,76.88217771852533,1006.4
Chennai,2025-07-31 19:00:00,30.0,79.1954670273341,
Chennai,2025-07-31 20:00:00,29.0,83.89690993013956,
Chennai,2025-07-31 21:00:00,29.2,79.08600581526997,1004.5
Chennai,2025-07-31 22:00:00,29.0,83.89690993013956,
Chennai,2025-07-31 23:00:00,29.0,83.89690993013956,
Chennai,2025-08-01 00:00:00,28.8,80.45782143103412,1004.8
Chennai,2025-08-01 01:00:00,29.0,83.89690993013956,
Chennai,2025-08-01 02:00:00,32.0,70.6570356447408,
Chennai,2025-08-01 03:00:00,31.0,67.99377352527183,1006.6
Chennai,2025-08-01 04:00:00,35.0,56.28299102683274,
Chennai,2025-08-01 05:00:00,35.0,53.01351873864528,
Chennai,2025-08-01 06:00:00,34.8,45.50365698828102,1005.8
Chennai,2025-08-01 07:00:00,36.0,50.16587400443515,
Chennai,2025-08-01 08:00:00,37.0,47.48991405743266,
Chennai,2025-08-01 09:00:00,37.0,44.441226265938326,1003.6
Chennai,2025-08-01 10:00:00,38.0,44.974237081492554,
Chennai,2025-08-01 11:00:00,34.0,63.14309255534474,
Chennai,2025-08-01 12:00:00,33.2,58.9647920354539,1003.5
Chennai,2025-08-01 13:00:00,32.0,66.5821913857855,
Chennai,2025-08-01 14:00:00,32.0,70.6570356447408,
Chennai,2025-08-01 15:00:00,31.2,70.93306375697343,1005.9
Chennai,2025-08-01 16:00:00,31.0,74.7889561009917,
Chennai,2025-08-01 17:00:00,31.0,79.33114757208126,
Chennai,2025-08-01 18:00:00,30.8,77.00117625197225,1006.5
Chennai,2025-08-01 19:00:00,30.0,84.00528111799692,
Chennai,2025-08-01 20:00:00,30.0,74.62820502423824,
Chennai,2025-08-01 21:00:00,29.4,72.32825969825754,1005.8
Chennai,2025-08-01 22:00:00,27.0,88.83751596451742,
Chennai,2025-08-01 23:00:00,27.0,88.83751596451742,
Chennai,2025-08-02 00:00:00,27.4,81.24686676192346,1006.0
Chennai,2025-08-02 01:00:00,27.0,83.67695517522091,
Chennai,2025-08-02 02:00:00,29.0,79.0585121873896,
Chennai,2025-08-02 03:00:00,29.0,77.65543578652992,1006.2
Chennai,2025-08-02 05:00:00,34.0,63.14309255534474,
Chennai,2025-08-02 06:00:00,34.0,56.04514311511978,1005.8
Chennai,2025-08-02 07:00:00,36.0,56.5192316286057,
Chennai,2025-08-02 08:00:00,37.0,50.41873224708425,
Chennai,2025-08-02 09:00:00,36.6,47.10156628812264,1003.2
Chennai,2025-08-02 10:00:00,35.0,59.72752203563765,
Chennai,2025-08-02 11:00:00,34.0,63.14309255534474,
Chennai,2025-08-02 12:00:00,33.8,57.01603340699637,1002.7
Chennai,2025-08-02 13:00:00,32.0,70.6570356447408,
Chennai,2025-08-02 14:00:00,31.0,79.33114757208126,
Chennai,2025-08-02 15:00:00,30.8,79.77185498360923,1005.4
Chennai,2025-08-02 16:00:00,31.0,79.33114757208126,
Chennai,2025-08-02 17:00:00,30.0,84.00528111799692,
Chennai,2025-08-02 18:00:00,30.2,81.1147334710309,1006.3
Chennai,2025-08-02 19:00:00,30.0,84.00528111799692,
Chennai,2025-08-02 20:00:00,30.0,84.00528111799692,
Chennai,2025-08-02 21:00:00,29.8,84.97692867892383,1005.5
Chennai,2025-08-02 22:00:00,30.0,84.00528111799692,
Chennai,2025-08-02 23:00:00,29.0,79.0585121873896,
Chennai,2025-08-03 00:00:00,28.0,78.44744220055776,1005.3
Chennai,2025-08-03 01:00:00,28.0,83.78747242805218,
Chennai,2025-08-03 02:00:00,30.0,74.62820502423824,
Chennai,2025-08-03 03:00:00,30.4,69.11197515651446,1006.7
Chennai,2025-08-03 04:00:00,35.0,59.72752203563765,
Chennai,2025-08-03 05:00:00,35.0,63.354980624753985,
Chennai,2025-08-03 06:00:00,35.6,50.97641213445036,1005.9
Chennai,2025-08-03 07:00:00,34.0,66.97799053247137,
Chennai,2025-08-03 08:00:00,29.0,79.0585121873896,
Chennai,2025-08-03 09:00:00,32.8,61.03350741643827,1005.0
Chennai,2025-08-03 10:00:00,31.0,66.3818887938788,
Chennai,2025-08-03 11:00:00,30.0,74.62820502423824,
Chennai,2025-08-03 12:00:00,28.6,80.43187680667027,1005.8
Chennai,2025-08-03 13:00:00,27.0,83.67695517522091,
Chennai,2025-08-03 14:00:00,27.0,83.67695517522091,
Chennai,2025-08-03 15:00:00,27.2,84.20248990010974,1006.8
Chennai,2025-08-03 16:00:00,27.0,83.67695517522091,
Chennai,2025-08-03 17:00:00,27.0,83.67695517522091,
Chennai,2025-08-03 18:00:00,27.4,81.24686676192346,1007.6
Chennai,2025-08-03 19:00:00,27.0,83.67695517522091,
Chennai,2025-08-03 20:00:00,27.0,83.67695517522091,
Chennai,2025-08-03 21:00:00,27.2,87.80068301379468,1005.8
Chennai,2025-08-03 22:00:00,27.0,83.67695517522091,
Chennai,2025-08-03 23:00:00,27.0,83.67695517522091,
Chennai,2025-08-04 00:00:00,27.4,79.79314536748959,1006.1
Chennai,2025-08-04 01:00:00,28.0,83.78747242805218,
Chennai,2025-08-04 02:00:00,33.0,66.78088716309055,
Chennai,2025-08-04 03:00:00,30.2,70.32973763313946,1007.8
Chennai,2025-08-04 04:00:00,33.0,66.78088716309055,
Chennai,2025-08-04 05:00:00,35.0,59.72752203563765,
Chennai,2025-08-04 06:00:00,34.6,56.524933034712646,1006.8
Chennai,2025-08-04 07:00:00,36.0,59.95183966647327,
Chennai,2025-08-04 08:00:00,34.0,63.14309255534474,
Chennai,2025-08-04 09:00:00,34.2,59.54690108998311,1005.1
Chennai,2025-08-04 10:00:00,34.0,66.97799053247137,
Chennai,2025-08-04 11:00:00,34.0,66.97799053247137,
Chennai,2025-08-04 12:00:00,33.0,66.78088716309055,1004.2
Chennai,2025-08-04 13:00:00,31.0,74.7889561009917,
Chennai,2025-08-04 14:00:00,31.0,74.7889561009917,
Chennai,2025-08-04 15:00:00,30.8,75.64766286638326,1006.9
Chennai,2025-08-04 16:00:00,29.0,79.0585121873896,
Chennai,2025-08-04 17:00:00,27.0,88.83751596451742,
Chennai,2025-08-04 18:00:00,28.2,84.81254813644145,1007.8
Chennai,2025-08-04 19:00:00,27.0,88.83751596451742,
Chennai,2025-08-04 20:00:00,26.0,94.23292497092102,
Chennai,2025-08-04 21:00:00,26.6,87.22543835052973,1005.1
Chennai,2025-08-04 22:00:00,26.0,88.7589455109383,
Chennai,2025-08-04 23:00:00,26.0,88.7589455109383,
Chennai,2025-08-05 00:00:00,26.4,88.79047072518293,1005.9
Chennai,2025-08-05 01:00:00,27.0,88.83751596451742,
Chennai,2025-08-05 02:00:00,29.0,83.89690993013956,
Chennai,2025-08-05 03:00:00,29.4,74.97860136800087,1007.8
Chennai,2025-08-05 04:00:00,33.0,66.78088716309055,
Chennai,2025-08-05 05:00:00,32.0,66.5821913857855,
Chennai,2025-08-05 06:00:00,32.4,63.9379440059793,1007.5
Chennai,2025-08-05 07:00:00,35.0,56.28299102683274,
Chennai,2025-08-05 08:00:00,36.0,59.95183966647327,
Chennai,2025-08-05 09:00:00,34.4,59.59215392807818,1005.0
Chennai,2025-08-05 10:00:00,33.0,70.83672096419855,
Chennai,2025-08-05 11:00:00,33.0,66.78088716309055,
Chennai,2025-08-05 12:00:00,32.2,66.22646690114202,1003.6
Chennai,2025-08-05 13:00:00,31.0,74.7889561009917,
Chennai,2025-08-05 15:00:00,29.8,76.85229197010862,1006.3
Chennai,2025-08-05 16:00:00,29.0,83.89690993013956,
Chennai,2025-08-05 17:00:00,29.0,83.89690993013956,
Chennai,2025-08-05 18:00:00,29.4,83.44637781059491,1006.9
Chennai,2025-08-05 19:00:00,29.0,83.89690993013956,
Chennai,2025-08-05 20:00:00,29.0,83.89690993013956,
Chennai,2025-08-05 21:00:00,28.6,79.00337009946395,1006.1
Chennai,2025-08-05 22:00:00,27.0,83.67695517522091,
Chennai,2025-08-05 23:00:00,27.0,83.67695517522091,
Chennai,2025-08-06 00:00:00,27.2,82.70035172790627,1006.0
Chennai,2025-08-06 01:00:00,28.0,83.78747242805218,
Chennai,2025-08-06 02:00:00,33.0,66.78088716309055,
Chennai,2025-08-06 03:00:00,30.2,70.32973763313946,1007.3
Chennai,2025-08-06 04:00:00,35.0,59.72752203563765,
Chennai,2025-08-06 05:00:00,35.0,59.72752203563765,
Chennai,2025-08-06 06:00:00,34.8,52.64629722905695,1006.4
Chennai,2025-08-06 07:00:00,37.0,53.50436937263995,
Chennai,2025-08-06 08:00:00,35.0,63.354980624753985,
Chennai,2025-08-06 09:00:00,35.0,62.2470562760692,1003.8
Chennai,2025-08-06 10:00:00,34.0,66.97799053247137,
Chennai,2025-08-06 11:00:00,33.0,70.83672096419855,
Chennai,2025-08-06 12:00:00,32.4,70.31283604150148,1003.2
Chennai,2025-08-06 13:00:00,30.0,79.1954670273341,
Chennai,2025-08-06 14:00:00,30.0,79.1954670273341,
Chennai,2025-08-06 15:00:00,30.0,78.26294962837345,1005.6
Chennai,2025-08-06 16:00:00,30.0,79.1954670273341,
Chennai,2025-08-06 17:00:00,29.0,74.46601257025355,
Chennai,2025-08-06 18:00:00,28.6,77.59711341151534,1006.0
Chennai,2025-08-06 19:00:00,28.0,83.78747242805218,
Chennai,2025-08-06 20:00:00,28.0,83.78747242805218,
Chennai,2025-08-06 21:00:00,27.6,74.23649168800932,1005.3
Chennai,2025-08-06 22:00:00,27.0,78.78071949348664,
Chennai,2025-08-06 23:00:00,27.0,78.78071949348664,
Chennai,2025-08-07 00:00:00,27.2,76.92377783448977,1005.6
Chennai,2025-08-07 01:00:00,28.0,78.9202680701639,
Chennai,2025-08-07 02:00:00,31.0,74.7889561009917,
Chennai,2025-08-07 03:00:00,29.4,74.97860136800087,1006.1
Chennai,2025-08-07 04:00:00,37.0,53.50436937263995,
Chennai,2025-08-07 05:00:00,36.0,56.5192316286057,
Chennai,2025-08-07 06:00:00,34.8,52.64629722905695,1005.4
Chennai,2025-08-07 07:00:00,37.0,47.48991405743266,
Chennai,2025-08-07 08:00:00,37.0,47.48991405743266,
Chennai,2025-08-07 09:00:00,36.0,57.530492699389136,1003.8
Chennai,2025-08-07 10:00:00,34.0,66.97799053247137,
Chennai,2025-08-07 11:00:00,34.0,66.97799053247137,
Chennai,2025-08-07 12:00:00,33.0,66.78088716309055,1003.0
Chennai,2025-08-07 13:00:00,31.0,74.7889561009917,
Chennai,2025-08-07 14:00:00,31.0,74.7889561009917,
Chennai,2025-08-07 15:00:00,30.2,76.91200889831605,1004.7
Chennai,2025-08-07 16:00:00,31.0,79.33114757208126,
Chennai,2025-08-07 17:00:00,30.0,84.00528111799692,
Chennai,2025-08-07 18:00:00,30.2,81.1147334710309,1005.9
Chennai,2025-08-07 19:00:00,30.0,84.00528111799692,
Chennai,2025-08-07 20:00:00,30.0,84.00528111799692,
Chennai,2025-08-07 21:00:00,29.6,83.46865512129703,1005.4
Chennai,2025-08-07 22:00:00,26.0,83.5653445347348,
Chennai,2025-08-07 23:00:00,26.0,83.5653445347348,
Chennai,2025-08-08 00:00:00,26.2,84.09422307879059,1006.1
Chennai,2025-08-08 01:00:00,26.0,83.5653445347348,
Chennai,2025-08-08 02:00:00,27.0,83.67695517522091,
Chennai,2025-08-08 03:00:00,27.6,79.81995065848324,1007.8
Chennai,2025-08-08 04:00:00,33.0,66.78088716309055,
Chennai,2025-08-08 05:00:00,34.0,59.50158303199722,
Chennai,2025-08-08 06:00:00,33.0,55.468825283877344,1006.9
Chennai,2025-08-08 07:00:00,34.0,59.50158303199722,
Chennai,2025-08-08 08:00:00,33.0,66.78088716309055,
Chennai,2025-08-08 09:00:00,33.0,62.18308645409979,1005.7
Chennai,2025-08-08 10:00:00,35.0,59.72752203563765,
Chennai,2025-08-08 11:00:00,32.0,70.6570356447408,
Chennai,2025-08-08 12:00:00,31.2,68.4404025650585,1005.9
Chennai,2025-08-08 13:00:00,30.0,79.1954670273341,
Chennai,2025-08-08 14:00:00,30.0,79.1954670273341,
Chennai,2025-08-08 15:00:00,29.4,77.71354294293734,1008.3
Chennai,2025-08-08 16:00:00,29.0,83.89690993013956,
Chennai,2025-08-08 17:00:00,29.0,83.89690993013956,
Chennai,2025-08-08 18:00:00,29.0,83.40169277956687,1008.8
Chennai,2025-08-08 19:00:00,29.0,83.89690993013956,
Chennai,2025-08-08 20:00:00,28.0,83.78747242805218,
Chennai,2025-08-08 21:00:00,28.2,83.31179804309043,1008.1
Chennai,2025-08-08 22:00:00,28.0,83.78747242805218,
Chennai,2025-08-08 23:00:00,27.0,78.78071949348664,
Chennai,2025-08-09 00:00:00,26.6,79.6854136873141,1008.1
Chennai,2025-08-09 01:00:00,28.0,83.78747242805218,
Chennai,2025-08-09 02:00:00,29.0,74.46601257025355,
Chennai,2025-08-09 03:00:00,28.4,74.81792523943739,1009.0
Chennai,2025-08-09 04:00:00,32.0,66.5821913857855,
Chennai,2025-08-09 05:00:00,32.0,66.5821913857855,
Chennai,2025-08-09 06:00:00,31.6,62.25158297844957,1008.9
Chennai,2025-08-09 07:00:00,34.0,59.50158303199722,
Chennai,2025-08-09 08:00:00,33.0,66.78088716309055,
Chennai,2025-08-09 09:00:00,32.6,66.70160074556692,1007.4
Chennai,2025-08-09 10:00:00,33.0,66.78088716309055,
Chennai,2025-08-09 11:00:00,32.0,66.5821913857855,
Chennai,2025-08-09 12:00:00,31.7,67.72419263165283,1007.3
Chennai,2025-08-09 13:00:00,31.0,74.7889561009917,
Chennai,2025-08-09 14:00:00,30.0,79.1954670273341,
Chennai,2025-08-09 15:00:00,29.4,77.71354294293734,1008.6
Chennai,2025-08-09 16:00:00,29.0,79.0585121873896,
Chennai,2025-08-09 17:00:00,28.0,78.9202680701639,
Chennai,2025-08-09 18:00:00,28.2,83.31179804309043,1009.5
Chennai,2025-08-09 19:00:00,28.0,83.78747242805218,
Chennai,2025-08-09 20:00:00,27.0,83.67695517522091,
Chennai,2025-08-09 21:00:00,27.6,76.98390463811192,1008.0
Chennai,2025-08-09 22:00:00,27.0,83.67695517522091,
Chennai,2025-08-09 23:00:00,27.0,83.67695517522091,
Chennai,2025-08-10 00:00:00,27.2,81.22172233137654,1008.1
Chennai,2025-08-10 01:00:00,28.0,83.78747242805218,
Chennai,2025-08-10 02:00:00,32.0,66.5821913857855,
Chennai,2025-08-10 03:00:00,30.0,66.17996487728405,1009.1
Chennai,2025-08-10 04:00:00,35.0,53.01351873864528,
Chennai,2025-08-10 05:00:00,35.0,56.28299102683274,
Chennai,2025-08-10 06:00:00,34.2,47.91980944869557,1008.5
Chennai,2025-08-10 07:00:00,35.0,53.01351873864528,
Chennai,2025-08-10 08:00:00,36.0,50.16587400443515,
Chennai,2025-08-10 09:00:00,35.0,52.695904978436104,1006.3
Chennai,2025-08-10 10:00:00,32.0,70.6570356447408,
Chennai,2025-08-10 11:00:00,32.0,66.5821913857855,
Chennai,2025-08-10 12:00:00,31.4,64.49787905022467,1006.6
Chennai,2025-08-10 13:00:00,26.0,88.7589455109383,
Chennai,2025-08-10 14:00:00,25.0,94.19101183405704,
Chennai,2025-08-10 15:00:00,25.6,94.78110774663195,1009.3
Chennai,2025-08-10 16:00:00,26.0,88.7589455109383,
Chennai,2025-08-10 17:00:00,26.0,88.7589455109383,
Chennai,2025-08-10 18:00:00,26.0,92.00888400052642,1009.1
Chennai,2025-08-10 19:00:00,26.0,88.7589455109383,
Chennai,2025-08-10 20:00:00,26.0,88.7589455109383,
Chennai,2025-08-10 21:00:00,25.8,91.99744908137737,1007.1
Chennai,2025-08-10 22:00:00,26.0,88.7589455109383,
Chennai,2025-08-10 23:00:00,26.0,88.7589455109383,
Chennai,2025-08-11 00:00:00,25.6,90.34377933678581,1006.9
Chennai,2025-08-11 01:00:00,26.0,88.7589455109383,
Chennai,2025-08-11 02:00:00,28.0,83.78747242805218,
Chennai,2025-08-11 03:00:00,27.4,81.24686676192346,1008.7
Chennai,2025-08-11 04:00:00,30.0,74.62820502423824,
Chennai,2025-08-11 05:00:00,32.0,66.5821913857855,
Chennai,2025-08-11 06:00:00,32.0,56.93448027880228,1008.3
Chennai,2025-08-11 07:00:00,33.0,62.92958329531054,
Chennai,2025-08-11 08:00:00,34.0,59.50158303199722,
Chennai,2025-08-11 09:00:00,34.6,53.55559032656666,1006.1
Chennai,2025-08-11 10:00:00,35.0,56.28299102683274,
Chennai,2025-08-11 11:00:00,33.0,66.78088716309055,
Chennai,2025-08-11 12:00:00,32.0,62.71443976755974,1005.2
Chennai,2025-08-11 13:00:00,26.0,83.5653445347348,
Chennai,2025-08-11 14:00:00,26.0,88.7589455109383,
Chennai,2025-08-11 15:00:00,26.4,90.39836619855579,1007.0
Chennai,2025-08-11 16:00:00,26.0,88.7589455109383,
Chennai,2025-08-11 17:00:00,27.0,83.67695517522091,
Chennai,2025-08-11 18:00:00,25.8,90.35746879655075,1007.6
Chennai,2025-08-11 19:00:00,27.0,83.67695517522091,
Chennai,2025-08-11 20:00:00,28.0,83.78747242805218,
Chennai,2025-08-11 21:00:00,27.0,87.26088849314073,1006.1
Chennai,2025-08-11 22:00:00,27.0,88.83751596451742,
Chennai,2025-08-11 23:00:00,27.0,88.83751596451742,
Chennai,2025-08-12 00:00:00,27.0,87.26088849314073,1005.9
Chennai,2025-08-12 01:00:00,27.0,88.83751596451742,
Chennai,2025-08-12 02:00:00,27.0,88.83751596451742,
Chennai,2025-08-12 03:00:00,27.2,81.22172233137654,1007.1
Chennai,2025-08-12 04:00:00,29.0,74.46601257025355,
Chennai,2025-08-12 05:00:00,30.0,70.29306142592459,
Chennai,2025-08-12 06:00:00,30.0,64.98787314987105,1006.6
Chennai,2025-08-12 07:00:00,31.0,66.3818887938788,
Chennai,2025-08-12 08:00:00,31.0,66.3818887938788,
Chennai,2025-08-12 09:00:00,30.8,62.83365155694164,1005.2
Chennai,2025-08-12 10:00:00,31.0,66.3818887938788,
Chennai,2025-08-12 11:00:00,31.0,66.3818887938788,
Chennai,2025-08-12 12:00:00,30.8,62.83365155694164,1004.2
Chennai,2025-08-12 13:00:00,30.0,70.29306142592459,
Chennai,2025-08-12 14:00:00,29.0,79.0585121873896,
Chennai,2025-08-12 15:00:00,29.0,74.91450415439337,1004.8
Chennai,2025-08-12 16:00:00,29.0,79.0585121873896,
Chennai,2025-08-12 17:00:00,29.0,79.0585121873896,
Chennai,2025-08-12 18:00:00,27.6,84.24549777703992,1005.5
Chennai,2025-08-12 19:00:00,28.0,83.78747242805218,
Chennai,2025-08-12 20:00:00,28.0,83.78747242805218,
Chennai,2025-08-12 21:00:00,27.0,85.7087986323302,1003.8
Chennai,2025-08-12 22:00:00,27.0,88.83751596451742,
Chennai,2025-08-12 23:00:00,28.0,78.9202680701639,
Chennai,2025-08-13 00:00:00,27.0,76.8936310454662,1003.7
Chennai,2025-08-13 01:00:00,27.0,78.78071949348664,
Chennai,2025-08-13 02:00:00,27.0,83.67695517522091,
Chennai,2025-08-13 03:00:00,27.0,78.30518483755301,1006.0
Chennai,2025-08-13 04:00:00,27.0,83.67695517522091,
Chennai,2025-08-13 05:00:00,28.0,78.9202680701639,
Chennai,2025-08-13 06:00:00,27.6,74.23649168800932,1006.2
Chennai,2025-08-13 07:00:00,28.0,78.9202680701639,
Chennai,2025-08-13 08:00:00,29.0,74.46601257025355,
Chennai,2025-08-13 09:00:00,28.6,70.46084618703307,1004.2
Chennai,2025-08-13 10:00:00,29.0,70.10874183711726,
Chennai,2025-08-13 11:00:00,29.0,74.46601257025355,
Chennai,2025-08-13 12:00:00,28.4,71.71785815951927,1003.7
Chennai,2025-08-13 13:00:00,28.0,78.9202680701639,
Chennai,2025-08-13 14:00:00,28.0,78.9202680701639,
Chennai,2025-08-13 15:00:00,27.2,82.70035172790627,1005.7
Chennai,2025-08-13 16:00:00,28.0,78.9202680701639,
Chennai,2025-08-13 17:00:00,29.0,79.0585121873896,
Chennai,2025-08-13 18:00:00,27.4,82.72371961951407,1006.5
Chennai,2025-08-13 19:00:00,28.0,78.9202680701639,
Chennai,2025-08-13 20:00:00,27.0,83.67695517522091,
Chennai,2025-08-13 21:00:00,26.0,87.17199233244091,1004.9
Chennai,2025-08-13 22:00:00,26.0,88.7589455109383,
Chennai,2025-08-13 23:00:00,26.0,88.7589455109383,
Chennai,2025-08-14 00:00:00,25.6,91.43570721258781,1005.6
Chennai,2025-08-14 01:00:00,26.0,88.7589455109383,
Chennai,2025-08-14 02:00:00,27.0,88.83751596451742,
Chennai,2025-08-14 03:00:00,27.2,85.72845277885752,1006.6
Chennai,2025-08-14 04:00:00,31.0,70.47582088918256,
Chennai,2025-08-14 05:00:00,33.0,62.92958329531054,
Chennai,2025-08-14 06:00:00,32.0,56.93448027880228,1006.1
Chennai,2025-08-14 07:00:00,34.0,59.50158303199722,
Chennai,2025-08-14 08:00:00,34.0,59.50158303199722,
Chennai,2025-08-14 09:00:00,33.6,52.66619140083634,1003.9
Chennai,2025-08-14 10:00:00,34.0,59.50158303199722,
Chennai,2025-08-14 11:00:00,33.0,59.27401124880875,
Chennai,2025-08-14 12:00:00,32.4,59.49445671738769,1002.9
Chennai,2025-08-14 13:00:00,31.0,66.3818887938788,
Chennai,2025-08-14 14:00:00,28.0,78.9202680701639,
Chennai,2025-08-14 15:00:00,28.0,80.3537462205201,1005.4
Chennai,2025-08-14 16:00:00,28.0,83.78747242805218,
Chennai,2025-08-14 17:00:00,28.0,83.78747242805218,
Chennai,2025-08-14 18:00:00,27.8,81.29701074620921,1005.8
Chennai,2025-08-14 19:00:00,28.0,83.78747242805218,
Chennai,2025-08-14 20:00:00,28.0,83.78747242805218,
Chennai,2025-08-14 21:00:00,27.6,81.27196286112057,1004.3
Chennai,2025-08-14 22:00:00,28.0,83.78747242805218,
Chennai,2025-08-14 23:00:00,28.0,83.78747242805218,
Chennai,2025-08-15 00:00:00,27.2,79.76628914637874,1004.1
Chennai,2025-08-15 01:00:00,27.0,83.67695517522091,
Chennai,2025-08-15 02:00:00,28.0,78.9202680701639,
Chennai,2025-08-15 03:00:00,28.4,69.15080360685214,1006.5
Chennai,2025-08-15 04:00:00,31.0,66.3818887938788,
Chennai,2025-08-15 05:00:00,32.0,62.71443976755974,
Chennai,2025-08-15 06:00:00,32.4,54.988018967303006,1005.5
Chennai,2025-08-15 07:00:00,34.0,56.04514311511978,
Chennai,2025-08-15 08:00:00,34.0,59.50158303199722,
Chennai,2025-08-15 09:00:00,34.8,49.559037044283905,1003.1
Chennai,2025-08-15 10:00:00,34.0,59.50158303199722,
Chennai,2025-08-15 11:00:00,34.0,59.50158303199722,
Chennai,2025-08-15 12:00:00,33.6,53.632996598820334,1000.6
Chennai,2025-08-15 13:00:00,32.0,62.71443976755974,
Chennai,2025-08-15 14:00:00,31.0,70.47582088918256,
Chennai,2025-08-15 15:00:00,30.4,71.64060697493404,1003.2
Chennai,2025-08-15 16:00:00,30.0,74.62820502423824,
Chennai,2025-08-15 17:00:00,28.0,83.78747242805218,
Chennai,2025-08-15 18:00:00,28.2,76.15120458899845,1004.1
Chennai,2025-08-15 19:00:00,28.0,78.9202680701639,
Chennai,2025-08-15 20:00:00,28.0,78.9202680701639,
Chennai,2025-08-15 21:00:00,27.8,81.29701074620921,1002.1
Chennai,2025-08-15 22:00:00,28.0,83.78747242805218,
Chennai,2025-08-15 23:00:00,28.0,78.9202680701639,
Chennai,2025-08-16 00:00:00,28.0,74.30236303611937,1002.2
Chennai,2025-08-16 01:00:00,28.0,78.9202680701639,
Chennai,2025-08-16 02:00:00,28.0,78.9202680701639,
Chennai,2025-08-16 03:00:00,29.0,68.01508576459278,1004.0
Chennai,2025-08-16 04:00:00,30.0,70.29306142592459,
Chennai,2025-08-16 05:00:00,33.0,59.27401124880875,
Chennai,2025-08-16 06:00:00,33.0,53.160307816284856,1003.1
Chennai,2025-08-16 07:00:00,33.0,62.92958329531054,
Chennai,2025-08-16 08:00:00,34.0,59.50158303199722,
Chennai,2025-08-16 09:00:00,33.2,52.24717555279882,1000.6
Chennai,2025-08-16 10:00:00,33.0,59.27401124880875,
Chennai,2025-08-16 11:00:00,28.0,83.78747242805218,
Chennai,2025-08-16 12:00:00,28.6,86.37440005285019,1000.0
Chennai,2025-08-16 13:00:00,30.0,79.1954670273341,
Chennai,2025-08-16 14:00:00,30.0,79.1954670273341,
Chennai,2025-08-16 15:00:00,27.4,81.24686676192346,1002.5
Chennai,2025-08-16 16:00:00,27.0,83.67695517522091,
Chennai,2025-08-16 17:00:00,27.0,88.83751596451742,
Chennai,2025-08-16 18:00:00,26.8,85.68910507577876,1003.5
Chennai,2025-08-16 19:00:00,27.0,83.67695517522091,
Chennai,2025-08-16 20:00:00,27.0,83.67695517522091,
Chennai,2025-08-16 21:00:00,26.6,84.13765842724912,1001.6
Chennai,2025-08-16 22:00:00,27.0,83.67695517522091,
Chennai,2025-08-16 23:00:00,27.0,83.67695517522091,
Chennai,2025-08-17 00:00:00,26.2,88.7747243479242,1001.7
Chennai,2025-08-17 01:00:00,27.0,83.67695517522091,
Chennai,2025-08-17 02:00:00,27.0,88.83751596451742,
Chennai,2025-08-17 03:00:00,27.0,90.43900875787912,1004.1
Chennai,2025-08-17 04:00:00,29.0,79.0585121873896,
Chennai,2025-08-17 05:00:00,30.0,74.62820502423824,
Chennai,2025-08-17 06:00:00,29.6,71.07014207384191,1004.1
Chennai,2025-08-17 07:00:00,32.0,66.5821913857855,
Chennai,2025-08-17 08:00:00,32.0,66.5821913857855,
Chennai,2025-08-17 09:00:00,31.4,63.34384135735378,1002.4
Chennai,2025-08-17 10:00:00,32.0,66.5821913857855,
Chennai,2025-08-17 11:00:00,32.0,66.5821913857855,
Chennai,2025-08-17 12:00:00,31.0,67.99377352527183,1002.4
Chennai,2025-08-17 13:00:00,26.0,83.5653445347348,
Chennai,2025-08-17 14:00:00,25.0,88.67956137467019,
Chennai,2025-08-17 15:00:00,25.4,91.42347038708563,1005.4
Chennai,2025-08-17 16:00:00,25.0,94.19101183405704,
Chennai,2025-08-17 17:00:00,25.0,94.19101183405704,
Chennai,2025-08-17 18:00:00,25.6,91.43570721258781,1005.5
Chennai,2025-08-17 19:00:00,26.0,88.7589455109383,
Chennai,2025-08-17 20:00:00,26.0,88.7589455109383,
Chennai,2025-08-17 21:00:00,25.6,91.43570721258781,1004.2
Chennai,2025-08-17 22:00:00,26.0,88.7589455109383,
Chennai,2025-08-17 23:00:00,26.0,88.7589455109383,
Chennai,2025-08-18 00:00:00,25.6,88.72729010944434,1004.0
Chennai,2025-08-18 01:00:00,26.0,88.7589455109383,
Chennai,2025-08-18 02:00:00,27.0,83.67695517522091,
Chennai,2025-08-18 03:00:00,26.5,84.63501770493595,1007.0
Chennai,2025-08-18 04:00:00,29.0,79.0585121873896,
Chennai,2025-08-18 05:00:00,30.0,74.62820502423824,
Chennai,2025-08-18 06:00:00,30.6,66.70183445693432,1006.5
Chennai,2025-08-18 07:00:00,33.0,62.92958329531054,
Chennai,2025-08-18 08:00:00,33.0,62.92958329531054,
Chennai,2025-08-18 09:00:00,32.6,57.422989250564385,1003.6
Chennai,2025-08-18 10:00:00,33.0,62.92958329531054,
Chennai,2025-08-18 11:00:00,32.0,62.71443976755974,
Chennai,2025-08-18 12:00:00,31.4,58.549296934220294,1003.4
Chennai,2025-08-18 13:00:00,30.0,74.62820502423824,
Chennai,2025-08-18 14:00:00,30.0,74.62820502423824,
Chennai,2025-08-18 15:00:00,29.4,72.32825969825754,1005.7
Chennai,2025-08-18 16:00:00,29.0,74.46601257025355,
Chennai,2025-08-18 17:00:00,29.0,74.46601257025355,
Chennai,2025-08-18 18:00:00,29.0,69.68555280505707,1006.3
Chennai,2025-08-18 19:00:00,29.0,74.46601257025355,
Chennai,2025-08-18 20:00:00,28.0,78.9202680701639,
Chennai,2025-08-18 21:00:00,27.8,71.61107092213882,1004.5
Chennai,2025-08-18 22:00:00,28.0,74.30236303611937,
Chennai,2025-08-18 23:00:00,28.0,74.30236303611937,
Chennai,2025-08-19 00:00:00,27.6,68.57664693138325,1005.6
Chennai,2025-08-19 01:00:00,28.0,69.92284655824665,
Chennai,2025-08-19 02:00:00,29.0,65.9764050234237,
Chennai,2025-08-19 03:00:00,28.6,65.09275319702243,1006.7
Chennai,2025-08-19 04:00:00,31.0,66.3818887938788,
Chennai,2025-08-19 05:00:00,33.0,55.80567844118911,
Chennai,2025-08-19 06:00:00,31.6,50.89250919922128,1006.7
Chennai,2025-08-19 07:00:00,33.0,55.80567844118911,
Chennai,2025-08-19 08:00:00,33.0,55.80567844118911,
Chennai,2025-08-19 09:00:00,33.0,51.87931731051191,1004.8
Chennai,2025-08-19 10:00:00,34.0,56.04514311511978,
Chennai,2025-08-19 11:00:00,35.0,53.01351873864528,
Chennai,2025-08-19 12:00:00,34.0,50.879846925795135,1003.8
Chennai,2025-08-19 13:00:00,33.0,55.80567844118911,
Chennai,2025-08-19 14:00:00,32.0,55.56458760321053,
Chennai,2025-08-19 15:00:00,31.4,50.52742024257406,1005.8
Chennai,2025-08-19 16:00:00,30.0,62.279197326402645,
Chennai,2025-08-19 17:00:00,30.0,62.279197326402645,
Chennai,2025-08-19 18:00:00,29.8,56.06041297831903,1006.8
Chennai,2025-08-19 19:00:00,29.0,65.9764050234237,
Chennai,2025-08-19 20:00:00,28.0,69.92284655824665,
Chennai,2025-08-19 21:00:00,27.0,69.73535987777385,1005.4
Chennai,2025-08-19 22:00:00,28.0,69.92284655824665,
Chennai,2025-08-19 23:00:00,27.0,74.13724053720264,
Chennai,2025-08-20 00:00:00,27.2,68.49913989698025,1006.3
Chennai,2025-08-20 01:00:00,28.0,69.92284655824665,
Chennai,2025-08-20 02:00:00,34.0,52.76574284376031,
Chennai,2025-08-20 03:00:00,29.8,57.46279399441182,1008.3
Chennai,2025-08-20 04:00:00,34.0,52.76574284376031,
Chennai,2025-08-20 05:00:00,34.0,52.76574284376031,
Chennai,2025-08-20 06:00:00,34.6,43.265824666661075,1009.8
Chennai,2025-08-20 07:00:00,35.0,49.91150957114025,
Chennai,2025-08-20 08:00:00,35.0,53.01351873864528,
Chennai,2025-08-20 09:00:00,36.0,44.44663958001136,1005.1
Chennai,2025-08-20 10:00:00,36.0,47.23049063882917,
Chennai,2025-08-20 11:00:00,35.0,49.91150957114025,
Chennai,2025-08-20 12:00:00,35.0,46.68397984064333,1004.5
Chennai,2025-08-20 13:00:00,34.0,56.04514311511978,
Chennai,2025-08-20 14:00:00,33.0,59.27401124880875,
Chennai,2025-08-20 15:00:00,31.2,70.93306375697343,1006.4
Chennai,2025-08-20 16:00:00,30.0,79.1954670273341,
Chennai,2025-08-20 17:00:00,30.0,79.1954670273341,
Chennai,2025-08-20 18:00:00,29.6,80.5611085480825,1007.8
Chennai,2025-08-20 19:00:00,29.0,83.89690993013956,
Chennai,2025-08-20 20:00:00,29.0,83.89690993013956,
Chennai,2025-08-20 21:00:00,29.0,79.0585121873896,1007.1
Chennai,2025-08-20 22:00:00,29.0,83.89690993013956,
Chennai,2025-08-20 23:00:00,29.0,79.0585121873896,
Chennai,2025-08-21 00:00:00,27.6,81.27196286112057,1007.7
Chennai,2025-08-21 01:00:00,30.0,79.1954670273341,
Chennai,2025-08-21 02:00:00,33.0,66.78088716309055,
Chennai,2025-08-21 03:00:00,31.0,59.53505705723449,1010.2
Chennai,2025-08-21 04:00:00,33.0,55.80567844118911,
Chennai,2025-08-21 05:00:00,34.0,52.76574284376031,
Chennai,2025-08-21 06:00:00,35.2,43.96344994864194,1009.2
Chennai,2025-08-21 07:00:00,35.0,53.01351873864528,
Chennai,2025-08-21 08:00:00,36.0,50.16587400443515,
Chennai,2025-08-21 09:00:00,36.6,42.226041971973615,1006.2
Chennai,2025-08-21 10:00:00,36.0,50.16587400443515,
Chennai,2025-08-21 11:00:00,34.0,63.14309255534474,
Chennai,2025-08-21 12:00:00,32.8,62.13958951433999,1006.0
Chennai,2025-08-21 13:00:00,31.0,70.47582088918256,
Chennai,2025-08-21 14:00:00,31.0,70.47582088918256,
Chennai,2025-08-21 15:00:00,30.6,63.94211751218886,1008.0
Chennai,2025-08-21 16:00:00,30.0,79.1954670273341,
Chennai,2025-08-21 17:00:00,30.0,74.62820502423824,
Chennai,2025-08-21 18:00:00,30.2,75.55406963834521,1009.4
Chennai,2025-08-21 19:00:00,30.0,79.1954670273341,
Chennai,2025-08-21 20:00:00,30.0,79.1954670273341,
Chennai,2025-08-21 21:00:00,29.4,80.53536024141098,1008.3
Chennai,2025-08-21 22:00:00,29.0,83.89690993013956,
Chennai,2025-08-21 23:00:00,29.0,83.89690993013956,
Chennai,2025-08-22 00:00:00,28.0,80.3537462205201,1008.6
Chennai,2025-08-22 01:00:00,26.0,88.7589455109383,
Chennai,2025-08-22 02:00:00,26.0,88.7589455109383,
Chennai,2025-08-22 03:00:00,26.8,93.70888380751718,1009.4
Chennai,2025-08-22 04:00:00,29.0,83.89690993013956,
Chennai,2025-08-22 05:00:00,30.0,79.1954670273341,
Chennai,2025-08-22 06:00:00,31.2,73.50477620307173,1009.5
Chennai,2025-08-22 07:00:00,32.0,70.6570356447408,
Chennai,2025-08-22 08:00:00,33.0,66.78088716309055,
Chennai,2025-08-22 09:00:00,34.2,58.491665561139094,1005.4
Chennai,2025-08-22 10:00:00,34.0,63.14309255534474,
Chennai,2025-08-22 11:00:00,34.0,66.97799053247137,
Chennai,2025-08-22 12:00:00,32.0,73.63761837389029,1004.9
Chennai,2025-08-22 13:00:00,31.0,79.33114757208126,
Chennai,2025-08-22 14:00:00,27.0,78.78071949348664,
Chennai,2025-08-22 15:00:00,26.4,88.79047072518293,1008.3
Chennai,2025-08-22 16:00:00,26.0,88.7589455109383,
Chennai,2025-08-22 17:00:00,26.0,94.23292497092102,
Chennai,2025-08-22 18:00:00,26.0,93.67255110424425,1008.8
Chennai,2025-08-22 19:00:00,27.0,88.83751596451742,
Chennai,2025-08-22 20:00:00,28.0,88.91528354225218,
Chennai,2025-08-22 21:00:00,25.6,94.78110774663195,1007.6
Chennai,2025-08-22 22:00:00,25.0,88.67956137467019,
Chennai,2025-08-22 23:00:00,24.0,88.59935257199315,
Chennai,2025-08-23 00:00:00,23.6,94.70451111903132,1009.3
Chennai,2025-08-23 01:00:00,23.0,94.10581804007526,
Chennai,2025-08-23 02:00:00,24.0,88.59935257199315,
Chennai,2025-08-23 03:00:00,24.0,94.71996347442106,1008.3
Chennai,2025-08-23 04:00:00,25.0,88.67956137467019,
Chennai,2025-08-23 05:00:00,27.0,88.83751596451742,
Chennai,2025-08-23 06:00:00,27.4,81.24686676192346,1008.5
Chennai,2025-08-23 07:00:00,30.0,74.62820502423824,
Chennai,2025-08-23 08:00:00,31.0,74.7889561009917,
Chennai,2025-08-23 09:00:00,32.0,62.71443976755974,1006.6
Chennai,2025-08-23 10:00:00,33.0,62.92958329531054,
Chennai,2025-08-23 11:00:00,33.0,66.78088716309055,
Chennai,2025-08-23 12:00:00,31.2,70.93306375697343,1005.8
Chennai,2025-08-23 13:00:00,31.0,74.7889561009917,
Chennai,2025-08-23 14:00:00,29.0,83.89690993013956,
Chennai,2025-08-23 15:00:00,28.4,86.35566419509173,1007.8
Chennai,2025-08-23 16:00:00,29.0,83.89690993013956,
Chennai,2025-08-23 17:00:00,29.0,83.89690993013956,
Chennai,2025-08-23 18:00:00,28.0,87.34888747491027,1008.7
Chennai,2025-08-23 19:00:00,28.0,88.91528354225218,
Chennai,2025-08-23 20:00:00,28.0,88.91528354225218,
Chennai,2025-08-23 21:00:00,27.6,87.31379479213656,1006.9
Chennai,2025-08-23 22:00:00,28.0,83.78747242805218,
Chennai,2025-08-23 23:00:00,27.0,88.83751596451742,
Chennai,2025-08-24 00:00:00,26.8,87.24318141227258,1007.5
Chennai,2025-08-24 01:00:00,27.0,83.67695517522091,
Chennai,2025-08-24 03:00:00,30.0,74.62820502423824,
Chennai,2025-08-24 04:00:00,31.0,70.47582088918256,
Chennai,2025-08-24 05:00:00,32.0,66.5821913857855,
Chennai,2025-08-24 06:00:00,33.0,50.00855048668853,1009.0
Chennai,2025-08-24 07:00:00,33.0,62.92958329531054,
Chennai,2025-08-24 08:00:00,34.0,59.50158303199722,
Chennai,2025-08-24 09:00:00,34.6,50.41729520575189,1006.4
Chennai,2025-08-24 10:00:00,35.0,56.28299102683274,
Chennai,2025-08-24 11:00:00,36.0,53.25972513472508,
Chennai,2025-08-24 12:00:00,33.0,62.18308645409979,1005.8
Chennai,2025-08-24 13:00:00,31.0,70.47582088918256,
Chennai,2025-08-24 14:00:00,31.0,74.7889561009917,
Chennai,2025-08-24 15:00:00,30.0,75.5227593496699,1007.4
Chennai,2025-08-24 17:00:00,30.0,84.00528111799692,
Chennai,2025-08-24 18:00:00,29.6,80.5611085480825,1009.0
Chennai,2025-08-24 19:00:00,29.0,83.89690993013956,
Chennai,2025-08-24 20:00:00,29.0,83.89690993013956,
Chennai,2025-08-24 21:00:00,28.6,86.37440005285019,1007.4
