Location,Time,Temperature_C,Humidity_Percent,Pressure_hPa
Hyderabad,2025-01-01 00:00:00,19.0,88.7457279474852,1015.0
Hyderabad,2025-01-01 02:00:00,18.0,88.1001435273896,
Hyderabad,2025-01-01 03:00:00,20.6,85.5946678261552,1016.7
Hyderabad,2025-01-01 04:00:00,26.0,57.63433267904622,
Hyderabad,2025-01-01 06:00:00,27.6,47.9819386707884,1015.9
Hyderabad,2025-01-01 08:00:00,30.0,42.831580797851935,
Hyderabad,2025-01-01 09:00:00,28.6,49.17506433297476,1011.9
Hyderabad,2025-01-01 11:00:00,28.0,42.28248962275748,
Hyderabad,2025-01-01 12:00:00,27.0,50.98677157890719,1012.1
Hyderabad,2025-01-01 13:00:00,24.0,53.57621135443473,
Hyderabad,2025-01-01 14:00:00,24.0,53.57621135443473,
Hyderabad,2025-01-01 15:00:00,23.0,63.085678507414855,1015.3
Hyderabad,2025-01-01 16:00:00,21.0,64.28724600863578,
Hyderabad,2025-01-01 18:00:00,20.4,73.47887549588208,1015.8
Hyderabad,2025-01-01 21:00:00,17.4,84.1728000475239,1014.6
Hyderabad,2025-01-02 00:00:00,16.2,89.6666795922352,1014.9
Hyderabad,2025-01-02 02:00:00,15.0,87.83845905653965,
Hyderabad,2025-01-02 03:00:00,19.2,77.64570694202888,1016.6
Hyderabad,2025-01-02 04:00:00,22.0,56.659698507038094,
Hyderabad,2025-01-02 05:00:00,25.0,47.2840066651506,
Hyderabad,2025-01-02 06:00:00,26.2,42.89549397809908,1015.9
Hyderabad,2025-01-02 07:00:00,28.0,28.390915098739228,
Hyderabad,2025-01-02 09:00:00,29.2,24.90360248102239,1012.2
Hyderabad,2025-01-02 10:00:00,28.0,20.071678745219934,
Hyderabad,2025-01-02 12:00:00,26.6,28.983678748077875,1012.5
Hyderabad,2025-01-02 13:00:00,23.0,33.316865338448196,
Hyderabad,2025-01-02 14:00:00,22.0,35.40361906663422,
Hyderabad,2025-01-02 15:00:00,21.0,48.09227761649968,1016.0
Hyderabad,2025-01-02 16:00:00,20.0,42.883660259810405,
Hyderabad,2025-01-02 17:00:00,17.0,55.40152305736491,
Hyderabad,2025-01-02 18:00:00,16.6,65.46653260667351,1017.2
Hyderabad,2025-01-02 21:00:00,15.0,74.97803395049729,1016.3
Hyderabad,2025-01-03 00:00:00,14.8,76.96710286217073,1016.3
Hyderabad,2025-01-03 02:00:00,14.0,71.84904007653962,
Hyderabad,2025-01-03 03:00:00,19.4,52.03262799781299,1017.4
Hyderabad,2025-01-03 04:00:00,25.0,29.545250045925382,
Hyderabad,2025-01-03 05:00:00,27.0,26.24726622630555,
Hyderabad,2025-01-03 06:00:00,27.4,26.904965528002045,1015.4
Hyderabad,2025-01-03 07:00:00,29.0,20.321701318054608,
Hyderabad,2025-01-03 08:00:00,30.0,20.57190227650599,
Hyderabad,2025-01-03 09:00:00,30.0,21.447330795926238,1011.8
Hyderabad,2025-01-03 10:00:00,30.0,20.57190227650599,
Hyderabad,2025-01-03 11:00:00,28.0,26.51808029973417,
Hyderabad,2025-01-03 12:00:00,27.0,33.76306714415767,1012.3
Hyderabad,2025-01-03 13:00:00,23.0,40.88640209147293,
Hyderabad,2025-01-03 14:00:00,20.0,52.54132558106588,
Hyderabad,2025-01-03 15:00:00,20.4,56.261960294450695,1015.1
Hyderabad,2025-01-03 16:00:00,19.0,55.91018876841073,
Hyderabad,2025-01-03 17:00:00,17.0,59.282134775229586,
Hyderabad,2025-01-03 18:00:00,18.0,61.544076807039396,1015.6
Hyderabad,2025-01-03 19:00:00,15.0,67.35546988018302,
Hyderabad,2025-01-03 21:00:00,16.0,72.21894762129432,1014.4
Hyderabad,2025-01-04 00:00:00,14.2,76.36035558498175,1014.6
Hyderabad,2025-01-04 02:00:00,15.0,67.35546988018302,
Hyderabad,2025-01-04 03:00:00,20.8,52.05324700160009,1015.5
Hyderabad,2025-01-04 04:00:00,25.0,29.545250045925382,
Hyderabad,2025-01-04 05:00:00,27.0,26.24726622630555,
Hyderabad,2025-01-04 06:00:00,27.8,28.7241931887364,1013.7
Hyderabad,2025-01-04 07:00:00,30.0,22.049089779197036,
Hyderabad,2025-01-04 08:00:00,30.0,23.619243737864608,
Hyderabad,2025-01-04 09:00:00,29.6,29.21836345132702,1010.3
Hyderabad,2025-01-04 10:00:00,29.0,30.6563755549686,
Hyderabad,2025-01-04 11:00:00,27.0,34.448362072935296,
Hyderabad,2025-01-04 12:00:00,26.6,40.01108720525001,1010.7
Hyderabad,2025-01-04 13:00:00,24.0,44.00507855867109,
Hyderabad,2025-01-04 14:00:00,22.0,53.062217933001484,
Hyderabad,2025-01-04 15:00:00,23.2,59.20534118595157,1013.6
Hyderabad,2025-01-04 16:00:00,21.0,68.57612192597597,
Hyderabad,2025-01-04 17:00:00,19.0,77.61548030512277,
Hyderabad,2025-01-04 18:00:00,20.0,74.8370880272305,1014.4
Hyderabad,2025-01-04 21:00:00,18.2,82.65566454927655,1013.2
Hyderabad,2025-01-05 00:00:00,16.4,87.39470655250722,1013.6
Hyderabad,2025-01-05 02:00:00,14.0,93.6985366777409,
Hyderabad,2025-01-05 03:00:00,20.6,73.51355188045937,1015.9
Hyderabad,2025-01-05 04:00:00,23.0,60.70242277903299,
Hyderabad,2025-01-05 05:00:00,26.0,47.553680242907866,
Hyderabad,2025-01-05 06:00:00,27.2,32.92411211497619,1013.8
Hyderabad,2025-01-05 07:00:00,29.0,28.664942088796465,
Hyderabad,2025-01-05 09:00:00,29.0,24.51174069737395,1011.1
Hyderabad,2025-01-05 10:00:00,29.0,20.321701318054608,
Hyderabad,2025-01-05 11:00:00,27.0,32.21060174266234,
Hyderabad,2025-01-05 12:00:00,26.6,35.505251246729415,1010.7
Hyderabad,2025-01-05 13:00:00,24.0,47.01278154897936,
Hyderabad,2025-01-05 15:00:00,22.8,57.22712564566126,1013.7
Hyderabad,2025-01-05 16:00:00,21.0,64.28724600863578,
Hyderabad,2025-01-05 18:00:00,20.8,72.61368014958603,1014.1
Hyderabad,2025-01-05 21:00:00,19.4,81.75226295106319,1013.0
Hyderabad,2025-01-06 00:00:00,17.2,88.03117299650023,1013.0
Hyderabad,2025-01-06 02:00:00,17.0,82.5092926949021,
Hyderabad,2025-01-06 03:00:00,21.0,65.97360402800281,1015.2
Hyderabad,2025-01-06 04:00:00,23.0,56.905982387401856,
Hyderabad,2025-01-06 05:00:00,25.0,47.2840066651506,
Hyderabad,2025-01-06 06:00:00,25.0,48.8512197836542,1014.4
Hyderabad,2025-01-06 07:00:00,27.0,34.448362072935296,
Hyderabad,2025-01-06 08:00:00,29.0,30.6563755549686,
Hyderabad,2025-01-06 09:00:00,28.8,26.193353098191842,1010.2
Hyderabad,2025-01-06 11:00:00,28.0,28.390915098739228,
Hyderabad,2025-01-06 12:00:00,26.4,42.114831572895596,1010.4
Hyderabad,2025-01-06 13:00:00,24.0,50.200126046479014,
Hyderabad,2025-01-06 14:00:00,23.0,53.3200727790885,
Hyderabad,2025-01-06 15:00:00,23.2,60.35954554172838,1013.0
Hyderabad,2025-01-06 16:00:00,22.0,60.47020638316778,
Hyderabad,2025-01-06 18:00:00,21.0,69.46347001972654,1014.2
Hyderabad,2025-01-06 21:00:00,19.8,76.74758640469649,1012.8
Hyderabad,2025-01-07 00:00:00,17.2,88.03117299650023,1013.8
Hyderabad,2025-01-07 02:00:00,15.0,93.74581735320379,
Hyderabad,2025-01-07 03:00:00,19.6,78.20497779794667,1015.8
Hyderabad,2025-01-07 04:00:00,24.0,57.150508542239244,
Hyderabad,2025-01-07 06:00:00,26.6,45.898403812751,1014.0
Hyderabad,2025-01-07 07:00:00,28.0,34.72892596298944,
Hyderabad,2025-01-07 08:00:00,28.0,32.4901158709847,
Hyderabad,2025-01-07 09:00:00,29.6,33.3733661184879,1009.9
Hyderabad,2025-01-07 11:00:00,28.0,30.379562914413725,
Hyderabad,2025-01-07 12:00:00,27.2,36.392354746162454,1010.3
Hyderabad,2025-01-07 13:00:00,24.0,41.16827865067493,
Hyderabad,2025-01-07 14:00:00,22.0,46.46566533002917,
Hyderabad,2025-01-07 15:00:00,22.6,52.86932284663717,1013.5
Hyderabad,2025-01-07 18:00:00,18.8,72.25467272576881,1014.2
Hyderabad,2025-01-08 00:00:00,16.2,87.37645845218667,1013.4
Hyderabad,2025-01-08 02:00:00,15.0,87.83845905653965,
Hyderabad,2025-01-08 03:00:00,19.0,76.13016520476387,1016.0
Hyderabad,2025-01-08 04:00:00,23.0,53.3200727790885,
Hyderabad,2025-01-08 06:00:00,25.8,42.504129796785165,1014.7
Hyderabad,2025-01-08 07:00:00,27.0,34.448362072935296,
Hyderabad,2025-01-08 08:00:00,26.0,34.16686277559637,
Hyderabad,2025-01-08 09:00:00,27.8,33.7616101312997,1011.1
Hyderabad,2025-01-08 10:00:00,28.0,28.390915098739228,
Hyderabad,2025-01-08 12:00:00,26.0,35.81361475994373,1011.5
Hyderabad,2025-01-08 13:00:00,23.0,43.72689446658759,
Hyderabad,2025-01-08 14:00:00,23.0,43.72689446658759,
Hyderabad,2025-01-08 15:00:00,23.0,48.956639538983296,1014.3
Hyderabad,2025-01-08 16:00:00,20.0,52.54132558106588,
Hyderabad,2025-01-08 18:00:00,19.0,64.26923534769145,1015.3
Hyderabad,2025-01-08 21:00:00,17.0,69.13075772578694,1014.2
Hyderabad,2025-01-09 00:00:00,15.0,74.97803395049729,1015.3
Hyderabad,2025-01-09 02:00:00,13.0,76.68106954930506,
Hyderabad,2025-01-09 03:00:00,18.8,55.85964804455804,1016.6
Hyderabad,2025-01-09 04:00:00,22.0,40.603202667227265,
Hyderabad,2025-01-09 05:00:00,24.0,38.49399356753938,
Hyderabad,2025-01-09 06:00:00,24.0,42.56584806822043,1015.0
Hyderabad,2025-01-09 07:00:00,26.0,39.05844369993647,
Hyderabad,2025-01-09 08:00:00,26.0,39.05844369993647,
Hyderabad,2025-01-09 09:00:00,26.2,38.343761287352145,1012.1
Hyderabad,2025-01-09 11:00:00,25.0,44.281814632318536,
Hyderabad,2025-01-09 12:00:00,24.2,50.58182024145127,1013.1
Hyderabad,2025-01-09 13:00:00,23.0,53.3200727790885,
Hyderabad,2025-01-09 14:00:00,22.0,56.659698507038094,
Hyderabad,2025-01-09 15:00:00,22.0,60.86338152710069,1016.2
Hyderabad,2025-01-09 16:00:00,19.0,68.17624188935186,
Hyderabad,2025-01-09 18:00:00,20.4,67.14077394017983,1017.1
Hyderabad,2025-01-10 00:00:00,18.0,75.47732985732259,1016.4
Hyderabad,2025-01-10 02:00:00,18.0,77.46347403540311,
Hyderabad,2025-01-10 03:00:00,19.8,73.37446534430683,1017.5
Hyderabad,2025-01-10 04:00:00,21.0,60.23620878051111,
Hyderabad,2025-01-10 06:00:00,24.8,47.22988586124766,1016.5
Hyderabad,2025-01-10 07:00:00,26.0,44.557102524016656,
Hyderabad,2025-01-10 08:00:00,27.0,39.33886414336399,
Hyderabad,2025-01-10 09:00:00,26.2,45.19743650383734,1013.3
Hyderabad,2025-01-10 11:00:00,26.0,47.553680242907866,
Hyderabad,2025-01-10 12:00:00,24.8,51.06978658634824,1013.7
Hyderabad,2025-01-10 13:00:00,24.0,53.57621135443473,
Hyderabad,2025-01-10 14:00:00,23.0,56.905982387401856,
Hyderabad,2025-01-10 15:00:00,23.0,63.085678507414855,1016.2
Hyderabad,2025-01-10 16:00:00,22.0,64.50443133407828,
Hyderabad,2025-01-10 18:00:00,21.0,72.18639640176386,1016.7
Hyderabad,2025-01-10 21:00:00,20.6,75.4163695547947,1015.8
Hyderabad,2025-01-11 00:00:00,18.9,87.61959078824742,1016.1
Hyderabad,2025-01-11 02:00:00,19.0,82.75226606225803,
Hyderabad,2025-01-11 03:00:00,19.4,84.93178225244176,1017.5
Hyderabad,2025-01-11 04:00:00,22.0,64.50443133407828,
Hyderabad,2025-01-11 05:00:00,24.0,57.150508542239244,
Hyderabad,2025-01-11 06:00:00,24.8,56.615701950203146,1016.6
Hyderabad,2025-01-11 08:00:00,27.0,50.98677157890719,
Hyderabad,2025-01-11 09:00:00,26.8,50.93478513964127,1012.8
Hyderabad,2025-01-11 10:00:00,27.0,47.821805415300325,
Hyderabad,2025-01-11 11:00:00,25.0,53.83064226424435,
Hyderabad,2025-01-11 12:00:00,25.0,51.453957075615165,1012.9
Hyderabad,2025-01-11 13:00:00,23.0,56.905982387401856,
Hyderabad,2025-01-11 14:00:00,23.0,56.905982387401856,
Hyderabad,2025-01-11 15:00:00,22.6,62.99689602797345,1015.4
Hyderabad,2025-01-11 16:00:00,22.0,64.50443133407828,
Hyderabad,2025-01-11 18:00:00,21.8,66.56750084958523,1016.0
Hyderabad,2025-01-12 00:00:00,19.4,78.1754480731195,1015.4
Hyderabad,2025-01-12 03:00:00,19.4,83.32869628675017,1017.5
Hyderabad,2025-01-12 04:00:00,21.0,73.11466043664565,
Hyderabad,2025-01-12 06:00:00,23.6,66.93757991376943,1016.1
Hyderabad,2025-01-12 07:00:00,26.0,54.08337422022996,
Hyderabad,2025-01-12 08:00:00,27.0,50.98677157890719,
Hyderabad,2025-01-12 09:00:00,26.2,53.7896414941051,1011.9
Hyderabad,2025-01-12 10:00:00,26.0,50.72618873623027,
Hyderabad,2025-01-12 11:00:00,26.0,50.72618873623027,
Hyderabad,2025-01-12 12:00:00,25.4,58.22575574582849,1012.7
Hyderabad,2025-01-12 14:00:00,23.0,64.71986027383593,
Hyderabad,2025-01-12 15:00:00,23.0,65.96980208755295,1014.9
Hyderabad,2025-01-12 18:00:00,21.0,75.4813770557316,1015.4
Hyderabad,2025-01-12 21:00:00,20.0,78.26386705500407,1014.8
Hyderabad,2025-01-13 00:00:00,19.0,83.28201720072231,1014.3
Hyderabad,2025-01-13 02:00:00,18.0,93.88454500736407,
Hyderabad,2025-01-13 03:00:00,20.0,88.82646755484863,1016.0
Hyderabad,2025-01-13 04:00:00,21.0,77.91515829174936,
Hyderabad,2025-01-13 05:00:00,23.0,68.96917974781988,
Hyderabad,2025-01-13 06:00:00,24.2,72.75420198574116,1014.8
Hyderabad,2025-01-13 07:00:00,27.0,50.98677157890719,
Hyderabad,2025-01-13 08:00:00,27.0,47.821805415300325,
Hyderabad,2025-01-13 09:00:00,26.8,42.50272218585132,1011.1
Hyderabad,2025-01-13 11:00:00,27.0,34.448362072935296,
Hyderabad,2025-01-13 12:00:00,26.0,42.5596619387752,1011.1
Hyderabad,2025-01-13 13:00:00,24.0,57.150508542239244,
Hyderabad,2025-01-13 14:00:00,23.0,60.70242277903299,
Hyderabad,2025-01-13 15:00:00,23.2,63.53472696545519,1013.9
Hyderabad,2025-01-13 16:00:00,21.0,68.57612192597597,
Hyderabad,2025-01-13 18:00:00,21.0,77.42295988813119,1015.0
Hyderabad,2025-01-13 21:00:00,20.4,78.82198804419119,1014.3
Hyderabad,2025-01-14 00:00:00,19.6,88.79427397012621,1014.5
Hyderabad,2025-01-14 02:00:00,18.0,93.88454500736407,
Hyderabad,2025-01-14 03:00:00,20.4,87.20286371169097,1016.7
Hyderabad,2025-01-14 04:00:00,22.0,78.06286399643153,
Hyderabad,2025-01-14 05:00:00,23.0,73.46169674935328,
Hyderabad,2025-01-14 06:00:00,25.0,67.6437181261997,1016.3
Hyderabad,2025-01-14 08:00:00,27.0,47.821805415300325,
Hyderabad,2025-01-14 09:00:00,27.6,47.06793289109862,1012.3
Hyderabad,2025-01-14 11:00:00,27.0,42.005936969816645,
Hyderabad,2025-01-14 12:00:00,26.0,46.33441572712344,1013.0
Hyderabad,2025-01-14 13:00:00,24.0,57.150508542239244,
Hyderabad,2025-01-14 14:00:00,24.0,60.93287150821879,
Hyderabad,2025-01-14 15:00:00,23.6,62.41693601145195,1015.6
Hyderabad,2025-01-14 16:00:00,22.0,68.77349522244712,
Hyderabad,2025-01-14 18:00:00,22.2,74.72659791187877,1015.9
Hyderabad,2025-01-14 21:00:00,21.2,78.93630610503789,1015.7
Hyderabad,2025-01-15 00:00:00,19.4,88.77812614225324,1015.6
Hyderabad,2025-01-15 02:00:00,19.0,88.18554132284771,
Hyderabad,2025-01-15 03:00:00,20.6,83.99497355112098,1018.0
Hyderabad,2025-01-15 04:00:00,22.0,60.47020638316778,
Hyderabad,2025-01-15 05:00:00,24.0,64.9335482156484,
Hyderabad,2025-01-15 06:00:00,25.0,61.94077368777903,1017.6
Hyderabad,2025-01-15 07:00:00,26.0,57.63433267904622,
Hyderabad,2025-01-15 08:00:00,27.0,50.98677157890719,
Hyderabad,2025-01-15 09:00:00,26.2,56.59689584142209,1014.2
Hyderabad,2025-01-15 10:00:00,27.0,47.821805415300325,
Hyderabad,2025-01-15 12:00:00,25.2,59.675662881987066,1013.9
Hyderabad,2025-01-15 13:00:00,24.0,60.93287150821879,
Hyderabad,2025-01-15 14:00:00,23.0,64.71986027383593,
Hyderabad,2025-01-15 15:00:00,23.2,66.43251151225316,1015.9
Hyderabad,2025-01-15 16:00:00,23.0,64.71986027383593,
Hyderabad,2025-01-15 18:00:00,21.6,70.92538098431727,1016.5
Hyderabad,2025-01-16 00:00:00,20.2,85.55399051378731,1015.3
Hyderabad,2025-01-16 02:00:00,20.0,88.27004464253949,
Hyderabad,2025-01-16 03:00:00,20.6,85.5946678261552,1017.4
Hyderabad,2025-01-16 04:00:00,22.0,78.06286399643153,
Hyderabad,2025-01-16 05:00:00,23.0,73.46169674935328,
Hyderabad,2025-01-16 06:00:00,25.2,63.56898397874541,1016.2
Hyderabad,2025-01-16 07:00:00,26.0,54.08337422022996,
Hyderabad,2025-01-16 08:00:00,26.0,54.08337422022996,
Hyderabad,2025-01-16 09:00:00,26.6,53.20896834797642,1012.5
Hyderabad,2025-01-16 10:00:00,28.0,45.103334544997125,
Hyderabad,2025-01-16 11:00:00,26.0,50.72618873623027,
Hyderabad,2025-01-16 12:00:00,26.0,53.73908875879271,1013.6
Hyderabad,2025-01-16 13:00:00,25.0,53.83064226424435,
Hyderabad,2025-01-16 14:00:00,24.0,60.93287150821879,
Hyderabad,2025-01-16 15:00:00,24.0,62.506357156093586,1015.7
Hyderabad,2025-01-16 16:00:00,23.0,68.96917974781988,
Hyderabad,2025-01-16 17:00:00,23.0,68.96917974781988,
Hyderabad,2025-01-16 18:00:00,23.0,70.73635442397776,1017.0
Hyderabad,2025-01-16 21:00:00,21.8,74.66022110141452,1016.2
Hyderabad,2025-01-17 00:00:00,19.8,83.37518721529104,1015.0
Hyderabad,2025-01-17 02:00:00,18.0,93.88454500736407,
Hyderabad,2025-01-17 03:00:00,20.4,88.85852566524859,1016.3
Hyderabad,2025-01-17 05:00:00,24.0,64.9335482156484,
Hyderabad,2025-01-17 06:00:00,26.2,60.28642852412056,1014.6
Hyderabad,2025-01-17 07:00:00,28.0,42.28248962275748,
Hyderabad,2025-01-17 09:00:00,28.0,41.73733564186969,1011.8
Hyderabad,2025-01-17 10:00:00,28.0,37.102613225695066,
Hyderabad,2025-01-17 12:00:00,26.2,50.12977591480722,1011.8
Hyderabad,2025-01-17 14:00:00,23.0,46.74000199173645,
Hyderabad,2025-01-17 15:00:00,23.6,58.16689433121799,1014.2
Hyderabad,2025-01-17 16:00:00,21.0,60.23620878051111,
Hyderabad,2025-01-17 17:00:00,21.0,64.28724600863578,
Hyderabad,2025-01-17 18:00:00,21.4,74.12129782813045,1014.9
Hyderabad,2025-01-17 21:00:00,20.6,78.85065029659832,1014.3
Hyderabad,2025-01-18 00:00:00,20.0,84.99533007192596,1014.2
Hyderabad,2025-01-18 02:00:00,19.0,88.18554132284771,
Hyderabad,2025-01-18 03:00:00,20.2,81.85290034735793,1016.1
Hyderabad,2025-01-18 04:00:00,22.0,68.77349522244712,
Hyderabad,2025-01-18 05:00:00,23.0,60.70242277903299,
Hyderabad,2025-01-18 06:00:00,25.2,62.37822151444744,1015.1
Hyderabad,2025-01-18 07:00:00,25.0,50.46397557709502,
Hyderabad,2025-01-18 08:00:00,27.0,42.005936969816645,
Hyderabad,2025-01-18 09:00:00,27.4,44.362442588269275,1011.8
Hyderabad,2025-01-18 10:00:00,27.0,39.33886414336399,
Hyderabad,2025-01-18 11:00:00,27.0,36.82210986035996,
Hyderabad,2025-01-18 12:00:00,25.6,51.943130192426814,1012.1
Hyderabad,2025-01-18 13:00:00,24.0,50.200126046479014,
Hyderabad,2025-01-18 14:00:00,23.0,53.3200727790885,
Hyderabad,2025-01-18 15:00:00,23.2,57.69662256232537,1014.4
Hyderabad,2025-01-18 16:00:00,21.0,64.28724600863578,
Hyderabad,2025-01-18 18:00:00,20.0,74.8370880272305,1015.5
Hyderabad,2025-01-18 21:00:00,19.0,79.63551875037687,1013.7
Hyderabad,2025-01-19 00:00:00,16.8,87.99646810422152,1014.8
Hyderabad,2025-01-19 02:00:00,15.0,93.74581735320379,
Hyderabad,2025-01-19 03:00:00,20.2,71.57972299074127,1016.6
Hyderabad,2025-01-19 04:00:00,24.0,53.57621135443473,
Hyderabad,2025-01-19 06:00:00,26.8,44.77629022147234,1015.5
Hyderabad,2025-01-19 07:00:00,29.0,32.76882733104996,
Hyderabad,2025-01-19 08:00:00,30.0,28.938443399914725,
Hyderabad,2025-01-19 09:00:00,29.6,37.305650520133405,1011.3
Hyderabad,2025-01-19 10:00:00,29.0,30.6563755549686,
Hyderabad,2025-01-19 11:00:00,29.0,28.664942088796465,
Hyderabad,2025-01-19 12:00:00,28.6,38.25892792313953,1010.7
Hyderabad,2025-01-19 13:00:00,25.0,41.44882875278398,
Hyderabad,2025-01-19 14:00:00,24.0,47.01278154897936,
Hyderabad,2025-01-19 15:00:00,24.4,51.967956826587525,1013.8
Hyderabad,2025-01-19 16:00:00,21.0,56.41164570214274,
Hyderabad,2025-01-19 17:00:00,20.0,60.000416407887755,
Hyderabad,2025-01-19 18:00:00,19.6,74.7704038194316,1015.1
Hyderabad,2025-01-19 21:00:00,18.8,81.15471553965567,1014.3
Hyderabad,2025-01-20 00:00:00,16.2,83.49220888976578,1014.2
Hyderabad,2025-01-20 02:00:00,15.0,72.03484221010554,
Hyderabad,2025-01-20 03:00:00,20.0,58.825278327005336,1015.4
Hyderabad,2025-01-20 04:00:00,24.0,35.97417468665762,
Hyderabad,2025-01-20 06:00:00,28.6,31.797794638337045,1013.4
Hyderabad,2025-01-20 07:00:00,29.0,21.793154294903765,
Hyderabad,2025-01-20 09:00:00,31.4,22.71535309129399,1009.6
Hyderabad,2025-01-20 12:00:00,29.2,24.90360248102239,1009.2
Hyderabad,2025-01-20 13:00:00,24.0,35.97417468665762,
Hyderabad,2025-01-20 14:00:00,23.0,40.88640209147293,
Hyderabad,2025-01-20 15:00:00,24.2,46.75856929955079,1012.6
Hyderabad,2025-01-20 16:00:00,20.0,56.16181282171762,
Hyderabad,2025-01-20 18:00:00,19.4,63.101425844860245,1014.3
Hyderabad,2025-01-20 21:00:00,18.4,68.5029958382241,1013.9
Hyderabad,2025-01-21 00:00:00,14.8,79.0379405852245,1013.0
Hyderabad,2025-01-21 02:00:00,14.0,82.13548036749823,
Hyderabad,2025-01-21 03:00:00,20.2,58.873479878616465,1013.6
Hyderabad,2025-01-21 04:00:00,25.0,36.257882036602176,
Hyderabad,2025-01-21 05:00:00,26.0,31.930298108140192,
Hyderabad,2025-01-21 06:00:00,28.4,27.549378155559406,1012.2
Hyderabad,2025-01-21 07:00:00,30.0,22.049089779197036,
Hyderabad,2025-01-21 08:00:00,31.0,18.115551920076815,
Hyderabad,2025-01-21 09:00:00,32.2,23.869626678900424,1008.6
Hyderabad,2025-01-21 10:00:00,33.0,17.34707725359212,
Hyderabad,2025-01-21 11:00:00,31.0,10.925681491013863,
Hyderabad,2025-01-21 12:00:00,29.4,,1009.1
Hyderabad,2025-01-21 13:00:00,24.0,23.6885520583024,
Hyderabad,2025-01-21 14:00:00,23.0,31.084788749362414,
Hyderabad,2025-01-21 15:00:00,25.0,41.44882875278398,1011.8
Hyderabad,2025-01-21 16:00:00,21.0,40.31868433282171,
Hyderabad,2025-01-21 18:00:00,19.0,59.367300066939755,1013.6
Hyderabad,2025-01-21 21:00:00,16.6,70.90759976449691,1012.8
Hyderabad,2025-01-22 00:00:00,15.4,79.64824407749092,1012.8
Hyderabad,2025-01-22 02:00:00,14.0,82.13548036749823,
Hyderabad,2025-01-22 03:00:00,20.2,67.09962901255317,1014.2
Hyderabad,2025-01-22 04:00:00,24.0,50.200126046479014,
Hyderabad,2025-01-22 05:00:00,26.0,44.557102524016656,
Hyderabad,2025-01-22 06:00:00,28.4,38.95969261430691,1012.4
Hyderabad,2025-01-22 07:00:00,30.0,25.28734870996165,
Hyderabad,2025-01-22 09:00:00,31.2,25.093546969982306,1008.8
Hyderabad,2025-01-22 10:00:00,30.0,19.182907070277704,
Hyderabad,2025-01-22 12:00:00,29.0,38.62104754634873,1009.2
Hyderabad,2025-01-22 13:00:00,26.0,41.72804915823505,
Hyderabad,2025-01-22 14:00:00,25.0,50.46397557709502,
Hyderabad,2025-01-22 15:00:00,25.0,54.17793146764783,1012.1
Hyderabad,2025-01-22 16:00:00,23.0,53.3200727790885,
Hyderabad,2025-01-22 18:00:00,22.6,64.22118038607861,1012.6
Hyderabad,2025-01-22 21:00:00,21.0,70.8134260519586,1011.7
Hyderabad,2025-01-23 00:00:00,18.8,90.4311677327325,1012.1
Hyderabad,2025-01-23 02:00:00,19.0,77.61548030512277,
Hyderabad,2025-01-23 03:00:00,20.8,76.90265703924554,1014.1
Hyderabad,2025-01-23 04:00:00,21.0,73.11466043664565,
Hyderabad,2025-01-23 06:00:00,27.0,50.98677157890719,1013.0
Hyderabad,2025-01-23 07:00:00,29.0,39.89606828185898,
Hyderabad,2025-01-23 08:00:00,30.0,40.17284207482451,
Hyderabad,2025-01-23 10:00:00,29.0,42.5577048750277,
Hyderabad,2025-01-23 12:00:00,27.2,52.68822566012092,1009.5
Hyderabad,2025-01-23 13:00:00,25.0,57.393288213137126,
Hyderabad,2025-01-23 14:00:00,24.0,64.9335482156484,
Hyderabad,2025-01-23 15:00:00,23.6,69.52262062362527,1012.2
Hyderabad,2025-01-23 16:00:00,23.0,73.46169674935328,
Hyderabad,2025-01-23 18:00:00,22.4,76.18460419497617,1012.4
Hyderabad,2025-01-24 00:00:00,18.4,92.13836940421315,1011.6
Hyderabad,2025-01-24 02:00:00,19.0,88.18554132284771,
Hyderabad,2025-01-24 03:00:00,20.4,83.97260461223745,1013.4
Hyderabad,2025-01-24 04:00:00,22.0,68.77349522244712,
Hyderabad,2025-01-24 06:00:00,25.6,56.09190715788293,1012.9
Hyderabad,2025-01-24 08:00:00,30.0,33.04672341225981,
Hyderabad,2025-01-24 09:00:00,30.4,37.045215114076605,1009.1
Hyderabad,2025-01-24 12:00:00,28.0,40.66555379527833,1009.3
Hyderabad,2025-01-24 13:00:00,25.0,41.44882875278398,
Hyderabad,2025-01-24 14:00:00,24.0,47.01278154897936,
Hyderabad,2025-01-24 15:00:00,24.0,58.262911964015416,1012.6
Hyderabad,2025-01-24 16:00:00,23.0,60.70242277903299,
Hyderabad,2025-01-24 18:00:00,21.8,78.03343537790191,1013.4
Hyderabad,2025-01-24 21:00:00,19.2,86.54276056682889,1012.7
Hyderabad,2025-01-25 00:00:00,17.6,93.8663131960353,1012.6
Hyderabad,2025-01-25 02:00:00,15.0,100.0,
Hyderabad,2025-01-25 03:00:00,21.0,72.18639640176386,1014.5
Hyderabad,2025-01-25 04:00:00,25.0,44.281814632318536,
Hyderabad,2025-01-25 05:00:00,26.0,39.05844369993647,
Hyderabad,2025-01-25 06:00:00,27.6,34.61681334571386,1013.9
Hyderabad,2025-01-25 07:00:00,31.0,29.211402312476043,
Hyderabad,2025-01-25 09:00:00,31.8,29.429367974297303,1009.4
Hyderabad,2025-01-25 11:00:00,30.0,22.049089779197036,
Hyderabad,2025-01-25 12:00:00,29.4,25.127809723068562,1009.7
Hyderabad,2025-01-25 13:00:00,27.0,24.4888202297781,
Hyderabad,2025-01-25 14:00:00,24.0,44.00507855867109,
Hyderabad,2025-01-25 15:00:00,25.0,48.8512197836542,1012.7
Hyderabad,2025-01-25 18:00:00,21.0,67.69875882293499,1013.8
Hyderabad,2025-01-25 21:00:00,18.8,81.67625717273346,1012.8
Hyderabad,2025-01-26 00:00:00,17.0,88.01383893644437,1013.4
Hyderabad,2025-01-26 02:00:00,15.0,87.83845905653965,
Hyderabad,2025-01-26 03:00:00,21.4,69.54088286535064,1014.9
Hyderabad,2025-01-26 04:00:00,26.0,41.72804915823505,
Hyderabad,2025-01-26 05:00:00,29.0,32.76882733104996,
Hyderabad,2025-01-26 06:00:00,29.0,39.638141226105276,1013.5
Hyderabad,2025-01-26 07:00:00,30.0,30.932516901773045,
Hyderabad,2025-01-26 08:00:00,31.0,27.328280952245176,
Hyderabad,2025-01-26 09:00:00,31.4,37.32227896141382,1008.9
Hyderabad,2025-01-26 11:00:00,30.0,30.932516901773045,
Hyderabad,2025-01-26 12:00:00,29.0,40.67873292551943,1008.8
Hyderabad,2025-01-26 13:00:00,27.0,34.448362072935296,
Hyderabad,2025-01-26 14:00:00,24.0,44.00507855867109,
Hyderabad,2025-01-26 15:00:00,24.8,51.06978658634824,1012.1
Hyderabad,2025-01-26 16:00:00,20.0,60.000416407887755,
Hyderabad,2025-01-26 18:00:00,21.0,67.69875882293499,1013.2
Hyderabad,2025-01-26 21:00:00,19.0,77.61548030512277,1012.4
Hyderabad,2025-01-27 00:00:00,17.4,80.44799997229181,1011.8
Hyderabad,2025-01-27 02:00:00,15.0,87.83845905653965,
Hyderabad,2025-01-27 03:00:00,21.6,78.00395063126331,1013.5
Hyderabad,2025-01-27 06:00:00,29.6,40.32154731627918,1011.8
Hyderabad,2025-01-27 08:00:00,32.0,24.1412924100428,
Hyderabad,2025-01-27 09:00:00,32.0,35.38306345014908,1007.7
Hyderabad,2025-01-27 10:00:00,31.0,22.305046606267133,
Hyderabad,2025-01-27 11:00:00,31.0,23.880336635012753,
Hyderabad,2025-01-27 12:00:00,29.6,40.32154731627918,1007.3
Hyderabad,2025-01-27 13:00:00,27.0,36.82210986035996,
Hyderabad,2025-01-27 14:00:00,24.0,47.01278154897936,
Hyderabad,2025-01-27 15:00:00,25.2,54.2284006146774,1010.7
Hyderabad,2025-01-27 16:00:00,22.0,56.659698507038094,
Hyderabad,2025-01-27 18:00:00,22.6,67.15953608656889,1011.9
Hyderabad,2025-01-27 21:00:00,19.6,79.71889533021026,1010.7
Hyderabad,2025-01-28 00:00:00,17.6,84.1951681466575,1010.4
Hyderabad,2025-01-28 02:00:00,16.0,87.92661502454915,
Hyderabad,2025-01-28 03:00:00,21.4,68.21620173273195,1012.6
Hyderabad,2025-01-28 04:00:00,26.0,44.557102524016656,
Hyderabad,2025-01-28 05:00:00,27.0,44.83094235963196,
Hyderabad,2025-01-28 06:00:00,28.6,45.84906973527539,1012.2
Hyderabad,2025-01-28 07:00:00,29.0,35.00854381788882,
Hyderabad,2025-01-28 09:00:00,31.5,35.01750224482969,1008.2
Hyderabad,2025-01-28 11:00:00,30.0,35.28720543774307,
Hyderabad,2025-01-28 12:00:00,28.9,43.358719380194,1009.2
Hyderabad,2025-01-28 13:00:00,27.0,42.005936969816645,
Hyderabad,2025-01-28 15:00:00,25.4,57.125066941783295,1012.1
Hyderabad,2025-01-28 18:00:00,23.2,64.76273665122594,1013.0
Hyderabad,2025-01-28 21:00:00,20.6,76.8717602098119,1011.9
Hyderabad,2025-01-29 00:00:00,20.2,76.80979087846377,1013.1
Hyderabad,2025-01-29 02:00:00,21.0,64.28724600863578,
Hyderabad,2025-01-29 03:00:00,22.5,63.380622670309094,1015.1
Hyderabad,2025-01-29 04:00:00,24.0,53.57621135443473,
Hyderabad,2025-01-29 05:00:00,26.0,47.553680242907866,
Hyderabad,2025-01-29 06:00:00,27.4,51.41660273005798,1014.3
Hyderabad,2025-01-29 07:00:00,30.0,37.66035915705599,
Hyderabad,2025-01-29 09:00:00,30.6,40.338318684572876,1010.6
Hyderabad,2025-01-29 12:00:00,28.4,42.11951680264468,1010.2
Hyderabad,2025-01-29 14:00:00,25.0,50.46397557709502,
Hyderabad,2025-01-29 15:00:00,24.4,61.805642930968055,1012.8
Hyderabad,2025-01-29 16:00:00,23.0,60.70242277903299,
Hyderabad,2025-01-29 21:00:00,21.2,75.99459319641511,1012.4
Hyderabad,2025-01-30 00:00:00,20.0,80.28331735432165,1012.0
Hyderabad,2025-01-30 02:00:00,20.0,77.76603602176817,
Hyderabad,2025-01-30 03:00:00,22.4,71.52556901411458,1014.1
Hyderabad,2025-01-30 05:00:00,26.0,54.08337422022996,
Hyderabad,2025-01-30 06:00:00,27.0,50.98677157890719,1013.5
Hyderabad,2025-01-30 07:00:00,29.0,37.38203217205419,
Hyderabad,2025-01-30 08:00:00,31.0,35.564901041274325,
Hyderabad,2025-01-30 09:00:00,31.0,42.0239888803206,1008.7
Hyderabad,2025-01-30 12:00:00,29.6,45.826309537701825,1007.9
Hyderabad,2025-01-30 14:00:00,25.0,50.46397557709502,
Hyderabad,2025-01-30 15:00:00,25.1,62.750826445172635,1010.6
Hyderabad,2025-01-30 16:00:00,24.0,60.93287150821879,
Hyderabad,2025-01-30 18:00:00,22.5,71.09220496160599,1011.6
Hyderabad,2025-01-30 21:00:00,20.6,79.35231196695528,1010.6
Hyderabad,2025-01-31 00:00:00,18.3,81.6125707167387,1011.1
Hyderabad,2025-01-31 01:00:00,16.0,93.79257390574581,
Hyderabad,2025-01-31 02:00:00,17.0,93.83881396078476,
Hyderabad,2025-01-31 03:00:00,21.8,73.25423015557375,1013.0
Hyderabad,2025-01-31 04:00:00,27.0,44.83094235963196,
Hyderabad,2025-01-31 06:00:00,30.0,45.068707268683376,1011.7
Hyderabad,2025-01-31 07:00:00,32.0,31.48272781265815,
Hyderabad,2025-01-31 08:00:00,32.0,29.483802567589102,
Hyderabad,2025-01-31 09:00:00,33.0,34.53476499143403,1007.5
Hyderabad,2025-01-31 10:00:00,32.0,27.597538487345126,
Hyderabad,2025-01-31 11:00:00,32.0,29.483802567589102,
Hyderabad,2025-01-31 12:00:00,30.4,43.21479799263632,1007.4
Hyderabad,2025-01-31 13:00:00,28.0,45.103334544997125,
Hyderabad,2025-01-31 14:00:00,27.0,50.98677157890719,
Hyderabad,2025-01-31 15:00:00,26.0,61.38851998965914,1010.6
Hyderabad,2025-01-31 16:00:00,24.0,64.9335482156484,
Hyderabad,2025-01-31 17:00:00,23.0,56.905982387401856,
Hyderabad,2025-01-31 18:00:00,23.6,65.2614948740191,1011.5
Hyderabad,2025-02-01 00:00:00,18.8,86.50435411788642,1011.7
Hyderabad,2025-02-01 02:00:00,18.0,88.1001435273896,
Hyderabad,2025-02-01 03:00:00,23.4,71.2577098355331,1012.8
Hyderabad,2025-02-01 04:00:00,27.0,50.98677157890719,
Hyderabad,2025-02-01 05:00:00,30.0,37.66035915705599,
Hyderabad,2025-02-01 06:00:00,30.4,43.49037598848412,1011.7
Hyderabad,2025-02-01 07:00:00,33.0,21.323336350435536,
Hyderabad,2025-02-01 09:00:00,33.8,31.975480131772073,1008.0
Hyderabad,2025-02-01 12:00:00,31.0,34.879043630281735,1008.5
Hyderabad,2025-02-01 13:00:00,29.0,28.664942088796465,
Hyderabad,2025-02-01 14:00:00,27.0,39.33886414336399,
Hyderabad,2025-02-01 15:00:00,26.4,54.183993266159504,1011.5
Hyderabad,2025-02-01 16:00:00,25.0,53.83064226424435,
Hyderabad,2025-02-01 18:00:00,24.2,72.75420198574116,1012.7
Hyderabad,2025-02-01 21:00:00,22.0,82.59064807692023,1012.3
Hyderabad,2025-02-02 00:00:00,20.2,87.1846376215996,1011.8
Hyderabad,2025-02-02 02:00:00,18.0,93.88454500736407,
Hyderabad,2025-02-02 03:00:00,23.4,64.8055435116571,1013.5
Hyderabad,2025-02-02 04:00:00,28.0,28.390915098739228,
Hyderabad,2025-02-02 05:00:00,29.0,26.78853344421143,
Hyderabad,2025-02-02 06:00:00,31.0,33.98268796008183,1012.6
Hyderabad,2025-02-02 07:00:00,31.0,27.328280952245176,
Hyderabad,2025-02-02 08:00:00,32.0,25.81845531771868,
Hyderabad,2025-02-02 09:00:00,33.0,32.80103853289177,1008.6
Hyderabad,2025-02-02 10:00:00,32.0,24.1412924100428,
Hyderabad,2025-02-02 11:00:00,32.0,24.1412924100428,
Hyderabad,2025-02-02 12:00:00,31.0,33.98268796008183,1008.7
Hyderabad,2025-02-02 14:00:00,27.0,36.82210986035996,
Hyderabad,2025-02-02 15:00:00,26.4,50.50553852692878,1011.7
Hyderabad,2025-02-02 16:00:00,24.0,50.200126046479014,
Hyderabad,2025-02-02 17:00:00,21.0,60.23620878051111,
Hyderabad,2025-02-02 18:00:00,23.2,61.92924542262085,1012.9
Hyderabad,2025-02-02 21:00:00,22.0,70.10172533589738,1012.2
Hyderabad,2025-02-03 00:00:00,19.6,81.77749743711408,1012.0
Hyderabad,2025-02-03 02:00:00,19.0,77.61548030512277,
Hyderabad,2025-02-03 03:00:00,24.0,51.52738933821753,1013.6
Hyderabad,2025-02-03 04:00:00,29.0,32.76882733104996,
Hyderabad,2025-02-03 05:00:00,31.0,29.211402312476043,
Hyderabad,2025-02-03 06:00:00,31.8,29.429367974297303,1012.4
Hyderabad,2025-02-03 07:00:00,32.0,29.483802567589102,
Hyderabad,2025-02-03 08:00:00,32.0,29.483802567589102,
Hyderabad,2025-02-03 09:00:00,33.2,32.85590871395765,1008.8
Hyderabad,2025-02-03 10:00:00,32.0,25.81845531771868,
Hyderabad,2025-02-03 12:00:00,31.0,34.879043630281735,1009.4
Hyderabad,2025-02-03 13:00:00,29.0,35.00854381788882,
Hyderabad,2025-02-03 15:00:00,27.4,51.41660273005798,1012.5
Hyderabad,2025-02-03 16:00:00,21.0,60.23620878051111,
Hyderabad,2025-02-03 18:00:00,22.0,74.69344003958807,1014.6
Hyderabad,2025-02-03 21:00:00,19.2,81.20671827179753,1013.4
Hyderabad,2025-02-04 00:00:00,18.0,84.23976712899662,1013.5
Hyderabad,2025-02-04 02:00:00,17.0,82.5092926949021,
Hyderabad,2025-02-04 03:00:00,24.2,54.67762067213747,1014.4
Hyderabad,2025-02-04 05:00:00,31.0,31.20797236675265,
Hyderabad,2025-02-04 06:00:00,32.4,36.649636803158884,1013.0
Hyderabad,2025-02-04 07:00:00,33.0,24.40209011834198,
Hyderabad,2025-02-04 08:00:00,33.0,24.40209011834198,
Hyderabad,2025-02-04 09:00:00,33.8,35.42528716005973,1009.3
Hyderabad,2025-02-04 11:00:00,32.0,25.81845531771868,
Hyderabad,2025-02-04 12:00:00,31.8,36.95572924789673,1008.6
Hyderabad,2025-02-04 13:00:00,29.0,35.00854381788882,
Hyderabad,2025-02-04 14:00:00,28.0,39.61807404744141,
Hyderabad,2025-02-04 15:00:00,28.0,50.92200554979948,1011.3
Hyderabad,2025-02-04 16:00:00,26.0,44.557102524016656,
Hyderabad,2025-02-04 17:00:00,26.0,41.72804915823505,
Hyderabad,2025-02-04 18:00:00,24.8,56.615701950203146,1012.3
Hyderabad,2025-02-04 21:00:00,21.8,66.56750084958523,1011.5
Hyderabad,2025-02-05 00:00:00,20.4,72.0781065068981,1011.5
Hyderabad,2025-02-05 02:00:00,18.0,77.46347403540311,
Hyderabad,2025-02-05 03:00:00,24.2,54.67762067213747,1012.9
Hyderabad,2025-02-05 04:00:00,29.0,35.00854381788882,
Hyderabad,2025-02-05 06:00:00,32.6,34.87042431108877,1012.0
Hyderabad,2025-02-05 07:00:00,34.0,21.574013785652443,
Hyderabad,2025-02-05 08:00:00,34.0,20.161777687620447,
Hyderabad,2025-02-05 09:00:00,33.0,25.73933616140323,1008.0
Hyderabad,2025-02-05 10:00:00,34.0,20.161777687620447,
Hyderabad,2025-02-05 11:00:00,32.0,25.81845531771868,
Hyderabad,2025-02-05 12:00:00,31.4,36.37338500183395,1007.5
Hyderabad,2025-02-05 14:00:00,29.0,35.00854381788882,
Hyderabad,2025-02-05 15:00:00,27.8,49.592528892735274,1010.9
Hyderabad,2025-02-05 16:00:00,27.0,47.821805415300325,
Hyderabad,2025-02-05 18:00:00,25.6,60.147977437432424,1012.0
Hyderabad,2025-02-05 21:00:00,23.4,66.47381606420437,1011.2
Hyderabad,2025-02-06 00:00:00,20.6,73.98525521782825,1011.4
Hyderabad,2025-02-06 02:00:00,19.0,77.61548030512277,
Hyderabad,2025-02-06 03:00:00,24.4,56.155644793581,1012.8
Hyderabad,2025-02-06 04:00:00,29.0,35.00854381788882,
Hyderabad,2025-02-06 06:00:00,31.8,37.91528807098684,1011.8
Hyderabad,2025-02-06 07:00:00,32.0,24.1412924100428,
Hyderabad,2025-02-06 08:00:00,32.0,27.597538487345126,
Hyderabad,2025-02-06 09:00:00,32.8,36.99499212799196,1008.9
Hyderabad,2025-02-06 10:00:00,31.0,31.20797236675265,
Hyderabad,2025-02-06 11:00:00,31.0,31.20797236675265,
Hyderabad,2025-02-06 12:00:00,30.0,43.937632030840675,1009.1
Hyderabad,2025-02-06 13:00:00,28.0,39.61807404744141,
Hyderabad,2025-02-06 15:00:00,27.6,54.14162894034234,1011.4
Hyderabad,2025-02-06 16:00:00,26.0,47.553680242907866,
Hyderabad,2025-02-06 17:00:00,25.0,53.83064226424435,
Hyderabad,2025-02-06 18:00:00,26.2,57.68233434250922,1012.0
Hyderabad,2025-02-06 21:00:00,25.0,63.52539430064782,1011.3
Hyderabad,2025-02-07 00:00:00,21.4,72.72012266748742,1012.2
Hyderabad,2025-02-07 02:00:00,19.0,82.75226606225803,
Hyderabad,2025-02-07 03:00:00,24.6,60.2985071406063,1014.8
Hyderabad,2025-02-07 04:00:00,28.0,45.103334544997125,
Hyderabad,2025-02-07 05:00:00,29.0,39.89606828185898,
Hyderabad,2025-02-07 06:00:00,30.0,49.23154765101147,1014.4
Hyderabad,2025-02-07 07:00:00,31.0,37.937587025645456,
Hyderabad,2025-02-07 08:00:00,32.0,33.60002079961747,
Hyderabad,2025-02-07 09:00:00,32.0,43.923665681808,1010.9
Hyderabad,2025-02-07 10:00:00,32.0,29.483802567589102,
Hyderabad,2025-02-07 11:00:00,31.0,31.20797236675265,
Hyderabad,2025-02-07 12:00:00,31.0,43.93014283112731,1010.3
Hyderabad,2025-02-07 14:00:00,28.0,45.103334544997125,
Hyderabad,2025-02-07 15:00:00,27.8,54.19164488057315,1012.5
Hyderabad,2025-02-07 16:00:00,25.0,53.83064226424435,
Hyderabad,2025-02-07 18:00:00,24.2,67.05970910477717,1012.6
Hyderabad,2025-02-08 00:00:00,20.8,74.01935951368816,1013.1
Hyderabad,2025-02-08 02:00:00,20.0,72.93876680928581,
Hyderabad,2025-02-08 03:00:00,23.8,71.33084735569012,1014.7
Hyderabad,2025-02-08 04:00:00,28.0,39.61807404744141,
Hyderabad,2025-02-08 05:00:00,29.0,42.5577048750277,
Hyderabad,2025-02-08 06:00:00,30.6,41.38324911002061,1013.4
Hyderabad,2025-02-08 07:00:00,32.0,31.48272781265815,
Hyderabad,2025-02-08 08:00:00,32.0,29.483802567589102,
Hyderabad,2025-02-08 09:00:00,32.6,39.61534849501293,1009.9
Hyderabad,2025-02-08 12:00:00,30.6,44.66219914199021,1009.4
Hyderabad,2025-02-08 13:00:00,29.0,37.38203217205419,
Hyderabad,2025-02-08 14:00:00,28.0,42.28248962275748,
Hyderabad,2025-02-08 15:00:00,27.6,54.14162894034234,1012.8
Hyderabad,2025-02-08 18:00:00,24.2,67.05970910477717,1013.9
Hyderabad,2025-02-08 21:00:00,22.8,70.25317521351283,1012.6
Hyderabad,2025-02-09 00:00:00,21.4,72.72012266748742,1012.1
Hyderabad,2025-02-09 02:00:00,20.0,77.76603602176817,
Hyderabad,2025-02-09 03:00:00,24.8,63.4817355359212,1013.7
Hyderabad,2025-02-09 06:00:00,30.0,43.937632030840675,1011.6
Hyderabad,2025-02-09 07:00:00,31.0,33.32379184656068,
Hyderabad,2025-02-09 08:00:00,31.0,35.564901041274325,
Hyderabad,2025-02-09 09:00:00,32.0,42.03063257384145,1009.4
Hyderabad,2025-02-09 11:00:00,30.0,40.17284207482451,
Hyderabad,2025-02-09 12:00:00,30.4,45.463043367789915,1009.2
Hyderabad,2025-02-09 13:00:00,28.0,42.28248962275748,
Hyderabad,2025-02-09 14:00:00,27.0,47.821805415300325,
Hyderabad,2025-02-09 15:00:00,27.2,57.55876022674434,1012.2
Hyderabad,2025-02-09 16:00:00,26.0,50.72618873623027,
Hyderabad,2025-02-09 18:00:00,24.0,64.1154423415989,1013.3
Hyderabad,2025-02-10 00:00:00,21.8,82.56664158645123,1012.6
Hyderabad,2025-02-10 03:00:00,24.6,71.92312928457804,1015.1
Hyderabad,2025-02-10 04:00:00,26.0,65.35576219694184,
Hyderabad,2025-02-10 05:00:00,29.0,51.50307132317005,
Hyderabad,2025-02-10 06:00:00,29.6,54.979279039342565,1014.7
Hyderabad,2025-02-10 07:00:00,31.0,31.20797236675265,
Hyderabad,2025-02-10 08:00:00,32.0,29.483802567589102,
Hyderabad,2025-02-10 09:00:00,32.6,36.00718145082253,1010.2
Hyderabad,2025-02-10 10:00:00,33.0,26.08357521491382,
Hyderabad,2025-02-10 12:00:00,31.0,33.98268796008183,1010.1
Hyderabad,2025-02-10 14:00:00,27.0,54.33441603408858,
Hyderabad,2025-02-10 15:00:00,27.2,51.36491950789416,1013.1
Hyderabad,2025-02-10 18:00:00,25.6,64.05660503524051,1013.5
Hyderabad,2025-02-10 21:00:00,24.0,69.5991722213218,1012.6
Hyderabad,2025-02-11 00:00:00,22.0,79.54728307059689,1013.1
Hyderabad,2025-02-11 03:00:00,25.4,61.2525557727852,1014.5
Hyderabad,2025-02-11 05:00:00,30.0,40.17284207482451,
Hyderabad,2025-02-11 06:00:00,30.6,43.544728100720896,1013.6
Hyderabad,2025-02-11 08:00:00,33.0,27.86636142371991,
Hyderabad,2025-02-11 09:00:00,33.2,35.71384473292263,1010.3
Hyderabad,2025-02-11 10:00:00,32.0,29.483802567589102,
Hyderabad,2025-02-11 11:00:00,32.0,29.483802567589102,
Hyderabad,2025-02-11 12:00:00,31.6,42.45528995685228,1009.3
Hyderabad,2025-02-11 13:00:00,29.0,37.38203217205419,
Hyderabad,2025-02-11 14:00:00,28.0,42.28248962275748,
Hyderabad,2025-02-11 15:00:00,27.6,56.58013366480121,1012.7
Hyderabad,2025-02-11 16:00:00,26.0,47.553680242907866,
Hyderabad,2025-02-12 00:00:00,22.0,77.5734923634938,1013.1
Hyderabad,2025-02-12 02:00:00,20.0,82.87192979044534,
Hyderabad,2025-02-12 03:00:00,24.2,62.949538189695744,1014.4
Hyderabad,2025-02-12 04:00:00,30.0,37.66035915705599,
Hyderabad,2025-02-12 06:00:00,32.0,37.97044709945906,1014.1
Hyderabad,2025-02-12 07:00:00,33.0,27.86636142371991,
Hyderabad,2025-02-12 09:00:00,35.0,34.20610144182049,1009.5
Hyderabad,2025-02-12 10:00:00,33.0,26.08357521491382,
Hyderabad,2025-02-12 12:00:00,33.4,28.905374721069638,1009.2
Hyderabad,2025-02-12 13:00:00,30.0,35.28720543774307,
Hyderabad,2025-02-12 14:00:00,29.0,37.38203217205419,
Hyderabad,2025-02-12 15:00:00,28.4,45.50266645634338,1012.5
Hyderabad,2025-02-12 16:00:00,27.0,42.005936969816645,
Hyderabad,2025-02-12 18:00:00,25.0,55.2316510124865,1013.2
Hyderabad,2025-02-12 21:00:00,23.0,84.7821874063096,1012.0
Hyderabad,2025-02-13 00:00:00,21.0,74.05340128847922,1012.1
Hyderabad,2025-02-13 02:00:00,22.0,60.47020638316778,
Hyderabad,2025-02-13 03:00:00,24.6,57.66431548980472,1014.4
Hyderabad,2025-02-13 04:00:00,28.0,37.102613225695066,
Hyderabad,2025-02-13 05:00:00,30.0,33.04672341225981,
Hyderabad,2025-02-13 06:00:00,32.2,39.25548294998066,1012.9
Hyderabad,2025-02-13 08:00:00,33.0,24.40209011834198,
Hyderabad,2025-02-13 09:00:00,34.4,32.55377835955569,1009.6
Hyderabad,2025-02-13 12:00:00,32.6,34.87042431108877,1009.0
Hyderabad,2025-02-13 13:00:00,30.0,25.28734870996165,
Hyderabad,2025-02-13 14:00:00,28.0,32.4901158709847,
Hyderabad,2025-02-13 15:00:00,27.2,45.17692575001485,1012.1
Hyderabad,2025-02-13 18:00:00,23.8,63.666133594192154,1013.4
Hyderabad,2025-02-13 21:00:00,21.8,74.66022110141452,1012.4
Hyderabad,2025-02-14 00:00:00,20.0,78.26386705500407,1012.3
Hyderabad,2025-02-14 02:00:00,20.0,64.06828882011946,
Hyderabad,2025-02-14 03:00:00,23.6,53.822735105171496,1015.1
Hyderabad,2025-02-14 04:00:00,27.0,26.24726622630555,
Hyderabad,2025-02-14 05:00:00,29.0,23.35803510835265,
Hyderabad,2025-02-14 06:00:00,30.2,36.98967454872255,1014.0
Hyderabad,2025-02-14 07:00:00,32.0,19.671874930986917,
Hyderabad,2025-02-14 08:00:00,32.0,18.353949878589884,
Hyderabad,2025-02-14 09:00:00,33.4,,1009.0
Hyderabad,2025-02-14 10:00:00,32.0,18.353949878589884,
Hyderabad,2025-02-14 11:00:00,32.0,18.353949878589884,
Hyderabad,2025-02-14 12:00:00,31.8,32.26008343345254,1008.8
Hyderabad,2025-02-14 13:00:00,29.0,23.35803510835265,
Hyderabad,2025-02-14 15:00:00,26.0,50.07719773024859,1012.2
Hyderabad,2025-02-14 17:00:00,23.0,40.88640209147293,
Hyderabad,2025-02-14 18:00:00,22.7,53.59261967040722,1013.0
Hyderabad,2025-02-14 21:00:00,20.8,65.93146752697645,1012.5
Hyderabad,2025-02-15 00:00:00,19.0,69.07233640920421,1013.1
Hyderabad,2025-02-15 02:00:00,18.0,67.9737012152502,
Hyderabad,2025-02-15 03:00:00,23.2,50.98251465036784,1014.1
Hyderabad,2025-02-15 04:00:00,28.0,30.379562914413725,
Hyderabad,2025-02-15 05:00:00,30.0,20.57190227650599,
Hyderabad,2025-02-15 06:00:00,32.0,21.072743293654874,1011.9
Hyderabad,2025-02-15 07:00:00,33.0,16.17581915487809,
Hyderabad,2025-02-15 08:00:00,33.0,14.041155011718079,
Hyderabad,2025-02-15 09:00:00,33.6,21.61943150869408,1007.9
Hyderabad,2025-02-15 11:00:00,33.0,15.075074386074256,
Hyderabad,2025-02-15 12:00:00,32.8,,1008.0
Hyderabad,2025-02-15 14:00:00,25.0,31.649218589933113,
Hyderabad,2025-02-15 15:00:00,26.2,46.38866070801633,1011.3
Hyderabad,2025-02-15 18:00:00,22.4,53.86767061434077,1012.6
Hyderabad,2025-02-15 21:00:00,20.6,64.19987662649874,1011.6
Hyderabad,2025-02-16 00:00:00,18.6,67.20788822575122,1012.0
Hyderabad,2025-02-16 02:00:00,18.0,63.62499650833061,
Hyderabad,2025-02-16 03:00:00,23.2,56.22183331014094,1013.3
Hyderabad,2025-02-16 05:00:00,31.0,19.427262115146952,
Hyderabad,2025-02-16 06:00:00,32.8,23.864781710527836,1012.1
Hyderabad,2025-02-16 07:00:00,33.0,16.17581915487809,
Hyderabad,2025-02-16 09:00:00,34.0,24.499489258339995,1008.2
Hyderabad,2025-02-16 10:00:00,33.0,16.17581915487809,
Hyderabad,2025-02-16 11:00:00,33.0,16.17581915487809,
Hyderabad,2025-02-16 12:00:00,32.0,27.052803087772126,1008.7
Hyderabad,2025-02-16 13:00:00,29.0,23.35803510835265,
Hyderabad,2025-02-16 14:00:00,28.0,24.755218236028803,
Hyderabad,2025-02-16 15:00:00,27.6,42.447087996132026,1012.0
Hyderabad,2025-02-16 16:00:00,24.0,47.01278154897936,
Hyderabad,2025-02-16 18:00:00,23.0,60.313009805362874,1013.6
Hyderabad,2025-02-16 21:00:00,21.2,67.73921365926287,1012.6
Hyderabad,2025-02-17 00:00:00,19.6,74.7704038194316,1012.9
Hyderabad,2025-02-17 01:00:00,17.0,77.30999987827745,
Hyderabad,2025-02-17 02:00:00,20.0,68.37704311271231,
Hyderabad,2025-02-17 03:00:00,25.0,55.2316510124865,1014.2
Hyderabad,2025-02-17 05:00:00,30.0,33.04672341225981,
Hyderabad,2025-02-17 06:00:00,31.8,27.54372118754403,1013.2
Hyderabad,2025-02-17 07:00:00,32.0,19.671874930986917,
Hyderabad,2025-02-17 08:00:00,34.0,17.579891488087487,
Hyderabad,2025-02-17 09:00:00,34.6,25.315182563346816,1009.8
Hyderabad,2025-02-17 10:00:00,34.0,24.6627092561281,
Hyderabad,2025-02-17 11:00:00,33.0,26.08357521491382,
Hyderabad,2025-02-17 12:00:00,32.0,32.31511355031243,1009.4
Hyderabad,2025-02-17 14:00:00,28.0,42.28248962275748,
Hyderabad,2025-02-17 15:00:00,27.8,48.34317431257217,1012.1
Hyderabad,2025-02-17 16:00:00,26.0,50.72618873623027,
Hyderabad,2025-02-17 18:00:00,25.8,62.905305620072184,1013.6
Hyderabad,2025-02-17 21:00:00,23.2,72.12351698141116,1012.5
Hyderabad,2025-02-18 00:00:00,21.6,77.51345068820947,1012.4
Hyderabad,2025-02-18 02:00:00,20.0,82.87192979044534,
Hyderabad,2025-02-18 03:00:00,25.4,66.46637920163614,1013.9
Hyderabad,2025-02-18 04:00:00,28.0,48.08838553713478,
Hyderabad,2025-02-18 05:00:00,31.0,35.564901041274325,
Hyderabad,2025-02-18 06:00:00,32.2,38.26880011810744,1013.0
Hyderabad,2025-02-18 07:00:00,32.0,27.597538487345126,
Hyderabad,2025-02-18 09:00:00,35.0,25.925231350550153,1009.0
Hyderabad,2025-02-18 11:00:00,34.0,21.574013785652443,
Hyderabad,2025-02-18 12:00:00,33.2,31.198961809215685,1008.5
Hyderabad,2025-02-18 13:00:00,30.0,33.04672341225981,
Hyderabad,2025-02-18 14:00:00,29.0,39.89606828185898,
Hyderabad,2025-02-18 15:00:00,28.6,43.55600990053014,1011.7
Hyderabad,2025-02-18 16:00:00,27.0,47.821805415300325,
Hyderabad,2025-02-18 17:00:00,26.0,54.08337422022996,
Hyderabad,2025-02-18 18:00:00,26.2,64.18552330632488,1012.2
Hyderabad,2025-02-18 21:00:00,24.4,67.10028321985867,1010.8
Hyderabad,2025-02-19 00:00:00,22.4,79.6025060906342,1010.8
Hyderabad,2025-02-19 02:00:00,21.0,82.9903987771767,
Hyderabad,2025-02-19 03:00:00,25.8,58.69153288013389,1012.5
Hyderabad,2025-02-19 04:00:00,29.0,42.5577048750277,
Hyderabad,2025-02-19 05:00:00,31.0,35.564901041274325,
Hyderabad,2025-02-19 06:00:00,32.0,40.98139645246801,1011.0
Hyderabad,2025-02-19 07:00:00,32.0,29.483802567589102,
Hyderabad,2025-02-19 08:00:00,34.0,26.348380701524103,
Hyderabad,2025-02-19 09:00:00,34.8,30.438837990395246,1006.8
Hyderabad,2025-02-19 10:00:00,34.0,24.6627092561281,
Hyderabad,2025-02-19 11:00:00,34.0,24.6627092561281,
Hyderabad,2025-02-19 12:00:00,33.8,35.42528716005973,1006.2
Hyderabad,2025-02-19 13:00:00,31.0,29.211402312476043,
Hyderabad,2025-02-19 15:00:00,28.8,58.66259458008077,1009.8
Hyderabad,2025-02-19 16:00:00,28.0,51.245730319258854,
Hyderabad,2025-02-19 18:00:00,26.8,67.58193621694379,1010.5
Hyderabad,2025-02-19 21:00:00,24.7,75.13597406521609,1010.3
Hyderabad,2025-02-20 00:00:00,23.4,83.26993989952544,1010.7
Hyderabad,2025-02-20 02:00:00,23.0,83.22381284256232,
Hyderabad,2025-02-20 03:00:00,25.2,76.1495718601223,1012.9
Hyderabad,2025-02-20 04:00:00,28.0,58.11126126861089,
Hyderabad,2025-02-20 05:00:00,31.0,48.87889229893936,
Hyderabad,2025-02-20 06:00:00,31.8,50.94362829175715,1012.0
Hyderabad,2025-02-20 07:00:00,34.0,34.14991504093326,
Hyderabad,2025-02-20 08:00:00,35.0,28.402634845839458,
Hyderabad,2025-02-20 09:00:00,34.4,37.90806171030175,1008.5
Hyderabad,2025-02-20 10:00:00,32.0,40.72271098464218,
Hyderabad,2025-02-20 11:00:00,31.0,40.44839100350285,
Hyderabad,2025-02-20 12:00:00,30.8,52.28529670371479,1009.3
Hyderabad,2025-02-20 13:00:00,29.0,48.3534241765764,
Hyderabad,2025-02-20 14:00:00,28.0,54.583776611197585,
Hyderabad,2025-02-20 15:00:00,27.4,67.70085403503145,1012.7
Hyderabad,2025-02-20 16:00:00,26.0,65.35576219694184,
Hyderabad,2025-02-20 18:00:00,26.0,72.61811825905968,1013.5
Hyderabad,2025-02-21 00:00:00,23.4,81.74051352949353,1013.0
Hyderabad,2025-02-21 02:00:00,23.0,78.20916979499323,
Hyderabad,2025-02-21 03:00:00,25.2,72.03021897074997,1015.1
Hyderabad,2025-02-21 04:00:00,29.0,51.50307132317005,
Hyderabad,2025-02-21 06:00:00,30.6,46.678493632310655,1014.3
Hyderabad,2025-02-21 07:00:00,32.0,33.60002079961747,
Hyderabad,2025-02-21 08:00:00,33.0,33.875398862078285,
Hyderabad,2025-02-21 09:00:00,33.6,39.88884733824565,1010.6
Hyderabad,2025-02-21 10:00:00,33.0,33.875398862078285,
Hyderabad,2025-02-21 12:00:00,31.4,46.598636188257515,1010.3
Hyderabad,2025-02-21 13:00:00,29.0,42.5577048750277,
Hyderabad,2025-02-21 14:00:00,28.0,51.245730319258854,
Hyderabad,2025-02-21 15:00:00,28.0,61.83725955078121,1013.0
Hyderabad,2025-02-21 16:00:00,27.0,50.98677157890719,
Hyderabad,2025-02-21 18:00:00,25.8,69.50825287141733,1013.9
Hyderabad,2025-02-21 21:00:00,24.2,74.12704136904111,1012.7
Hyderabad,2025-02-22 00:00:00,22.0,81.05642785450141,1013.5
Hyderabad,2025-02-22 02:00:00,21.0,82.9903987771767,
Hyderabad,2025-02-22 03:00:00,25.8,70.81180097230059,1014.9
Hyderabad,2025-02-22 04:00:00,28.0,54.583776611197585,
Hyderabad,2025-02-22 06:00:00,32.4,34.81528709065339,1014.1
Hyderabad,2025-02-22 07:00:00,33.0,27.86636142371991,
Hyderabad,2025-02-22 09:00:00,34.4,29.175058206768867,1010.4
Hyderabad,2025-02-22 12:00:00,33.4,29.67022136496883,1010.7
Hyderabad,2025-02-22 13:00:00,30.0,27.05860654372192,
Hyderabad,2025-02-22 14:00:00,28.0,30.379562914413725,
Hyderabad,2025-02-22 15:00:00,27.6,47.06793289109862,1014.0
Hyderabad,2025-02-22 16:00:00,24.0,53.57621135443473,
Hyderabad,2025-02-22 18:00:00,24.4,68.80759213980193,1015.0
Hyderabad,2025-02-22 21:00:00,22.2,76.15308340181124,1013.5
Hyderabad,2025-02-23 00:00:00,21.4,78.9647481661836,1014.0
Hyderabad,2025-02-23 02:00:00,22.0,68.77349522244712,
Hyderabad,2025-02-23 03:00:00,26.8,58.19100139585605,1015.5
Hyderabad,2025-02-23 06:00:00,33.0,28.235526880881118,1013.6
Hyderabad,2025-02-23 07:00:00,32.0,25.81845531771868,
Hyderabad,2025-02-23 08:00:00,32.0,22.561002115740607,
Hyderabad,2025-02-23 09:00:00,32.8,36.06228910712878,1011.1
Hyderabad,2025-02-23 10:00:00,34.0,15.294664228712179,
Hyderabad,2025-02-23 11:00:00,33.0,16.17581915487809,
Hyderabad,2025-02-23 12:00:00,33.0,24.40209011834198,1011.0
Hyderabad,2025-02-23 14:00:00,28.0,34.72892596298944,
Hyderabad,2025-02-23 15:00:00,28.2,51.29732773265832,1014.1
Hyderabad,2025-02-23 16:00:00,26.0,34.16686277559637,
Hyderabad,2025-02-23 18:00:00,24.0,60.159267516551964,1015.4
Hyderabad,2025-02-23 21:00:00,22.0,70.10172533589738,1014.3
Hyderabad,2025-02-24 00:00:00,20.2,72.04187987653194,1015.1
Hyderabad,2025-02-24 02:00:00,23.0,43.72689446658759,
Hyderabad,2025-02-24 03:00:00,25.8,54.727787543447995,1016.7
Hyderabad,2025-02-24 04:00:00,28.0,30.379562914413725,
Hyderabad,2025-02-24 06:00:00,31.6,39.592323534036595,1015.2
Hyderabad,2025-02-24 07:00:00,32.0,19.671874930986917,
Hyderabad,2025-02-24 08:00:00,32.0,21.072743293654874,
Hyderabad,2025-02-24 09:00:00,32.4,22.056456628054825,1012.5
Hyderabad,2025-02-24 10:00:00,32.0,24.1412924100428,
Hyderabad,2025-02-24 12:00:00,31.0,34.879043630281735,1011.4
Hyderabad,2025-02-24 13:00:00,29.0,30.6563755549686,
Hyderabad,2025-02-24 14:00:00,28.0,34.72892596298944,
Hyderabad,2025-02-24 15:00:00,27.6,45.87309205513956,1014.7
Hyderabad,2025-02-24 16:00:00,24.0,38.49399356753938,
Hyderabad,2025-02-24 18:00:00,24.0,51.863992999373274,1016.1
Hyderabad,2025-02-24 21:00:00,22.4,56.75842370399915,1014.8
Hyderabad,2025-02-25 00:00:00,21.6,69.57948843896322,1015.2
Hyderabad,2025-02-25 02:00:00,22.0,83.10768815769457,
Hyderabad,2025-02-25 03:00:00,23.0,78.69840590646567,1018.1
Hyderabad,2025-02-25 04:00:00,23.0,68.96917974781988,
Hyderabad,2025-02-25 05:00:00,27.0,57.873653251263804,
Hyderabad,2025-02-25 06:00:00,29.0,53.144397220752126,1016.8
Hyderabad,2025-02-25 08:00:00,32.0,25.81845531771868,
Hyderabad,2025-02-25 09:00:00,31.8,37.91528807098684,1013.7
Hyderabad,2025-02-25 10:00:00,32.0,21.072743293654874,
Hyderabad,2025-02-25 12:00:00,30.6,22.82056905645111,1013.3
Hyderabad,2025-02-25 13:00:00,28.0,37.102613225695066,
Hyderabad,2025-02-25 15:00:00,27.2,57.55876022674434,1016.4
Hyderabad,2025-02-25 16:00:00,25.0,44.281814632318536,
Hyderabad,2025-02-25 18:00:00,24.6,67.14078973899267,1017.4
Hyderabad,2025-02-25 21:00:00,22.6,73.3927914913938,1016.2
Hyderabad,2025-02-26 00:00:00,21.2,78.93630610503789,1015.9
Hyderabad,2025-02-26 02:00:00,22.0,73.28896468276716,
Hyderabad,2025-02-26 03:00:00,25.2,64.77966284965012,1018.3
Hyderabad,2025-02-26 04:00:00,27.0,44.83094235963196,
Hyderabad,2025-02-26 06:00:00,30.4,51.860643353792355,1017.2
Hyderabad,2025-02-26 08:00:00,31.0,31.20797236675265,
Hyderabad,2025-02-26 09:00:00,32.0,43.923665681808,1013.1
Hyderabad,2025-02-26 10:00:00,31.0,35.564901041274325,
Hyderabad,2025-02-26 12:00:00,30.0,50.48129264923812,1012.9
Hyderabad,2025-02-26 13:00:00,28.0,45.103334544997125,
Hyderabad,2025-02-26 15:00:00,27.4,57.60660548767008,1015.1
Hyderabad,2025-02-26 16:00:00,25.0,53.83064226424435,
Hyderabad,2025-02-26 18:00:00,25.5,66.48685748474682,1016.1
Hyderabad,2025-02-26 21:00:00,23.6,74.02618272315732,1015.1
Hyderabad,2025-02-27 00:00:00,22.4,75.232041604098,1014.7
Hyderabad,2025-02-27 02:00:00,21.0,73.11466043664565,
Hyderabad,2025-02-27 03:00:00,25.6,57.173530456297016,1016.5
Hyderabad,2025-02-27 04:00:00,28.0,42.28248962275748,
Hyderabad,2025-02-27 06:00:00,30.0,49.541409391329125,1015.3
Hyderabad,2025-02-27 07:00:00,31.0,27.328280952245176,
Hyderabad,2025-02-27 08:00:00,31.0,31.20797236675265,
Hyderabad,2025-02-27 09:00:00,32.2,43.15754496006277,1011.3
Hyderabad,2025-02-27 11:00:00,31.0,35.564901041274325,
Hyderabad,2025-02-27 12:00:00,30.8,47.91892153763767,1010.3
Hyderabad,2025-02-27 13:00:00,28.0,42.28248962275748,
Hyderabad,2025-02-27 14:00:00,28.0,39.61807404744141,
Hyderabad,2025-02-27 15:00:00,27.4,60.18498206209946,1013.0
Hyderabad,2025-02-27 16:00:00,26.0,54.08337422022996,
Hyderabad,2025-02-27 18:00:00,25.8,66.96416382150265,1013.9
Hyderabad,2025-02-27 21:00:00,24.8,74.68849815889978,1012.6
Hyderabad,2025-02-28 00:00:00,23.0,78.20916979499323,1012.6
Hyderabad,2025-02-28 02:00:00,23.0,60.70242277903299,
Hyderabad,2025-02-28 03:00:00,24.6,61.85075620714107,1015.8
Hyderabad,2025-02-28 04:00:00,28.0,48.08838553713478,
Hyderabad,2025-02-28 05:00:00,29.0,45.37427975672665,
Hyderabad,2025-02-28 06:00:00,30.2,50.53291524432717,1013.9
Hyderabad,2025-02-28 09:00:00,32.4,48.63847698203121,1010.0
Hyderabad,2025-02-28 10:00:00,32.0,27.597538487345126,
Hyderabad,2025-02-28 11:00:00,32.0,27.597538487345126,
Hyderabad,2025-02-28 21:00:00,24.6,73.2781992066413,1012.8
Hyderabad,2025-03-01 00:00:00,22.4,79.6025060906342,1012.6
Hyderabad,2025-03-01 02:00:00,23.0,64.71986027383593,
Hyderabad,2025-03-01 03:00:00,25.0,50.46397557709502,
Hyderabad,2025-03-01 04:00:00,28.0,37.102613225695066,
Hyderabad,2025-03-01 05:00:00,29.0,35.00854381788882,
Hyderabad,2025-03-01 06:00:00,30.6,49.08033229529655,1013.3
Hyderabad,2025-03-01 07:00:00,33.0,27.86636142371991,
Hyderabad,2025-03-01 08:00:00,32.0,31.48272781265815,
Hyderabad,2025-03-01 09:00:00,33.0,43.10358004754794,1009.7
Hyderabad,2025-03-01 12:00:00,31.4,47.480646065444475,1009.0
Hyderabad,2025-03-01 13:00:00,29.0,35.00854381788882,
Hyderabad,2025-03-01 14:00:00,28.0,30.379562914413725,
Hyderabad,2025-03-01 15:00:00,27.8,50.548080356196145,1011.9
Hyderabad,2025-03-01 16:00:00,25.0,41.44882875278398,
Hyderabad,2025-03-01 18:00:00,24.2,65.80260385050796,1011.8
Hyderabad,2025-03-01 21:00:00,23.0,68.96917974781988,1011.3
Hyderabad,2025-03-02 00:00:00,22.0,77.5734923634938,1010.8
Hyderabad,2025-03-02 02:00:00,22.0,73.28896468276716,
Hyderabad,2025-03-02 03:00:00,25.6,69.47017474704028,1011.7
Hyderabad,2025-03-02 04:00:00,30.0,40.17284207482451,
Hyderabad,2025-03-02 06:00:00,32.4,39.56050739881209,1010.9
Hyderabad,2025-03-02 07:00:00,34.0,18.831786078267353,
Hyderabad,2025-03-02 08:00:00,34.0,18.831786078267353,
Hyderabad,2025-03-02 09:00:00,34.8,18.011775407134177,1007.0
Hyderabad,2025-03-02 10:00:00,35.0,19.07117583858422,
Hyderabad,2025-03-02 11:00:00,33.0,19.91672137486687,
Hyderabad,2025-03-02 12:00:00,33.0,,1006.8
Hyderabad,2025-03-02 13:00:00,31.0,25.553040002326842,
Hyderabad,2025-03-02 14:00:00,28.0,32.4901158709847,
Hyderabad,2025-03-02 15:00:00,28.8,50.48794788775513,1009.4
Hyderabad,2025-03-02 16:00:00,26.0,39.05844369993647,
Hyderabad,2025-03-02 18:00:00,24.8,60.72929795521744,1011.1
Hyderabad,2025-03-02 21:00:00,23.6,66.93757991376943,1009.9
Hyderabad,2025-03-03 00:00:00,21.8,74.66022110141452,1010.7
Hyderabad,2025-03-03 03:00:00,27.8,54.19164488057315,1012.2
Hyderabad,2025-03-03 04:00:00,31.0,31.20797236675265,
Hyderabad,2025-03-03 05:00:00,33.0,22.816934077339006,
Hyderabad,2025-03-03 06:00:00,34.8,28.906107904807666,1010.9
Hyderabad,2025-03-03 07:00:00,35.0,23.328640567656677,
Hyderabad,2025-03-03 08:00:00,34.0,23.07282068780206,
Hyderabad,2025-03-03 09:00:00,35.2,26.14828034772177,1007.2
Hyderabad,2025-03-03 11:00:00,35.0,15.51488731180675,
Hyderabad,2025-03-03 12:00:00,34.8,27.983017905592106,1006.9
Hyderabad,2025-03-03 14:00:00,29.0,30.6563755549686,
Hyderabad,2025-03-03 15:00:00,29.4,38.984303430889156,1009.8
Hyderabad,2025-03-03 16:00:00,24.0,47.01278154897936,
Hyderabad,2025-03-03 18:00:00,25.6,68.18649284031031,1011.0
Hyderabad,2025-03-04 00:00:00,22.4,74.7596948545308,1010.1
Hyderabad,2025-03-04 02:00:00,23.0,68.96917974781988,
Hyderabad,2025-03-04 03:00:00,23.6,76.84951580985158,1012.8
Hyderabad,2025-03-04 05:00:00,33.0,24.40209011834198,
Hyderabad,2025-03-04 06:00:00,35.0,27.494927647332428,1010.9
Hyderabad,2025-03-04 07:00:00,35.0,20.4070204931804,
Hyderabad,2025-03-04 08:00:00,36.0,16.856286828286688,
Hyderabad,2025-03-04 09:00:00,36.2,19.886386016649947,1007.1
Hyderabad,2025-03-04 10:00:00,36.0,14.681498240367437,
Hyderabad,2025-03-04 11:00:00,36.0,15.735718964827091,
Hyderabad,2025-03-04 12:00:00,34.4,21.241095185386406,1007.4
Hyderabad,2025-03-04 14:00:00,28.0,32.4901158709847,
Hyderabad,2025-03-04 15:00:00,28.4,38.95969261430691,1010.9
Hyderabad,2025-03-04 16:00:00,24.0,44.00507855867109,
Hyderabad,2025-03-04 18:00:00,25.0,50.13772727236807,1012.0
Hyderabad,2025-03-04 21:00:00,23.6,56.68577345977045,1010.9
Hyderabad,2025-03-05 00:00:00,23.2,57.69662256232537,1010.6
Hyderabad,2025-03-05 02:00:00,25.0,36.257882036602176,
Hyderabad,2025-03-05 03:00:00,27.0,45.122431561822,1012.4
Hyderabad,2025-03-05 04:00:00,29.0,26.78853344421143,
Hyderabad,2025-03-05 05:00:00,30.0,25.28734870996165,
Hyderabad,2025-03-05 06:00:00,32.4,26.801799454810254,1011.3
Hyderabad,2025-03-05 07:00:00,33.0,22.816934077339006,
Hyderabad,2025-03-05 09:00:00,34.0,23.856090467998584,1008.3
Hyderabad,2025-03-05 11:00:00,32.0,24.1412924100428,
Hyderabad,2025-03-05 12:00:00,32.0,27.052803087772126,1008.2
Hyderabad,2025-03-05 13:00:00,30.0,27.05860654372192,
Hyderabad,2025-03-05 14:00:00,28.0,30.379562914413725,
Hyderabad,2025-03-05 15:00:00,27.6,38.991612615939616,1011.4
Hyderabad,2025-03-05 16:00:00,24.0,41.16827865067493,
Hyderabad,2025-03-05 17:00:00,22.0,46.46566533002917,
Hyderabad,2025-03-05 18:00:00,23.0,48.956639538983296,1013.3
Hyderabad,2025-03-05 21:00:00,22.2,55.246107413011515,1012.0
Hyderabad,2025-03-06 00:00:00,18.6,43.078078195978264,1013.6
Hyderabad,2025-03-06 02:00:00,20.0,34.82894197321482,
Hyderabad,2025-03-06 03:00:00,24.2,21.6316853046563,1014.4
Hyderabad,2025-03-06 05:00:00,29.0,16.420527457892977,
Hyderabad,2025-03-06 06:00:00,30.6,14.656130168293172,1013.4
Hyderabad,2025-03-06 07:00:00,31.0,14.63789438998524,
Hyderabad,2025-03-06 08:00:00,32.0,10.322062331117559,
Hyderabad,2025-03-06 09:00:00,33.6,11.092566394220352,1009.4
Hyderabad,2025-03-06 10:00:00,33.0,9.755808088108731,
Hyderabad,2025-03-06 12:00:00,32.2,11.827459111801074,1008.7
Hyderabad,2025-03-06 13:00:00,29.0,13.198051060032634,
Hyderabad,2025-03-06 14:00:00,25.0,22.312486872552377,
Hyderabad,2025-03-06 15:00:00,25.4,29.250946076532568,1011.9
Hyderabad,2025-03-06 16:00:00,21.0,30.517430757099035,
Hyderabad,2025-03-06 18:00:00,21.0,45.263661231782194,1012.9
Hyderabad,2025-03-06 21:00:00,19.6,53.860742411186294,1011.2
Hyderabad,2025-03-07 00:00:00,17.4,57.801115740866514,1011.3
Hyderabad,2025-03-07 02:00:00,20.0,45.91231129093683,
Hyderabad,2025-03-07 03:00:00,25.2,30.011775568488925,1012.5
Hyderabad,2025-03-07 04:00:00,29.0,15.276419944753815,
Hyderabad,2025-03-07 06:00:00,33.0,10.899148595587283,1011.0
Hyderabad,2025-03-07 08:00:00,33.0,9.755808088108731,
Hyderabad,2025-03-07 09:00:00,35.0,11.114420992402394,1006.9
Hyderabad,2025-03-07 10:00:00,34.0,9.9332116084817,
Hyderabad,2025-03-07 11:00:00,33.0,11.305847321648152,
Hyderabad,2025-03-07 12:00:00,33.0,16.062633712825683,1006.0
Hyderabad,2025-03-07 13:00:00,30.0,15.500348486563556,
Hyderabad,2025-03-07 14:00:00,28.0,20.071678745219934,
Hyderabad,2025-03-07 15:00:00,26.2,32.64350551145617,1009.5
Hyderabad,2025-03-07 18:00:00,22.2,46.832307483959376,1010.3
Hyderabad,2025-03-07 21:00:00,20.4,54.42754746004215,1009.8
Hyderabad,2025-03-08 00:00:00,18.8,69.03284675398757,1009.5
Hyderabad,2025-03-08 02:00:00,20.0,56.16181282171762,
Hyderabad,2025-03-08 03:00:00,24.2,44.060541624352076,1010.5
Hyderabad,2025-03-08 04:00:00,31.0,18.115551920076815,
Hyderabad,2025-03-08 05:00:00,33.0,14.041155011718079,
Hyderabad,2025-03-08 06:00:00,34.2,14.19583009521324,1008.6
Hyderabad,2025-03-08 08:00:00,35.0,10.875522228836637,
Hyderabad,2025-03-08 09:00:00,36.4,15.182366308407397,1004.3
Hyderabad,2025-03-08 10:00:00,35.0,10.875522228836637,
Hyderabad,2025-03-08 12:00:00,34.8,17.28462948809417,1003.9
Hyderabad,2025-03-08 13:00:00,31.0,20.822257503627505,
Hyderabad,2025-03-08 14:00:00,30.0,23.619243737864608,
Hyderabad,2025-03-08 15:00:00,29.2,34.605904001162806,1007.3
Hyderabad,2025-03-08 16:00:00,28.0,32.4901158709847,
Hyderabad,2025-03-08 17:00:00,23.0,49.934634256058565,
Hyderabad,2025-03-08 18:00:00,24.6,49.70733850619888,1009.8
Hyderabad,2025-03-08 21:00:00,23.2,56.5873856825575,1008.6
Hyderabad,2025-03-09 00:00:00,21.2,69.50221010410948,1009.0
Hyderabad,2025-03-09 02:00:00,21.0,73.11466043664565,
Hyderabad,2025-03-09 03:00:00,25.0,65.14551045571683,1011.1
Hyderabad,2025-03-09 04:00:00,29.0,48.3534241765764,
Hyderabad,2025-03-09 06:00:00,31.4,41.33913778043623,1010.3
Hyderabad,2025-03-09 09:00:00,34.2,28.188350985686704,1006.5
Hyderabad,2025-03-09 10:00:00,34.0,23.07282068780206,
Hyderabad,2025-03-09 11:00:00,32.0,35.84162125657671,
Hyderabad,2025-03-09 12:00:00,31.4,40.300872880314415,1006.9
Hyderabad,2025-03-09 13:00:00,29.0,45.37427975672665,
Hyderabad,2025-03-09 14:00:00,28.0,54.583776611197585,
Hyderabad,2025-03-09 15:00:00,27.8,60.276691290635554,1011.3
Hyderabad,2025-03-09 16:00:00,27.0,61.6137466743783,
Hyderabad,2025-03-09 17:00:00,26.0,65.35576219694184,
Hyderabad,2025-03-09 18:00:00,26.0,65.76459403908211,1012.5
Hyderabad,2025-03-09 21:00:00,24.2,71.40372780863036,1011.3
Hyderabad,2025-03-10 00:00:00,22.2,76.15308340181124,1012.7
Hyderabad,2025-03-10 02:00:00,22.0,83.10768815769457,
Hyderabad,2025-03-10 03:00:00,23.2,78.23826441650496,1015.1
Hyderabad,2025-03-10 04:00:00,25.0,65.14551045571683,
Hyderabad,2025-03-10 06:00:00,28.6,56.11768390700195,1014.5
Hyderabad,2025-03-10 08:00:00,32.0,35.84162125657671,
Hyderabad,2025-03-10 09:00:00,32.2,35.438289898892414,1010.8
Hyderabad,2025-03-10 10:00:00,31.0,40.44839100350285,
Hyderabad,2025-03-10 11:00:00,31.0,40.44839100350285,
Hyderabad,2025-03-10 12:00:00,30.0,43.937632030840675,1011.2
Hyderabad,2025-03-10 14:00:00,27.0,50.98677157890719,
Hyderabad,2025-03-10 15:00:00,27.0,57.51084662663192,1013.6
Hyderabad,2025-03-10 16:00:00,26.0,61.38851998965914,
Hyderabad,2025-03-10 18:00:00,25.4,69.432031434702,1014.2
Hyderabad,2025-03-10 21:00:00,23.8,74.52349834248494,1013.4
Hyderabad,2025-03-11 00:00:00,23.0,75.32941759774371,1013.6
Hyderabad,2025-03-11 02:00:00,23.0,78.20916979499323,
Hyderabad,2025-03-11 03:00:00,25.0,65.14551045571683,1015.4
Hyderabad,2025-03-11 04:00:00,27.0,47.821805415300325,
Hyderabad,2025-03-11 05:00:00,29.0,32.76882733104996,
Hyderabad,2025-03-11 06:00:00,30.2,41.00984362042902,1014.2
Hyderabad,2025-03-11 07:00:00,32.0,31.48272781265815,
Hyderabad,2025-03-11 09:00:00,33.4,30.4528278258767,1010.0
Hyderabad,2025-03-11 10:00:00,32.0,35.84162125657671,
Hyderabad,2025-03-11 11:00:00,32.0,35.84162125657671,
Hyderabad,2025-03-11 12:00:00,31.6,33.92774314269257,1010.5
Hyderabad,2025-03-11 14:00:00,29.0,42.5577048750277,
Hyderabad,2025-03-11 15:00:00,28.4,41.042068799325214,1012.5
Hyderabad,2025-03-11 16:00:00,25.0,50.46397557709502,
Hyderabad,2025-03-11 18:00:00,24.8,49.760369979781736,1013.9
Hyderabad,2025-03-11 21:00:00,23.8,58.21493824101156,1012.0
Hyderabad,2025-03-12 00:00:00,22.4,73.3582452141461,1011.5
Hyderabad,2025-03-12 02:00:00,22.0,73.28896468276716,
Hyderabad,2025-03-12 03:00:00,26.8,45.95269678211719,1012.7
Hyderabad,2025-03-12 04:00:00,30.0,37.66035915705599,
Hyderabad,2025-03-12 05:00:00,33.0,29.755628359706137,
Hyderabad,2025-03-12 06:00:00,33.4,27.068702150712625,1011.2
Hyderabad,2025-03-12 07:00:00,35.0,24.923129756026547,
Hyderabad,2025-03-12 08:00:00,36.0,19.310848312367177,
Hyderabad,2025-03-12 09:00:00,36.0,21.784189522970856,1006.9
Hyderabad,2025-03-12 11:00:00,35.0,20.4070204931804,
Hyderabad,2025-03-12 12:00:00,34.2,21.77017602344314,1006.3
Hyderabad,2025-03-12 13:00:00,32.0,21.072743293654874,
Hyderabad,2025-03-12 14:00:00,31.0,31.20797236675265,
Hyderabad,2025-03-12 15:00:00,30.8,31.774778499358025,1009.4
Hyderabad,2025-03-12 16:00:00,27.0,36.82210986035996,
Hyderabad,2025-03-12 18:00:00,25.4,51.891395587322066,1011.0
Hyderabad,2025-03-13 00:00:00,23.2,66.43251151225316,1010.1
Hyderabad,2025-03-13 02:00:00,25.0,61.16156608407452,
Hyderabad,2025-03-13 03:00:00,27.0,57.51084662663192,1011.9
Hyderabad,2025-03-13 05:00:00,31.0,43.10411576643139,
Hyderabad,2025-03-13 06:00:00,34.0,35.70624653832972,1010.2
Hyderabad,2025-03-13 09:00:00,37.0,22.921320931027005,1005.4
Hyderabad,2025-03-13 12:00:00,35.8,22.17222729438138,1004.7
Hyderabad,2025-03-13 13:00:00,33.0,24.40209011834198,
Hyderabad,2025-03-13 14:00:00,32.0,27.597538487345126,
Hyderabad,2025-03-13 15:00:00,32.0,30.669278302572017,1008.1
Hyderabad,2025-03-13 16:00:00,30.0,35.28720543774307,
Hyderabad,2025-03-13 18:00:00,27.6,43.56317903106067,1009.1
Hyderabad,2025-03-14 00:00:00,25.0,61.94077368777903,1009.1
Hyderabad,2025-03-14 02:00:00,24.0,64.9335482156484,
Hyderabad,2025-03-14 03:00:00,28.8,47.08835606716669,1011.4
Hyderabad,2025-03-14 04:00:00,32.0,29.483802567589102,
Hyderabad,2025-03-14 05:00:00,33.0,26.08357521491382,
Hyderabad,2025-03-14 06:00:00,35.4,26.37245502597649,1010.0
Hyderabad,2025-03-14 08:00:00,36.0,22.075532265295646,
Hyderabad,2025-03-14 09:00:00,37.0,21.60175114496833,1006.6
Hyderabad,2025-03-14 11:00:00,37.0,18.280764462498105,
Hyderabad,2025-03-14 12:00:00,35.6,24.269113455004465,1006.0
Hyderabad,2025-03-14 13:00:00,33.0,26.08357521491382,
Hyderabad,2025-03-14 14:00:00,32.0,29.483802567589102,
Hyderabad,2025-03-14 15:00:00,31.2,38.237631208464265,1008.6
Hyderabad,2025-03-14 16:00:00,30.0,42.831580797851935,
Hyderabad,2025-03-14 18:00:00,29.2,47.49536171168245,1009.7
Hyderabad,2025-03-14 21:00:00,27.2,53.70027276375083,1009.1
Hyderabad,2025-03-15 00:00:00,25.6,58.64418652447737,1009.5
Hyderabad,2025-03-15 02:00:00,25.0,61.16156608407452,
Hyderabad,2025-03-15 03:00:00,29.2,48.71326748516829,1011.4
Hyderabad,2025-03-15 06:00:00,35.4,25.692094824114186,1010.3
Hyderabad,2025-03-15 07:00:00,38.0,14.107238624195098,
Hyderabad,2025-03-15 08:00:00,38.0,14.107238624195098,
Hyderabad,2025-03-15 09:00:00,38.0,16.62430739249661,1007.0
Hyderabad,2025-03-15 11:00:00,36.0,16.856286828286688,
Hyderabad,2025-03-15 12:00:00,35.0,26.61285322847371,1007.5
Hyderabad,2025-03-15 13:00:00,32.0,35.84162125657671,
Hyderabad,2025-03-15 14:00:00,31.0,40.44839100350285,
Hyderabad,2025-03-15 15:00:00,30.6,47.86618770338982,1010.1
Hyderabad,2025-03-15 16:00:00,29.0,51.50307132317005,
Hyderabad,2025-03-15 18:00:00,28.4,53.66339405042314,1011.6
Hyderabad,2025-03-15 21:00:00,26.4,63.03704464993361,1010.8
Hyderabad,2025-03-16 00:00:00,24.0,68.29842066544568,1011.2
Hyderabad,2025-03-16 03:00:00,29.0,33.42708851963113,1011.9
Hyderabad,2025-03-16 05:00:00,35.0,19.07117583858422,
Hyderabad,2025-03-16 06:00:00,35.8,17.87782747918523,1010.7
Hyderabad,2025-03-16 09:00:00,38.6,14.232918135352948,1006.2
Hyderabad,2025-03-16 11:00:00,37.0,14.896340512386654,
Hyderabad,2025-03-16 12:00:00,35.4,20.231127359178696,1005.9
Hyderabad,2025-03-16 13:00:00,33.0,27.86636142371991,
Hyderabad,2025-03-16 14:00:00,31.0,33.32379184656068,
Hyderabad,2025-03-16 15:00:00,31.0,36.02870648283207,1009.2
Hyderabad,2025-03-16 16:00:00,29.0,42.5577048750277,
Hyderabad,2025-03-16 18:00:00,28.0,49.645003328369256,1010.2
Hyderabad,2025-03-16 21:00:00,26.2,56.59689584142209,1009.6
Hyderabad,2025-03-17 00:00:00,23.6,66.51505211642592,1009.8
Hyderabad,2025-03-17 02:00:00,24.0,50.200126046479014,
Hyderabad,2025-03-17 03:00:00,28.4,34.611029285104415,1011.0
Hyderabad,2025-03-17 04:00:00,31.0,23.880336635012753,
Hyderabad,2025-03-17 05:00:00,32.0,19.671874930986917,
Hyderabad,2025-03-17 06:00:00,35.6,19.741129553088314,1010.1
Hyderabad,2025-03-17 09:00:00,38.2,17.593208837608703,1006.3
Hyderabad,2025-03-17 10:00:00,37.0,14.896340512386654,
Hyderabad,2025-03-17 11:00:00,36.0,14.681498240367437,
Hyderabad,2025-03-17 12:00:00,36.8,17.03850371911106,1005.7
Hyderabad,2025-03-17 14:00:00,31.0,31.20797236675265,
Hyderabad,2025-03-17 15:00:00,31.0,33.98268796008183,1009.6
Hyderabad,2025-03-17 16:00:00,29.0,32.76882733104996,
Hyderabad,2025-03-17 18:00:00,28.0,41.73733564186969,1010.5
Hyderabad,2025-03-17 21:00:00,26.2,50.12977591480722,1009.7
Hyderabad,2025-03-18 00:00:00,23.8,69.56092941247766,1009.7
Hyderabad,2025-03-18 02:00:00,26.0,57.63433267904622,
Hyderabad,2025-03-18 03:00:00,28.6,50.43604209173424,1010.0
Hyderabad,2025-03-18 06:00:00,34.8,27.263329334584725,1009.3
Hyderabad,2025-03-18 08:00:00,37.0,22.32632955361886,
Hyderabad,2025-03-18 09:00:00,37.4,21.416662695068688,1006.4
Hyderabad,2025-03-18 10:00:00,36.0,25.183331982544292,
Hyderabad,2025-03-18 11:00:00,35.0,30.297495555271077,
Hyderabad,2025-03-18 12:00:00,34.6,31.17735383321994,1006.6
Hyderabad,2025-03-18 13:00:00,31.0,43.10411576643139,
Hyderabad,2025-03-18 14:00:00,30.0,48.61692510697891,
Hyderabad,2025-03-18 15:00:00,29.8,52.68499081489726,1009.8
Hyderabad,2025-03-18 16:00:00,28.0,58.11126126861089,
Hyderabad,2025-03-18 18:00:00,28.0,61.83725955078121,1010.9
Hyderabad,2025-03-18 21:00:00,26.4,65.84749176476915,1010.1
Hyderabad,2025-03-19 00:00:00,24.0,68.29842066544568,1010.6
Hyderabad,2025-03-19 02:00:00,25.0,65.14551045571683,
Hyderabad,2025-03-19 03:00:00,27.4,56.17722439267519,1013.2
Hyderabad,2025-03-19 05:00:00,32.0,35.84162125657671,
Hyderabad,2025-03-19 06:00:00,33.4,30.4528278258767,1012.2
Hyderabad,2025-03-19 09:00:00,37.2,16.22173220306179,1008.2
Hyderabad,2025-03-19 10:00:00,36.0,15.735718964827091,
Hyderabad,2025-03-19 12:00:00,34.6,27.74817449196858,1008.5
Hyderabad,2025-03-19 13:00:00,32.0,33.60002079961747,
Hyderabad,2025-03-19 14:00:00,31.0,37.937587025645456,
Hyderabad,2025-03-19 15:00:00,29.6,52.30674462542291,1011.0
Hyderabad,2025-03-19 16:00:00,28.0,54.583776611197585,
Hyderabad,2025-03-19 17:00:00,27.0,57.873653251263804,
Hyderabad,2025-03-19 18:00:00,27.0,59.71800007230962,1013.8
Hyderabad,2025-03-19 21:00:00,26.0,64.14261894523437,1012.6
Hyderabad,2025-03-20 00:00:00,23.0,89.61193893447619,1013.0
Hyderabad,2025-03-20 02:00:00,24.0,78.3540921272656,
Hyderabad,2025-03-20 03:00:00,25.6,73.44933327378524,1015.1
Hyderabad,2025-03-20 04:00:00,29.0,58.347168092797666,
Hyderabad,2025-03-20 05:00:00,30.0,55.07749010874436,
Hyderabad,2025-03-20 06:00:00,31.4,48.6794353784869,1014.1
Hyderabad,2025-03-20 09:00:00,35.4,29.634306150293387,1009.4
Hyderabad,2025-03-20 12:00:00,33.8,37.26973919475242,1008.6
Hyderabad,2025-03-20 15:00:00,29.4,52.25595491573255,1011.7
Hyderabad,2025-03-20 16:00:00,28.0,54.583776611197585,
Hyderabad,2025-03-20 18:00:00,27.4,60.18498206209946,1013.1
Hyderabad,2025-03-20 21:00:00,25.8,65.72304383264904,1013.0
Hyderabad,2025-03-21 00:00:00,24.2,77.41908148932836,1013.6
Hyderabad,2025-03-21 03:00:00,25.8,75.31315110466264,1015.2
Hyderabad,2025-03-21 06:00:00,33.0,39.22629843238397,1013.5
Hyderabad,2025-03-21 09:00:00,34.8,32.24820405115471,1009.7
Hyderabad,2025-03-21 11:00:00,34.0,32.03008430351673,
Hyderabad,2025-03-21 12:00:00,34.2,36.67809609053658,1007.8
Hyderabad,2025-03-21 13:00:00,33.0,36.11735711200378,
Hyderabad,2025-03-21 14:00:00,32.0,35.84162125657671,
Hyderabad,2025-03-21 15:00:00,30.6,48.77428920867762,1011.2
Hyderabad,2025-03-21 16:00:00,27.0,61.6137466743783,
Hyderabad,2025-03-21 18:00:00,24.6,76.05569943022546,1013.6
Hyderabad,2025-03-21 21:00:00,21.6,96.3886437157889,1012.8
Hyderabad,2025-03-22 00:00:00,22.4,87.92469649009101,1012.5
Hyderabad,2025-03-22 03:00:00,25.2,83.98487805984742,1013.4
Hyderabad,2025-03-22 04:00:00,28.0,69.92284655824665,
Hyderabad,2025-03-22 05:00:00,30.0,62.279197326402645,
Hyderabad,2025-03-22 06:00:00,30.6,57.65224821817565,1012.5
Hyderabad,2025-03-22 07:00:00,33.0,46.44361338141738,
Hyderabad,2025-03-22 08:00:00,34.0,41.26764941426599,
Hyderabad,2025-03-22 09:00:00,34.2,44.23972976636763,1008.8
Hyderabad,2025-03-22 11:00:00,32.0,46.178444191385225,
Hyderabad,2025-03-22 12:00:00,31.0,48.272370927012055,1009.1
Hyderabad,2025-03-22 15:00:00,27.8,58.06387612446219,1012.0
Hyderabad,2025-03-22 16:00:00,26.0,57.63433267904622,
Hyderabad,2025-03-22 18:00:00,26.0,69.97800026454519,1012.9
Hyderabad,2025-03-23 00:00:00,24.4,83.89661650096087,1012.1
Hyderabad,2025-03-23 02:00:00,24.0,83.33878752130364,
Hyderabad,2025-03-23 03:00:00,26.0,78.16158824199735,1014.7
Hyderabad,2025-03-23 04:00:00,27.0,74.13724053720264,
Hyderabad,2025-03-23 05:00:00,30.0,62.279197326402645,
Hyderabad,2025-03-23 06:00:00,30.2,64.63661092775321,1013.2
Hyderabad,2025-03-23 08:00:00,33.0,46.44361338141738,
Hyderabad,2025-03-23 09:00:00,33.0,47.02181414496014,1009.6
Hyderabad,2025-03-23 12:00:00,31.4,49.59587656532929,1009.5
Hyderabad,2025-03-23 14:00:00,30.0,51.75880110114196,
Hyderabad,2025-03-23 15:00:00,29.2,59.120014838601264,1011.6
Hyderabad,2025-03-23 16:00:00,29.0,58.347168092797666,
Hyderabad,2025-03-23 18:00:00,28.2,64.61083295723954,1012.1
Hyderabad,2025-03-23 21:00:00,27.0,70.16498573439732,1010.4
Hyderabad,2025-03-24 00:00:00,25.2,82.46414440188865,1010.8
Hyderabad,2025-03-24 02:00:00,25.0,78.49764721655077,
Hyderabad,2025-03-24 03:00:00,26.4,75.40904545009995,1014.7
Hyderabad,2025-03-24 04:00:00,29.0,62.05907199151088,
Hyderabad,2025-03-24 06:00:00,32.0,53.2366666229233,1013.1
Hyderabad,2025-03-24 07:00:00,32.0,49.13932991257226,
Hyderabad,2025-03-24 08:00:00,32.0,43.37530845087229,
Hyderabad,2025-03-24 09:00:00,31.2,50.16365432932336,1009.4
Hyderabad,2025-03-24 10:00:00,33.0,38.488718673594086,
Hyderabad,2025-03-24 11:00:00,33.0,36.11735711200378,
Hyderabad,2025-03-24 12:00:00,32.2,42.08506389659526,1008.5
Hyderabad,2025-03-24 14:00:00,30.0,45.6437789332581,
Hyderabad,2025-03-24 15:00:00,30.4,48.721895803573176,1011.4
Hyderabad,2025-03-24 16:00:00,29.0,54.83146494452449,
Hyderabad,2025-03-24 18:00:00,27.2,63.60534781707548,1011.5
Hyderabad,2025-03-24 21:00:00,25.8,69.50825287141733,1010.0
Hyderabad,2025-03-25 00:00:00,24.6,80.39509424447246,1009.8
Hyderabad,2025-03-25 03:00:00,27.8,65.72995303712338,1011.3
Hyderabad,2025-03-25 04:00:00,30.0,55.07749010874436,
Hyderabad,2025-03-25 05:00:00,33.0,43.645157807317524,
Hyderabad,2025-03-25 06:00:00,33.0,40.2290384129899,1009.9
Hyderabad,2025-03-25 07:00:00,34.0,30.026864329251996,
Hyderabad,2025-03-25 09:00:00,35.2,27.727669136733944,1005.9
Hyderabad,2025-03-25 10:00:00,33.0,29.755628359706137,
Hyderabad,2025-03-25 12:00:00,33.6,31.715436176430018,1004.7
Hyderabad,2025-03-25 13:00:00,32.0,33.60002079961747,
Hyderabad,2025-03-25 14:00:00,30.0,40.17284207482451,
Hyderabad,2025-03-25 15:00:00,30.4,44.32639814039418,1007.5
Hyderabad,2025-03-25 16:00:00,29.0,51.50307132317005,
Hyderabad,2025-03-25 17:00:00,29.0,51.50307132317005,
Hyderabad,2025-03-25 18:00:00,28.0,60.69806228799576,1008.0
Hyderabad,2025-03-25 19:00:00,27.0,61.6137466743783,
Hyderabad,2025-03-26 00:00:00,24.2,83.36164573364587,1007.7
Hyderabad,2025-03-26 03:00:00,28.6,56.11768390700195,1009.2
Hyderabad,2025-03-26 04:00:00,31.0,48.87889229893936,
Hyderabad,2025-03-26 05:00:00,33.0,40.99579826538557,
Hyderabad,2025-03-26 06:00:00,33.6,36.97978318480615,1008.0
Hyderabad,2025-03-26 08:00:00,34.0,24.6627092561281,
Hyderabad,2025-03-26 09:00:00,36.0,24.054393911527903,1004.1
Hyderabad,2025-03-26 10:00:00,35.0,23.328640567656677,
Hyderabad,2025-03-26 11:00:00,35.0,23.328640567656677,
Hyderabad,2025-03-26 12:00:00,34.6,23.85223586414993,1003.7
Hyderabad,2025-03-26 13:00:00,33.0,26.08357521491382,
Hyderabad,2025-03-26 14:00:00,32.0,29.483802567589102,
Hyderabad,2025-03-26 15:00:00,31.0,38.92495944169838,1006.5
Hyderabad,2025-03-26 16:00:00,29.0,45.37427975672665,
Hyderabad,2025-03-26 18:00:00,28.4,49.122479432816846,1007.6
Hyderabad,2025-03-26 21:00:00,26.6,57.053505156821174,1007.0
Hyderabad,2025-03-27 00:00:00,25.0,68.92406520064893,1007.8
Hyderabad,2025-03-27 01:00:00,25.0,65.14551045571683,
Hyderabad,2025-03-27 02:00:00,27.0,54.33441603408858,
Hyderabad,2025-03-27 03:00:00,29.0,48.3534241765764,1009.4
Hyderabad,2025-03-27 04:00:00,31.0,37.937587025645456,
Hyderabad,2025-03-27 05:00:00,33.0,31.756769544913187,
Hyderabad,2025-03-27 06:00:00,35.4,27.961553093536555,1007.2
Hyderabad,2025-03-27 07:00:00,37.0,22.32632955361886,
Hyderabad,2025-03-27 08:00:00,36.0,20.652426797692357,
Hyderabad,2025-03-27 09:00:00,37.8,21.80037124933173,1003.5
Hyderabad,2025-03-27 10:00:00,36.0,19.310848312367177,
Hyderabad,2025-03-27 11:00:00,35.0,20.4070204931804,
Hyderabad,2025-03-27 12:00:00,35.8,22.17222729438138,1002.6
Hyderabad,2025-03-27 13:00:00,33.0,22.816934077339006,
Hyderabad,2025-03-27 14:00:00,30.0,33.04672341225981,
Hyderabad,2025-03-27 15:00:00,30.4,35.168481523546795,1005.0
Hyderabad,2025-03-27 16:00:00,29.0,37.38203217205419,
Hyderabad,2025-03-27 18:00:00,29.2,48.71326748516829,1005.7
Hyderabad,2025-03-27 21:00:00,28.5,53.35242584525911,1004.5
Hyderabad,2025-03-28 00:00:00,25.7,67.36237296936908,1006.4
Hyderabad,2025-03-28 03:00:00,29.8,47.956204800317984,1008.8
Hyderabad,2025-03-28 05:00:00,33.0,31.756769544913187,
Hyderabad,2025-03-28 06:00:00,36.0,27.76077966696984,1006.7
Hyderabad,2025-03-28 07:00:00,37.0,22.32632955361886,
Hyderabad,2025-03-28 09:00:00,38.4,24.670862274438228,1002.6
Hyderabad,2025-03-28 10:00:00,38.0,18.515119242724023,
Hyderabad,2025-03-28 11:00:00,36.0,23.584372757841322,
Hyderabad,2025-03-28 12:00:00,36.6,27.741111017812543,1001.8
Hyderabad,2025-03-28 13:00:00,34.0,28.13473248671968,
Hyderabad,2025-03-28 15:00:00,33.0,38.24558131362726,1005.3
Hyderabad,2025-03-28 16:00:00,31.0,43.10411576643139,
Hyderabad,2025-03-28 18:00:00,30.2,48.364800780647826,1006.5
Hyderabad,2025-03-28 21:00:00,28.5,55.744127336434715,1005.3
Hyderabad,2025-03-29 00:00:00,27.2,61.2755708956097,1005.5
Hyderabad,2025-03-29 02:00:00,27.0,61.6137466743783,
Hyderabad,2025-03-29 03:00:00,29.4,55.96339522610917,1007.7
Hyderabad,2025-03-29 04:00:00,32.0,35.84162125657671,
Hyderabad,2025-03-29 05:00:00,34.0,32.03008430351673,
Hyderabad,2025-03-29 06:00:00,35.6,31.448650559969103,1006.8
Hyderabad,2025-03-29 07:00:00,37.0,27.140727390095126,
Hyderabad,2025-03-29 08:00:00,37.0,25.443296727449532,
Hyderabad,2025-03-29 09:00:00,38.2,22.924221702947804,1002.6
Hyderabad,2025-03-29 10:00:00,38.0,21.143639832442165,
Hyderabad,2025-03-29 11:00:00,37.0,20.897973988418627,
Hyderabad,2025-03-29 12:00:00,36.6,27.035271671521972,1002.0
Hyderabad,2025-03-29 13:00:00,34.0,36.39210002718546,
Hyderabad,2025-03-29 14:00:00,34.0,34.14991504093326,
Hyderabad,2025-03-29 15:00:00,33.4,41.36300195183094,1005.2
Hyderabad,2025-03-29 16:00:00,32.0,40.72271098464218,
Hyderabad,2025-03-29 18:00:00,31.2,48.32485319316293,1006.7
Hyderabad,2025-03-29 21:00:00,28.6,55.07601922060314,1005.9
Hyderabad,2025-03-30 00:00:00,26.4,63.03704464993361,1007.5
Hyderabad,2025-03-30 02:00:00,27.0,61.6137466743783,
Hyderabad,2025-03-30 03:00:00,29.8,50.4296069090089,1008.7
Hyderabad,2025-03-30 04:00:00,33.0,33.875398862078285,
Hyderabad,2025-03-30 05:00:00,33.0,31.756769544913187,
Hyderabad,2025-03-30 06:00:00,35.8,27.7076435174709,1007.9
Hyderabad,2025-03-30 07:00:00,36.0,25.183331982544292,
Hyderabad,2025-03-30 08:00:00,37.0,23.839996716195756,
Hyderabad,2025-03-30 09:00:00,37.4,25.056058208910382,1004.3
Hyderabad,2025-03-30 10:00:00,37.0,22.32632955361886,
Hyderabad,2025-03-30 11:00:00,37.0,23.839996716195756,
Hyderabad,2025-03-30 12:00:00,36.0,25.514336525414304,1003.6
Hyderabad,2025-03-30 13:00:00,33.0,24.40209011834198,
Hyderabad,2025-03-30 15:00:00,32.0,30.669278302572017,1007.1
Hyderabad,2025-03-30 16:00:00,30.0,33.04672341225981,
Hyderabad,2025-03-30 17:00:00,28.0,39.61807404744141,
Hyderabad,2025-03-30 18:00:00,29.0,39.638141226105276,1008.7
Hyderabad,2025-03-30 21:00:00,27.0,47.51502307284202,1007.5
Hyderabad,2025-03-31 00:00:00,25.0,55.586873364219514,1008.1
Hyderabad,2025-03-31 02:00:00,24.0,60.93287150821879,
Hyderabad,2025-03-31 03:00:00,29.4,38.984303430889156,1009.7
Hyderabad,2025-03-31 04:00:00,30.0,37.66035915705599,
Hyderabad,2025-03-31 05:00:00,31.0,33.32379184656068,
Hyderabad,2025-03-31 06:00:00,33.0,30.146730226998418,1009.1
Hyderabad,2025-03-31 07:00:00,36.0,20.652426797692357,
Hyderabad,2025-03-31 08:00:00,36.0,19.310848312367177,
Hyderabad,2025-03-31 09:00:00,37.0,21.60175114496833,1005.3
Hyderabad,2025-03-31 10:00:00,36.0,23.584372757841322,
Hyderabad,2025-03-31 11:00:00,34.0,26.348380701524103,
Hyderabad,2025-03-31 12:00:00,34.4,31.729278891519876,1004.1
Hyderabad,2025-03-31 14:00:00,30.0,35.28720543774307,
Hyderabad,2025-03-31 15:00:00,30.0,38.64825104261309,1007.0
Hyderabad,2025-03-31 18:00:00,28.4,51.348860487772164,1007.5
Hyderabad,2025-03-31 21:00:00,26.8,58.19100139585605,1007.1
Hyderabad,2025-04-01 00:00:00,25.6,72.1012975805863,1008.1
Hyderabad,2025-04-01 02:00:00,25.0,57.393288213137126,
Hyderabad,2025-04-01 03:00:00,26.4,54.183993266159504,1010.0
Hyderabad,2025-04-01 04:00:00,28.0,48.08838553713478,
Hyderabad,2025-04-01 05:00:00,30.0,40.17284207482451,
Hyderabad,2025-04-01 06:00:00,32.0,37.010958408738865,1008.8
Hyderabad,2025-04-01 08:00:00,34.0,32.03008430351673,
Hyderabad,2025-04-01 09:00:00,33.6,31.715436176430018,1005.7
Hyderabad,2025-04-01 12:00:00,32.4,36.649636803158884,1004.7
Hyderabad,2025-04-01 15:00:00,29.6,44.67534579608187,1007.8
Hyderabad,2025-04-01 16:00:00,29.0,48.3534241765764,
Hyderabad,2025-04-01 18:00:00,27.6,58.01642284156709,1008.7
Hyderabad,2025-04-01 21:00:00,26.2,62.99320032380773,1008.0
Hyderabad,2025-04-02 00:00:00,24.0,75.49051796773709,1009.3
Hyderabad,2025-04-02 02:00:00,25.0,69.35554872897104,
Hyderabad,2025-04-02 03:00:00,26.8,65.11757425555096,1011.1
Hyderabad,2025-04-02 05:00:00,30.0,45.6437789332581,
Hyderabad,2025-04-02 06:00:00,31.6,43.54057249253012,1009.8
Hyderabad,2025-04-02 07:00:00,32.0,40.72271098464218,
Hyderabad,2025-04-02 08:00:00,34.0,36.39210002718546,
Hyderabad,2025-04-02 09:00:00,33.6,36.05241858545189,1006.5
Hyderabad,2025-04-02 10:00:00,32.0,35.84162125657671,
Hyderabad,2025-04-02 11:00:00,31.0,37.937587025645456,
Hyderabad,2025-04-02 12:00:00,31.4,36.37338500183395,1005.9
Hyderabad,2025-04-02 13:00:00,30.0,40.17284207482451,
Hyderabad,2025-04-02 14:00:00,30.0,42.831580797851935,
Hyderabad,2025-04-02 15:00:00,29.6,49.126896427989315,1008.8
Hyderabad,2025-04-02 16:00:00,29.0,51.50307132317005,
Hyderabad,2025-04-02 18:00:00,28.4,57.128664580024676,1009.9
Hyderabad,2025-04-02 21:00:00,26.8,67.58193621694379,1009.2
Hyderabad,2025-04-03 00:00:00,26.2,72.65297888830925,1010.0
Hyderabad,2025-04-03 02:00:00,26.0,73.97062900551056,
Hyderabad,2025-04-03 03:00:00,27.4,71.97764402340538,1012.1
Hyderabad,2025-04-03 04:00:00,29.0,58.347168092797666,
Hyderabad,2025-04-03 05:00:00,32.0,49.13932991257226,
Hyderabad,2025-04-03 06:00:00,31.8,54.17441650106471,1011.6
Hyderabad,2025-04-03 07:00:00,33.0,46.44361338141738,
Hyderabad,2025-04-03 08:00:00,33.0,43.645157807317524,
Hyderabad,2025-04-03 09:00:00,31.8,45.83783997346858,1007.9
Hyderabad,2025-04-03 10:00:00,21.0,100.0,
Hyderabad,2025-04-03 11:00:00,22.0,94.0625242758801,
Hyderabad,2025-04-03 12:00:00,22.0,96.39934967716894,1011.6
Hyderabad,2025-04-03 13:00:00,22.0,94.0625242758801,
Hyderabad,2025-04-03 14:00:00,22.0,94.0625242758801,
Hyderabad,2025-04-03 15:00:00,22.2,94.64989549968918,1014.2
Hyderabad,2025-04-03 16:00:00,22.0,94.0625242758801,
Hyderabad,2025-04-03 18:00:00,22.4,91.23677973971499,1013.8
Hyderabad,2025-04-03 21:00:00,22.6,92.9437416009186,1014.4
Hyderabad,2025-04-04 00:00:00,22.0,92.91284830656912,1013.6
Hyderabad,2025-04-04 02:00:00,23.0,88.51830793896134,
Hyderabad,2025-04-04 03:00:00,25.4,78.0747809293731,1013.2
Hyderabad,2025-04-04 04:00:00,27.0,65.56431854728334,
Hyderabad,2025-04-04 05:00:00,28.0,61.83725955078121,
Hyderabad,2025-04-04 06:00:00,29.8,53.6783681185955,1012.1
Hyderabad,2025-04-04 07:00:00,30.0,48.61692510697891,
Hyderabad,2025-04-04 08:00:00,31.0,48.87889229893936,
Hyderabad,2025-04-04 09:00:00,32.6,48.69053626792785,1008.7
Hyderabad,2025-04-04 10:00:00,32.0,43.37530845087229,
Hyderabad,2025-04-04 11:00:00,31.0,45.91183326611469,
Hyderabad,2025-04-04 12:00:00,31.4,46.598636188257515,1007.3
Hyderabad,2025-04-04 13:00:00,30.0,45.6437789332581,
Hyderabad,2025-04-04 14:00:00,29.0,54.83146494452449,
Hyderabad,2025-04-04 15:00:00,29.0,57.62862072005268,1010.1
Hyderabad,2025-04-04 18:00:00,26.6,72.72251516973928,1011.7
Hyderabad,2025-04-04 21:00:00,25.8,73.93712658825068,1010.5
Hyderabad,2025-04-05 00:00:00,24.4,81.86439065070549,1010.3
Hyderabad,2025-04-05 02:00:00,26.0,78.6398510724195,
Hyderabad,2025-04-05 03:00:00,27.6,66.50269741030709,1012.2
Hyderabad,2025-04-05 04:00:00,31.0,55.321861254558726,
Hyderabad,2025-04-05 05:00:00,32.0,46.178444191385225,
Hyderabad,2025-04-05 06:00:00,32.8,41.721011140496145,1011.3
Hyderabad,2025-04-05 07:00:00,33.0,40.99579826538557,
Hyderabad,2025-04-05 08:00:00,34.0,32.03008430351673,
Hyderabad,2025-04-05 09:00:00,34.8,34.80744362533323,1006.7
Hyderabad,2025-04-05 10:00:00,35.0,32.302659255004215,
Hyderabad,2025-04-05 11:00:00,34.0,34.14991504093326,
Hyderabad,2025-04-05 12:00:00,33.4,38.8428460506641,1005.8
Hyderabad,2025-04-05 13:00:00,32.0,40.72271098464218,
Hyderabad,2025-04-05 14:00:00,31.0,43.10411576643139,
Hyderabad,2025-04-05 15:00:00,30.8,47.91892153763767,1007.9
Hyderabad,2025-04-05 16:00:00,30.0,48.61692510697891,
Hyderabad,2025-04-05 18:00:00,28.6,59.715857294950915,1009.1
Hyderabad,2025-04-05 21:00:00,27.8,62.95154501071838,1008.0
Hyderabad,2025-04-06 00:00:00,25.8,73.93712658825068,1008.6
Hyderabad,2025-04-06 02:00:00,27.0,65.56431854728334,
Hyderabad,2025-04-06 03:00:00,27.8,66.95323599407915,1010.3
Hyderabad,2025-04-06 04:00:00,31.0,52.0129263013748,
Hyderabad,2025-04-06 05:00:00,32.0,49.13932991257226,
Hyderabad,2025-04-06 06:00:00,33.8,43.86006957213443,1008.9
Hyderabad,2025-04-06 07:00:00,35.0,34.42355875097004,
Hyderabad,2025-04-06 08:00:00,34.0,32.03008430351673,
Hyderabad,2025-04-06 09:00:00,36.4,31.465003128740204,1004.8
Hyderabad,2025-04-06 10:00:00,36.0,23.584372757841322,
Hyderabad,2025-04-06 11:00:00,36.0,19.310848312367177,
Hyderabad,2025-04-06 12:00:00,35.6,21.254262306855438,1004.0
Hyderabad,2025-04-06 13:00:00,33.0,29.755628359706137,
Hyderabad,2025-04-06 14:00:00,30.0,42.831580797851935,
Hyderabad,2025-04-06 15:00:00,30.2,46.278798643836375,1007.5
Hyderabad,2025-04-06 16:00:00,30.0,45.6437789332581,
Hyderabad,2025-04-06 18:00:00,27.6,64.08671358098601,1008.9
Hyderabad,2025-04-06 21:00:00,26.6,61.90990499404835,1007.7
Hyderabad,2025-04-07 00:00:00,25.2,70.70123925097194,1008.2
Hyderabad,2025-04-07 01:00:00,24.0,73.63287364526842,
Hyderabad,2025-04-07 02:00:00,28.0,58.11126126861089,
Hyderabad,2025-04-07 03:00:00,29.2,54.200838000686836,1009.8
Hyderabad,2025-04-07 04:00:00,32.0,43.37530845087229,
Hyderabad,2025-04-07 05:00:00,33.0,40.99579826538557,
Hyderabad,2025-04-07 06:00:00,34.6,37.96272027452613,1008.5
Hyderabad,2025-04-07 07:00:00,35.0,32.302659255004215,
Hyderabad,2025-04-07 08:00:00,36.0,28.670052108193683,
Hyderabad,2025-04-07 09:00:00,37.2,25.49525951811417,1004.7
Hyderabad,2025-04-07 10:00:00,35.0,30.297495555271077,
Hyderabad,2025-04-07 11:00:00,36.0,28.670052108193683,
Hyderabad,2025-04-07 12:00:00,35.4,32.0012433427219,1003.8
Hyderabad,2025-04-07 13:00:00,31.0,43.10411576643139,
Hyderabad,2025-04-07 14:00:00,33.0,36.11735711200378,
Hyderabad,2025-04-07 15:00:00,31.0,43.10411576643139,1007.3
Hyderabad,2025-04-07 16:00:00,31.0,40.44839100350285,
Hyderabad,2025-04-07 18:00:00,28.0,50.92200554979948,1009.9
Hyderabad,2025-04-07 21:00:00,27.0,57.51084662663192,1008.6
Hyderabad,2025-04-08 00:00:00,25.8,56.14103766785647,1009.8
Hyderabad,2025-04-08 02:00:00,25.0,61.16156608407452,
Hyderabad,2025-04-08 03:00:00,27.4,55.125722260708386,1011.9
Hyderabad,2025-04-08 04:00:00,30.0,48.61692510697891,
Hyderabad,2025-04-08 05:00:00,32.0,43.37530845087229,
Hyderabad,2025-04-08 06:00:00,32.2,43.15754496006277,1010.8
Hyderabad,2025-04-08 07:00:00,33.0,38.488718673594086,
Hyderabad,2025-04-08 08:00:00,34.0,38.76260999542678,
Hyderabad,2025-04-08 09:00:00,35.0,35.08323569099895,1007.4
Hyderabad,2025-04-08 10:00:00,35.0,34.42355875097004,
Hyderabad,2025-04-08 11:00:00,34.0,36.39210002718546,
Hyderabad,2025-04-08 12:00:00,34.4,34.25947780046964,1006.1
Hyderabad,2025-04-08 13:00:00,33.0,33.875398862078285,
Hyderabad,2025-04-08 14:00:00,32.0,38.21370900066644,
Hyderabad,2025-04-08 15:00:00,31.4,42.40083442903001,1008.5
Hyderabad,2025-04-08 16:00:00,31.0,40.44839100350285,
Hyderabad,2025-04-08 21:00:00,27.6,65.28490529550307,1008.3
Hyderabad,2025-04-09 00:00:00,24.6,60.2985071406063,1009.9
Hyderabad,2025-04-09 02:00:00,27.0,54.33441603408858,
Hyderabad,2025-04-09 03:00:00,28.2,52.27884179837241,1010.0
Hyderabad,2025-04-09 04:00:00,30.0,45.6437789332581,
Hyderabad,2025-04-09 06:00:00,33.6,33.39178221005169,1009.3
Hyderabad,2025-04-09 07:00:00,34.0,36.39210002718546,
Hyderabad,2025-04-09 08:00:00,34.0,32.03008430351673,
Hyderabad,2025-04-09 09:00:00,36.0,32.7814069388172,1005.4
Hyderabad,2025-04-09 10:00:00,35.0,32.302659255004215,
Hyderabad,2025-04-09 11:00:00,34.0,34.14991504093326,
Hyderabad,2025-04-09 12:00:00,34.4,35.36498660662708,1004.1
Hyderabad,2025-04-09 13:00:00,33.0,38.488718673594086,
Hyderabad,2025-04-09 14:00:00,30.0,48.61692510697891,
Hyderabad,2025-04-09 15:00:00,30.4,49.956789381658226,1006.0
Hyderabad,2025-04-09 16:00:00,30.0,45.6437789332581,
Hyderabad,2025-04-09 18:00:00,29.4,53.245045415963254,1007.4
Hyderabad,2025-04-09 21:00:00,28.2,58.15857836497427,1006.5
Hyderabad,2025-04-10 00:00:00,25.2,78.04573617296006,1007.6
Hyderabad,2025-04-10 03:00:00,28.8,65.13443465552596,1007.3
Hyderabad,2025-04-10 04:00:00,30.0,48.61692510697891,
Hyderabad,2025-04-10 06:00:00,34.8,33.082260847898056,1005.6
Hyderabad,2025-04-10 07:00:00,35.0,28.402634845839458,
Hyderabad,2025-04-10 08:00:00,35.0,30.297495555271077,
Hyderabad,2025-04-10 09:00:00,37.2,28.4405857176929,1006.4
Hyderabad,2025-04-10 10:00:00,33.0,29.755628359706137,
Hyderabad,2025-04-10 11:00:00,33.0,27.86636142371991,
Hyderabad,2025-04-10 12:00:00,28.8,40.36094617843937,1003.8
Hyderabad,2025-04-10 13:00:00,27.0,39.33886414336399,
Hyderabad,2025-04-10 14:00:00,27.0,42.005936969816645,
Hyderabad,2025-04-10 15:00:00,28.2,38.650260952955826,1004.7
Hyderabad,2025-04-10 16:00:00,27.0,44.83094235963196,
Hyderabad,2025-04-10 17:00:00,27.0,47.821805415300325,
Hyderabad,2025-04-10 18:00:00,26.6,51.86850699632642,1005.6
Hyderabad,2025-04-10 21:00:00,25.5,57.8807899005222,1005.5
Hyderabad,2025-04-11 00:00:00,24.8,74.68849815889978,1005.8
Hyderabad,2025-04-11 02:00:00,26.0,54.08337422022996,
Hyderabad,2025-04-11 03:00:00,27.2,57.55876022674434,1006.7
Hyderabad,2025-04-11 05:00:00,31.0,48.87889229893936,
Hyderabad,2025-04-11 06:00:00,32.4,46.28468477422319,1005.9
Hyderabad,2025-04-11 07:00:00,33.0,43.645157807317524,
Hyderabad,2025-04-11 08:00:00,34.0,38.76260999542678,
Hyderabad,2025-04-11 09:00:00,36.0,35.13495594592394,1002.1
Hyderabad,2025-04-11 11:00:00,36.0,25.183331982544292,
Hyderabad,2025-04-11 12:00:00,35.8,29.174487190820365,1000.9
Hyderabad,2025-04-11 13:00:00,33.0,33.875398862078285,
Hyderabad,2025-04-11 14:00:00,28.0,51.245730319258854,
Hyderabad,2025-04-11 15:00:00,29.6,50.377857978380256,1003.8
Hyderabad,2025-04-11 16:00:00,26.0,57.63433267904622,
Hyderabad,2025-04-11 18:00:00,28.4,51.348860487772164,1005.3
Hyderabad,2025-04-11 21:00:00,28.0,50.92200554979948,1005.2
Hyderabad,2025-04-12 00:00:00,27.4,54.0915461444333,1006.0
Hyderabad,2025-04-12 03:00:00,28.8,55.12527410197304,1008.3
Hyderabad,2025-04-12 04:00:00,30.0,42.831580797851935,
Hyderabad,2025-04-12 05:00:00,32.0,35.84162125657671,
Hyderabad,2025-04-12 06:00:00,34.4,32.55377835955569,1006.7
Hyderabad,2025-04-12 08:00:00,36.0,22.075532265295646,
Hyderabad,2025-04-12 09:00:00,37.4,21.98877350725192,1003.6
Hyderabad,2025-04-12 10:00:00,36.0,14.681498240367437,
Hyderabad,2025-04-12 12:00:00,36.2,18.34058136019216,1002.7
Hyderabad,2025-04-12 13:00:00,33.0,18.592702737458392,
Hyderabad,2025-04-12 14:00:00,29.0,28.664942088796465,
Hyderabad,2025-04-12 15:00:00,29.2,32.60757748877105,1005.4
Hyderabad,2025-04-12 16:00:00,26.0,41.72804915823505,
Hyderabad,2025-04-12 17:00:00,26.0,39.05844369993647,
Hyderabad,2025-04-12 18:00:00,26.4,43.23273979593402,1007.3
Hyderabad,2025-04-12 21:00:00,25.8,52.32972267192697,1006.4
Hyderabad,2025-04-13 00:00:00,25.4,53.24405446028007,1006.6
Hyderabad,2025-04-13 01:00:00,25.0,50.46397557709502,
Hyderabad,2025-04-13 02:00:00,26.0,50.72618873623027,
Hyderabad,2025-04-13 03:00:00,28.4,42.11951680264468,1010.4
Hyderabad,2025-04-13 04:00:00,31.0,35.564901041274325,
Hyderabad,2025-04-13 06:00:00,34.0,27.951422963712975,1009.3
Hyderabad,2025-04-13 07:00:00,35.0,30.297495555271077,
Hyderabad,2025-04-13 08:00:00,35.0,26.61285322847371,
Hyderabad,2025-04-13 09:00:00,36.4,26.808619702160907,1005.2
Hyderabad,2025-04-13 10:00:00,35.0,26.61285322847371,
Hyderabad,2025-04-13 11:00:00,36.0,22.075532265295646,
Hyderabad,2025-04-13 12:00:00,36.4,21.595732384594122,1003.4
Hyderabad,2025-04-13 13:00:00,34.0,21.574013785652443,
Hyderabad,2025-04-13 14:00:00,29.0,35.00854381788882,
Hyderabad,2025-04-13 15:00:00,30.8,38.62074136751776,1007.1
Hyderabad,2025-04-13 16:00:00,30.0,37.66035915705599,
Hyderabad,2025-04-13 18:00:00,29.0,43.946155053240304,1008.2
Hyderabad,2025-04-13 21:00:00,27.6,52.79005868609021,1006.9
Hyderabad,2025-04-14 00:00:00,26.8,53.25972640302064,1008.1
Hyderabad,2025-04-14 02:00:00,27.0,47.821805415300325,
Hyderabad,2025-04-14 03:00:00,29.0,43.946155053240304,1009.7
Hyderabad,2025-04-14 04:00:00,31.0,37.937587025645456,
Hyderabad,2025-04-14 05:00:00,32.0,40.72271098464218,
Hyderabad,2025-04-14 06:00:00,34.4,38.871852097828096,1007.9
Hyderabad,2025-04-14 07:00:00,35.0,28.402634845839458,
Hyderabad,2025-04-14 08:00:00,37.0,23.839996716195756,
Hyderabad,2025-04-14 09:00:00,37.0,25.94243284848407,1003.8
Hyderabad,2025-04-14 10:00:00,36.0,25.183331982544292,
Hyderabad,2025-04-14 11:00:00,35.0,24.923129756026547,
Hyderabad,2025-04-14 12:00:00,34.4,29.175058206768867,1003.5
Hyderabad,2025-04-14 13:00:00,32.0,31.48272781265815,
Hyderabad,2025-04-14 14:00:00,30.0,33.04672341225981,
Hyderabad,2025-04-14 15:00:00,29.8,35.46278496531403,1006.3
Hyderabad,2025-04-14 16:00:00,27.0,42.005936969816645,
Hyderabad,2025-04-14 17:00:00,25.0,50.46397557709502,
Hyderabad,2025-04-14 18:00:00,26.6,45.898403812751,1007.7
Hyderabad,2025-04-14 19:00:00,24.0,57.150508542239244,
Hyderabad,2025-04-14 21:00:00,25.8,57.58626205974758,1007.4
Hyderabad,2025-04-15 00:00:00,25.6,57.173530456297016,1007.8
Hyderabad,2025-04-15 02:00:00,28.0,54.583776611197585,
Hyderabad,2025-04-15 03:00:00,29.2,48.71326748516829,1009.3
Hyderabad,2025-04-15 04:00:00,31.0,48.87889229893936,
Hyderabad,2025-04-15 05:00:00,33.0,43.645157807317524,
Hyderabad,2025-04-15 06:00:00,35.4,37.23854235763857,1007.6
Hyderabad,2025-04-15 07:00:00,36.0,32.574481984471326,
Hyderabad,2025-04-15 08:00:00,37.0,28.936968311978973,
Hyderabad,2025-04-15 09:00:00,34.6,32.81742176023508,1004.3
Hyderabad,2025-04-15 10:00:00,30.0,48.61692510697891,
Hyderabad,2025-04-15 12:00:00,32.2,38.26880011810744,1003.7
Hyderabad,2025-04-15 13:00:00,30.0,37.66035915705599,
Hyderabad,2025-04-15 14:00:00,29.0,42.5577048750277,
Hyderabad,2025-04-15 15:00:00,29.0,43.946155053240304,1006.1
Hyderabad,2025-04-15 16:00:00,28.0,45.103334544997125,
Hyderabad,2025-04-15 17:00:00,28.0,42.28248962275748,
Hyderabad,2025-04-15 18:00:00,28.4,45.50266645634338,1006.8
Hyderabad,2025-04-15 19:00:00,28.0,48.08838553713478,
Hyderabad,2025-04-15 21:00:00,25.8,81.04434812185663,1008.3
Hyderabad,2025-04-16 00:00:00,24.6,73.2781992066413,1009.1
Hyderabad,2025-04-16 02:00:00,26.0,61.38851998965914,
Hyderabad,2025-04-16 03:00:00,28.0,61.83725955078121,1009.5
Hyderabad,2025-04-16 04:00:00,30.0,58.58138510397075,
Hyderabad,2025-04-16 05:00:00,32.0,52.26545370306257,
Hyderabad,2025-04-16 06:00:00,33.6,45.465552681174856,1007.8
Hyderabad,2025-04-16 07:00:00,35.0,41.53826131238334,
Hyderabad,2025-04-16 09:00:00,36.4,37.27842485196985,1004.5
Hyderabad,2025-04-16 10:00:00,36.0,36.938574618730286,
Hyderabad,2025-04-16 11:00:00,35.0,39.035377267737374,
Hyderabad,2025-04-16 12:00:00,34.8,39.22513217863886,1003.3
Hyderabad,2025-04-16 13:00:00,32.0,43.37530845087229,
Hyderabad,2025-04-16 14:00:00,30.0,51.75880110114196,
Hyderabad,2025-04-16 15:00:00,31.0,45.91183326611469,1006.0
Hyderabad,2025-04-16 16:00:00,31.0,48.87889229893936,
Hyderabad,2025-04-16 17:00:00,30.0,51.75880110114196,
Hyderabad,2025-04-16 18:00:00,29.8,52.68499081489726,1006.7
Hyderabad,2025-04-16 21:00:00,27.8,61.792693437680576,1006.9
Hyderabad,2025-04-17 00:00:00,25.8,72.13674292629761,1008.2
Hyderabad,2025-04-17 02:00:00,27.0,61.6137466743783,
Hyderabad,2025-04-17 03:00:00,28.8,60.13232984013959,1009.0
Hyderabad,2025-04-17 04:00:00,30.0,55.07749010874436,
Hyderabad,2025-04-17 05:00:00,32.0,52.26545370306257,
Hyderabad,2025-04-17 06:00:00,32.8,47.848622814316805,1008.1
Hyderabad,2025-04-17 07:00:00,34.0,46.70734273672021,
Hyderabad,2025-04-17 08:00:00,35.0,44.180823739166094,
Hyderabad,2025-04-17 09:00:00,35.4,41.646158440844545,1004.1
Hyderabad,2025-04-17 10:00:00,36.0,39.307015133883105,
Hyderabad,2025-04-17 11:00:00,35.0,39.035377267737374,
Hyderabad,2025-04-17 12:00:00,34.8,40.97258514783202,1002.1
Hyderabad,2025-04-17 13:00:00,33.0,43.645157807317524,
Hyderabad,2025-04-17 14:00:00,30.0,42.831580797851935,
Hyderabad,2025-04-17 15:00:00,30.4,43.21479799263632,1004.8
Hyderabad,2025-04-17 16:00:00,31.0,40.44839100350285,
Hyderabad,2025-04-17 18:00:00,29.8,50.4296069090089,1005.8
Hyderabad,2025-04-17 21:00:00,28.4,56.06903573472428,1004.9
Hyderabad,2025-04-18 00:00:00,27.2,70.63370855789137,1005.8
Hyderabad,2025-04-18 02:00:00,27.0,78.78071949348664,
Hyderabad,2025-04-18 03:00:00,29.2,69.30240807153618,1008.1
Hyderabad,2025-04-18 04:00:00,31.0,62.49764883972529,
Hyderabad,2025-04-18 05:00:00,33.0,52.516390209894936,
Hyderabad,2025-04-18 06:00:00,34.2,49.10484250169348,1006.4
Hyderabad,2025-04-18 07:00:00,35.0,44.180823739166094,
Hyderabad,2025-04-18 08:00:00,37.0,34.968188412155946,
Hyderabad,2025-04-18 09:00:00,37.6,29.656204649264062,1002.3
Hyderabad,2025-04-18 10:00:00,38.0,31.105617988179368,
Hyderabad,2025-04-18 11:00:00,36.0,36.938574618730286,
Hyderabad,2025-04-18 12:00:00,33.2,34.812067231790884,1002.1
Hyderabad,2025-04-18 13:00:00,24.0,83.33878752130364,
Hyderabad,2025-04-18 14:00:00,25.0,78.49764721655077,
Hyderabad,2025-04-18 15:00:00,23.4,94.69675973556869,1007.1
Hyderabad,2025-04-18 16:00:00,25.0,83.45262666598398,
Hyderabad,2025-04-18 18:00:00,25.2,87.10022146859102,1007.1
Hyderabad,2025-04-18 21:00:00,25.4,79.52227117093726,1006.1
Hyderabad,2025-04-19 00:00:00,25.2,80.96759377108864,1006.7
Hyderabad,2025-04-19 02:00:00,27.0,74.13724053720264,
Hyderabad,2025-04-19 03:00:00,27.6,73.33997411889106,1008.9
Hyderabad,2025-04-19 04:00:00,30.0,58.58138510397075,
Hyderabad,2025-04-19 05:00:00,32.0,52.26545370306257,
Hyderabad,2025-04-19 06:00:00,33.6,47.47064953081122,1006.8
Hyderabad,2025-04-19 07:00:00,34.0,49.65563394804311,
Hyderabad,2025-04-19 08:00:00,35.0,41.53826131238334,
Hyderabad,2025-04-19 09:00:00,36.2,41.60522879555488,1002.9
Hyderabad,2025-04-19 10:00:00,36.0,41.80763114476111,
Hyderabad,2025-04-19 12:00:00,32.4,50.472082846730395,1003.1
Hyderabad,2025-04-19 13:00:00,31.0,55.321861254558726,
Hyderabad,2025-04-19 14:00:00,30.0,51.75880110114196,
Hyderabad,2025-04-19 15:00:00,30.6,55.56557299066436,1004.8
Hyderabad,2025-04-19 18:00:00,29.2,64.03403591828733,1005.2
Hyderabad,2025-04-19 21:00:00,27.8,68.19643184527753,1004.3
Hyderabad,2025-04-20 00:00:00,27.2,78.80873430111363,1004.7
Hyderabad,2025-04-20 02:00:00,29.0,65.9764050234237,
Hyderabad,2025-04-20 03:00:00,31.0,59.173527840314364,1006.8
Hyderabad,2025-04-20 05:00:00,33.0,49.398242289998336,
Hyderabad,2025-04-20 06:00:00,35.0,45.001805550007106,1006.2
Hyderabad,2025-04-20 07:00:00,36.0,41.80763114476111,
Hyderabad,2025-04-20 08:00:00,37.0,37.210291011720045,
Hyderabad,2025-04-20 09:00:00,38.4,32.81270322329177,1002.7
Hyderabad,2025-04-20 10:00:00,34.0,38.76260999542678,
Hyderabad,2025-04-20 12:00:00,33.4,45.412388773200604,1003.3
Hyderabad,2025-04-20 13:00:00,31.0,45.91183326611469,
Hyderabad,2025-04-20 14:00:00,30.0,51.75880110114196,
Hyderabad,2025-04-20 15:00:00,30.2,51.80975429231799,1006.2
Hyderabad,2025-04-20 16:00:00,30.0,51.75880110114196,
Hyderabad,2025-04-20 18:00:00,29.0,60.178026182739444,1008.0
Hyderabad,2025-04-20 21:00:00,27.8,64.12941567504818,1007.6
Hyderabad,2025-04-21 00:00:00,27.0,77.36165189255982,1008.2
Hyderabad,2025-04-21 02:00:00,28.0,61.83725955078121,
Hyderabad,2025-04-21 03:00:00,30.0,59.66996262593302,1009.6
Hyderabad,2025-04-21 04:00:00,32.0,49.13932991257226,
Hyderabad,2025-04-21 05:00:00,34.0,46.70734273672021,
Hyderabad,2025-04-21 06:00:00,35.4,40.62901999396109,1008.5
Hyderabad,2025-04-21 07:00:00,36.0,39.307015133883105,
Hyderabad,2025-04-21 08:00:00,37.0,32.845540487664145,
Hyderabad,2025-04-21 09:00:00,38.0,32.29845987259446,1004.5
Hyderabad,2025-04-21 10:00:00,35.0,36.665841804175486,
Hyderabad,2025-04-21 11:00:00,34.0,41.26764941426599,
Hyderabad,2025-04-21 12:00:00,34.8,40.97258514783202,1005.4
Hyderabad,2025-04-21 13:00:00,33.0,40.99579826538557,
Hyderabad,2025-04-21 14:00:00,32.0,46.178444191385225,
Hyderabad,2025-04-21 15:00:00,32.0,51.30980970284382,1008.1
Hyderabad,2025-04-21 16:00:00,31.0,52.0129263013748,
Hyderabad,2025-04-21 18:00:00,29.8,60.73115651479413,1009.4
Hyderabad,2025-04-21 21:00:00,28.6,63.5148338477734,1007.6
Hyderabad,2025-04-22 03:00:00,31.2,54.026286300419244,1010.3
Hyderabad,2025-04-22 04:00:00,33.0,46.44361338141738,
Hyderabad,2025-04-22 05:00:00,34.0,41.26764941426599,
Hyderabad,2025-04-22 06:00:00,36.2,37.9248363286197,1008.9
Hyderabad,2025-04-22 07:00:00,37.0,32.845540487664145,
Hyderabad,2025-04-22 08:00:00,38.0,29.203367919930994,
Hyderabad,2025-04-22 09:00:00,39.0,29.65499937595699,1005.3
Hyderabad,2025-04-22 10:00:00,37.0,32.845540487664145,
Hyderabad,2025-04-22 11:00:00,37.0,32.845540487664145,
Hyderabad,2025-04-22 12:00:00,36.6,35.74172434256208,1004.9
Hyderabad,2025-04-22 13:00:00,35.0,34.42355875097004,
Hyderabad,2025-04-22 14:00:00,33.0,40.99579826538557,
Hyderabad,2025-04-22 15:00:00,32.4,51.41140557397461,1008.2
Hyderabad,2025-04-22 16:00:00,33.0,40.99579826538557,
Hyderabad,2025-04-22 18:00:00,32.0,53.2366666229233,1008.1
Hyderabad,2025-04-22 21:00:00,29.8,59.624049885095886,1007.0
Hyderabad,2025-04-23 00:00:00,28.2,69.53531636044694,1007.8
Hyderabad,2025-04-23 02:00:00,30.0,55.07749010874436,
Hyderabad,2025-04-23 03:00:00,32.0,51.30980970284382,1009.2
Hyderabad,2025-04-23 04:00:00,34.0,41.26764941426599,
Hyderabad,2025-04-23 06:00:00,36.6,36.64343315838347,1007.5
Hyderabad,2025-04-23 08:00:00,37.0,30.83688624205303,
Hyderabad,2025-04-23 09:00:00,38.8,29.416105483266637,1003.4
Hyderabad,2025-04-23 10:00:00,38.0,27.404094092667545,
Hyderabad,2025-04-23 11:00:00,38.0,27.404094092667545,
Hyderabad,2025-04-23 12:00:00,38.0,28.652994851070996,1002.0
Hyderabad,2025-04-23 14:00:00,35.0,32.302659255004215,
Hyderabad,2025-04-23 15:00:00,34.2,34.86428527198036,1004.5
Hyderabad,2025-04-23 16:00:00,34.0,34.14991504093326,
Hyderabad,2025-04-23 17:00:00,33.0,36.11735711200378,
Hyderabad,2025-04-23 18:00:00,32.2,44.25395027155304,1005.4
Hyderabad,2025-04-23 19:00:00,32.0,40.72271098464218,
Hyderabad,2025-04-23 20:00:00,31.0,43.10411576643139,
Hyderabad,2025-04-23 21:00:00,30.2,53.11481851499087,1004.5
Hyderabad,2025-04-24 00:00:00,29.0,55.51934107513355,1005.7
Hyderabad,2025-04-24 02:00:00,30.0,45.6437789332581,
Hyderabad,2025-04-24 03:00:00,31.8,48.78382679727445,1008.0
Hyderabad,2025-04-24 04:00:00,33.0,43.645157807317524,
Hyderabad,2025-04-24 05:00:00,35.0,32.302659255004215,
Hyderabad,2025-04-24 06:00:00,36.6,36.64343315838347,1006.4
Hyderabad,2025-04-24 08:00:00,38.0,29.203367919930994,
Hyderabad,2025-04-24 09:00:00,38.6,28.44991904388325,1003.2
Hyderabad,2025-04-24 11:00:00,37.0,28.936968311978973,
Hyderabad,2025-04-24 12:00:00,37.4,31.734874438119547,1001.6
Hyderabad,2025-04-24 13:00:00,35.0,30.297495555271077,
Hyderabad,2025-04-24 14:00:00,33.0,38.488718673594086,
Hyderabad,2025-04-24 15:00:00,33.6,40.646775257089054,1004.8
Hyderabad,2025-04-24 16:00:00,31.0,45.91183326611469,
Hyderabad,2025-04-24 18:00:00,31.6,45.49854256025797,1005.8
Hyderabad,2025-04-24 21:00:00,31.0,48.272370927012055,1004.8
Hyderabad,2025-04-25 00:00:00,28.8,61.25572764126239,1005.9
Hyderabad,2025-04-25 02:00:00,30.0,58.58138510397075,
Hyderabad,2025-04-25 03:00:00,32.4,50.472082846730395,1008.0
Hyderabad,2025-04-25 04:00:00,33.0,43.645157807317524,
Hyderabad,2025-04-25 05:00:00,35.0,36.665841804175486,
Hyderabad,2025-04-25 06:00:00,36.6,29.38880417382878,1006.7
Hyderabad,2025-04-25 07:00:00,38.0,25.703005205065327,
Hyderabad,2025-04-25 08:00:00,38.0,24.09549231382501,
Hyderabad,2025-04-25 09:00:00,38.8,27.26604709427872,1003.5
Hyderabad,2025-04-25 10:00:00,38.0,25.703005205065327,
Hyderabad,2025-04-25 12:00:00,36.8,32.79139048773444,1002.3
Hyderabad,2025-04-25 13:00:00,35.0,32.302659255004215,
Hyderabad,2025-04-25 14:00:00,30.0,45.6437789332581,
Hyderabad,2025-04-25 15:00:00,30.2,43.16031285814627,1007.2
Hyderabad,2025-04-25 16:00:00,30.0,42.831580797851935,
Hyderabad,2025-04-25 18:00:00,30.2,46.278798643836375,1007.0
Hyderabad,2025-04-25 21:00:00,28.8,50.48794788775513,1005.3
Hyderabad,2025-04-26 00:00:00,26.6,62.29807222676058,1006.8
Hyderabad,2025-04-26 02:00:00,28.0,51.245730319258854,
Hyderabad,2025-04-26 03:00:00,30.2,48.364800780647826,1008.6
Hyderabad,2025-04-26 04:00:00,32.0,40.72271098464218,
Hyderabad,2025-04-26 05:00:00,35.0,36.665841804175486,
Hyderabad,2025-04-26 06:00:00,35.6,33.938452756931795,1006.6
Hyderabad,2025-04-26 08:00:00,37.0,28.936968311978973,
Hyderabad,2025-04-26 09:00:00,38.0,29.3888783319295,1003.3
Hyderabad,2025-04-26 10:00:00,38.0,29.203367919930994,
Hyderabad,2025-04-26 11:00:00,37.0,32.845540487664145,
Hyderabad,2025-04-26 12:00:00,36.0,35.13495594592394,1002.5
Hyderabad,2025-04-26 14:00:00,31.0,43.10411576643139,
Hyderabad,2025-04-26 15:00:00,31.6,48.73166147401666,1006.0
Hyderabad,2025-04-26 16:00:00,30.0,48.61692510697891,
Hyderabad,2025-04-26 18:00:00,31.0,57.04447541902918,1007.3
Hyderabad,2025-04-26 21:00:00,28.4,60.78878404872881,1005.7
Hyderabad,2025-04-27 00:00:00,27.2,78.80873430111363,1007.4
Hyderabad,2025-04-27 01:00:00,26.0,83.5653445347348,
Hyderabad,2025-04-27 02:00:00,26.0,83.5653445347348,
Hyderabad,2025-04-27 03:00:00,27.2,78.80873430111363,1009.8
Hyderabad,2025-04-27 04:00:00,29.0,65.9764050234237,
Hyderabad,2025-04-27 06:00:00,31.0,57.04447541902918,1009.6
Hyderabad,2025-04-27 07:00:00,31.0,52.0129263013748,
Hyderabad,2025-04-27 08:00:00,33.0,52.516390209894936,
Hyderabad,2025-04-27 09:00:00,33.0,53.160307816284856,1006.2
Hyderabad,2025-04-27 10:00:00,31.0,55.321861254558726,
Hyderabad,2025-04-27 11:00:00,30.0,55.07749010874436,
Hyderabad,2025-04-27 12:00:00,30.4,56.552501126573276,1005.7
Hyderabad,2025-04-27 13:00:00,30.0,55.07749010874436,
Hyderabad,2025-04-27 14:00:00,30.0,55.07749010874436,
Hyderabad,2025-04-27 15:00:00,29.8,60.73115651479413,1007.4
Hyderabad,2025-04-27 16:00:00,30.0,55.07749010874436,
Hyderabad,2025-04-27 18:00:00,29.2,64.03403591828733,1008.6
Hyderabad,2025-04-27 21:00:00,28.0,68.2354185957526,1007.4
Hyderabad,2025-04-28 00:00:00,27.2,70.63370855789137,1007.4
Hyderabad,2025-04-28 02:00:00,27.0,61.6137466743783,
Hyderabad,2025-04-28 03:00:00,28.8,54.10125610159533,1009.4
Hyderabad,2025-04-28 04:00:00,31.0,45.91183326611469,
Hyderabad,2025-04-28 05:00:00,32.0,43.37530845087229,
Hyderabad,2025-04-28 06:00:00,33.8,41.992255265524165,1007.6
Hyderabad,2025-04-28 07:00:00,34.0,41.26764941426599,
Hyderabad,2025-04-28 08:00:00,36.0,36.938574618730286,
Hyderabad,2025-04-28 09:00:00,35.8,34.86054448300015,1004.0
Hyderabad,2025-04-28 10:00:00,37.0,27.140727390095126,
Hyderabad,2025-04-28 11:00:00,36.0,28.670052108193683,
Hyderabad,2025-04-28 12:00:00,36.0,31.15786119941582,1001.7
Hyderabad,2025-04-28 13:00:00,34.0,38.76260999542678,
Hyderabad,2025-04-28 14:00:00,33.0,40.99579826538557,
Hyderabad,2025-04-28 15:00:00,32.7,46.07729743785444,1004.1
Hyderabad,2025-04-28 16:00:00,32.0,43.37530845087229,
Hyderabad,2025-04-28 17:00:00,32.0,40.72271098464218,
Hyderabad,2025-04-28 18:00:00,31.0,48.272370927012055,1005.6
Hyderabad,2025-04-28 21:00:00,28.8,57.58106758326406,1005.2
Hyderabad,2025-04-29 00:00:00,27.2,65.20137437167065,1005.8
Hyderabad,2025-04-29 02:00:00,27.0,61.6137466743783,
Hyderabad,2025-04-29 03:00:00,28.4,63.4717371913027,1009.0
Hyderabad,2025-04-29 05:00:00,34.0,43.913663069278805,
Hyderabad,2025-04-29 06:00:00,34.8,43.85668992744258,1006.6
Hyderabad,2025-04-29 07:00:00,35.0,41.53826131238334,
Hyderabad,2025-04-29 08:00:00,37.0,30.83688624205303,
Hyderabad,2025-04-29 09:00:00,37.0,31.427829871773007,1002.8
Hyderabad,2025-04-29 10:00:00,36.0,30.5675075480974,
Hyderabad,2025-04-29 11:00:00,36.0,30.5675075480974,
Hyderabad,2025-04-29 12:00:00,36.0,39.551028058584606,1001.4
Hyderabad,2025-04-29 13:00:00,34.0,36.39210002718546,
Hyderabad,2025-04-29 14:00:00,31.0,48.87889229893936,
Hyderabad,2025-04-29 15:00:00,31.2,50.47601592432225,1004.5
Hyderabad,2025-04-29 16:00:00,29.0,51.50307132317005,
Hyderabad,2025-04-29 17:00:00,28.0,58.11126126861089,
Hyderabad,2025-04-29 18:00:00,29.8,54.68814270584078,1005.7
Hyderabad,2025-04-29 19:00:00,30.0,48.61692510697891,
Hyderabad,2025-04-29 20:00:00,29.0,54.83146494452449,
Hyderabad,2025-04-29 21:00:00,29.2,66.42028554635831,1004.5
Hyderabad,2025-04-30 00:00:00,28.0,69.49759780649958,1005.6
Hyderabad,2025-04-30 02:00:00,29.0,51.50307132317005,
Hyderabad,2025-04-30 03:00:00,31.0,51.372385333162065,1007.2
Hyderabad,2025-04-30 04:00:00,32.0,52.26545370306257,
Hyderabad,2025-04-30 06:00:00,36.0,39.551028058584606,1005.8
Hyderabad,2025-04-30 07:00:00,37.0,34.968188412155946,
Hyderabad,2025-04-30 08:00:00,36.0,36.938574618730286,
Hyderabad,2025-04-30 09:00:00,39.0,28.918061598396054,1001.2
Hyderabad,2025-04-30 10:00:00,38.0,22.577123703351567,
Hyderabad,2025-04-30 11:00:00,37.0,25.443296727449532,
Hyderabad,2025-04-30 12:00:00,38.0,21.42374462783004,1000.4
Hyderabad,2025-04-30 13:00:00,32.0,38.21370900066644,
Hyderabad,2025-04-30 14:00:00,31.0,43.10411576643139,
Hyderabad,2025-04-30 15:00:00,31.6,41.65699483910857,1004.2
Hyderabad,2025-04-30 16:00:00,31.0,40.44839100350285,
Hyderabad,2025-04-30 17:00:00,31.0,43.10411576643139,
Hyderabad,2025-04-30 18:00:00,30.0,46.22528758131515,1006.6
Hyderabad,2025-04-30 21:00:00,28.6,53.713553895834856,1005.6
Hyderabad,2025-05-01 00:00:00,26.6,71.39581590815916,1007.5
Hyderabad,2025-05-01 02:00:00,28.0,65.77119451823714,
Hyderabad,2025-05-01 03:00:00,28.8,66.33925366327628,1007.7
Hyderabad,2025-05-01 04:00:00,32.0,55.56458760321053,
Hyderabad,2025-05-01 05:00:00,34.0,49.65563394804311,
Hyderabad,2025-05-01 06:00:00,34.0,51.81527988036216,1006.9
Hyderabad,2025-05-01 07:00:00,35.0,41.53826131238334,
Hyderabad,2025-05-01 08:00:00,36.0,41.80763114476111,
Hyderabad,2025-05-01 09:00:00,37.0,38.615240776120366,1004.0
Hyderabad,2025-05-01 10:00:00,36.0,39.307015133883105,
Hyderabad,2025-05-01 11:00:00,37.0,32.845540487664145,
Hyderabad,2025-05-01 12:00:00,36.8,37.6193125144546,1002.0
Hyderabad,2025-05-01 13:00:00,35.0,44.180823739166094,
Hyderabad,2025-05-01 14:00:00,30.0,45.6437789332581,
Hyderabad,2025-05-01 15:00:00,31.0,54.645691707211896,1005.2
Hyderabad,2025-05-01 16:00:00,30.0,45.6437789332581,
Hyderabad,2025-05-01 18:00:00,30.2,61.19367991310041,1006.2
Hyderabad,2025-05-01 21:00:00,28.6,65.89451972688084,1007.2
Hyderabad,2025-05-02 00:00:00,26.0,78.16158824199735,1008.4
Hyderabad,2025-05-02 03:00:00,29.0,70.10874183711726,1008.7
Hyderabad,2025-05-02 04:00:00,30.0,62.279197326402645,
Hyderabad,2025-05-02 06:00:00,33.6,51.40088317557658,1007.1
Hyderabad,2025-05-02 07:00:00,34.0,43.913663069278805,
Hyderabad,2025-05-02 08:00:00,36.0,39.307015133883105,
Hyderabad,2025-05-02 09:00:00,37.2,36.353020243944506,1004.0
Hyderabad,2025-05-02 10:00:00,36.0,36.938574618730286,
Hyderabad,2025-05-02 11:00:00,37.0,30.83688624205303,
Hyderabad,2025-05-02 12:00:00,37.4,30.17138580025373,1001.1
Hyderabad,2025-05-02 13:00:00,35.0,39.035377267737374,
Hyderabad,2025-05-02 14:00:00,32.0,43.37530845087229,
Hyderabad,2025-05-02 15:00:00,28.0,53.22632223446673,1006.7
Hyderabad,2025-05-02 18:00:00,28.5,44.0923304651846,1006.5
Hyderabad,2025-05-02 21:00:00,27.2,56.128403601107394,1004.5
Hyderabad,2025-05-03 00:00:00,26.4,56.64557967688834,1006.5
Hyderabad,2025-05-03 02:00:00,28.0,51.245730319258854,
Hyderabad,2025-05-03 03:00:00,29.6,47.90329808859116,1008.5
Hyderabad,2025-05-03 04:00:00,31.0,43.10411576643139,
Hyderabad,2025-05-03 06:00:00,35.6,40.93527578283119,1006.2
Hyderabad,2025-05-03 07:00:00,36.0,32.574481984471326,
Hyderabad,2025-05-03 08:00:00,37.0,30.83688624205303,
Hyderabad,2025-05-03 09:00:00,39.0,30.408376308266917,1002.7
Hyderabad,2025-05-03 10:00:00,38.0,27.404094092667545,
Hyderabad,2025-05-03 11:00:00,38.0,25.703005205065327,
Hyderabad,2025-05-03 12:00:00,36.2,36.992999443415286,1001.0
Hyderabad,2025-05-03 13:00:00,26.0,61.38851998965914,
Hyderabad,2025-05-03 14:00:00,30.0,40.17284207482451,
Hyderabad,2025-05-03 15:00:00,30.6,42.45189969098432,1004.5
Hyderabad,2025-05-03 16:00:00,30.0,42.831580797851935,
Hyderabad,2025-05-03 18:00:00,29.0,49.59236810809483,1004.8
Hyderabad,2025-05-03 21:00:00,29.4,47.548518015880695,1004.2
Hyderabad,2025-05-04 00:00:00,27.0,62.386708434520564,1005.3
Hyderabad,2025-05-04 02:00:00,27.0,69.73535987777385,
Hyderabad,2025-05-04 03:00:00,28.4,75.27023327866294,1007.1
Hyderabad,2025-05-04 04:00:00,29.0,65.9764050234237,
Hyderabad,2025-05-04 06:00:00,30.8,61.327434848702055,1006.9
Hyderabad,2025-05-04 07:00:00,32.0,52.26545370306257,
Hyderabad,2025-05-04 08:00:00,33.0,46.44361338141738,
Hyderabad,2025-05-04 09:00:00,35.2,42.36986035921609,1003.7
Hyderabad,2025-05-04 10:00:00,33.0,46.44361338141738,
Hyderabad,2025-05-04 12:00:00,33.4,48.30141369843827,1002.1
Hyderabad,2025-05-04 13:00:00,28.0,48.08838553713478,
Hyderabad,2025-05-04 14:00:00,26.0,54.08337422022996,
Hyderabad,2025-05-04 15:00:00,27.2,48.805654479797845,1005.8
Hyderabad,2025-05-04 16:00:00,27.0,47.821805415300325,
Hyderabad,2025-05-04 18:00:00,26.4,70.0529871846676,1006.2
Hyderabad,2025-05-04 21:00:00,26.0,73.97062900551056,1006.2
Hyderabad,2025-05-05 00:00:00,25.2,78.04573617296006,1005.9
Hyderabad,2025-05-05 02:00:00,28.0,65.77119451823714,
Hyderabad,2025-05-05 03:00:00,29.2,64.03403591828733,1006.0
Hyderabad,2025-05-05 04:00:00,31.0,52.0129263013748,
Hyderabad,2025-05-05 05:00:00,33.0,38.488718673594086,
Hyderabad,2025-05-05 06:00:00,35.2,35.137881374560415,1005.9
Hyderabad,2025-05-05 07:00:00,36.0,34.69631980632837,
Hyderabad,2025-05-05 08:00:00,37.0,23.839996716195756,
Hyderabad,2025-05-05 09:00:00,38.0,27.056171599383415,1001.4
Hyderabad,2025-05-05 10:00:00,39.0,17.54108904934621,
Hyderabad,2025-05-05 11:00:00,37.0,19.55078015012992,
Hyderabad,2025-05-05 12:00:00,38.4,14.586577519639214,999.9
Hyderabad,2025-05-05 13:00:00,35.0,28.402634845839458,
Hyderabad,2025-05-05 14:00:00,34.0,34.14991504093326,
Hyderabad,2025-05-05 15:00:00,30.6,53.21506820591533,1004.9
Hyderabad,2025-05-05 16:00:00,27.0,65.56431854728334,
Hyderabad,2025-05-05 18:00:00,24.0,75.49051796773709,1008.8
Hyderabad,2025-05-05 21:00:00,23.6,70.84771206081751,1006.7
Hyderabad,2025-05-06 00:00:00,23.4,73.9924409170569,1007.6
Hyderabad,2025-05-06 02:00:00,26.0,57.63433267904622,
Hyderabad,2025-05-06 03:00:00,28.1,54.952589467977894,1008.6
Hyderabad,2025-05-06 04:00:00,29.0,51.50307132317005,
Hyderabad,2025-05-06 06:00:00,32.4,45.428135721503146,1007.4
Hyderabad,2025-05-06 07:00:00,34.0,38.76260999542678,
Hyderabad,2025-05-06 08:00:00,35.0,30.297495555271077,
Hyderabad,2025-05-06 09:00:00,36.6,28.46310759052904,1003.8
Hyderabad,2025-05-06 10:00:00,35.0,32.302659255004215,
Hyderabad,2025-05-06 11:00:00,35.0,34.42355875097004,
Hyderabad,2025-05-06 12:00:00,35.4,37.94338620840687,1002.3
Hyderabad,2025-05-06 13:00:00,33.0,43.645157807317524,
Hyderabad,2025-05-06 14:00:00,32.0,46.178444191385225,
Hyderabad,2025-05-06 15:00:00,31.4,51.793336482077336,1004.0
Hyderabad,2025-05-06 16:00:00,31.0,48.87889229893936,
Hyderabad,2025-05-06 17:00:00,29.0,51.50307132317005,
Hyderabad,2025-05-06 18:00:00,27.8,54.19164488057315,1006.7
Hyderabad,2025-05-06 21:00:00,24.8,76.08704806619014,1005.3
Hyderabad,2025-05-07 00:00:00,24.2,71.40372780863036,1007.4
Hyderabad,2025-05-07 02:00:00,26.0,54.08337422022996,
Hyderabad,2025-05-07 03:00:00,26.8,53.25972640302064,1009.1
Hyderabad,2025-05-07 04:00:00,29.0,42.5577048750277,
Hyderabad,2025-05-07 05:00:00,30.0,40.17284207482451,
Hyderabad,2025-05-07 06:00:00,33.2,36.636092786013364,1005.7
Hyderabad,2025-05-07 07:00:00,33.0,33.875398862078285,
Hyderabad,2025-05-07 08:00:00,35.0,26.61285322847371,
Hyderabad,2025-05-07 09:00:00,36.4,22.323007819986127,1002.3
Hyderabad,2025-05-07 10:00:00,35.0,23.328640567656677,
Hyderabad,2025-05-07 11:00:00,35.0,24.923129756026547,
Hyderabad,2025-05-07 12:00:00,35.2,28.4561576229954,1001.4
Hyderabad,2025-05-07 13:00:00,33.0,36.11735711200378,
Hyderabad,2025-05-07 14:00:00,32.0,38.21370900066644,
Hyderabad,2025-05-07 15:00:00,32.0,42.03063257384145,1004.6
Hyderabad,2025-05-07 16:00:00,31.0,43.10411576643139,
Hyderabad,2025-05-07 18:00:00,29.4,53.245045415963254,1005.2
Hyderabad,2025-05-07 21:00:00,27.2,62.430923880536845,1005.2
Hyderabad,2025-05-08 00:00:00,24.6,71.47635226040329,1005.7
Hyderabad,2025-05-08 02:00:00,26.0,57.63433267904622,
Hyderabad,2025-05-08 03:00:00,29.0,52.81250691100612,1007.6
Hyderabad,2025-05-08 05:00:00,31.0,40.44839100350285,
Hyderabad,2025-05-08 06:00:00,34.2,37.61569649720977,1006.3
Hyderabad,2025-05-08 07:00:00,33.0,36.11735711200378,
Hyderabad,2025-05-08 08:00:00,34.0,32.03008430351673,
Hyderabad,2025-05-08 09:00:00,33.0,33.875398862078285,
Hyderabad,2025-05-08 10:00:00,35.0,32.302659255004215,
Hyderabad,2025-05-08 11:00:00,35.0,30.297495555271077,
Hyderabad,2025-05-08 12:00:00,35.0,31.487014466247132,1003.3
Hyderabad,2025-05-08 13:00:00,33.0,36.11735711200378,
Hyderabad,2025-05-08 14:00:00,32.0,38.21370900066644,
Hyderabad,2025-05-08 15:00:00,31.4,43.212753979073476,1005.8
Hyderabad,2025-05-08 16:00:00,30.0,48.61692510697891,
Hyderabad,2025-05-08 17:00:00,27.0,61.6137466743783,
Hyderabad,2025-05-08 18:00:00,26.4,70.0529871846676,1008.1
Hyderabad,2025-05-08 21:00:00,26.0,73.97062900551056,1007.5
Hyderabad,2025-05-09 00:00:00,25.2,73.38106367287797,1007.6
Hyderabad,2025-05-09 02:00:00,27.0,61.6137466743783,
Hyderabad,2025-05-09 03:00:00,29.6,54.63879144543691,1008.7
Hyderabad,2025-05-09 05:00:00,32.0,40.72271098464218,
Hyderabad,2025-05-09 06:00:00,34.6,36.32659347971913,1007.4
Hyderabad,2025-05-09 09:00:00,38.1,26.061624455094464,1003.9
Hyderabad,2025-05-09 10:00:00,36.0,26.876974684415604,
Hyderabad,2025-05-09 11:00:00,36.0,25.183331982544292,
Hyderabad,2025-05-09 12:00:00,35.8,27.7076435174709,1002.5
Hyderabad,2025-05-09 13:00:00,34.0,32.03008430351673,
Hyderabad,2025-05-09 14:00:00,34.0,32.03008430351673,
Hyderabad,2025-05-09 15:00:00,32.4,42.40527990144904,1005.2
Hyderabad,2025-05-09 16:00:00,32.0,38.21370900066644,
Hyderabad,2025-05-09 18:00:00,25.8,81.04434812185663,1008.4
Hyderabad,2025-05-09 21:00:00,24.4,86.49898460860861,1006.8
Hyderabad,2025-05-10 00:00:00,25.2,87.10022146859102,1007.4
Hyderabad,2025-05-10 02:00:00,28.0,54.583776611197585,
Hyderabad,2025-05-10 03:00:00,29.6,51.33434838713906,1007.2
Hyderabad,2025-05-10 04:00:00,31.0,45.91183326611469,
Hyderabad,2025-05-10 05:00:00,33.0,40.99579826538557,
Hyderabad,2025-05-10 06:00:00,34.0,37.56093216411774,1006.3
Hyderabad,2025-05-10 07:00:00,35.0,30.297495555271077,
Hyderabad,2025-05-10 08:00:00,35.0,32.302659255004215,
Hyderabad,2025-05-10 09:00:00,37.6,28.912497899944,1003.8
Hyderabad,2025-05-10 11:00:00,36.0,28.670052108193683,
Hyderabad,2025-05-10 12:00:00,36.2,32.01476293480324,1002.0
Hyderabad,2025-05-10 13:00:00,34.0,34.14991504093326,
Hyderabad,2025-05-10 14:00:00,33.0,38.488718673594086,
Hyderabad,2025-05-10 15:00:00,31.8,50.00794215353572,1005.9
Hyderabad,2025-05-10 16:00:00,30.0,51.75880110114196,
Hyderabad,2025-05-10 18:00:00,30.0,58.58138510397075,1006.6
Hyderabad,2025-05-10 21:00:00,28.6,63.5148338477734,1006.1
Hyderabad,2025-05-11 00:00:00,27.8,66.95323599407915,1006.4
Hyderabad,2025-05-11 01:00:00,28.0,54.583776611197585,
Hyderabad,2025-05-11 02:00:00,30.0,42.831580797851935,
Hyderabad,2025-05-11 03:00:00,31.6,43.54057249253012,1007.0
Hyderabad,2025-05-11 06:00:00,35.8,34.86054448300015,1005.2
Hyderabad,2025-05-11 07:00:00,36.0,30.5675075480974,
Hyderabad,2025-05-11 08:00:00,36.0,30.5675075480974,
Hyderabad,2025-05-11 09:00:00,37.8,29.89819825353998,1001.9
Hyderabad,2025-05-11 10:00:00,37.0,28.936968311978973,
Hyderabad,2025-05-11 11:00:00,37.0,27.140727390095126,
Hyderabad,2025-05-11 12:00:00,36.8,29.630662377283578,1000.1
Hyderabad,2025-05-11 13:00:00,35.0,32.302659255004215,
Hyderabad,2025-05-11 14:00:00,34.0,36.39210002718546,
Hyderabad,2025-05-11 15:00:00,33.8,42.78402067473592,1003.4
Hyderabad,2025-05-11 16:00:00,32.0,40.72271098464218,
Hyderabad,2025-05-11 18:00:00,32.0,45.89115300275965,1005.0
Hyderabad,2025-05-11 21:00:00,30.4,49.6455182941857,1003.7
Hyderabad,2025-05-12 00:00:00,29.0,59.073562416700796,1004.5
Hyderabad,2025-05-12 02:00:00,29.0,58.347168092797666,
Hyderabad,2025-05-12 03:00:00,31.2,52.710735539122425,1006.1
Hyderabad,2025-05-12 04:00:00,32.0,46.178444191385225,
Hyderabad,2025-05-12 05:00:00,32.0,46.178444191385225,
Hyderabad,2025-05-12 06:00:00,35.4,39.880531644008144,1004.4
Hyderabad,2025-05-12 07:00:00,35.0,39.035377267737374,
Hyderabad,2025-05-12 09:00:00,36.6,38.26953142956605,1001.6
Hyderabad,2025-05-12 10:00:00,36.0,36.938574618730286,
Hyderabad,2025-05-12 12:00:00,35.2,39.57943572525667,999.5
Hyderabad,2025-05-12 14:00:00,33.0,43.645157807317524,
Hyderabad,2025-05-12 15:00:00,33.2,49.14728523903349,1002.4
Hyderabad,2025-05-12 16:00:00,27.0,65.56431854728334,
Hyderabad,2025-05-12 17:00:00,27.0,69.73535987777385,
Hyderabad,2025-05-12 21:00:00,26.6,72.72251516973928,1004.8
Hyderabad,2025-05-13 00:00:00,27.4,66.46205248157912,1004.6
Hyderabad,2025-05-13 02:00:00,27.0,69.73535987777385,
Hyderabad,2025-05-13 03:00:00,28.6,67.52405842467928,1007.0
Hyderabad,2025-05-13 04:00:00,30.0,55.07749010874436,
Hyderabad,2025-05-13 05:00:00,31.0,52.0129263013748,
Hyderabad,2025-05-13 06:00:00,33.6,47.47064953081122,1005.8
Hyderabad,2025-05-13 07:00:00,35.0,36.665841804175486,
Hyderabad,2025-05-13 08:00:00,35.0,39.035377267737374,
Hyderabad,2025-05-13 09:00:00,37.4,35.73653147705667,1001.5
Hyderabad,2025-05-13 10:00:00,36.0,34.69631980632837,
Hyderabad,2025-05-13 11:00:00,36.0,34.69631980632837,
Hyderabad,2025-05-13 12:00:00,34.6,39.911499469326934,1000.2
Hyderabad,2025-05-13 13:00:00,34.0,36.39210002718546,
Hyderabad,2025-05-13 14:00:00,33.0,40.99579826538557,
Hyderabad,2025-05-13 15:00:00,32.4,52.68765751422521,1003.1
Hyderabad,2025-05-13 16:00:00,31.0,48.87889229893936,
Hyderabad,2025-05-13 18:00:00,30.2,53.11481851499087,1005.1
Hyderabad,2025-05-13 21:00:00,28.4,63.4717371913027,1004.7
Hyderabad,2025-05-14 00:00:00,26.6,71.39581590815916,1006.0
Hyderabad,2025-05-14 02:00:00,27.0,65.56431854728334,
Hyderabad,2025-05-14 03:00:00,29.6,60.68601439855552,1007.5
Hyderabad,2025-05-14 04:00:00,31.0,52.0129263013748,
Hyderabad,2025-05-14 05:00:00,33.0,43.645157807317524,
Hyderabad,2025-05-14 06:00:00,34.6,40.91840530798248,1005.8
Hyderabad,2025-05-14 08:00:00,35.0,39.035377267737374,
Hyderabad,2025-05-14 09:00:00,36.4,38.21528160361947,1002.9
Hyderabad,2025-05-14 10:00:00,36.0,36.938574618730286,
Hyderabad,2025-05-14 11:00:00,36.0,39.307015133883105,
Hyderabad,2025-05-14 12:00:00,35.4,41.646158440844545,1000.9
Hyderabad,2025-05-14 14:00:00,27.0,65.56431854728334,
Hyderabad,2025-05-14 15:00:00,28.8,63.55786320773016,1005.9
Hyderabad,2025-05-14 16:00:00,29.0,54.83146494452449,
Hyderabad,2025-05-14 21:00:00,27.2,67.66128064356994,1005.3
Hyderabad,2025-05-15 00:00:00,27.4,69.38405747208641,1007.0
Hyderabad,2025-05-15 02:00:00,23.0,94.10581804007526,
Hyderabad,2025-05-15 03:00:00,24.4,83.89661650096087,1010.1
Hyderabad,2025-05-15 04:00:00,26.0,73.97062900551056,
Hyderabad,2025-05-15 05:00:00,28.0,61.83725955078121,
Hyderabad,2025-05-15 06:00:00,32.0,49.13932991257226,1006.8
Hyderabad,2025-05-15 07:00:00,32.0,46.178444191385225,
Hyderabad,2025-05-15 08:00:00,33.0,43.645157807317524,
Hyderabad,2025-05-15 09:00:00,34.4,41.63407948266954,1003.7
Hyderabad,2025-05-15 10:00:00,34.0,41.26764941426599,
Hyderabad,2025-05-15 11:00:00,34.0,38.76260999542678,
Hyderabad,2025-05-15 12:00:00,34.4,42.680399669666244,1002.0
Hyderabad,2025-05-15 13:00:00,32.0,46.178444191385225,
Hyderabad,2025-05-15 14:00:00,31.0,48.87889229893936,
Hyderabad,2025-05-15 15:00:00,31.0,54.645691707211896,1005.1
Hyderabad,2025-05-15 16:00:00,29.0,62.05907199151088,
Hyderabad,2025-05-15 18:00:00,28.8,60.13232984013959,1007.4
Hyderabad,2025-05-15 21:00:00,24.4,94.73534893450257,1007.4
Hyderabad,2025-05-16 00:00:00,24.4,96.4626030540391,1004.2
Hyderabad,2025-05-16 02:00:00,26.0,83.5653445347348,
Hyderabad,2025-05-16 03:00:00,26.4,88.79047072518293,1008.1
Hyderabad,2025-05-16 05:00:00,27.0,78.78071949348664,
Hyderabad,2025-05-16 06:00:00,28.4,75.27023327866294,1007.5
Hyderabad,2025-05-16 08:00:00,32.0,59.04479527455803,
Hyderabad,2025-05-16 09:00:00,34.0,55.04309180081118,1003.3
Hyderabad,2025-05-16 10:00:00,34.0,43.913663069278805,
Hyderabad,2025-05-16 11:00:00,35.0,39.035377267737374,
Hyderabad,2025-05-16 12:00:00,34.6,45.450730430393634,1001.4
Hyderabad,2025-05-16 13:00:00,33.0,46.44361338141738,
Hyderabad,2025-05-16 14:00:00,31.0,58.81392369643709,
Hyderabad,2025-05-16 15:00:00,31.2,59.58083797061803,1005.1
Hyderabad,2025-05-16 16:00:00,30.0,58.58138510397075,
Hyderabad,2025-05-16 18:00:00,29.4,66.46070290917613,1005.8
Hyderabad,2025-05-16 21:00:00,28.6,70.03457368492587,1004.8
Hyderabad,2025-05-17 00:00:00,26.8,77.3319727882649,1006.1
Hyderabad,2025-05-17 02:00:00,27.0,74.13724053720264,
Hyderabad,2025-05-17 03:00:00,28.6,67.52405842467928,1007.2
Hyderabad,2025-05-17 04:00:00,29.0,62.05907199151088,
Hyderabad,2025-05-17 05:00:00,30.0,58.58138510397075,
Hyderabad,2025-05-17 06:00:00,31.4,60.72113037024215,1005.5
Hyderabad,2025-05-17 07:00:00,32.0,52.26545370306257,
Hyderabad,2025-05-17 08:00:00,32.0,52.26545370306257,
Hyderabad,2025-05-17 09:00:00,33.4,52.2972859735491,1003.1
Hyderabad,2025-05-17 10:00:00,33.0,52.516390209894936,
Hyderabad,2025-05-17 12:00:00,33.8,49.60427705148923,1000.5
Hyderabad,2025-05-17 13:00:00,32.0,55.56458760321053,
Hyderabad,2025-05-17 14:00:00,31.0,58.81392369643709,
Hyderabad,2025-05-17 15:00:00,31.0,59.53505705723449,1004.3
Hyderabad,2025-05-17 16:00:00,30.0,62.279197326402645,
Hyderabad,2025-05-17 17:00:00,29.0,62.05907199151088,
Hyderabad,2025-05-17 18:00:00,29.2,65.21759803719027,1004.5
Hyderabad,2025-05-17 19:00:00,28.0,69.92284655824665,
Hyderabad,2025-05-17 21:00:00,28.8,67.56355741939835,1004.5
Hyderabad,2025-05-18 00:00:00,26.8,75.93379535179172,1005.3
Hyderabad,2025-05-18 02:00:00,28.0,69.92284655824665,
Hyderabad,2025-05-18 03:00:00,29.4,65.25908019260346,1005.8
Hyderabad,2025-05-18 04:00:00,30.0,58.58138510397075,
Hyderabad,2025-05-18 05:00:00,31.0,55.321861254558726,
Hyderabad,2025-05-18 06:00:00,34.0,48.75448871884437,1004.7
Hyderabad,2025-05-18 07:00:00,33.0,49.398242289998336,
Hyderabad,2025-05-18 08:00:00,34.0,46.70734273672021,
Hyderabad,2025-05-18 09:00:00,35.8,40.98926336052007,1001.2
Hyderabad,2025-05-18 10:00:00,35.0,44.180823739166094,
Hyderabad,2025-05-18 11:00:00,34.0,43.913663069278805,
Hyderabad,2025-05-18 12:00:00,32.4,57.029314759535474,1000.0
Hyderabad,2025-05-18 13:00:00,32.0,55.56458760321053,
Hyderabad,2025-05-18 14:00:00,31.0,62.49764883972529,
Hyderabad,2025-05-18 15:00:00,31.0,60.26392569896982,1003.0
Hyderabad,2025-05-18 16:00:00,29.0,65.9764050234237,
Hyderabad,2025-05-18 18:00:00,29.2,67.64236009872468,1003.5
Hyderabad,2025-05-18 21:00:00,28.4,64.65299308404073,1003.3
Hyderabad,2025-05-19 00:00:00,27.4,81.7365655889581,1004.6
Hyderabad,2025-05-19 02:00:00,29.0,70.10874183711726,
Hyderabad,2025-05-19 03:00:00,29.4,70.18265788054528,1005.2
Hyderabad,2025-05-19 04:00:00,30.0,66.17996487728405,
Hyderabad,2025-05-19 05:00:00,32.0,55.56458760321053,
Hyderabad,2025-05-19 06:00:00,32.8,57.123886421330916,1004.5
Hyderabad,2025-05-19 07:00:00,34.0,49.65563394804311,
Hyderabad,2025-05-19 08:00:00,34.0,46.70734273672021,
Hyderabad,2025-05-19 09:00:00,34.0,49.959241845838434,1001.5
Hyderabad,2025-05-19 10:00:00,34.0,43.913663069278805,
Hyderabad,2025-05-19 12:00:00,33.8,48.70271536660474,999.4
Hyderabad,2025-05-19 13:00:00,33.0,46.44361338141738,
Hyderabad,2025-05-19 14:00:00,32.0,49.13932991257226,
Hyderabad,2025-05-19 15:00:00,31.2,65.23625619134161,1002.3
Hyderabad,2025-05-19 16:00:00,30.0,66.17996487728405,
Hyderabad,2025-05-19 17:00:00,30.0,66.17996487728405,
Hyderabad,2025-05-19 18:00:00,29.6,73.23627466407994,1003.5
Hyderabad,2025-05-19 21:00:00,29.0,75.36535821707001,1002.2
Hyderabad,2025-05-20 00:00:00,28.4,78.03469389209555,1002.9
Hyderabad,2025-05-20 02:00:00,29.0,74.46601257025355,
Hyderabad,2025-05-20 03:00:00,29.6,70.64371103998167,1004.6
Hyderabad,2025-05-20 04:00:00,31.0,62.49764883972529,
Hyderabad,2025-05-20 05:00:00,32.0,55.56458760321053,
Hyderabad,2025-05-20 06:00:00,33.4,51.35032689190111,1002.9
Hyderabad,2025-05-20 07:00:00,34.0,46.70734273672021,
Hyderabad,2025-05-20 08:00:00,34.0,46.70734273672021,
Hyderabad,2025-05-20 09:00:00,34.8,45.783358298631015,999.7
Hyderabad,2025-05-20 10:00:00,34.0,46.70734273672021,
Hyderabad,2025-05-20 12:00:00,33.8,48.70271536660474,998.8
Hyderabad,2025-05-20 13:00:00,32.0,52.26545370306257,
Hyderabad,2025-05-20 14:00:00,32.0,55.56458760321053,
Hyderabad,2025-05-20 15:00:00,31.4,57.139500433232726,1001.6
Hyderabad,2025-05-20 16:00:00,30.0,66.17996487728405,
Hyderabad,2025-05-20 18:00:00,29.8,64.55274470068998,1002.7
Hyderabad,2025-05-20 21:00:00,28.6,70.03457368492587,1001.7
Hyderabad,2025-05-21 00:00:00,27.0,78.78071949348664,1003.3
Hyderabad,2025-05-21 02:00:00,26.0,78.6398510724195,
Hyderabad,2025-05-21 03:00:00,27.4,77.42084507110732,1004.7
Hyderabad,2025-05-21 04:00:00,29.0,65.9764050234237,
Hyderabad,2025-05-21 05:00:00,31.0,62.49764883972529,
Hyderabad,2025-05-21 06:00:00,30.8,62.45409180674004,1004.0
Hyderabad,2025-05-21 07:00:00,32.0,55.56458760321053,
Hyderabad,2025-05-21 08:00:00,29.0,70.10874183711726,
Hyderabad,2025-05-21 09:00:00,29.0,72.69546161061416,1003.1
Hyderabad,2025-05-21 10:00:00,25.0,88.67956137467019,
Hyderabad,2025-05-21 11:00:00,25.0,88.67956137467019,
Hyderabad,2025-05-21 12:00:00,25.4,93.08530694612072,1001.7
Hyderabad,2025-05-21 13:00:00,25.0,94.19101183405704,
Hyderabad,2025-05-21 14:00:00,25.0,94.19101183405704,
Hyderabad,2025-05-21 15:00:00,25.6,95.34896308093465,1004.6
Hyderabad,2025-05-21 16:00:00,25.0,94.19101183405704,
Hyderabad,2025-05-21 18:00:00,24.2,90.24714719552355,1005.6
Hyderabad,2025-05-21 21:00:00,24.2,94.7276645424548,1003.9
Hyderabad,2025-05-22 00:00:00,24.0,96.45217641736166,1004.5
Hyderabad,2025-05-22 02:00:00,24.0,94.1486450224181,
Hyderabad,2025-05-22 03:00:00,24.4,93.03523459227986,1005.9
Hyderabad,2025-05-22 04:00:00,26.0,83.5653445347348,
Hyderabad,2025-05-22 05:00:00,27.0,74.13724053720264,
Hyderabad,2025-05-22 06:00:00,29.2,68.88408621576289,1003.9
Hyderabad,2025-05-22 07:00:00,29.0,65.9764050234237,
Hyderabad,2025-05-22 09:00:00,31.2,58.147271647681784,1000.6
Hyderabad,2025-05-22 10:00:00,30.0,58.58138510397075,
Hyderabad,2025-05-22 12:00:00,31.6,53.13694270651922,1000.0
Hyderabad,2025-05-22 13:00:00,30.0,55.07749010874436,
Hyderabad,2025-05-22 14:00:00,29.0,62.05907199151088,
Hyderabad,2025-05-22 15:00:00,29.2,66.42028554635831,1002.3
Hyderabad,2025-05-22 16:00:00,28.0,61.83725955078121,
Hyderabad,2025-05-22 18:00:00,27.8,68.19643184527753,1003.6
Hyderabad,2025-05-22 21:00:00,26.4,74.03745333814867,1002.3
Hyderabad,2025-05-23 00:00:00,25.2,79.49489892026219,1002.6
Hyderabad,2025-05-23 02:00:00,25.0,78.49764721655077,
Hyderabad,2025-05-23 03:00:00,27.0,71.90678209614687,1003.5
Hyderabad,2025-05-23 04:00:00,28.0,65.77119451823714,
Hyderabad,2025-05-23 05:00:00,29.0,62.05907199151088,
Hyderabad,2025-05-23 06:00:00,30.2,58.628026731140324,1002.0
Hyderabad,2025-05-23 07:00:00,31.0,58.81392369643709,
Hyderabad,2025-05-23 08:00:00,31.0,55.321861254558726,
Hyderabad,2025-05-23 09:00:00,31.2,57.44189089337356,999.0
Hyderabad,2025-05-23 12:00:00,31.4,55.08058002977347,997.5
Hyderabad,2025-05-23 14:00:00,29.0,62.05907199151088,
Hyderabad,2025-05-23 15:00:00,29.4,66.46070290917613,1000.0
Hyderabad,2025-05-23 16:00:00,28.0,69.92284655824665,
Hyderabad,2025-05-23 18:00:00,27.4,76.02731162505535,1000.9
Hyderabad,2025-05-23 21:00:00,26.4,81.1206589392812,999.3
Hyderabad,2025-05-24 00:00:00,26.2,75.37713898357798,1000.5
Hyderabad,2025-05-24 02:00:00,26.0,73.97062900551056,
Hyderabad,2025-05-24 03:00:00,27.0,74.59053556051053,1001.8
Hyderabad,2025-05-24 04:00:00,28.0,65.77119451823714,
Hyderabad,2025-05-24 05:00:00,29.0,65.9764050234237,
Hyderabad,2025-05-24 06:00:00,29.0,63.99146967340664,1001.0
Hyderabad,2025-05-24 07:00:00,29.0,62.05907199151088,
Hyderabad,2025-05-24 08:00:00,30.0,62.279197326402645,
Hyderabad,2025-05-24 09:00:00,31.4,57.48913124065053,997.6
Hyderabad,2025-05-24 10:00:00,31.0,55.321861254558726,
Hyderabad,2025-05-24 11:00:00,31.0,58.81392369643709,
Hyderabad,2025-05-24 12:00:00,30.2,63.47058184400489,997.3
Hyderabad,2025-05-24 13:00:00,30.0,62.279197326402645,
Hyderabad,2025-05-24 14:00:00,24.0,88.59935257199315,
Hyderabad,2025-05-24 15:00:00,24.6,96.46779925124456,1002.2
Hyderabad,2025-05-24 16:00:00,25.0,88.67956137467019,
Hyderabad,2025-05-24 18:00:00,25.2,88.69550382118368,1002.2
Hyderabad,2025-05-24 21:00:00,25.4,85.5501381158545,1000.1
Hyderabad,2025-05-25 00:00:00,24.8,85.48997942635886,1001.3
Hyderabad,2025-05-25 02:00:00,25.0,83.45262666598398,
Hyderabad,2025-05-25 03:00:00,27.4,73.30600536406747,1001.7
Hyderabad,2025-05-25 04:00:00,28.0,65.77119451823714,
Hyderabad,2025-05-25 05:00:00,29.0,65.9764050234237,
Hyderabad,2025-05-25 06:00:00,30.0,64.59471092157922,1001.8
Hyderabad,2025-05-25 07:00:00,29.0,65.9764050234237,
Hyderabad,2025-05-25 08:00:00,30.0,62.279197326402645,
Hyderabad,2025-05-25 09:00:00,31.2,60.67623983728871,999.2
Hyderabad,2025-05-25 11:00:00,31.0,58.81392369643709,
Hyderabad,2025-05-25 12:00:00,30.4,60.12781595604137,998.4
Hyderabad,2025-05-25 14:00:00,27.0,74.13724053720264,
Hyderabad,2025-05-25 15:00:00,27.0,74.59053556051053,1001.9
Hyderabad,2025-05-25 16:00:00,26.0,78.6398510724195,
Hyderabad,2025-05-25 18:00:00,26.2,81.09527108176809,1002.6
Hyderabad,2025-05-25 21:00:00,25.6,90.34377933678581,1000.4
Hyderabad,2025-05-26 00:00:00,24.0,90.23322652420383,1001.1
Hyderabad,2025-05-26 02:00:00,24.0,88.59935257199315,
Hyderabad,2025-05-26 03:00:00,25.0,85.51007272938315,1001.9
Hyderabad,2025-05-26 04:00:00,25.0,83.45262666598398,
Hyderabad,2025-05-26 05:00:00,27.0,74.13724053720264,
Hyderabad,2025-05-26 06:00:00,27.8,74.72082357195549,1001.0
Hyderabad,2025-05-26 08:00:00,29.0,70.10874183711726,
Hyderabad,2025-05-26 09:00:00,29.8,68.1706441435751,998.6
Hyderabad,2025-05-26 10:00:00,28.0,74.30236303611937,
Hyderabad,2025-05-26 12:00:00,26.0,90.37112970835472,998.5
Hyderabad,2025-05-26 14:00:00,25.0,88.67956137467019,
Hyderabad,2025-05-26 15:00:00,25.4,87.11821906243264,1000.8
Hyderabad,2025-05-26 16:00:00,25.0,88.67956137467019,
Hyderabad,2025-05-26 18:00:00,25.2,87.10022146859102,1001.3
Hyderabad,2025-05-26 21:00:00,24.8,91.38660473195172,1000.1
Hyderabad,2025-05-27 00:00:00,24.2,93.02515571569042,999.4
Hyderabad,2025-05-27 02:00:00,25.0,88.67956137467019,
Hyderabad,2025-05-27 03:00:00,26.0,84.07244076824206,1001.2
Hyderabad,2025-05-27 04:00:00,27.0,78.78071949348664,
Hyderabad,2025-05-27 05:00:00,28.0,74.30236303611937,
Hyderabad,2025-05-27 06:00:00,29.8,68.1706441435751,1000.6
Hyderabad,2025-05-27 07:00:00,29.0,65.9764050234237,
Hyderabad,2025-05-27 08:00:00,30.0,66.17996487728405,
Hyderabad,2025-05-27 09:00:00,30.8,62.83365155694164,997.3
Hyderabad,2025-05-27 10:00:00,31.0,62.49764883972529,
Hyderabad,2025-05-27 11:00:00,30.0,66.17996487728405,
Hyderabad,2025-05-27 12:00:00,30.0,66.17996487728405,
Hyderabad,2025-05-27 13:00:00,29.0,65.9764050234237,
Hyderabad,2025-05-27 15:00:00,24.6,94.74301669819423,1001.3
Hyderabad,2025-05-27 16:00:00,24.0,94.1486450224181,
Hyderabad,2025-05-27 18:00:00,24.4,96.4626030540391,1001.6
Hyderabad,2025-05-27 21:00:00,24.2,94.7276645424548,999.7
Hyderabad,2025-05-28 00:00:00,24.0,84.88741479671322,998.0
Hyderabad,2025-05-28 02:00:00,24.0,88.59935257199315,
Hyderabad,2025-05-28 03:00:00,25.8,81.04434812185663,1001.3
Hyderabad,2025-05-28 04:00:00,26.0,78.6398510724195,
Hyderabad,2025-05-28 05:00:00,27.0,74.13724053720264,
Hyderabad,2025-05-28 06:00:00,28.4,71.28430644471217,1000.7
Hyderabad,2025-05-28 07:00:00,28.0,69.92284655824665,
Hyderabad,2025-05-28 08:00:00,29.0,62.05907199151088,
Hyderabad,2025-05-28 09:00:00,29.8,64.55274470068998,998.5
Hyderabad,2025-05-28 10:00:00,29.0,65.9764050234237,
Hyderabad,2025-05-28 11:00:00,29.0,65.9764050234237,
Hyderabad,2025-05-28 12:00:00,28.8,70.07168933719818,997.4
Hyderabad,2025-05-28 13:00:00,28.0,69.92284655824665,
Hyderabad,2025-05-28 14:00:00,26.0,78.6398510724195,
Hyderabad,2025-05-28 15:00:00,26.0,78.16158824199735,999.8
Hyderabad,2025-05-28 16:00:00,26.0,73.97062900551056,
Hyderabad,2025-05-28 18:00:00,25.2,89.77318651955946,1000.8
Hyderabad,2025-05-28 21:00:00,24.8,88.12759322404811,999.6
Hyderabad,2025-05-29 00:00:00,24.6,86.51781437617485,999.0
Hyderabad,2025-05-29 02:00:00,25.0,83.45262666598398,
Hyderabad,2025-05-29 03:00:00,26.0,82.55918218789247,1000.4
Hyderabad,2025-05-29 04:00:00,26.0,78.6398510724195,
Hyderabad,2025-05-29 05:00:00,27.0,74.13724053720264,
Hyderabad,2025-05-29 06:00:00,28.0,74.75324908997443,1000.0
Hyderabad,2025-05-29 07:00:00,28.0,69.92284655824665,
Hyderabad,2025-05-29 08:00:00,28.0,69.92284655824665,
Hyderabad,2025-05-29 09:00:00,29.8,68.1706441435751,997.9
Hyderabad,2025-05-29 11:00:00,29.0,74.46601257025355,
Hyderabad,2025-05-29 12:00:00,27.0,70.16498573439732,998.0
Hyderabad,2025-05-29 14:00:00,24.0,78.3540921272656,
Hyderabad,2025-05-29 15:00:00,24.8,80.91617618975445,1000.1
Hyderabad,2025-05-29 16:00:00,25.0,78.49764721655077,
Hyderabad,2025-05-29 18:00:00,25.6,78.10377110822357,1000.0
Hyderabad,2025-05-29 21:00:00,25.6,82.5117563848295,999.1
Hyderabad,2025-05-30 00:00:00,25.0,90.30253888900404,999.8
Hyderabad,2025-05-30 03:00:00,26.0,82.55918218789247,1001.4
Hyderabad,2025-05-30 06:00:00,31.0,66.3818887938788,1000.3
Hyderabad,2025-05-30 07:00:00,31.0,58.81392369643709,
Hyderabad,2025-05-30 09:00:00,33.2,54.188212715085356,998.1
Hyderabad,2025-05-30 10:00:00,32.0,59.04479527455803,
Hyderabad,2025-05-30 12:00:00,31.4,59.62655225243648,996.8
Hyderabad,2025-05-30 13:00:00,31.0,58.81392369643709,
Hyderabad,2025-05-30 14:00:00,30.0,62.279197326402645,
Hyderabad,2025-05-30 15:00:00,29.8,65.73955575357787,1000.5
Hyderabad,2025-05-30 16:00:00,29.0,65.9764050234237,
Hyderabad,2025-05-30 21:00:00,27.6,79.3410195196288,1001.4
Hyderabad,2025-05-31 00:00:00,25.6,79.54959126313932,1002.9
Hyderabad,2025-05-31 03:00:00,26.4,74.03745333814867,1003.8
Hyderabad,2025-05-31 06:00:00,31.0,54.645691707211896,1004.0
Hyderabad,2025-05-31 09:00:00,34.0,45.01303182239883,1001.9
Hyderabad,2025-05-31 10:00:00,34.0,41.26764941426599,
Hyderabad,2025-05-31 11:00:00,34.0,38.76260999542678,
Hyderabad,2025-05-31 12:00:00,34.0,41.26764941426599,1001.2
Hyderabad,2025-05-31 14:00:00,32.0,43.37530845087229,
Hyderabad,2025-05-31 15:00:00,30.8,51.32134411473673,1003.1
Hyderabad,2025-05-31 18:00:00,29.6,54.63879144543691,1003.9
Hyderabad,2025-05-31 21:00:00,28.0,65.77119451823714,1003.6
Hyderabad,2025-06-01 00:00:00,26.4,70.0529871846676,1004.5
Hyderabad,2025-06-01 02:00:00,27.0,65.56431854728334,
Hyderabad,2025-06-01 03:00:00,28.0,64.56860575309092,1006.9
Hyderabad,2025-06-01 04:00:00,29.0,58.347168092797666,
Hyderabad,2025-06-01 06:00:00,31.0,52.0129263013748,
Hyderabad,2025-06-01 07:00:00,32.0,49.13932991257226,
Hyderabad,2025-06-01 08:00:00,33.0,46.44361338141738,
Hyderabad,2025-06-01 09:00:00,34.0,41.26764941426599,
Hyderabad,2025-06-01 10:00:00,34.0,38.76260999542678,
Hyderabad,2025-06-01 11:00:00,33.0,40.99579826538557,
Hyderabad,2025-06-01 12:00:00,33.6,41.67699875120779,1002.3
Hyderabad,2025-06-01 13:00:00,32.0,46.178444191385225,
Hyderabad,2025-06-01 14:00:00,32.0,46.178444191385225,
Hyderabad,2025-06-01 15:00:00,28.6,65.89451972688084,1004.7
Hyderabad,2025-06-01 16:00:00,27.0,69.73535987777385,
Hyderabad,2025-06-01 17:00:00,27.0,65.56431854728334,
Hyderabad,2025-06-01 18:00:00,28.0,64.56860575309092,1005.7
Hyderabad,2025-06-01 21:00:00,27.2,66.42134103227126,1004.8
Hyderabad,2025-06-02 00:00:00,25.4,74.78677922090901,1005.8
Hyderabad,2025-06-02 02:00:00,26.0,69.54626593683008,
Hyderabad,2025-06-02 03:00:00,27.6,69.4219684883362,1006.4
Hyderabad,2025-06-02 04:00:00,29.0,58.347168092797666,
Hyderabad,2025-06-02 05:00:00,29.0,58.347168092797666,
Hyderabad,2025-06-02 06:00:00,31.6,53.13694270651922,1004.8
Hyderabad,2025-06-02 08:00:00,32.0,46.178444191385225,
Hyderabad,2025-06-02 09:00:00,31.4,50.841327332343276,1003.0
Hyderabad,2025-06-02 10:00:00,32.0,49.13932991257226,
Hyderabad,2025-06-02 11:00:00,31.0,48.87889229893936,
Hyderabad,2025-06-02 12:00:00,29.0,61.3005571175413,1002.8
Hyderabad,2025-06-02 14:00:00,28.0,65.77119451823714,
Hyderabad,2025-06-02 15:00:00,28.8,56.16626483504383,1004.0
Hyderabad,2025-06-02 16:00:00,28.0,58.11126126861089,
Hyderabad,2025-06-02 18:00:00,28.2,63.42857312642764,1004.6
Hyderabad,2025-06-03 00:00:00,25.6,73.44933327378524,1005.0
Hyderabad,2025-06-03 02:00:00,26.0,69.54626593683008,
Hyderabad,2025-06-03 03:00:00,27.6,68.1573799292512,1006.7
Hyderabad,2025-06-03 04:00:00,28.0,65.77119451823714,
Hyderabad,2025-06-03 05:00:00,29.0,62.05907199151088,
Hyderabad,2025-06-03 06:00:00,31.2,54.026286300419244,1005.3
Hyderabad,2025-06-03 07:00:00,31.0,55.321861254558726,
Hyderabad,2025-06-03 08:00:00,33.0,49.398242289998336,
Hyderabad,2025-06-03 09:00:00,32.0,50.05946898334762,1002.9
Hyderabad,2025-06-03 10:00:00,32.0,49.13932991257226,
Hyderabad,2025-06-03 11:00:00,32.0,46.178444191385225,
Hyderabad,2025-06-03 12:00:00,32.2,48.286373023695944,1001.7
Hyderabad,2025-06-03 13:00:00,30.0,55.07749010874436,
Hyderabad,2025-06-03 14:00:00,29.0,62.05907199151088,
Hyderabad,2025-06-03 15:00:00,29.6,60.68601439855552,1003.6
Hyderabad,2025-06-03 16:00:00,29.0,58.347168092797666,
Hyderabad,2025-06-03 18:00:00,29.0,60.178026182739444,1004.8
Hyderabad,2025-06-03 21:00:00,28.2,61.881757646591936,1004.6
Hyderabad,2025-06-04 00:00:00,26.4,68.76728555973749,1005.6
Hyderabad,2025-06-04 02:00:00,27.0,65.56431854728334,
Hyderabad,2025-06-04 03:00:00,28.6,62.35350135009037,1007.2
Hyderabad,2025-06-04 04:00:00,29.0,58.347168092797666,
Hyderabad,2025-06-04 05:00:00,30.0,55.07749010874436,
Hyderabad,2025-06-04 06:00:00,32.4,46.28468477422319,1005.9
Hyderabad,2025-06-04 07:00:00,32.0,43.37530845087229,
Hyderabad,2025-06-04 08:00:00,34.0,41.26764941426599,
Hyderabad,2025-06-04 09:00:00,34.6,42.734210826075305,1003.2
Hyderabad,2025-06-04 11:00:00,34.0,34.14991504093326,
Hyderabad,2025-06-04 12:00:00,33.6,41.67699875120779,1002.3
Hyderabad,2025-06-04 13:00:00,32.0,43.37530845087229,
Hyderabad,2025-06-04 14:00:00,31.0,45.91183326611469,
Hyderabad,2025-06-04 15:00:00,31.4,47.480646065444475,1004.5
Hyderabad,2025-06-04 16:00:00,29.0,54.83146494452449,
Hyderabad,2025-06-04 17:00:00,28.0,61.83725955078121,
Hyderabad,2025-06-04 18:00:00,28.0,64.56860575309092,1006.8
Hyderabad,2025-06-04 19:00:00,28.0,58.11126126861089,
Hyderabad,2025-06-04 21:00:00,26.0,64.14261894523437,1006.5
Hyderabad,2025-06-05 00:00:00,26.0,70.84852701016716,1006.2
Hyderabad,2025-06-05 02:00:00,25.0,69.35554872897104,
Hyderabad,2025-06-05 03:00:00,27.4,66.87275915526591,1008.2
Hyderabad,2025-06-05 05:00:00,30.0,55.07749010874436,
Hyderabad,2025-06-05 06:00:00,31.8,51.25891739621022,1007.2
Hyderabad,2025-06-05 07:00:00,32.0,49.13932991257226,
Hyderabad,2025-06-05 08:00:00,32.0,49.13932991257226,
Hyderabad,2025-06-05 09:00:00,34.4,42.41668029519114,1004.3
Hyderabad,2025-06-05 10:00:00,33.0,40.99579826538557,
Hyderabad,2025-06-05 11:00:00,33.0,43.645157807317524,
Hyderabad,2025-06-05 12:00:00,33.4,45.412388773200604,1003.4
Hyderabad,2025-06-05 13:00:00,31.0,55.321861254558726,
Hyderabad,2025-06-05 14:00:00,27.0,69.73535987777385,
Hyderabad,2025-06-05 15:00:00,28.2,68.27434030475051,1007.2
Hyderabad,2025-06-05 16:00:00,26.0,73.97062900551056,
Hyderabad,2025-06-05 17:00:00,26.0,73.97062900551056,
Hyderabad,2025-06-05 18:00:00,27.2,75.99619656068727,1007.8
Hyderabad,2025-06-05 21:00:00,27.6,69.4219684883362,1007.0
Hyderabad,2025-06-06 00:00:00,26.4,76.80285560648711,1007.6
Hyderabad,2025-06-06 03:00:00,29.6,66.90551465127179,1008.0
Hyderabad,2025-06-06 04:00:00,31.0,55.321861254558726,
Hyderabad,2025-06-06 05:00:00,32.0,52.26545370306257,
Hyderabad,2025-06-06 06:00:00,34.4,46.24198815742465,1006.6
Hyderabad,2025-06-06 07:00:00,33.0,49.398242289998336,
Hyderabad,2025-06-06 08:00:00,33.0,46.44361338141738,
Hyderabad,2025-06-06 09:00:00,36.0,39.551028058584606,1004.1
Hyderabad,2025-06-06 10:00:00,35.0,36.665841804175486,
Hyderabad,2025-06-06 11:00:00,34.0,41.26764941426599,
Hyderabad,2025-06-06 12:00:00,34.8,40.46647720039389,1002.6
Hyderabad,2025-06-06 13:00:00,31.0,52.0129263013748,
Hyderabad,2025-06-06 14:00:00,31.0,55.321861254558726,
Hyderabad,2025-06-06 15:00:00,30.0,58.58138510397075,1006.5
Hyderabad,2025-06-06 16:00:00,29.0,62.05907199151088,
Hyderabad,2025-06-06 18:00:00,28.6,68.76927971586183,1006.6
Hyderabad,2025-06-06 21:00:00,27.6,68.1573799292512,1005.7
Hyderabad,2025-06-07 00:00:00,28.2,64.61083295723954,1006.5
Hyderabad,2025-06-07 02:00:00,29.0,62.05907199151088,
Hyderabad,2025-06-07 03:00:00,30.6,60.173252756991545,1007.5
Hyderabad,2025-06-07 04:00:00,32.0,52.26545370306257,
Hyderabad,2025-06-07 05:00:00,33.0,46.44361338141738,
Hyderabad,2025-06-07 06:00:00,35.4,41.646158440844545,1006.1
Hyderabad,2025-06-07 07:00:00,35.0,39.035377267737374,
Hyderabad,2025-06-07 08:00:00,36.0,36.938574618730286,
Hyderabad,2025-06-07 09:00:00,37.6,34.2676897004728,1002.3
Hyderabad,2025-06-07 10:00:00,34.0,43.913663069278805,
Hyderabad,2025-06-07 11:00:00,30.0,55.07749010874436,
Hyderabad,2025-06-07 12:00:00,30.6,54.547295560496046,1003.9
Hyderabad,2025-06-07 13:00:00,30.0,55.07749010874436,
Hyderabad,2025-06-07 15:00:00,30.0,59.66996262593302,1007.0
Hyderabad,2025-06-07 16:00:00,29.0,58.347168092797666,
Hyderabad,2025-06-07 18:00:00,28.2,69.53531636044694,1006.9
Hyderabad,2025-06-07 21:00:00,27.2,67.66128064356994,1006.2
Hyderabad,2025-06-08 00:00:00,26.4,74.03745333814867,1006.3
Hyderabad,2025-06-08 02:00:00,28.0,65.77119451823714,
Hyderabad,2025-06-08 03:00:00,29.0,65.17604956351583,1007.2
Hyderabad,2025-06-08 04:00:00,30.0,58.58138510397075,
Hyderabad,2025-06-08 05:00:00,32.0,52.26545370306257,
Hyderabad,2025-06-08 06:00:00,33.4,51.35032689190111,1005.6
Hyderabad,2025-06-08 07:00:00,33.0,52.516390209894936,
Hyderabad,2025-06-08 08:00:00,34.0,49.65563394804311,
Hyderabad,2025-06-08 09:00:00,37.0,37.210291011720045,1001.9
Hyderabad,2025-06-08 10:00:00,35.0,39.035377267737374,
Hyderabad,2025-06-08 15:00:00,31.2,53.6947284534463,1003.9
Hyderabad,2025-06-08 16:00:00,29.0,58.347168092797666,
Hyderabad,2025-06-08 17:00:00,28.0,61.83725955078121,
Hyderabad,2025-06-08 18:00:00,29.0,63.99146967340664,1005.0
Hyderabad,2025-06-09 00:00:00,26.0,72.61811825905968,1004.2
Hyderabad,2025-06-09 01:00:00,26.0,73.97062900551056,
Hyderabad,2025-06-09 02:00:00,26.0,69.54626593683008,
Hyderabad,2025-06-09 03:00:00,25.8,72.58319579661809,1007.5
Hyderabad,2025-06-09 04:00:00,27.0,65.56431854728334,
Hyderabad,2025-06-09 05:00:00,25.0,69.35554872897104,
Hyderabad,2025-06-09 06:00:00,26.7,62.710398857438776,1006.2
Hyderabad,2025-06-09 07:00:00,29.0,51.50307132317005,
Hyderabad,2025-06-09 08:00:00,30.0,48.61692510697891,
Hyderabad,2025-06-09 09:00:00,29.6,57.06157172075657,1003.1
Hyderabad,2025-06-09 10:00:00,29.0,62.05907199151088,
Hyderabad,2025-06-09 11:00:00,29.0,62.05907199151088,
Hyderabad,2025-06-09 12:00:00,29.0,67.6029912702051,1002.0
Hyderabad,2025-06-09 13:00:00,28.0,69.92284655824665,
Hyderabad,2025-06-09 14:00:00,28.0,69.92284655824665,
Hyderabad,2025-06-09 15:00:00,28.4,73.92044305683572,1002.0
Hyderabad,2025-06-09 16:00:00,28.0,74.30236303611937,
Hyderabad,2025-06-09 18:00:00,27.6,72.01298206177633,1003.2
Hyderabad,2025-06-09 21:00:00,26.4,75.40904545009995,1001.8
Hyderabad,2025-06-10 00:00:00,24.4,76.02429279335996,1001.5
Hyderabad,2025-06-10 02:00:00,25.0,73.8025121880607,
Hyderabad,2025-06-10 03:00:00,26.2,72.65297888830925,1002.9
Hyderabad,2025-06-10 04:00:00,27.0,65.56431854728334,
Hyderabad,2025-06-10 05:00:00,28.0,61.83725955078121,
Hyderabad,2025-06-10 06:00:00,29.6,65.30049614566528,1002.1
Hyderabad,2025-06-10 07:00:00,29.0,62.05907199151088,
Hyderabad,2025-06-10 08:00:00,28.0,65.77119451823714,
Hyderabad,2025-06-10 09:00:00,29.0,70.10874183711726,1001.5
Hyderabad,2025-06-10 10:00:00,29.0,62.05907199151088,
Hyderabad,2025-06-10 12:00:00,28.8,71.35605992226263,1000.1
Hyderabad,2025-06-10 13:00:00,28.0,69.92284655824665,
Hyderabad,2025-06-10 14:00:00,27.0,74.13724053720264,
Hyderabad,2025-06-10 15:00:00,27.0,75.96502451223623,1001.1
Hyderabad,2025-06-10 16:00:00,26.0,78.6398510724195,
Hyderabad,2025-06-10 17:00:00,26.0,78.6398510724195,
Hyderabad,2025-06-10 18:00:00,26.4,80.14320113252735,1003.0
Hyderabad,2025-06-10 21:00:00,25.8,85.59004257177266,1001.6
Hyderabad,2025-06-11 00:00:00,24.8,80.42146721617324,1000.7
Hyderabad,2025-06-11 02:00:00,25.0,73.8025121880607,
Hyderabad,2025-06-11 06:00:00,29.8,66.94543581672319,1001.6
Hyderabad,2025-06-11 07:00:00,30.0,58.58138510397075,
Hyderabad,2025-06-11 08:00:00,31.0,55.321861254558726,
Hyderabad,2025-06-11 09:00:00,32.2,54.60518702638903,999.0
Hyderabad,2025-06-11 10:00:00,30.0,58.58138510397075,
Hyderabad,2025-06-11 12:00:00,30.6,59.08123488638958,998.3
Hyderabad,2025-06-11 13:00:00,29.0,65.9764050234237,
Hyderabad,2025-06-11 14:00:00,29.0,65.9764050234237,
Hyderabad,2025-06-11 15:00:00,29.0,70.10874183711726,1000.1
Hyderabad,2025-06-11 16:00:00,28.0,74.30236303611937,
Hyderabad,2025-06-11 18:00:00,28.2,72.11862601726435,1000.7
Hyderabad,2025-06-12 03:00:00,26.2,84.09422307879059,1002.0
Hyderabad,2025-06-12 04:00:00,27.0,78.78071949348664,
Hyderabad,2025-06-12 05:00:00,29.0,70.10874183711726,
Hyderabad,2025-06-12 06:00:00,31.2,62.92008375327216,1000.2
Hyderabad,2025-06-12 07:00:00,31.0,58.81392369643709,
Hyderabad,2025-06-12 09:00:00,32.0,59.04479527455803,998.3
Hyderabad,2025-06-12 10:00:00,31.0,55.321861254558726,
Hyderabad,2025-06-12 11:00:00,31.0,55.321861254558726,
Hyderabad,2025-06-12 12:00:00,30.2,63.47058184400489,997.6
Hyderabad,2025-06-12 13:00:00,29.0,65.9764050234237,
Hyderabad,2025-06-12 14:00:00,28.0,74.30236303611937,
Hyderabad,2025-06-12 15:00:00,27.0,74.13724053720264,
Hyderabad,2025-06-12 16:00:00,27.0,78.78071949348664,
Hyderabad,2025-06-12 17:00:00,24.0,94.1486450224181,
Hyderabad,2025-06-12 18:00:00,24.6,94.74301669819423,1001.5
Hyderabad,2025-06-12 21:00:00,25.0,91.39891921824884,999.8
Hyderabad,2025-06-13 00:00:00,25.0,96.47815756865955,1000.5
Hyderabad,2025-06-13 02:00:00,26.0,88.7589455109383,
Hyderabad,2025-06-13 03:00:00,26.4,88.79047072518293,1002.1
Hyderabad,2025-06-13 04:00:00,30.0,70.29306142592459,
Hyderabad,2025-06-13 05:00:00,29.0,65.9764050234237,
Hyderabad,2025-06-13 06:00:00,30.0,68.20937282413261,1001.2
Hyderabad,2025-06-13 07:00:00,31.0,58.81392369643709,
Hyderabad,2025-06-13 08:00:00,27.0,83.67695517522091,
Hyderabad,2025-06-13 09:00:00,30.2,70.75268183697057,999.9
Hyderabad,2025-06-13 11:00:00,30.0,66.17996487728405,
Hyderabad,2025-06-13 12:00:00,30.4,68.28663793842222,999.1
Hyderabad,2025-06-13 13:00:00,29.0,70.10874183711726,
Hyderabad,2025-06-13 14:00:00,29.0,70.10874183711726,
Hyderabad,2025-06-13 15:00:00,29.0,72.69546161061416,1000.7
Hyderabad,2025-06-13 16:00:00,26.0,88.7589455109383,
Hyderabad,2025-06-13 17:00:00,26.0,88.7589455109383,
Hyderabad,2025-06-13 18:00:00,26.0,90.37112970835472,1002.5
Hyderabad,2025-06-13 21:00:00,25.6,90.34377933678581,1001.2
Hyderabad,2025-06-14 00:00:00,25.6,90.34377933678581,1001.5
Hyderabad,2025-06-14 02:00:00,27.0,74.13724053720264,
Hyderabad,2025-06-14 03:00:00,27.0,78.78071949348664,1002.4
Hyderabad,2025-06-14 06:00:00,29.2,70.1457313099043,1002.0
Hyderabad,2025-06-14 07:00:00,30.0,62.279197326402645,
Hyderabad,2025-06-14 08:00:00,30.0,66.17996487728405,
Hyderabad,2025-06-14 09:00:00,30.2,67.02508303477352,1000.6
Hyderabad,2025-06-14 10:00:00,31.0,62.49764883972529,
Hyderabad,2025-06-14 11:00:00,30.0,62.279197326402645,
Hyderabad,2025-06-14 12:00:00,30.2,67.02508303477352,998.4
Hyderabad,2025-06-14 13:00:00,29.0,70.10874183711726,
Hyderabad,2025-06-14 14:00:00,28.0,69.92284655824665,
Hyderabad,2025-06-14 15:00:00,28.0,72.52254772283483,1001.2
Hyderabad,2025-06-14 16:00:00,27.0,78.78071949348664,
Hyderabad,2025-06-14 18:00:00,26.8,80.19613913478753,1001.6
Hyderabad,2025-06-14 21:00:00,25.6,81.01881277997141,1000.2
Hyderabad,2025-06-15 00:00:00,25.0,83.96287846488495,1000.4
Hyderabad,2025-06-15 02:00:00,25.0,78.49764721655077,
Hyderabad,2025-06-15 03:00:00,25.6,81.01881277997141,1001.8
Hyderabad,2025-06-15 05:00:00,27.0,74.13724053720264,
Hyderabad,2025-06-15 06:00:00,27.2,74.62319571095497,1001.1
Hyderabad,2025-06-15 07:00:00,28.0,69.92284655824665,
Hyderabad,2025-06-15 08:00:00,29.0,65.9764050234237,
Hyderabad,2025-06-15 09:00:00,29.0,66.37980250404418,999.0
Hyderabad,2025-06-15 10:00:00,31.0,58.81392369643709,
Hyderabad,2025-06-15 11:00:00,30.0,62.279197326402645,
Hyderabad,2025-06-15 12:00:00,30.0,64.59471092157922,997.5
Hyderabad,2025-06-15 13:00:00,29.0,65.9764050234237,
Hyderabad,2025-06-15 14:00:00,28.0,69.92284655824665,
Hyderabad,2025-06-15 15:00:00,27.0,80.22253240188351,1000.7
Hyderabad,2025-06-15 16:00:00,25.0,83.45262666598398,
Hyderabad,2025-06-15 18:00:00,25.6,82.5117563848295,1001.2
Hyderabad,2025-06-15 21:00:00,25.2,83.98487805984742,1000.1
Hyderabad,2025-06-16 00:00:00,23.6,88.02677396309889,1000.5
Hyderabad,2025-06-16 01:00:00,24.0,83.33878752130364,
Hyderabad,2025-06-16 02:00:00,24.0,83.33878752130364,
Hyderabad,2025-06-16 03:00:00,26.0,84.07244076824206,1000.9
Hyderabad,2025-06-16 04:00:00,28.0,69.92284655824665,
Hyderabad,2025-06-16 05:00:00,29.0,65.9764050234237,
Hyderabad,2025-06-16 06:00:00,28.0,70.7801894145969,1000.9
Hyderabad,2025-06-16 07:00:00,28.0,65.77119451823714,
Hyderabad,2025-06-16 08:00:00,29.0,65.9764050234237,
Hyderabad,2025-06-16 09:00:00,30.8,60.58625885317225,998.9
Hyderabad,2025-06-16 10:00:00,30.0,58.58138510397075,
Hyderabad,2025-06-16 11:00:00,31.0,55.321861254558726,
Hyderabad,2025-06-16 12:00:00,30.4,59.034988113686474,998.4
Hyderabad,2025-06-16 13:00:00,26.0,73.97062900551056,
Hyderabad,2025-06-16 14:00:00,26.0,69.54626593683008,
Hyderabad,2025-06-16 15:00:00,26.4,75.40904545009995,1001.7
Hyderabad,2025-06-16 16:00:00,27.0,69.73535987777385,
Hyderabad,2025-06-16 17:00:00,26.0,73.97062900551056,
Hyderabad,2025-06-16 18:00:00,26.2,76.77248501125355,1002.6
Hyderabad,2025-06-17 00:00:00,25.0,80.94190986257107,1002.5
Hyderabad,2025-06-17 02:00:00,26.0,73.97062900551056,
Hyderabad,2025-06-17 03:00:00,26.6,75.90250895113047,1003.7
Hyderabad,2025-06-17 04:00:00,29.0,62.05907199151088,
Hyderabad,2025-06-17 05:00:00,29.0,62.05907199151088,
Hyderabad,2025-06-17 06:00:00,31.0,57.04447541902918,1003.1
Hyderabad,2025-06-17 07:00:00,32.0,52.26545370306257,
Hyderabad,2025-06-17 08:00:00,32.0,52.26545370306257,
Hyderabad,2025-06-17 09:00:00,33.4,48.30141369843827,1001.2
Hyderabad,2025-06-17 10:00:00,33.0,46.44361338141738,
Hyderabad,2025-06-17 11:00:00,32.0,52.26545370306257,
Hyderabad,2025-06-17 12:00:00,32.6,47.50135055929089,1000.0
Hyderabad,2025-06-17 13:00:00,31.0,52.0129263013748,
Hyderabad,2025-06-17 14:00:00,30.0,55.07749010874436,
Hyderabad,2025-06-17 15:00:00,30.4,56.552501126573276,1002.5
Hyderabad,2025-06-17 16:00:00,30.0,55.07749010874436,
Hyderabad,2025-06-17 17:00:00,29.0,58.347168092797666,
Hyderabad,2025-06-17 18:00:00,29.0,59.073562416700796,1003.4
Hyderabad,2025-06-17 21:00:00,27.4,65.24317342339255,1002.6
Hyderabad,2025-06-18 00:00:00,25.4,76.65043863365821,1003.6
Hyderabad,2025-06-18 02:00:00,26.0,73.97062900551056,
Hyderabad,2025-06-18 03:00:00,27.4,70.6704235036712,1004.6
Hyderabad,2025-06-18 04:00:00,29.0,62.05907199151088,
Hyderabad,2025-06-18 06:00:00,31.2,58.147271647681784,1003.1
Hyderabad,2025-06-18 07:00:00,32.0,49.13932991257226,
Hyderabad,2025-06-18 08:00:00,33.0,49.398242289998336,
Hyderabad,2025-06-18 09:00:00,34.0,46.99509750229453,1000.7
Hyderabad,2025-06-18 10:00:00,33.0,46.44361338141738,
Hyderabad,2025-06-18 11:00:00,33.0,46.44361338141738,
Hyderabad,2025-06-18 12:00:00,33.0,47.90095343861191,1000.0
Hyderabad,2025-06-18 13:00:00,32.0,49.13932991257226,
Hyderabad,2025-06-18 14:00:00,31.0,52.0129263013748,
Hyderabad,2025-06-18 15:00:00,31.0,53.64502413942176,1001.8
Hyderabad,2025-06-18 16:00:00,30.0,51.75880110114196,
Hyderabad,2025-06-18 18:00:00,29.4,54.5893740362844,1002.9
Hyderabad,2025-06-18 21:00:00,27.0,65.15950802191401,1002.2
Hyderabad,2025-06-19 00:00:00,25.6,73.90356382924116,1002.2
Hyderabad,2025-06-19 02:00:00,26.0,73.97062900551056,
Hyderabad,2025-06-19 03:00:00,27.2,73.2719762056861,1003.3
Hyderabad,2025-06-19 05:00:00,28.0,61.83725955078121,
Hyderabad,2025-06-19 06:00:00,30.2,64.63661092775321,1003.7
Hyderabad,2025-06-19 07:00:00,30.0,58.58138510397075,
Hyderabad,2025-06-19 09:00:00,31.2,55.03175537814078,1001.3
Hyderabad,2025-06-19 10:00:00,32.0,49.13932991257226,
Hyderabad,2025-06-19 11:00:00,33.0,46.44361338141738,
Hyderabad,2025-06-19 12:00:00,32.6,48.69053626792785,1000.2
Hyderabad,2025-06-19 13:00:00,32.0,49.13932991257226,
Hyderabad,2025-06-19 14:00:00,31.0,52.0129263013748,
Hyderabad,2025-06-19 15:00:00,30.0,59.66996262593302,1003.3
Hyderabad,2025-06-19 16:00:00,28.0,65.77119451823714,
Hyderabad,2025-06-19 18:00:00,27.8,69.45981522443017,1004.7
Hyderabad,2025-06-19 21:00:00,26.6,75.44089377419326,1003.9
Hyderabad,2025-06-20 00:00:00,25.4,78.0747809293731,1004.6
Hyderabad,2025-06-20 02:00:00,26.0,73.97062900551056,
Hyderabad,2025-06-20 03:00:00,27.6,73.33997411889106,1006.0
Hyderabad,2025-06-20 04:00:00,28.0,65.77119451823714,
Hyderabad,2025-06-20 05:00:00,29.0,62.05907199151088,
Hyderabad,2025-06-20 06:00:00,30.8,58.05357342222434,1004.9
Hyderabad,2025-06-20 07:00:00,31.0,52.0129263013748,
Hyderabad,2025-06-20 08:00:00,32.0,49.13932991257226,
Hyderabad,2025-06-20 09:00:00,33.8,44.95978777726947,1001.3
Hyderabad,2025-06-20 10:00:00,32.0,49.13932991257226,
Hyderabad,2025-06-20 12:00:00,32.2,52.63758610494394,1000.9
Hyderabad,2025-06-20 14:00:00,30.0,55.07749010874436,
Hyderabad,2025-06-20 15:00:00,30.4,57.60498492741043,1003.1
Hyderabad,2025-06-20 16:00:00,28.0,61.83725955078121,
Hyderabad,2025-06-20 18:00:00,27.6,69.4219684883362,1005.1
Hyderabad,2025-06-20 21:00:00,26.0,72.61811825905968,1004.1
Hyderabad,2025-06-21 00:00:00,25.0,76.11833883251128,1004.9
Hyderabad,2025-06-21 02:00:00,26.0,73.97062900551056,
Hyderabad,2025-06-21 03:00:00,27.6,68.1573799292512,1005.9
Hyderabad,2025-06-21 04:00:00,29.0,62.05907199151088,
Hyderabad,2025-06-21 05:00:00,30.0,58.58138510397075,
Hyderabad,2025-06-21 06:00:00,32.2,52.63758610494394,1004.3
Hyderabad,2025-06-21 07:00:00,32.0,49.13932991257226,
Hyderabad,2025-06-21 08:00:00,34.0,43.913663069278805,
Hyderabad,2025-06-21 09:00:00,34.6,42.734210826075305,1001.3
Hyderabad,2025-06-21 10:00:00,34.0,41.26764941426599,
Hyderabad,2025-06-21 11:00:00,33.0,43.645157807317524,
Hyderabad,2025-06-21 12:00:00,33.8,43.86006957213443,1000.4
Hyderabad,2025-06-21 13:00:00,33.0,43.645157807317524,
Hyderabad,2025-06-21 14:00:00,32.0,46.178444191385225,
Hyderabad,2025-06-21 15:00:00,30.8,52.28529670371479,1002.4
Hyderabad,2025-06-21 16:00:00,29.0,58.347168092797666,
Hyderabad,2025-06-21 17:00:00,28.0,61.83725955078121,
Hyderabad,2025-06-21 18:00:00,28.2,64.61083295723954,1004.7
Hyderabad,2025-06-22 00:00:00,25.4,74.78677922090901,1004.4
Hyderabad,2025-06-22 02:00:00,26.0,73.97062900551056,
Hyderabad,2025-06-22 03:00:00,27.2,71.94224407779087,1005.7
Hyderabad,2025-06-22 04:00:00,29.0,62.05907199151088,
Hyderabad,2025-06-22 05:00:00,30.0,58.58138510397075,
Hyderabad,2025-06-22 06:00:00,31.4,55.08058002977347,1004.2
Hyderabad,2025-06-22 07:00:00,31.0,52.0129263013748,
Hyderabad,2025-06-22 08:00:00,32.0,49.13932991257226,
Hyderabad,2025-06-22 09:00:00,34.4,46.24198815742465,1001.0
Hyderabad,2025-06-22 10:00:00,34.0,43.913663069278805,
Hyderabad,2025-06-22 11:00:00,34.0,38.76260999542678,
Hyderabad,2025-06-22 12:00:00,34.0,41.010909884392014,999.2
Hyderabad,2025-06-22 13:00:00,33.0,40.99579826538557,
Hyderabad,2025-06-22 14:00:00,32.0,46.178444191385225,
Hyderabad,2025-06-22 15:00:00,31.6,48.73166147401666,1001.8
Hyderabad,2025-06-22 16:00:00,29.0,58.347168092797666,
Hyderabad,2025-06-22 17:00:00,29.0,58.347168092797666,
Hyderabad,2025-06-22 18:00:00,29.0,60.178026182739444,1003.4
Hyderabad,2025-06-22 21:00:00,26.4,71.35972072476868,1002.4
Hyderabad,2025-06-23 00:00:00,25.0,76.58907524068796,1003.1
Hyderabad,2025-06-23 02:00:00,25.0,73.8025121880607,
Hyderabad,2025-06-23 03:00:00,26.0,76.74205814496156,1003.9
Hyderabad,2025-06-23 04:00:00,27.0,65.56431854728334,
Hyderabad,2025-06-23 05:00:00,29.0,58.347168092797666,
Hyderabad,2025-06-23 06:00:00,29.4,61.767651206357556,1003.0
Hyderabad,2025-06-23 07:00:00,30.0,55.07749010874436,
Hyderabad,2025-06-23 08:00:00,32.0,46.178444191385225,
Hyderabad,2025-06-23 09:00:00,31.4,51.793336482077336,1000.0
Hyderabad,2025-06-23 10:00:00,27.0,65.56431854728334,
Hyderabad,2025-06-23 12:00:00,29.6,64.11896805335266,999.1
Hyderabad,2025-06-23 13:00:00,29.0,54.83146494452449,
Hyderabad,2025-06-23 14:00:00,29.0,54.83146494452449,
Hyderabad,2025-06-23 15:00:00,28.2,59.62356658779815,1001.6
Hyderabad,2025-06-23 16:00:00,27.0,65.56431854728334,
Hyderabad,2025-06-23 17:00:00,27.0,61.6137466743783,
Hyderabad,2025-06-23 18:00:00,26.6,68.80592954249845,1002.2
Hyderabad,2025-06-23 21:00:00,25.2,73.38106367287797,1001.5
Hyderabad,2025-06-24 00:00:00,24.4,78.89696564566025,1001.4
Hyderabad,2025-06-24 03:00:00,26.0,75.34517424505886,1002.2
Hyderabad,2025-06-24 06:00:00,27.4,70.6704235036712,1001.6
Hyderabad,2025-06-24 09:00:00,28.8,67.56355741939835,1000.3
Hyderabad,2025-06-24 10:00:00,29.0,58.347168092797666,
Hyderabad,2025-06-24 11:00:00,29.0,58.347168092797666,
Hyderabad,2025-06-24 12:00:00,27.8,69.45981522443017,999.4
Hyderabad,2025-06-24 13:00:00,26.0,73.97062900551056,
Hyderabad,2025-06-24 14:00:00,26.0,73.97062900551056,
Hyderabad,2025-06-24 15:00:00,26.0,73.97062900551056,1001.8
Hyderabad,2025-06-24 16:00:00,26.0,69.54626593683008,
Hyderabad,2025-06-24 17:00:00,26.0,73.97062900551056,
Hyderabad,2025-06-24 18:00:00,26.0,73.97062900551056,1002.8
Hyderabad,2025-06-24 21:00:00,25.2,78.04573617296006,1001.4
Hyderabad,2025-06-25 00:00:00,24.6,81.88902089566457,1000.7
Hyderabad,2025-06-25 02:00:00,25.0,78.49764721655077,
Hyderabad,2025-06-25 03:00:00,26.0,73.97062900551056,
Hyderabad,2025-06-25 04:00:00,27.0,69.73535987777385,
Hyderabad,2025-06-25 05:00:00,29.0,62.05907199151088,
Hyderabad,2025-06-25 06:00:00,30.0,58.58138510397075,
Hyderabad,2025-06-25 07:00:00,31.0,55.321861254558726,
Hyderabad,2025-06-25 08:00:00,31.0,55.321861254558726,
Hyderabad,2025-06-25 09:00:00,32.2,54.60518702638903,998.7
Hyderabad,2025-06-25 10:00:00,31.0,48.87889229893936,
Hyderabad,2025-06-25 11:00:00,30.0,58.58138510397075,
Hyderabad,2025-06-25 12:00:00,29.8,59.624049885095886,998.6
Hyderabad,2025-06-25 13:00:00,28.0,65.77119451823714,
Hyderabad,2025-06-25 14:00:00,27.0,69.73535987777385,
Hyderabad,2025-06-25 15:00:00,27.2,74.62319571095497,1001.3
Hyderabad,2025-06-25 16:00:00,27.0,69.73535987777385,
Hyderabad,2025-06-25 18:00:00,25.8,79.57685932121315,1002.5
Hyderabad,2025-06-25 21:00:00,24.8,85.48997942635886,1001.4
Hyderabad,2025-06-26 00:00:00,24.6,86.51781437617485,1001.7
Hyderabad,2025-06-26 02:00:00,25.0,78.49764721655077,
Hyderabad,2025-06-26 03:00:00,27.0,75.96502451223623,1002.2
Hyderabad,2025-06-26 04:00:00,27.0,69.73535987777385,
Hyderabad,2025-06-26 05:00:00,29.0,62.05907199151088,
Hyderabad,2025-06-26 06:00:00,29.2,64.03403591828733,1002.8
Hyderabad,2025-06-26 08:00:00,29.0,62.05907199151088,
Hyderabad,2025-06-26 09:00:00,29.0,65.17604956351583,1001.6
Hyderabad,2025-06-26 10:00:00,31.0,55.321861254558726,
Hyderabad,2025-06-26 11:00:00,31.0,52.0129263013748,
Hyderabad,2025-06-26 12:00:00,30.6,56.600480482131864,999.8
Hyderabad,2025-06-26 13:00:00,30.0,55.07749010874436,
Hyderabad,2025-06-26 14:00:00,29.0,58.347168092797666,
Hyderabad,2025-06-26 15:00:00,29.0,60.178026182739444,1001.7
Hyderabad,2025-06-26 16:00:00,28.0,61.83725955078121,
Hyderabad,2025-06-26 18:00:00,27.2,66.42134103227126,1003.2
Hyderabad,2025-06-26 21:00:00,25.8,75.31315110466264,1002.5
Hyderabad,2025-06-27 00:00:00,25.0,80.94190986257107,1003.0
Hyderabad,2025-06-27 02:00:00,25.0,73.8025121880607,
Hyderabad,2025-06-27 03:00:00,25.6,78.10377110822357,1003.7
Hyderabad,2025-06-27 04:00:00,27.0,65.56431854728334,
Hyderabad,2025-06-27 05:00:00,29.0,58.347168092797666,
Hyderabad,2025-06-27 06:00:00,30.8,56.99686339899115,1003.1
Hyderabad,2025-06-27 07:00:00,32.0,49.13932991257226,
Hyderabad,2025-06-27 08:00:00,32.0,52.26545370306257,
Hyderabad,2025-06-27 09:00:00,32.6,48.69053626792785,1001.6
Hyderabad,2025-06-27 10:00:00,33.0,43.645157807317524,
Hyderabad,2025-06-27 11:00:00,33.0,43.645157807317524,
Hyderabad,2025-06-27 12:00:00,31.8,50.00794215353572,1000.3
Hyderabad,2025-06-27 13:00:00,25.0,78.49764721655077,
Hyderabad,2025-06-27 15:00:00,28.2,67.03344873373467,1002.8
Hyderabad,2025-06-27 16:00:00,28.0,65.77119451823714,
Hyderabad,2025-06-27 18:00:00,27.6,70.70707520994743,1004.8
Hyderabad,2025-06-27 21:00:00,26.2,74.00407121193724,1003.8
Hyderabad,2025-06-28 00:00:00,25.2,74.75407846072603,1004.1
Hyderabad,2025-06-28 02:00:00,25.0,73.8025121880607,
Hyderabad,2025-06-28 03:00:00,26.6,71.39581590815916,1004.9
Hyderabad,2025-06-28 04:00:00,28.0,61.83725955078121,
Hyderabad,2025-06-28 05:00:00,29.0,58.347168092797666,
Hyderabad,2025-06-28 06:00:00,29.8,58.17545062621481,1003.9
Hyderabad,2025-06-28 07:00:00,32.0,49.13932991257226,
Hyderabad,2025-06-28 08:00:00,32.0,49.13932991257226,
Hyderabad,2025-06-28 09:00:00,34.2,42.362750226287254,1001.1
Hyderabad,2025-06-28 10:00:00,33.0,40.99579826538557,
Hyderabad,2025-06-28 11:00:00,33.0,40.99579826538557,
Hyderabad,2025-06-28 12:00:00,33.2,44.24634143729821,1000.0
Hyderabad,2025-06-28 13:00:00,32.0,46.178444191385225,
Hyderabad,2025-06-28 14:00:00,29.0,58.347168092797666,
Hyderabad,2025-06-28 15:00:00,30.0,58.58138510397075,1002.2
Hyderabad,2025-06-28 16:00:00,29.0,54.83146494452449,
Hyderabad,2025-06-28 18:00:00,28.8,60.13232984013959,1003.3
Hyderabad,2025-06-28 21:00:00,26.8,67.58193621694379,1003.0
Hyderabad,2025-06-29 00:00:00,25.4,73.41522905629661,1002.9
Hyderabad,2025-06-29 02:00:00,25.0,73.8025121880607,
Hyderabad,2025-06-29 03:00:00,26.2,72.65297888830925,1004.4
Hyderabad,2025-06-29 04:00:00,27.0,65.56431854728334,
Hyderabad,2025-06-29 05:00:00,29.0,58.347168092797666,
Hyderabad,2025-06-29 06:00:00,31.0,54.98286515247459,1002.9
Hyderabad,2025-06-29 07:00:00,31.0,48.87889229893936,
Hyderabad,2025-06-29 08:00:00,32.0,46.178444191385225,
Hyderabad,2025-06-29 09:00:00,32.4,47.44877789198737,1000.7
Hyderabad,2025-06-29 10:00:00,31.0,48.87889229893936,
Hyderabad,2025-06-29 11:00:00,30.0,51.75880110114196,
Hyderabad,2025-06-29 12:00:00,30.2,51.80975429231799,1000.7
Hyderabad,2025-06-29 13:00:00,26.0,65.35576219694184,
Hyderabad,2025-06-29 14:00:00,27.0,65.56431854728334,
Hyderabad,2025-06-29 15:00:00,25.8,70.81180097230059,1004.4
Hyderabad,2025-06-29 16:00:00,24.0,83.33878752130364,
Hyderabad,2025-06-29 17:00:00,25.0,78.49764721655077,
Hyderabad,2025-06-29 18:00:00,25.4,78.0747809293731,1004.9
Hyderabad,2025-06-29 21:00:00,25.0,80.94190986257107,1004.2
Hyderabad,2025-06-30 00:00:00,24.6,81.88902089566457,1003.0
Hyderabad,2025-06-30 02:00:00,25.0,73.8025121880607,
Hyderabad,2025-06-30 03:00:00,25.6,78.10377110822357,1004.6
Hyderabad,2025-06-30 04:00:00,26.0,69.54626593683008,
Hyderabad,2025-06-30 05:00:00,27.0,65.56431854728334,
Hyderabad,2025-06-30 06:00:00,28.8,64.73711256760602,1003.4
Hyderabad,2025-06-30 07:00:00,29.0,62.05907199151088,
Hyderabad,2025-06-30 08:00:00,29.0,58.347168092797666,
Hyderabad,2025-06-30 09:00:00,30.2,58.628026731140324,1001.5
Hyderabad,2025-06-30 11:00:00,27.0,74.13724053720264,
Hyderabad,2025-06-30 12:00:00,28.4,69.99739475484381,1001.2
Hyderabad,2025-06-30 13:00:00,27.0,69.73535987777385,
Hyderabad,2025-06-30 14:00:00,23.0,94.10581804007526,
Hyderabad,2025-06-30 15:00:00,23.0,94.10581804007526,
Hyderabad,2025-06-30 16:00:00,23.0,88.51830793896134,
Hyderabad,2025-06-30 18:00:00,22.6,92.9437416009186,1005.5
Hyderabad,2025-06-30 21:00:00,23.0,94.6812063155598,1003.7
Hyderabad,2025-07-01 00:00:00,23.4,91.29967042540224,1003.3
Hyderabad,2025-07-01 02:00:00,24.0,83.33878752130364,
Hyderabad,2025-07-01 03:00:00,24.2,86.48011646915207,1004.4
Hyderabad,2025-07-01 05:00:00,26.0,73.97062900551056,
Hyderabad,2025-07-01 06:00:00,26.4,81.1206589392812,1004.0
Hyderabad,2025-07-01 07:00:00,27.0,69.73535987777385,
Hyderabad,2025-07-01 08:00:00,26.0,78.6398510724195,
Hyderabad,2025-07-01 09:00:00,26.4,81.1206589392812,1002.8
Hyderabad,2025-07-01 10:00:00,27.0,74.13724053720264,
Hyderabad,2025-07-01 11:00:00,28.0,65.77119451823714,
Hyderabad,2025-07-01 12:00:00,27.8,72.04825832142134,1001.1
Hyderabad,2025-07-01 13:00:00,27.0,69.73535987777385,
Hyderabad,2025-07-01 14:00:00,23.0,88.51830793896134,
Hyderabad,2025-07-01 15:00:00,23.0,89.61193893447619,1004.7
Hyderabad,2025-07-01 16:00:00,23.0,88.51830793896134,
Hyderabad,2025-07-01 18:00:00,22.4,94.6577488230315,1005.6
Hyderabad,2025-07-01 21:00:00,23.0,94.6812063155598,1003.6
Hyderabad,2025-07-02 00:00:00,23.0,94.6812063155598,1002.6
Hyderabad,2025-07-02 02:00:00,24.0,88.59935257199315,
Hyderabad,2025-07-02 03:00:00,24.4,88.0941253601151,1003.4
Hyderabad,2025-07-02 04:00:00,25.0,83.45262666598398,
Hyderabad,2025-07-02 05:00:00,25.0,83.45262666598398,
Hyderabad,2025-07-02 06:00:00,25.0,89.75868022431183,1004.4
Hyderabad,2025-07-02 07:00:00,25.0,88.67956137467019,
Hyderabad,2025-07-02 09:00:00,25.4,90.33006125111788,1003.1
Hyderabad,2025-07-02 10:00:00,25.0,88.67956137467019,
Hyderabad,2025-07-02 11:00:00,25.0,88.67956137467019,
Hyderabad,2025-07-02 12:00:00,25.0,91.95146683042387,1001.8
Hyderabad,2025-07-02 13:00:00,25.0,88.67956137467019,
Hyderabad,2025-07-02 14:00:00,25.0,88.67956137467019,
Hyderabad,2025-07-02 15:00:00,25.0,89.75868022431183,1003.5
Hyderabad,2025-07-02 16:00:00,25.0,88.67956137467019,
Hyderabad,2025-07-02 18:00:00,24.6,86.51781437617485,1003.8
Hyderabad,2025-07-02 21:00:00,24.6,86.51781437617485,1002.5
Hyderabad,2025-07-03 00:00:00,24.4,86.49898460860861,1002.4
Hyderabad,2025-07-03 02:00:00,25.0,78.49764721655077,
Hyderabad,2025-07-03 03:00:00,25.0,82.44026830283795,1004.6
Hyderabad,2025-07-03 04:00:00,26.0,73.97062900551056,
Hyderabad,2025-07-03 06:00:00,27.8,72.48778233514803,1004.0
Hyderabad,2025-07-03 07:00:00,29.0,62.05907199151088,
Hyderabad,2025-07-03 09:00:00,29.8,65.73955575357787,1002.5
Hyderabad,2025-07-03 10:00:00,31.0,55.321861254558726,
Hyderabad,2025-07-03 12:00:00,28.6,67.52405842467928,1001.4
Hyderabad,2025-07-03 14:00:00,26.0,73.97062900551056,
Hyderabad,2025-07-03 15:00:00,26.6,76.83317005878584,1003.8
Hyderabad,2025-07-03 16:00:00,26.0,65.35576219694184,
Hyderabad,2025-07-03 18:00:00,25.8,73.93712658825068,1004.9
Hyderabad,2025-07-03 21:00:00,24.8,78.95321249408514,1004.0
Hyderabad,2025-07-04 00:00:00,24.4,81.86439065070549,1004.2
Hyderabad,2025-07-04 01:00:00,24.0,83.33878752130364,
Hyderabad,2025-07-04 02:00:00,25.0,78.49764721655077,
Hyderabad,2025-07-04 03:00:00,25.4,80.9932280365787,1006.2
Hyderabad,2025-07-04 04:00:00,27.0,69.73535987777385,
Hyderabad,2025-07-04 06:00:00,28.4,67.07345637066688,1005.4
Hyderabad,2025-07-04 07:00:00,30.0,62.279197326402645,
Hyderabad,2025-07-04 08:00:00,31.0,55.321861254558726,
Hyderabad,2025-07-04 09:00:00,31.0,59.173527840314364,1003.5
Hyderabad,2025-07-04 10:00:00,30.0,58.58138510397075,
Hyderabad,2025-07-04 11:00:00,30.0,58.58138510397075,
Hyderabad,2025-07-04 12:00:00,30.4,57.60498492741043,1001.6
Hyderabad,2025-07-04 14:00:00,29.0,62.05907199151088,
Hyderabad,2025-07-04 15:00:00,27.2,70.63370855789137,1005.4
Hyderabad,2025-07-04 16:00:00,24.0,83.33878752130364,
Hyderabad,2025-07-04 17:00:00,25.0,78.49764721655077,
Hyderabad,2025-07-04 18:00:00,25.8,75.31315110466264,1005.3
Hyderabad,2025-07-04 21:00:00,25.0,78.0166367113774,1004.8
Hyderabad,2025-07-05 00:00:00,24.2,83.36164573364587,1004.5
Hyderabad,2025-07-05 02:00:00,25.0,78.49764721655077,
Hyderabad,2025-07-05 03:00:00,25.8,78.13270683678482,1005.1
Hyderabad,2025-07-05 04:00:00,28.0,65.77119451823714,
Hyderabad,2025-07-05 05:00:00,29.0,62.05907199151088,
Hyderabad,2025-07-05 06:00:00,30.2,62.32302111052805,1005.0
Hyderabad,2025-07-05 07:00:00,31.0,55.321861254558726,
Hyderabad,2025-07-05 08:00:00,31.0,55.321861254558726,
Hyderabad,2025-07-05 09:00:00,31.2,56.05359172338208,1001.7
Hyderabad,2025-07-05 10:00:00,31.0,55.321861254558726,
Hyderabad,2025-07-05 11:00:00,30.0,58.58138510397075,
Hyderabad,2025-07-05 12:00:00,30.4,60.12781595604137,1001.3
Hyderabad,2025-07-05 14:00:00,26.0,73.97062900551056,
Hyderabad,2025-07-05 15:00:00,27.4,70.6704235036712,1003.1
Hyderabad,2025-07-05 16:00:00,27.0,65.56431854728334,
Hyderabad,2025-07-05 18:00:00,26.6,71.39581590815916,1003.9
Hyderabad,2025-07-05 21:00:00,25.2,74.75407846072603,1002.9
Hyderabad,2025-07-06 00:00:00,24.2,80.34219542746611,1003.1
Hyderabad,2025-07-06 02:00:00,24.0,78.3540921272656,
Hyderabad,2025-07-06 03:00:00,25.2,78.04573617296006,1004.2
Hyderabad,2025-07-06 04:00:00,27.0,69.73535987777385,
Hyderabad,2025-07-06 05:00:00,28.0,65.77119451823714,
Hyderabad,2025-07-06 06:00:00,30.0,57.15705209678871,1002.6
Hyderabad,2025-07-06 08:00:00,32.0,49.13932991257226,
Hyderabad,2025-07-06 09:00:00,32.0,52.26545370306257,1000.3
Hyderabad,2025-07-06 10:00:00,32.0,49.13932991257226,
Hyderabad,2025-07-06 11:00:00,31.0,52.0129263013748,
Hyderabad,2025-07-06 12:00:00,31.4,51.793336482077336,999.2
Hyderabad,2025-07-06 13:00:00,30.0,55.07749010874436,
Hyderabad,2025-07-06 14:00:00,30.0,55.07749010874436,
Hyderabad,2025-07-06 15:00:00,29.6,53.62840385858026,1001.1
Hyderabad,2025-07-06 16:00:00,28.0,58.11126126861089,
Hyderabad,2025-07-06 18:00:00,27.6,61.36565243787712,1002.9
Hyderabad,2025-07-06 21:00:00,26.0,72.61811825905968,1002.0
Hyderabad,2025-07-07 00:00:00,25.2,74.75407846072603,1001.9
Hyderabad,2025-07-07 02:00:00,25.0,78.49764721655077,
Hyderabad,2025-07-07 03:00:00,25.4,79.52227117093726,1003.6
Hyderabad,2025-07-07 04:00:00,26.0,73.97062900551056,
Hyderabad,2025-07-07 05:00:00,26.0,73.97062900551056,
Hyderabad,2025-07-07 06:00:00,27.2,70.63370855789137,1003.6
Hyderabad,2025-07-07 07:00:00,29.0,58.347168092797666,
Hyderabad,2025-07-07 08:00:00,29.0,58.347168092797666,
Hyderabad,2025-07-07 09:00:00,30.6,52.234713311802714,1001.9
Hyderabad,2025-07-07 10:00:00,29.0,58.347168092797666,
Hyderabad,2025-07-07 11:00:00,29.0,58.347168092797666,
Hyderabad,2025-07-07 12:00:00,29.0,62.441405746041454,1001.4
Hyderabad,2025-07-07 13:00:00,28.0,61.83725955078121,
Hyderabad,2025-07-07 14:00:00,28.0,61.83725955078121,
Hyderabad,2025-07-07 15:00:00,27.8,64.12941567504818,1003.0
Hyderabad,2025-07-07 16:00:00,27.0,65.56431854728334,
Hyderabad,2025-07-07 18:00:00,26.8,67.58193621694379,1003.8
Hyderabad,2025-07-07 21:00:00,25.4,73.41522905629661,1003.0
Hyderabad,2025-07-08 00:00:00,24.4,81.86439065070549,1003.1
Hyderabad,2025-07-08 02:00:00,25.0,78.49764721655077,
Hyderabad,2025-07-08 03:00:00,26.0,76.74205814496156,1004.9
Hyderabad,2025-07-08 04:00:00,27.0,69.73535987777385,
Hyderabad,2025-07-08 06:00:00,29.4,65.25908019260346,1004.3
Hyderabad,2025-07-08 09:00:00,31.4,49.59587656532929,1001.7
Hyderabad,2025-07-08 10:00:00,24.0,83.33878752130364,
Hyderabad,2025-07-08 12:00:00,27.4,71.97764402340538,1002.5
Hyderabad,2025-07-08 13:00:00,27.0,65.56431854728334,
Hyderabad,2025-07-08 14:00:00,27.0,65.56431854728334,
Hyderabad,2025-07-08 15:00:00,26.0,75.34517424505886,1004.2
Hyderabad,2025-07-08 16:00:00,25.0,78.49764721655077,
Hyderabad,2025-07-08 18:00:00,25.0,73.3468369916369,1005.5
Hyderabad,2025-07-08 21:00:00,25.0,82.44026830283795,1004.1
Hyderabad,2025-07-09 00:00:00,24.8,82.4163453099894,1004.1
Hyderabad,2025-07-09 02:00:00,25.0,78.49764721655077,
Hyderabad,2025-07-09 03:00:00,25.6,78.10377110822357,1004.7
Hyderabad,2025-07-09 04:00:00,28.0,65.77119451823714,
Hyderabad,2025-07-09 05:00:00,29.0,62.05907199151088,
Hyderabad,2025-07-09 06:00:00,29.6,59.212717049480275,1004.6
Hyderabad,2025-07-09 07:00:00,30.0,55.07749010874436,
Hyderabad,2025-07-09 08:00:00,30.0,55.07749010874436,
Hyderabad,2025-07-09 09:00:00,31.6,54.12510474048353,1002.0
Hyderabad,2025-07-09 10:00:00,30.0,55.07749010874436,
Hyderabad,2025-07-09 11:00:00,29.0,58.347168092797666,
Hyderabad,2025-07-09 12:00:00,27.0,71.90678209614687,1002.8
Hyderabad,2025-07-09 13:00:00,28.0,61.83725955078121,
Hyderabad,2025-07-09 14:00:00,26.0,73.97062900551056,
Hyderabad,2025-07-09 15:00:00,26.8,72.75719108246852,1004.0
Hyderabad,2025-07-09 16:00:00,26.0,73.97062900551056,
Hyderabad,2025-07-09 18:00:00,26.6,76.83317005878584,1005.0
Hyderabad,2025-07-09 21:00:00,25.6,78.10377110822357,1003.5
Hyderabad,2025-07-10 00:00:00,25.2,80.96759377108864,1004.2
Hyderabad,2025-07-10 02:00:00,25.0,78.49764721655077,
Hyderabad,2025-07-10 03:00:00,26.4,75.40904545009995,1005.1
Hyderabad,2025-07-10 04:00:00,28.0,65.77119451823714,
Hyderabad,2025-07-10 05:00:00,29.0,62.05907199151088,
Hyderabad,2025-07-10 06:00:00,29.8,60.73115651479413,1004.9
Hyderabad,2025-07-10 07:00:00,28.0,65.77119451823714,
Hyderabad,2025-07-10 08:00:00,29.0,62.05907199151088,
Hyderabad,2025-07-10 09:00:00,31.2,57.09202106944813,1003.5
Hyderabad,2025-07-10 10:00:00,30.0,55.07749010874436,
Hyderabad,2025-07-10 12:00:00,31.0,54.645691707211896,1001.9
Hyderabad,2025-07-10 13:00:00,29.0,58.347168092797666,
Hyderabad,2025-07-10 14:00:00,28.0,65.77119451823714,
Hyderabad,2025-07-10 15:00:00,28.0,69.49759780649958,1003.7
Hyderabad,2025-07-10 16:00:00,27.0,69.73535987777385,
Hyderabad,2025-07-10 17:00:00,27.0,65.56431854728334,
Hyderabad,2025-07-10 18:00:00,27.4,69.38405747208641,1004.6
Hyderabad,2025-07-10 19:00:00,26.0,73.97062900551056,
Hyderabad,2025-07-11 00:00:00,25.2,80.96759377108864,1003.7
Hyderabad,2025-07-11 03:00:00,27.2,70.63370855789137,1004.6
Hyderabad,2025-07-11 04:00:00,29.0,62.05907199151088,
Hyderabad,2025-07-11 05:00:00,29.0,58.347168092797666,
Hyderabad,2025-07-11 06:00:00,31.0,54.98286515247459,1004.7
Hyderabad,2025-07-11 07:00:00,31.0,52.0129263013748,
Hyderabad,2025-07-11 08:00:00,32.0,52.26545370306257,
Hyderabad,2025-07-11 09:00:00,32.0,52.26545370306257,1002.3
Hyderabad,2025-07-11 10:00:00,32.0,49.13932991257226,
Hyderabad,2025-07-11 12:00:00,29.8,60.73115651479413,1001.2
Hyderabad,2025-07-11 13:00:00,29.0,58.347168092797666,
Hyderabad,2025-07-11 14:00:00,29.0,54.83146494452449,
Hyderabad,2025-07-11 15:00:00,29.4,59.166399684716566,1002.9
Hyderabad,2025-07-11 16:00:00,28.0,61.83725955078121,
Hyderabad,2025-07-11 18:00:00,27.4,71.97764402340538,1004.3
Hyderabad,2025-07-11 21:00:00,26.0,78.16158824199735,1003.4
Hyderabad,2025-07-12 00:00:00,25.8,75.31315110466264,1004.5
Hyderabad,2025-07-12 03:00:00,27.4,67.70085403503145,1005.0
Hyderabad,2025-07-12 04:00:00,29.0,58.347168092797666,
Hyderabad,2025-07-12 05:00:00,30.0,55.07749010874436,
Hyderabad,2025-07-12 06:00:00,31.2,52.710735539122425,1004.4
Hyderabad,2025-07-12 07:00:00,30.0,55.07749010874436,
Hyderabad,2025-07-12 08:00:00,31.0,52.0129263013748,
Hyderabad,2025-07-12 09:00:00,31.0,52.660462345880354,1003.6
Hyderabad,2025-07-12 10:00:00,28.0,69.92284655824665,
Hyderabad,2025-07-12 11:00:00,31.0,55.321861254558726,
Hyderabad,2025-07-12 12:00:00,31.4,58.549296934220294,1001.9
Hyderabad,2025-07-12 13:00:00,29.0,62.05907199151088,
Hyderabad,2025-07-12 14:00:00,28.0,69.92284655824665,
Hyderabad,2025-07-12 15:00:00,29.2,64.03403591828733,1003.5
Hyderabad,2025-07-12 16:00:00,29.0,58.347168092797666,
Hyderabad,2025-07-12 18:00:00,27.8,69.45981522443017,1005.2
Hyderabad,2025-07-12 21:00:00,26.4,75.87116518171567,1003.7
Hyderabad,2025-07-13 00:00:00,25.4,78.0747809293731,1004.3
Hyderabad,2025-07-13 02:00:00,25.0,73.8025121880607,
Hyderabad,2025-07-13 03:00:00,27.0,73.23788651472466,1005.7
Hyderabad,2025-07-13 04:00:00,28.0,61.83725955078121,
Hyderabad,2025-07-13 05:00:00,30.0,55.07749010874436,
Hyderabad,2025-07-13 06:00:00,31.0,56.00535491373798,1004.9
Hyderabad,2025-07-13 07:00:00,30.0,51.75880110114196,
Hyderabad,2025-07-13 08:00:00,32.0,46.178444191385225,
Hyderabad,2025-07-13 09:00:00,32.4,48.33862566912473,1002.1
Hyderabad,2025-07-13 10:00:00,32.0,49.13932991257226,
Hyderabad,2025-07-13 11:00:00,32.0,49.13932991257226,
Hyderabad,2025-07-13 12:00:00,31.6,50.89250919922128,1000.3
Hyderabad,2025-07-13 13:00:00,31.0,48.87889229893936,
Hyderabad,2025-07-13 14:00:00,30.0,55.07749010874436,
Hyderabad,2025-07-13 15:00:00,30.0,59.66996262593302,1003.0
Hyderabad,2025-07-13 16:00:00,28.0,65.77119451823714,
Hyderabad,2025-07-13 17:00:00,28.0,65.77119451823714,
Hyderabad,2025-07-13 18:00:00,28.4,64.65299308404073,1004.6
Hyderabad,2025-07-13 21:00:00,26.8,72.75719108246852,1003.7
Hyderabad,2025-07-14 00:00:00,25.0,78.98125580461064,1004.3
Hyderabad,2025-07-14 03:00:00,26.8,71.43184820560225,1005.2
Hyderabad,2025-07-14 05:00:00,30.0,55.07749010874436,
Hyderabad,2025-07-14 06:00:00,31.2,55.03175537814078,1003.5
Hyderabad,2025-07-14 07:00:00,32.0,49.13932991257226,
Hyderabad,2025-07-14 08:00:00,33.0,46.44361338141738,
Hyderabad,2025-07-14 09:00:00,32.6,47.79623287069928,1001.2
Hyderabad,2025-07-14 11:00:00,32.0,46.178444191385225,
Hyderabad,2025-07-14 12:00:00,32.6,48.69053626792785,1000.5
Hyderabad,2025-07-14 13:00:00,31.0,48.87889229893936,
Hyderabad,2025-07-14 15:00:00,29.4,61.767651206357556,1002.8
Hyderabad,2025-07-14 16:00:00,29.0,58.347168092797666,
Hyderabad,2025-07-14 17:00:00,29.0,58.347168092797666,
Hyderabad,2025-07-14 19:00:00,27.0,65.56431854728334,
Hyderabad,2025-07-14 21:00:00,26.0,70.84852701016716,1003.3
Hyderabad,2025-07-15 00:00:00,24.6,76.05569943022546,1003.6
Hyderabad,2025-07-15 03:00:00,26.0,73.97062900551056,1004.4
Hyderabad,2025-07-15 05:00:00,28.0,61.83725955078121,
Hyderabad,2025-07-15 06:00:00,29.2,64.03403591828733,1003.7
Hyderabad,2025-07-15 07:00:00,29.0,62.05907199151088,
Hyderabad,2025-07-15 08:00:00,30.0,58.58138510397075,
Hyderabad,2025-07-15 09:00:00,31.6,57.536305303603164,1001.1
Hyderabad,2025-07-15 10:00:00,31.0,55.321861254558726,
Hyderabad,2025-07-15 11:00:00,30.0,62.279197326402645,
Hyderabad,2025-07-15 12:00:00,30.6,61.282916738108675,1000.3
Hyderabad,2025-07-15 13:00:00,29.0,62.05907199151088,
Hyderabad,2025-07-15 14:00:00,29.0,62.05907199151088,
Hyderabad,2025-07-15 15:00:00,29.0,68.84588152405523,1002.5
Hyderabad,2025-07-15 16:00:00,28.0,65.77119451823714,
Hyderabad,2025-07-15 18:00:00,27.6,72.01298206177633,1003.5
Hyderabad,2025-07-15 21:00:00,26.4,75.40904545009995,1002.4
Hyderabad,2025-07-16 00:00:00,25.4,80.9932280365787,1002.4
Hyderabad,2025-07-16 02:00:00,25.0,78.49764721655077,
Hyderabad,2025-07-16 03:00:00,27.6,72.01298206177633,1003.9
Hyderabad,2025-07-16 04:00:00,29.0,62.05907199151088,
Hyderabad,2025-07-16 05:00:00,29.0,62.05907199151088,
Hyderabad,2025-07-16 06:00:00,31.6,56.49370308745102,1002.5
Hyderabad,2025-07-16 07:00:00,32.0,52.26545370306257,
Hyderabad,2025-07-16 08:00:00,31.0,55.321861254558726,
Hyderabad,2025-07-16 09:00:00,33.0,52.19700204876771,1000.4
Hyderabad,2025-07-16 11:00:00,31.0,55.321861254558726,
Hyderabad,2025-07-16 12:00:00,31.4,57.139500433232726,999.5
Hyderabad,2025-07-16 14:00:00,29.0,65.9764050234237,
Hyderabad,2025-07-16 15:00:00,29.0,69.26460271923597,1001.9
Hyderabad,2025-07-16 16:00:00,27.0,74.13724053720264,
Hyderabad,2025-07-16 18:00:00,27.6,75.14259465946004,1003.2
Hyderabad,2025-07-16 21:00:00,27.2,80.24887534084893,1002.1
Hyderabad,2025-07-17 00:00:00,26.2,81.5884931609857,1002.8
Hyderabad,2025-07-17 02:00:00,26.0,78.6398510724195,
Hyderabad,2025-07-17 03:00:00,27.2,80.24887534084893,1004.0
Hyderabad,2025-07-17 04:00:00,28.0,69.92284655824665,
Hyderabad,2025-07-17 06:00:00,32.0,62.338706001759604,1002.8
Hyderabad,2025-07-17 07:00:00,31.0,58.81392369643709,
Hyderabad,2025-07-17 08:00:00,32.0,55.56458760321053,
Hyderabad,2025-07-17 09:00:00,33.0,52.19700204876771,1000.5
Hyderabad,2025-07-17 10:00:00,32.0,52.26545370306257,
Hyderabad,2025-07-17 11:00:00,32.0,55.56458760321053,
Hyderabad,2025-07-17 12:00:00,32.0,60.12540926930006,1000.0
Hyderabad,2025-07-17 13:00:00,24.0,88.59935257199315,
Hyderabad,2025-07-17 14:00:00,25.0,88.67956137467019,
Hyderabad,2025-07-17 15:00:00,24.8,94.75066788099174,1004.5
Hyderabad,2025-07-17 16:00:00,25.0,88.67956137467019,
Hyderabad,2025-07-17 18:00:00,23.6,89.65628406436801,1004.9
Hyderabad,2025-07-17 21:00:00,23.6,89.65628406436801,1003.8
Hyderabad,2025-07-18 00:00:00,23.8,91.32464040055407,1004.0
Hyderabad,2025-07-18 02:00:00,25.0,88.67956137467019,
Hyderabad,2025-07-18 03:00:00,25.8,90.35746879655075,1005.3
Hyderabad,2025-07-18 04:00:00,27.0,78.78071949348664,
Hyderabad,2025-07-18 06:00:00,29.8,68.1706441435751,1003.7
Hyderabad,2025-07-18 07:00:00,31.0,58.81392369643709,
Hyderabad,2025-07-18 08:00:00,32.0,59.04479527455803,
Hyderabad,2025-07-18 09:00:00,32.0,64.62299807298612,1000.5
Hyderabad,2025-07-18 10:00:00,25.0,88.67956137467019,
Hyderabad,2025-07-18 12:00:00,24.0,96.45217641736166,1002.8
Hyderabad,2025-07-18 13:00:00,24.0,88.59935257199315,
Hyderabad,2025-07-18 14:00:00,24.0,94.1486450224181,
Hyderabad,2025-07-18 15:00:00,23.2,96.43118524187918,1005.0
Hyderabad,2025-07-18 16:00:00,24.0,88.59935257199315,
Hyderabad,2025-07-18 17:00:00,24.0,94.1486450224181,
Hyderabad,2025-07-18 18:00:00,23.2,94.6889914839052,1004.1
Hyderabad,2025-07-18 19:00:00,24.0,88.59935257199315,
Hyderabad,2025-07-18 20:00:00,24.0,88.59935257199315,
Hyderabad,2025-07-18 21:00:00,23.5,90.7506289551033,1002.2
Hyderabad,2025-07-19 00:00:00,23.4,91.29967042540224,1002.1
Hyderabad,2025-07-19 02:00:00,24.0,88.59935257199315,
Hyderabad,2025-07-19 03:00:00,25.2,87.10022146859102,1003.4
Hyderabad,2025-07-19 04:00:00,27.0,78.78071949348664,
Hyderabad,2025-07-19 06:00:00,29.2,70.57075275260742,1002.4
Hyderabad,2025-07-19 07:00:00,30.0,66.17996487728405,
Hyderabad,2025-07-19 08:00:00,31.0,62.49764883972529,
Hyderabad,2025-07-19 09:00:00,32.2,61.267643048839574,998.7
Hyderabad,2025-07-19 10:00:00,28.0,74.30236303611937,
Hyderabad,2025-07-19 11:00:00,24.0,94.1486450224181,
Hyderabad,2025-07-19 12:00:00,25.0,93.06534216930645,1000.3
Hyderabad,2025-07-19 13:00:00,26.0,88.7589455109383,
Hyderabad,2025-07-19 14:00:00,25.0,100.0,
Hyderabad,2025-07-19 15:00:00,25.0,96.47815756865955,1001.8
Hyderabad,2025-07-19 16:00:00,25.0,94.19101183405704,
Hyderabad,2025-07-19 17:00:00,25.0,94.19101183405704,
Hyderabad,2025-07-19 18:00:00,25.0,96.47815756865955,1001.7
Hyderabad,2025-07-19 19:00:00,25.0,94.19101183405704,
Hyderabad,2025-07-19 20:00:00,25.0,88.67956137467019,
Hyderabad,2025-07-19 21:00:00,25.0,94.75830253018951,1000.3
Hyderabad,2025-07-20 00:00:00,24.8,91.38660473195172,1001.2
Hyderabad,2025-07-20 02:00:00,25.0,83.45262666598398,
Hyderabad,2025-07-20 03:00:00,26.4,81.1206589392812,1002.1
Hyderabad,2025-07-20 04:00:00,28.0,69.92284655824665,
Hyderabad,2025-07-20 05:00:00,28.0,69.92284655824665,
Hyderabad,2025-07-20 06:00:00,30.0,66.98529190484982,1001.6
Hyderabad,2025-07-20 07:00:00,30.0,62.279197326402645,
Hyderabad,2025-07-20 08:00:00,30.0,62.279197326402645,
Hyderabad,2025-07-20 09:00:00,28.0,80.3537462205201,999.9
Hyderabad,2025-07-20 10:00:00,27.0,83.67695517522091,
Hyderabad,2025-07-20 12:00:00,28.6,73.95364541307103,998.3
Hyderabad,2025-07-20 13:00:00,28.0,69.92284655824665,
Hyderabad,2025-07-20 14:00:00,27.0,78.78071949348664,
Hyderabad,2025-07-20 15:00:00,26.8,83.15278064806493,1001.4
Hyderabad,2025-07-20 16:00:00,26.0,78.6398510724195,
Hyderabad,2025-07-20 18:00:00,26.0,87.17199233244091,1002.0
Hyderabad,2025-07-20 21:00:00,25.6,87.13618000678832,1001.2
Hyderabad,2025-07-21 00:00:00,25.2,87.10022146859102,1001.6
Hyderabad,2025-07-21 02:00:00,25.0,83.45262666598398,
Hyderabad,2025-07-21 03:00:00,25.8,84.05061522100549,1002.6
Hyderabad,2025-07-21 04:00:00,27.0,74.13724053720264,
Hyderabad,2025-07-21 05:00:00,28.0,69.92284655824665,
Hyderabad,2025-07-21 06:00:00,29.0,74.01987296618722,1001.9
Hyderabad,2025-07-21 08:00:00,30.0,62.279197326402645,
Hyderabad,2025-07-21 09:00:00,30.6,62.410468244766335,999.8
Hyderabad,2025-07-21 10:00:00,29.0,65.9764050234237,
Hyderabad,2025-07-21 11:00:00,28.0,69.92284655824665,
Hyderabad,2025-07-21 12:00:00,27.0,74.59053556051053,1000.7
Hyderabad,2025-07-21 13:00:00,26.0,73.97062900551056,
Hyderabad,2025-07-21 14:00:00,26.0,73.97062900551056,
Hyderabad,2025-07-21 15:00:00,26.4,79.65835252904961,1002.7
Hyderabad,2025-07-21 16:00:00,26.0,78.6398510724195,
Hyderabad,2025-07-21 18:00:00,25.2,85.53012559102365,1003.1
Hyderabad,2025-07-21 21:00:00,24.8,87.06411594521353,1002.2
Hyderabad,2025-07-22 00:00:00,24.2,88.07733960854361,1001.8
Hyderabad,2025-07-22 02:00:00,25.0,83.45262666598398,
Hyderabad,2025-07-22 03:00:00,25.8,84.05061522100549,1003.1
Hyderabad,2025-07-22 04:00:00,26.0,73.97062900551056,
Hyderabad,2025-07-22 06:00:00,28.8,68.80761273197709,1002.6
Hyderabad,2025-07-22 07:00:00,28.0,69.92284655824665,
Hyderabad,2025-07-22 08:00:00,31.0,58.81392369643709,
Hyderabad,2025-07-22 09:00:00,31.0,59.53505705723449,1000.0
Hyderabad,2025-07-22 11:00:00,30.0,62.279197326402645,
Hyderabad,2025-07-22 12:00:00,29.4,68.09299392884964,999.3
Hyderabad,2025-07-22 13:00:00,26.0,78.6398510724195,
Hyderabad,2025-07-22 14:00:00,26.0,78.6398510724195,
Hyderabad,2025-07-22 15:00:00,26.4,79.65835252904961,1001.8
Hyderabad,2025-07-22 17:00:00,26.0,78.6398510724195,
Hyderabad,2025-07-22 18:00:00,25.8,84.05061522100549,1003.0
Hyderabad,2025-07-22 21:00:00,23.8,94.71224568260264,1001.7
Hyderabad,2025-07-23 00:00:00,23.4,94.69675973556869,1001.3
Hyderabad,2025-07-23 02:00:00,24.0,88.59935257199315,
Hyderabad,2025-07-23 03:00:00,23.6,94.70451111903132,1002.5
Hyderabad,2025-07-23 04:00:00,24.0,88.59935257199315,
Hyderabad,2025-07-23 05:00:00,24.0,88.59935257199315,
Hyderabad,2025-07-23 06:00:00,24.0,93.01505522924245,1002.7
Hyderabad,2025-07-23 08:00:00,26.0,83.5653445347348,
Hyderabad,2025-07-23 09:00:00,26.8,81.6627443264234,1000.1
Hyderabad,2025-07-23 12:00:00,26.4,82.60642273476351,999.2
Hyderabad,2025-07-23 15:00:00,25.2,88.69550382118368,1001.4
Hyderabad,2025-07-23 16:00:00,25.0,83.45262666598398,
Hyderabad,2025-07-23 18:00:00,22.8,96.42062016554186,1003.2
Hyderabad,2025-07-23 21:00:00,22.8,96.42062016554186,1001.9
Hyderabad,2025-07-24 00:00:00,22.6,96.4153201366785,1000.7
Hyderabad,2025-07-24 03:00:00,23.2,92.97443596255128,1001.9
Hyderabad,2025-07-24 04:00:00,24.0,83.33878752130364,
Hyderabad,2025-07-24 06:00:00,24.2,81.83971217254259,1002.0
Hyderabad,2025-07-24 07:00:00,24.0,94.1486450224181,
Hyderabad,2025-07-24 08:00:00,25.0,88.67956137467019,
Hyderabad,2025-07-24 09:00:00,25.0,88.67956137467019,1000.6
Hyderabad,2025-07-24 10:00:00,24.0,94.1486450224181,
Hyderabad,2025-07-24 11:00:00,24.0,88.59935257199315,
Hyderabad,2025-07-24 12:00:00,23.4,92.98462350012163,1000.2
Hyderabad,2025-07-24 14:00:00,23.0,94.10581804007526,
Hyderabad,2025-07-24 15:00:00,23.6,94.70451111903132,1001.8
Hyderabad,2025-07-24 16:00:00,23.0,94.10581804007526,
Hyderabad,2025-07-24 18:00:00,23.2,92.97443596255128,1001.7
Hyderabad,2025-07-24 21:00:00,23.6,89.65628406436801,1000.5
Hyderabad,2025-07-25 00:00:00,23.4,88.00984897364455,999.9
Hyderabad,2025-07-25 02:00:00,24.0,83.33878752130364,
Hyderabad,2025-07-25 03:00:00,24.0,91.33708576167582,1001.3
Hyderabad,2025-07-25 04:00:00,24.0,88.59935257199315,
Hyderabad,2025-07-25 05:00:00,25.0,83.45262666598398,
Hyderabad,2025-07-25 06:00:00,26.2,87.18984390567529,1001.1
Hyderabad,2025-07-25 07:00:00,25.0,88.67956137467019,
Hyderabad,2025-07-25 08:00:00,25.0,88.67956137467019,
Hyderabad,2025-07-25 09:00:00,26.2,87.18984390567529,999.6
Hyderabad,2025-07-25 10:00:00,25.0,88.67956137467019,
Hyderabad,2025-07-25 11:00:00,25.0,88.67956137467019,
Hyderabad,2025-07-25 12:00:00,24.8,96.47298407847299,999.4
Hyderabad,2025-07-25 13:00:00,24.0,94.1486450224181,
Hyderabad,2025-07-25 14:00:00,24.0,94.1486450224181,
Hyderabad,2025-07-25 15:00:00,24.2,96.45739545380262,1001.2
Hyderabad,2025-07-25 16:00:00,23.0,100.0,
Hyderabad,2025-07-25 18:00:00,23.2,96.43118524187918,1001.9
Hyderabad,2025-07-25 21:00:00,23.2,94.6889914839052,1000.3
Hyderabad,2025-07-26 00:00:00,23.2,94.6889914839052,1000.1
Hyderabad,2025-07-26 03:00:00,23.8,93.00493307197942,1002.0
Hyderabad,2025-07-26 05:00:00,24.0,88.59935257199315,
Hyderabad,2025-07-26 06:00:00,23.8,93.00493307197942,1002.7
Hyderabad,2025-07-26 07:00:00,24.0,94.1486450224181,
Hyderabad,2025-07-26 08:00:00,24.0,88.59935257199315,
Hyderabad,2025-07-26 09:00:00,24.4,94.73534893450257,1000.7
Hyderabad,2025-07-26 10:00:00,24.0,88.59935257199315,
Hyderabad,2025-07-26 11:00:00,24.0,88.59935257199315,
Hyderabad,2025-07-26 12:00:00,24.9,88.67157778717231,1000.5
Hyderabad,2025-07-26 13:00:00,25.0,83.45262666598398,
Hyderabad,2025-07-26 14:00:00,24.0,88.59935257199315,
Hyderabad,2025-07-26 15:00:00,24.8,87.06411594521353,1002.3
Hyderabad,2025-07-26 16:00:00,24.0,83.33878752130364,
Hyderabad,2025-07-26 18:00:00,24.4,83.89661650096087,1003.6
Hyderabad,2025-07-26 21:00:00,23.0,91.27459428964966,1002.4
Hyderabad,2025-07-27 00:00:00,23.6,86.42328080854222,1002.3
Hyderabad,2025-07-27 02:00:00,24.0,78.3540921272656,
Hyderabad,2025-07-27 03:00:00,24.6,80.89039263102475,1003.8
Hyderabad,2025-07-27 04:00:00,26.0,73.97062900551056,
Hyderabad,2025-07-27 05:00:00,27.0,69.73535987777385,
Hyderabad,2025-07-27 06:00:00,28.0,69.49759780649958,1003.1
Hyderabad,2025-07-27 07:00:00,29.0,62.05907199151088,
Hyderabad,2025-07-27 08:00:00,29.0,62.05907199151088,
Hyderabad,2025-07-27 09:00:00,28.8,66.33925366327628,1001.6
Hyderabad,2025-07-27 10:00:00,29.0,62.05907199151088,
Hyderabad,2025-07-27 11:00:00,29.0,62.05907199151088,
Hyderabad,2025-07-27 12:00:00,28.6,65.89451972688084,1001.0
Hyderabad,2025-07-27 13:00:00,27.0,69.73535987777385,
Hyderabad,2025-07-27 14:00:00,27.0,69.73535987777385,
Hyderabad,2025-07-27 15:00:00,26.6,71.39581590815916,1003.6
Hyderabad,2025-07-27 16:00:00,26.0,73.97062900551056,
Hyderabad,2025-07-27 18:00:00,25.2,76.1495718601223,1004.5
Hyderabad,2025-07-27 21:00:00,24.0,81.81498534151751,1003.9
Hyderabad,2025-07-28 00:00:00,23.8,80.28909195294638,1003.7
Hyderabad,2025-07-28 02:00:00,24.0,78.3540921272656,
Hyderabad,2025-07-28 03:00:00,24.8,80.42146721617324,1005.8
Hyderabad,2025-07-28 04:00:00,26.0,69.54626593683008,
Hyderabad,2025-07-28 06:00:00,28.2,67.03344873373467,1004.4
Hyderabad,2025-07-28 07:00:00,28.0,61.83725955078121,
Hyderabad,2025-07-28 08:00:00,28.0,65.77119451823714,
Hyderabad,2025-07-28 09:00:00,29.4,62.91281064582391,1002.3
Hyderabad,2025-07-28 10:00:00,29.0,62.05907199151088,
Hyderabad,2025-07-28 11:00:00,29.0,62.05907199151088,
Hyderabad,2025-07-28 12:00:00,28.6,65.89451972688084,1001.5
Hyderabad,2025-07-28 13:00:00,28.0,61.83725955078121,
Hyderabad,2025-07-28 14:00:00,27.0,69.73535987777385,
Hyderabad,2025-07-28 15:00:00,27.4,69.38405747208641,1003.5
Hyderabad,2025-07-28 18:00:00,26.0,72.61811825905968,1004.7
Hyderabad,2025-07-28 21:00:00,25.0,79.46747438643077,1003.7
Hyderabad,2025-07-29 00:00:00,24.0,82.32018205581834,1003.6
Hyderabad,2025-07-29 05:00:00,27.0,69.73535987777385,
Hyderabad,2025-07-29 06:00:00,28.4,67.07345637066688,1003.5
Hyderabad,2025-07-29 07:00:00,29.0,58.347168092797666,
Hyderabad,2025-07-29 09:00:00,29.4,61.767651206357556,1002.0
Hyderabad,2025-07-29 10:00:00,29.0,58.347168092797666,
Hyderabad,2025-07-29 11:00:00,29.0,58.347168092797666,
Hyderabad,2025-07-29 12:00:00,28.8,64.73711256760602,1001.9
Hyderabad,2025-07-29 13:00:00,28.0,61.83725955078121,
Hyderabad,2025-07-29 14:00:00,27.0,69.73535987777385,
Hyderabad,2025-07-29 15:00:00,27.6,69.4219684883362,1003.5
Hyderabad,2025-07-29 16:00:00,27.0,65.56431854728334,
Hyderabad,2025-07-29 17:00:00,26.0,69.54626593683008,
Hyderabad,2025-07-29 18:00:00,26.6,72.72251516973928,1004.3
Hyderabad,2025-07-29 21:00:00,25.2,79.49489892026219,1003.2
Hyderabad,2025-07-30 00:00:00,23.8,84.86645400274385,1003.3
Hyderabad,2025-07-30 02:00:00,24.0,83.33878752130364,
Hyderabad,2025-07-30 03:00:00,25.4,78.0747809293731,1004.3
Hyderabad,2025-07-30 04:00:00,26.0,73.97062900551056,
Hyderabad,2025-07-30 05:00:00,27.0,69.73535987777385,
Hyderabad,2025-07-30 06:00:00,27.8,65.72995303712338,1003.4
Hyderabad,2025-07-30 07:00:00,29.0,62.05907199151088,
Hyderabad,2025-07-30 08:00:00,28.0,65.77119451823714,
Hyderabad,2025-07-30 09:00:00,28.6,63.5148338477734,1002.3
Hyderabad,2025-07-30 10:00:00,28.0,69.92284655824665,
Hyderabad,2025-07-30 11:00:00,27.0,69.73535987777385,
Hyderabad,2025-07-30 12:00:00,27.6,72.01298206177633,1002.8
Hyderabad,2025-07-30 13:00:00,23.0,94.10581804007526,
Hyderabad,2025-07-30 14:00:00,23.0,94.10581804007526,
Hyderabad,2025-07-30 15:00:00,23.8,91.32464040055407,1005.4
Hyderabad,2025-07-30 16:00:00,24.0,88.59935257199315,
Hyderabad,2025-07-30 18:00:00,24.8,88.12759322404811,1004.9
Hyderabad,2025-07-30 21:00:00,24.4,84.9292101215455,1003.9
Hyderabad,2025-07-31 00:00:00,24.0,86.46120985687485,1004.5
Hyderabad,2025-07-31 02:00:00,24.0,83.33878752130364,
Hyderabad,2025-07-31 03:00:00,25.2,82.46414440188865,1005.6
Hyderabad,2025-07-31 04:00:00,26.0,73.97062900551056,
Hyderabad,2025-07-31 05:00:00,28.0,69.92284655824665,
Hyderabad,2025-07-31 06:00:00,28.4,67.48449416423053,1005.2
Hyderabad,2025-07-31 07:00:00,28.0,69.92284655824665,
Hyderabad,2025-07-31 08:00:00,28.0,69.92284655824665,
Hyderabad,2025-07-31 09:00:00,30.0,63.42769734725228,1003.3
Hyderabad,2025-07-31 10:00:00,29.0,65.9764050234237,
Hyderabad,2025-07-31 12:00:00,28.8,70.07168933719818,1003.1
Hyderabad,2025-07-31 13:00:00,28.0,69.92284655824665,
Hyderabad,2025-07-31 14:00:00,27.0,69.73535987777385,
Hyderabad,2025-07-31 15:00:00,27.2,73.2719762056861,1005.0
Hyderabad,2025-07-31 16:00:00,26.0,78.6398510724195,
Hyderabad,2025-07-31 18:00:00,26.2,79.63123983066636,1005.7
Hyderabad,2025-07-31 21:00:00,25.6,81.01881277997141,1003.9
Hyderabad,2025-08-01 00:00:00,24.6,83.4072263549273,1005.1
Hyderabad,2025-08-01 02:00:00,25.0,78.49764721655077,
Hyderabad,2025-08-01 03:00:00,26.0,78.16158824199735,1006.4
Hyderabad,2025-08-01 05:00:00,28.0,65.77119451823714,
Hyderabad,2025-08-01 06:00:00,29.4,64.07653534072544,1005.1
Hyderabad,2025-08-01 07:00:00,30.0,55.07749010874436,
Hyderabad,2025-08-01 09:00:00,30.2,57.5576548506657,1003.1
Hyderabad,2025-08-01 10:00:00,30.0,55.07749010874436,
Hyderabad,2025-08-01 11:00:00,30.0,55.07749010874436,
Hyderabad,2025-08-01 12:00:00,29.8,59.624049885095886,1003.1
Hyderabad,2025-08-01 13:00:00,29.0,62.05907199151088,
Hyderabad,2025-08-01 14:00:00,28.0,61.83725955078121,
Hyderabad,2025-08-01 15:00:00,27.8,68.19643184527753,1005.1
Hyderabad,2025-08-01 16:00:00,26.0,73.97062900551056,
Hyderabad,2025-08-01 18:00:00,26.0,76.74205814496156,1006.0
Hyderabad,2025-08-01 21:00:00,25.2,80.96759377108864,1004.9
Hyderabad,2025-08-02 00:00:00,24.6,84.95004486909127,1005.1
Hyderabad,2025-08-02 02:00:00,25.0,78.49764721655077,
Hyderabad,2025-08-02 03:00:00,26.6,74.07077551446469,1006.5
Hyderabad,2025-08-02 04:00:00,27.0,69.73535987777385,
Hyderabad,2025-08-02 05:00:00,29.0,62.05907199151088,
Hyderabad,2025-08-02 06:00:00,29.8,60.73115651479413,1005.5
Hyderabad,2025-08-02 08:00:00,31.0,55.321861254558726,
Hyderabad,2025-08-02 09:00:00,31.2,50.47601592432225,1002.8
Hyderabad,2025-08-02 12:00:00,30.6,48.77428920867762,1002.7
Hyderabad,2025-08-02 13:00:00,29.0,62.05907199151088,
Hyderabad,2025-08-02 15:00:00,27.6,69.4219684883362,1004.5
Hyderabad,2025-08-02 16:00:00,26.0,78.6398510724195,
Hyderabad,2025-08-02 17:00:00,26.0,78.6398510724195,
Hyderabad,2025-08-02 18:00:00,26.2,74.00407121193724,1005.8
Hyderabad,2025-08-02 21:00:00,25.0,82.44026830283795,1005.3
Hyderabad,2025-08-03 00:00:00,24.6,86.51781437617485,1005.9
Hyderabad,2025-08-03 02:00:00,26.0,78.6398510724195,
Hyderabad,2025-08-03 03:00:00,27.2,77.39127594477806,1006.2
Hyderabad,2025-08-03 04:00:00,28.0,69.92284655824665,
Hyderabad,2025-08-03 05:00:00,29.0,65.9764050234237,
Hyderabad,2025-08-03 06:00:00,30.0,61.90043484423167,1007.6
Hyderabad,2025-08-03 07:00:00,30.0,62.279197326402645,
Hyderabad,2025-08-03 08:00:00,31.0,55.321861254558726,
Hyderabad,2025-08-03 09:00:00,32.8,54.0900319487697,1003.7
Hyderabad,2025-08-03 10:00:00,31.0,55.321861254558726,
Hyderabad,2025-08-03 11:00:00,30.0,62.279197326402645,
Hyderabad,2025-08-03 12:00:00,30.2,62.32302111052805,1003.5
Hyderabad,2025-08-03 13:00:00,29.0,62.05907199151088,
Hyderabad,2025-08-03 15:00:00,28.6,73.95364541307103,1005.7
Hyderabad,2025-08-03 16:00:00,28.0,69.92284655824665,
Hyderabad,2025-08-03 18:00:00,27.6,78.86460603161275,1006.9
Hyderabad,2025-08-03 21:00:00,26.6,85.66937200749226,1006.4
Hyderabad,2025-08-04 00:00:00,25.0,94.75830253018951,1006.1
Hyderabad,2025-08-04 02:00:00,26.0,88.7589455109383,
Hyderabad,2025-08-04 03:00:00,28.2,80.8621356488236,1007.3
Hyderabad,2025-08-04 04:00:00,29.0,70.10874183711726,
Hyderabad,2025-08-04 05:00:00,30.0,66.17996487728405,
Hyderabad,2025-08-04 06:00:00,31.2,61.78924200299666,1006.4
Hyderabad,2025-08-04 07:00:00,31.0,58.81392369643709,
Hyderabad,2025-08-04 08:00:00,32.0,59.04479527455803,
Hyderabad,2025-08-04 09:00:00,31.8,61.17889403213977,1003.8
Hyderabad,2025-08-04 12:00:00,23.4,96.43645035727725,1006.8
Hyderabad,2025-08-04 13:00:00,24.0,94.1486450224181,
Hyderabad,2025-08-04 14:00:00,24.0,88.59935257199315,
Hyderabad,2025-08-04 15:00:00,24.2,94.7276645424548,1007.0
Hyderabad,2025-08-04 16:00:00,24.0,88.59935257199315,
Hyderabad,2025-08-04 18:00:00,23.6,94.70451111903132,1007.7
Hyderabad,2025-08-04 21:00:00,24.0,96.45217641736166,1006.3
Hyderabad,2025-08-05 00:00:00,24.2,94.7276645424548,1005.9
Hyderabad,2025-08-05 02:00:00,26.0,88.7589455109383,
Hyderabad,2025-08-05 03:00:00,26.0,92.00888400052642,1007.6
Hyderabad,2025-08-05 04:00:00,29.0,74.46601257025355,
Hyderabad,2025-08-05 05:00:00,29.0,79.0585121873896,
Hyderabad,2025-08-05 06:00:00,30.6,71.24934831692596,1006.4
Hyderabad,2025-08-05 07:00:00,30.0,66.17996487728405,
Hyderabad,2025-08-05 08:00:00,31.0,62.49764883972529,
Hyderabad,2025-08-05 09:00:00,31.6,68.10975831103738,1003.7
Hyderabad,2025-08-05 10:00:00,31.0,62.49764883972529,
Hyderabad,2025-08-05 11:00:00,31.0,62.49764883972529,
Hyderabad,2025-08-05 12:00:00,31.2,67.62672388520386,1003.2
Hyderabad,2025-08-05 13:00:00,30.0,66.17996487728405,
Hyderabad,2025-08-05 15:00:00,27.6,83.24391446008387,1005.7
Hyderabad,2025-08-05 16:00:00,27.0,78.78071949348664,
Hyderabad,2025-08-05 18:00:00,26.4,86.1662228097191,1006.5
Hyderabad,2025-08-05 21:00:00,25.4,96.48847066905626,1005.5
Hyderabad,2025-08-06 00:00:00,24.0,96.45217641736166,1006.3
Hyderabad,2025-08-06 02:00:00,26.0,83.5653445347348,
Hyderabad,2025-08-06 03:00:00,26.4,88.79047072518293,1007.3
Hyderabad,2025-08-06 04:00:00,29.0,74.46601257025355,
Hyderabad,2025-08-06 05:00:00,30.0,70.29306142592459,
Hyderabad,2025-08-06 06:00:00,30.0,71.99991723394687,1006.4
Hyderabad,2025-08-06 08:00:00,32.0,55.56458760321053,
Hyderabad,2025-08-06 09:00:00,32.2,58.027960608356956,1003.1
Hyderabad,2025-08-06 10:00:00,32.0,52.26545370306257,
Hyderabad,2025-08-06 11:00:00,33.0,49.398242289998336,
Hyderabad,2025-08-06 12:00:00,32.2,55.61293631340226,1002.1
Hyderabad,2025-08-06 13:00:00,30.0,58.58138510397075,
Hyderabad,2025-08-06 15:00:00,28.4,79.44994815453647,1005.5
Hyderabad,2025-08-06 16:00:00,27.0,74.13724053720264,
Hyderabad,2025-08-06 18:00:00,26.4,85.64959932544602,1006.2
Hyderabad,2025-08-06 21:00:00,25.2,87.10022146859102,1005.1
Hyderabad,2025-08-07 00:00:00,24.6,91.37426421535667,1005.5
Hyderabad,2025-08-07 02:00:00,26.0,88.7589455109383,
Hyderabad,2025-08-07 03:00:00,27.0,83.17563111659577,1006.3
Hyderabad,2025-08-07 04:00:00,29.0,74.46601257025355,
Hyderabad,2025-08-07 05:00:00,31.0,66.3818887938788,
Hyderabad,2025-08-07 06:00:00,31.2,64.06900697795328,1004.9
Hyderabad,2025-08-07 07:00:00,32.0,62.71443976755974,
Hyderabad,2025-08-07 08:00:00,33.0,59.27401124880875,
Hyderabad,2025-08-07 09:00:00,34.0,55.04309180081118,1002.0
Hyderabad,2025-08-07 10:00:00,29.0,74.46601257025355,
Hyderabad,2025-08-07 11:00:00,25.0,94.19101183405704,
Hyderabad,2025-08-07 12:00:00,26.0,87.17199233244091,1003.2
Hyderabad,2025-08-07 13:00:00,26.0,88.7589455109383,
Hyderabad,2025-08-07 14:00:00,22.0,94.0625242758801,
Hyderabad,2025-08-07 15:00:00,21.6,96.3886437157889,1007.5
Hyderabad,2025-08-07 16:00:00,22.0,94.0625242758801,
Hyderabad,2025-08-07 17:00:00,22.0,94.0625242758801,
Hyderabad,2025-08-07 18:00:00,22.2,96.40468492682572,1008.9
Hyderabad,2025-08-07 21:00:00,22.0,96.39934967716894,1005.4
Hyderabad,2025-08-08 00:00:00,21.6,96.3886437157889,1005.5
Hyderabad,2025-08-08 02:00:00,23.0,88.51830793896134,
Hyderabad,2025-08-08 03:00:00,23.0,91.27459428964966,1007.7
Hyderabad,2025-08-08 04:00:00,25.0,83.45262666598398,
Hyderabad,2025-08-08 05:00:00,26.0,78.6398510724195,
Hyderabad,2025-08-08 06:00:00,28.0,76.5808442395279,1007.8
Hyderabad,2025-08-08 07:00:00,27.0,69.73535987777385,
Hyderabad,2025-08-08 08:00:00,27.0,69.73535987777385,
Hyderabad,2025-08-08 09:00:00,28.2,76.6112266802814,1006.1
Hyderabad,2025-08-08 10:00:00,28.0,69.92284655824665,
Hyderabad,2025-08-08 11:00:00,28.0,69.92284655824665,
Hyderabad,2025-08-08 12:00:00,28.6,76.67182462550362,1005.3
Hyderabad,2025-08-08 13:00:00,27.0,74.13724053720264,
Hyderabad,2025-08-08 14:00:00,26.0,83.5653445347348,
Hyderabad,2025-08-08 15:00:00,26.2,88.7747243479242,1008.4
Hyderabad,2025-08-08 16:00:00,26.0,83.5653445347348,
Hyderabad,2025-08-08 18:00:00,25.4,90.33006125111788,1009.3
Hyderabad,2025-08-08 21:00:00,24.8,91.38660473195172,1007.6
Hyderabad,2025-08-09 00:00:00,24.4,91.36189759637527,1008.0
Hyderabad,2025-08-09 02:00:00,25.0,88.67956137467019,
Hyderabad,2025-08-09 03:00:00,25.8,85.59004257177266,1009.0
Hyderabad,2025-08-09 04:00:00,28.0,74.30236303611937,
Hyderabad,2025-08-09 05:00:00,26.0,73.97062900551056,
Hyderabad,2025-08-09 06:00:00,27.4,74.65579701063506,1008.9
Hyderabad,2025-08-09 07:00:00,28.0,65.77119451823714,
Hyderabad,2025-08-09 08:00:00,30.0,66.17996487728405,
Hyderabad,2025-08-09 09:00:00,29.6,69.37782799283941,1006.0
Hyderabad,2025-08-09 10:00:00,30.0,62.279197326402645,
Hyderabad,2025-08-09 12:00:00,29.5,68.52575456214743,1005.0
Hyderabad,2025-08-09 13:00:00,28.0,69.92284655824665,
Hyderabad,2025-08-09 14:00:00,27.0,74.13724053720264,
Hyderabad,2025-08-09 15:00:00,27.0,77.36165189255982,1008.1
Hyderabad,2025-08-09 16:00:00,23.0,100.0,
Hyderabad,2025-08-09 18:00:00,23.0,89.61193893447619,1009.4
Hyderabad,2025-08-09 21:00:00,23.0,89.61193893447619,1008.1
Hyderabad,2025-08-10 00:00:00,22.8,91.2620162268376,1007.0
Hyderabad,2025-08-10 02:00:00,24.0,83.33878752130364,
Hyderabad,2025-08-10 03:00:00,25.6,85.5701104081274,1008.6
Hyderabad,2025-08-10 04:00:00,25.0,83.45262666598398,
Hyderabad,2025-08-10 05:00:00,27.0,74.13724053720264,
Hyderabad,2025-08-10 06:00:00,27.2,78.80873430111363,1008.1
Hyderabad,2025-08-10 07:00:00,29.0,70.10874183711726,
Hyderabad,2025-08-10 08:00:00,28.0,69.92284655824665,
Hyderabad,2025-08-10 09:00:00,29.0,68.84588152405523,1005.3
Hyderabad,2025-08-10 10:00:00,27.0,74.13724053720264,
Hyderabad,2025-08-10 11:00:00,27.0,74.13724053720264,
Hyderabad,2025-08-10 12:00:00,26.8,82.65347894376836,1005.0
Hyderabad,2025-08-10 13:00:00,26.0,78.6398510724195,
Hyderabad,2025-08-10 14:00:00,26.0,78.6398510724195,
Hyderabad,2025-08-10 15:00:00,25.6,85.5701104081274,1006.7
Hyderabad,2025-08-10 16:00:00,25.0,83.45262666598398,
Hyderabad,2025-08-10 18:00:00,23.4,96.43645035727725,1008.3
Hyderabad,2025-08-10 21:00:00,23.2,96.43118524187918,1007.2
Hyderabad,2025-08-11 00:00:00,23.2,94.6889914839052,1006.7
Hyderabad,2025-08-11 02:00:00,24.0,88.59935257199315,
Hyderabad,2025-08-11 03:00:00,24.0,96.45217641736166,1008.5
Hyderabad,2025-08-11 04:00:00,25.0,83.45262666598398,
Hyderabad,2025-08-11 05:00:00,26.0,78.6398510724195,
Hyderabad,2025-08-11 06:00:00,27.6,76.5199117925122,1007.6
Hyderabad,2025-08-11 09:00:00,30.0,66.98529190484982,1004.4
Hyderabad,2025-08-11 10:00:00,29.0,65.9764050234237,
Hyderabad,2025-08-11 11:00:00,28.0,69.92284655824665,
Hyderabad,2025-08-11 12:00:00,28.4,72.59189550538423,1003.8
Hyderabad,2025-08-11 14:00:00,24.0,88.59935257199315,
Hyderabad,2025-08-11 15:00:00,23.6,94.70451111903132,1006.8
Hyderabad,2025-08-11 18:00:00,23.4,96.43645035727725,1007.1
Hyderabad,2025-08-11 21:00:00,23.0,96.42590852260086,1005.3
Hyderabad,2025-08-12 00:00:00,23.0,96.42590852260086,1005.3
Hyderabad,2025-08-12 02:00:00,24.0,88.59935257199315,
Hyderabad,2025-08-12 03:00:00,23.0,94.6812063155598,1007.1
Hyderabad,2025-08-12 06:00:00,26.4,81.61329151166868,1005.7
Hyderabad,2025-08-12 07:00:00,27.0,74.13724053720264,
Hyderabad,2025-08-12 08:00:00,28.0,69.92284655824665,
Hyderabad,2025-08-12 09:00:00,28.8,72.66100014838472,1004.0
Hyderabad,2025-08-12 10:00:00,28.0,69.92284655824665,
Hyderabad,2025-08-12 11:00:00,28.0,65.77119451823714,
Hyderabad,2025-08-12 12:00:00,27.8,73.37388259889411,1002.5
Hyderabad,2025-08-12 13:00:00,27.0,74.13724053720264,
Hyderabad,2025-08-12 14:00:00,26.0,73.97062900551056,
Hyderabad,2025-08-12 15:00:00,25.4,85.5501381158545,1004.4
Hyderabad,2025-08-12 16:00:00,25.0,83.45262666598398,
Hyderabad,2025-08-12 18:00:00,25.5,83.50912487697896,1004.1
Hyderabad,2025-08-12 21:00:00,23.8,94.71224568260264,1003.6
Hyderabad,2025-08-13 00:00:00,23.0,94.6812063155598,1004.1
Hyderabad,2025-08-13 02:00:00,23.0,88.51830793896134,
Hyderabad,2025-08-13 03:00:00,24.2,89.70035155341864,1004.3
Hyderabad,2025-08-13 05:00:00,25.0,83.45262666598398,
Hyderabad,2025-08-13 06:00:00,24.6,93.04529191975669,1004.6
Hyderabad,2025-08-13 08:00:00,25.0,83.45262666598398,
Hyderabad,2025-08-13 09:00:00,25.8,85.59004257177266,1002.9
Hyderabad,2025-08-13 10:00:00,25.0,83.45262666598398,
Hyderabad,2025-08-13 11:00:00,25.0,83.45262666598398,
Hyderabad,2025-08-13 12:00:00,25.0,91.39891921824884,1001.9
Hyderabad,2025-08-13 13:00:00,24.0,94.1486450224181,
Hyderabad,2025-08-13 14:00:00,24.0,88.59935257199315,
Hyderabad,2025-08-13 15:00:00,24.4,94.73534893450257,1003.8
Hyderabad,2025-08-13 16:00:00,24.0,94.1486450224181,
Hyderabad,2025-08-13 18:00:00,23.8,93.00493307197942,1004.5
Hyderabad,2025-08-13 21:00:00,23.4,94.69675973556869,1003.3
Hyderabad,2025-08-14 00:00:00,22.7,97.00705113892808,1003.1
Hyderabad,2025-08-14 02:00:00,23.0,88.51830793896134,
Hyderabad,2025-08-14 03:00:00,23.0,96.42590852260086,1005.1
Hyderabad,2025-08-14 04:00:00,24.0,88.59935257199315,
Hyderabad,2025-08-14 05:00:00,25.0,83.45262666598398,
Hyderabad,2025-08-14 06:00:00,25.4,88.71141337005749,1004.5
Hyderabad,2025-08-14 07:00:00,26.0,78.6398510724195,
Hyderabad,2025-08-14 08:00:00,27.0,74.13724053720264,
Hyderabad,2025-08-14 09:00:00,27.2,77.39127594477806,1002.1
Hyderabad,2025-08-14 10:00:00,27.0,74.13724053720264,
Hyderabad,2025-08-14 11:00:00,27.0,74.13724053720264,
Hyderabad,2025-08-14 12:00:00,26.8,77.3319727882649,1001.3
Hyderabad,2025-08-14 13:00:00,25.0,78.49764721655077,
Hyderabad,2025-08-14 14:00:00,25.0,83.45262666598398,
Hyderabad,2025-08-14 15:00:00,25.2,85.53012559102365,1003.4
Hyderabad,2025-08-14 16:00:00,24.0,88.59935257199315,
Hyderabad,2025-08-14 18:00:00,24.4,94.73534893450257,1003.8
Hyderabad,2025-08-14 21:00:00,23.0,94.6812063155598,1002.5
Hyderabad,2025-08-15 00:00:00,23.0,92.96422650821278,1002.1
Hyderabad,2025-08-15 02:00:00,23.0,88.51830793896134,
Hyderabad,2025-08-15 03:00:00,24.4,86.49898460860861,1003.6
Hyderabad,2025-08-15 04:00:00,25.0,78.49764721655077,
Hyderabad,2025-08-15 05:00:00,25.0,83.45262666598398,
Hyderabad,2025-08-15 06:00:00,26.2,79.63123983066636,1003.5
Hyderabad,2025-08-15 07:00:00,26.0,78.6398510724195,
Hyderabad,2025-08-15 08:00:00,27.0,74.13724053720264,
Hyderabad,2025-08-15 09:00:00,28.2,75.23841016699755,1000.6
Hyderabad,2025-08-15 10:00:00,29.0,70.10874183711726,
Hyderabad,2025-08-15 11:00:00,28.0,69.92284655824665,
Hyderabad,2025-08-15 12:00:00,28.4,73.92044305683572,998.9
Hyderabad,2025-08-15 13:00:00,27.0,74.13724053720264,
Hyderabad,2025-08-15 14:00:00,26.0,78.6398510724195,
Hyderabad,2025-08-15 15:00:00,26.4,84.62448112085993,1001.5
Hyderabad,2025-08-15 16:00:00,25.0,83.45262666598398,
Hyderabad,2025-08-15 17:00:00,22.0,100.0,
Hyderabad,2025-08-15 18:00:00,23.0,96.42590852260086,1003.0
Hyderabad,2025-08-15 21:00:00,23.0,96.42590852260086,1000.3
Hyderabad,2025-08-16 00:00:00,23.0,96.42590852260086,1000.0
Hyderabad,2025-08-16 02:00:00,23.0,94.10581804007526,
Hyderabad,2025-08-16 03:00:00,23.2,92.97443596255128,1001.4
Hyderabad,2025-08-16 05:00:00,24.0,83.33878752130364,
Hyderabad,2025-08-16 06:00:00,24.2,87.00968036068129,1001.8
Hyderabad,2025-08-16 07:00:00,24.0,88.59935257199315,
Hyderabad,2025-08-16 08:00:00,25.0,83.45262666598398,
Hyderabad,2025-08-16 09:00:00,25.4,87.11821906243264,999.8
Hyderabad,2025-08-16 12:00:00,25.2,87.10022146859102,999.2
Hyderabad,2025-08-16 13:00:00,25.0,83.45262666598398,
Hyderabad,2025-08-16 14:00:00,25.0,83.45262666598398,
Hyderabad,2025-08-16 15:00:00,24.6,88.1108765345105,1001.2
Hyderabad,2025-08-16 16:00:00,24.0,88.59935257199315,
Hyderabad,2025-08-16 18:00:00,24.4,89.71497940989825,1001.8
Hyderabad,2025-08-16 21:00:00,23.2,91.2871456644803,1000.5
Hyderabad,2025-08-17 00:00:00,23.2,91.2871456644803,1000.6
Hyderabad,2025-08-17 02:00:00,24.0,83.33878752130364,
Hyderabad,2025-08-17 03:00:00,24.6,86.51781437617485,1001.9
Hyderabad,2025-08-17 04:00:00,25.0,83.45262666598398,
Hyderabad,2025-08-17 05:00:00,26.0,78.6398510724195,
Hyderabad,2025-08-17 06:00:00,26.6,79.6854136873141,1002.2
Hyderabad,2025-08-17 07:00:00,27.0,74.13724053720264,
Hyderabad,2025-08-17 08:00:00,27.0,74.13724053720264,
Hyderabad,2025-08-17 09:00:00,27.0,75.96502451223623,999.6
Hyderabad,2025-08-17 10:00:00,27.0,78.78071949348664,
Hyderabad,2025-08-17 11:00:00,25.0,88.67956137467019,
Hyderabad,2025-08-17 12:00:00,26.0,92.00888400052642,999.4
Hyderabad,2025-08-17 13:00:00,26.0,83.5653445347348,
Hyderabad,2025-08-17 14:00:00,26.0,78.6398510724195,
Hyderabad,2025-08-17 15:00:00,25.8,85.59004257177266,1001.1
Hyderabad,2025-08-17 16:00:00,24.0,88.59935257199315,
Hyderabad,2025-08-17 18:00:00,23.8,93.00493307197942,1002.7
Hyderabad,2025-08-17 21:00:00,22.4,96.41000840186356,1002.2
Hyderabad,2025-08-18 00:00:00,22.2,96.40468492682572,1002.6
Hyderabad,2025-08-18 02:00:00,23.0,88.51830793896134,
Hyderabad,2025-08-18 03:00:00,23.0,92.96422650821278,1003.9
Hyderabad,2025-08-18 04:00:00,24.0,88.59935257199315,
Hyderabad,2025-08-18 05:00:00,25.0,83.45262666598398,
Hyderabad,2025-08-18 06:00:00,24.0,91.33708576167582,1004.1
Hyderabad,2025-08-18 07:00:00,26.0,73.97062900551056,
Hyderabad,2025-08-18 08:00:00,25.0,83.45262666598398,
Hyderabad,2025-08-18 09:00:00,25.0,88.14427552074832,1001.9
Hyderabad,2025-08-18 10:00:00,25.0,78.49764721655077,
Hyderabad,2025-08-18 11:00:00,25.0,78.49764721655077,
Hyderabad,2025-08-18 12:00:00,24.6,84.95004486909127,1001.3
Hyderabad,2025-08-18 13:00:00,24.0,83.33878752130364,
Hyderabad,2025-08-18 14:00:00,24.0,78.3540921272656,
Hyderabad,2025-08-18 15:00:00,23.4,89.64153331568741,1003.3
Hyderabad,2025-08-18 16:00:00,23.0,88.51830793896134,
Hyderabad,2025-08-18 18:00:00,22.9,95.25618988736358,1004.0
Hyderabad,2025-08-18 21:00:00,22.3,95.23520002951904,1002.8
Hyderabad,2025-08-19 00:00:00,22.2,96.40468492682572,1002.6
Hyderabad,2025-08-19 02:00:00,23.0,94.10581804007526,
Hyderabad,2025-08-19 03:00:00,23.4,94.69675973556869,1003.5
Hyderabad,2025-08-19 04:00:00,24.0,83.33878752130364,
Hyderabad,2025-08-19 05:00:00,25.0,83.45262666598398,
Hyderabad,2025-08-19 06:00:00,24.8,88.12759322404811,1003.7
Hyderabad,2025-08-19 07:00:00,25.0,83.45262666598398,
Hyderabad,2025-08-19 08:00:00,26.0,78.6398510724195,
Hyderabad,2025-08-19 09:00:00,25.8,82.53549250098933,1001.8
Hyderabad,2025-08-19 10:00:00,25.0,83.45262666598398,
Hyderabad,2025-08-19 11:00:00,24.0,83.33878752130364,
Hyderabad,2025-08-19 12:00:00,24.2,87.00968036068129,1002.1
Hyderabad,2025-08-19 13:00:00,24.0,83.33878752130364,
Hyderabad,2025-08-19 14:00:00,23.0,94.10581804007526,
Hyderabad,2025-08-19 15:00:00,23.1,95.26315595399393,1004.0
Hyderabad,2025-08-19 16:00:00,23.0,88.51830793896134,
Hyderabad,2025-08-19 17:00:00,24.0,83.33878752130364,
Hyderabad,2025-08-19 18:00:00,23.8,83.31588388828354,1003.9
Hyderabad,2025-08-19 21:00:00,23.6,84.84545097606222,1002.6
Hyderabad,2025-08-20 00:00:00,23.6,84.84545097606222,1002.6
Hyderabad,2025-08-20 02:00:00,23.0,88.51830793896134,
Hyderabad,2025-08-20 03:00:00,23.8,86.97320396170663,1004.7
Hyderabad,2025-08-20 04:00:00,26.0,78.6398510724195,
Hyderabad,2025-08-20 06:00:00,26.6,77.30223850538336,1004.9
Hyderabad,2025-08-20 07:00:00,27.0,69.73535987777385,
Hyderabad,2025-08-20 08:00:00,27.0,69.73535987777385,
Hyderabad,2025-08-20 09:00:00,26.2,76.77248501125355,1003.3
Hyderabad,2025-08-20 10:00:00,25.0,83.45262666598398,
Hyderabad,2025-08-20 11:00:00,26.0,78.6398510724195,
Hyderabad,2025-08-20 12:00:00,26.6,79.6854136873141,1003.1
Hyderabad,2025-08-20 13:00:00,26.0,78.6398510724195,
Hyderabad,2025-08-20 14:00:00,26.0,78.6398510724195,
Hyderabad,2025-08-20 15:00:00,23.4,94.69675973556869,1006.2
Hyderabad,2025-08-20 16:00:00,24.0,88.59935257199315,
Hyderabad,2025-08-20 18:00:00,24.0,89.68569309935684,1007.4
Hyderabad,2025-08-20 21:00:00,23.6,88.02677396309889,1007.0
Hyderabad,2025-08-21 00:00:00,23.4,89.64153331568741,1006.7
Hyderabad,2025-08-21 02:00:00,24.0,83.33878752130364,
Hyderabad,2025-08-21 03:00:00,24.8,83.9408350810903,1008.7
Hyderabad,2025-08-21 04:00:00,26.0,73.97062900551056,
Hyderabad,2025-08-21 05:00:00,27.0,69.73535987777385,
Hyderabad,2025-08-21 06:00:00,28.0,69.49759780649958,1007.7
Hyderabad,2025-08-21 07:00:00,29.0,62.05907199151088,
Hyderabad,2025-08-21 08:00:00,29.0,65.9764050234237,
Hyderabad,2025-08-21 09:00:00,29.0,66.37980250404418,1005.7
Hyderabad,2025-08-21 10:00:00,29.0,62.05907199151088,
Hyderabad,2025-08-21 11:00:00,29.0,65.9764050234237,
Hyderabad,2025-08-21 12:00:00,28.8,67.56355741939835,1005.0
Hyderabad,2025-08-21 13:00:00,28.0,69.92284655824665,
Hyderabad,2025-08-21 14:00:00,27.0,74.13724053720264,
Hyderabad,2025-08-21 15:00:00,26.8,77.3319727882649,1007.3
Hyderabad,2025-08-21 16:00:00,26.0,78.6398510724195,
Hyderabad,2025-08-21 18:00:00,25.8,84.05061522100549,1008.1
Hyderabad,2025-08-21 21:00:00,24.8,83.9408350810903,1007.5
Hyderabad,2025-08-22 00:00:00,23.8,88.5832108722717,1007.4
Hyderabad,2025-08-22 02:00:00,24.0,78.3540921272656,
Hyderabad,2025-08-22 03:00:00,24.2,86.48011646915207,1007.7
Hyderabad,2025-08-22 04:00:00,26.0,73.97062900551056,
Hyderabad,2025-08-22 05:00:00,27.0,65.56431854728334,
Hyderabad,2025-08-22 06:00:00,28.2,68.27434030475051,1007.5
Hyderabad,2025-08-22 07:00:00,29.0,62.05907199151088,
Hyderabad,2025-08-22 08:00:00,29.0,62.05907199151088,
Hyderabad,2025-08-22 09:00:00,29.4,66.46070290917613,1005.2
Hyderabad,2025-08-22 10:00:00,29.0,62.05907199151088,
Hyderabad,2025-08-22 11:00:00,29.0,62.05907199151088,
Hyderabad,2025-08-22 12:00:00,28.8,66.33925366327628,1004.3
Hyderabad,2025-08-22 13:00:00,28.0,65.77119451823714,
Hyderabad,2025-08-22 14:00:00,27.0,69.73535987777385,
Hyderabad,2025-08-22 15:00:00,27.0,74.59053556051053,1005.9
Hyderabad,2025-08-22 16:00:00,26.0,73.97062900551056,
Hyderabad,2025-08-22 18:00:00,26.4,75.40904545009995,1007.1
Hyderabad,2025-08-22 21:00:00,25.2,82.46414440188865,1005.8
Hyderabad,2025-08-23 00:00:00,24.2,86.48011646915207,1005.8
Hyderabad,2025-08-23 02:00:00,23.0,83.22381284256232,
Hyderabad,2025-08-23 03:00:00,24.6,80.39509424447246,1008.2
Hyderabad,2025-08-23 04:00:00,26.0,73.97062900551056,
Hyderabad,2025-08-23 05:00:00,27.0,69.73535987777385,
Hyderabad,2025-08-23 06:00:00,27.6,68.1573799292512,1006.6
Hyderabad,2025-08-23 08:00:00,28.0,61.83725955078121,
Hyderabad,2025-08-23 09:00:00,28.4,67.07345637066688,1004.9
Hyderabad,2025-08-23 11:00:00,29.0,62.05907199151088,
Hyderabad,2025-08-23 12:00:00,28.0,66.99337531539804,1003.9
Hyderabad,2025-08-23 13:00:00,27.0,65.56431854728334,
Hyderabad,2025-08-23 14:00:00,27.0,65.56431854728334,
Hyderabad,2025-08-23 15:00:00,27.0,67.62164141225769,1005.7
Hyderabad,2025-08-23 16:00:00,26.0,69.54626593683008,
Hyderabad,2025-08-23 18:00:00,26.0,73.97062900551056,1006.8
Hyderabad,2025-08-23 21:00:00,24.4,80.36867035611908,1006.3
Hyderabad,2025-08-24 00:00:00,23.2,86.38519664977352,1006.4
Hyderabad,2025-08-24 04:00:00,25.0,73.8025121880607,
Hyderabad,2025-08-24 05:00:00,26.0,69.54626593683008,
Hyderabad,2025-08-24 06:00:00,27.0,67.62164141225769,1007.9
Hyderabad,2025-08-24 08:00:00,29.0,58.347168092797666,
Hyderabad,2025-08-24 09:00:00,29.2,61.34531898587801,1005.4
Hyderabad,2025-08-24 10:00:00,28.0,61.83725955078121,
Hyderabad,2025-08-24 11:00:00,28.0,61.83725955078121,
Hyderabad,2025-08-24 12:00:00,28.2,65.81236938103763,1004.8
Hyderabad,2025-08-24 13:00:00,27.0,65.56431854728334,
Hyderabad,2025-08-24 14:00:00,27.0,65.56431854728334,
Hyderabad,2025-08-24 15:00:00,26.8,70.12771695724491,1006.9
Hyderabad,2025-08-24 18:00:00,26.0,70.84852701016716,1007.5
Hyderabad,2025-08-24 21:00:00,24.4,74.62267860192362,1006.8
