Location,Time,Temperature_C,Humidity_Percent,Pressure_hPa
Kolkata,2025-01-01 00:00:00,15.0,86.69713639932762,1015.8
Kolkata,2025-01-01 01:00:00,15.0,82.26135295757307,
Kolkata,2025-01-01 02:00:00,15.0,82.26135295757307,
Kolkata,2025-01-01 03:00:00,16.1,79.2255500328325,1017.6
Kolkata,2025-01-01 04:00:00,18.0,72.58214163091449,
Kolkata,2025-01-01 05:00:00,19.0,68.17624188935186,
Kolkata,2025-01-01 06:00:00,20.6,64.61860815257197,1016.4
Kolkata,2025-01-01 07:00:00,22.0,60.47020638316778,
Kolkata,2025-01-01 08:00:00,23.0,56.905982387401856,
Kolkata,2025-01-01 09:00:00,23.2,55.858360603198676,1013.1
Kolkata,2025-01-01 10:00:00,23.0,53.3200727790885,
Kolkata,2025-01-01 11:00:00,22.0,56.659698507038094,
Kolkata,2025-01-01 12:00:00,21.4,61.92008126297963,1013.4
Kolkata,2025-01-01 13:00:00,20.0,64.06828882011946,
Kolkata,2025-01-01 14:00:00,19.0,68.17624188935186,
Kolkata,2025-01-01 15:00:00,19.2,72.79689586933766,1015.5
Kolkata,2025-01-01 16:00:00,18.0,77.46347403540311,
Kolkata,2025-01-01 17:00:00,17.0,77.30999987827745,
Kolkata,2025-01-01 18:00:00,17.2,81.47133555590639,1016.2
Kolkata,2025-01-01 19:00:00,15.0,87.83845905653965,
Kolkata,2025-01-01 20:00:00,14.0,87.7493580835068,
Kolkata,2025-01-01 21:00:00,16.4,84.60810750294789,1014.9
Kolkata,2025-01-01 22:00:00,13.0,87.65929893866783,
Kolkata,2025-01-01 23:00:00,13.0,87.65929893866783,
Kolkata,2025-01-02 00:00:00,13.4,92.44713118035172,1015.7
Kolkata,2025-01-02 01:00:00,12.0,87.56826823314962,
Kolkata,2025-01-02 02:00:00,13.0,93.6507241146196,
Kolkata,2025-01-02 03:00:00,14.6,82.21115771380671,1018.5
Kolkata,2025-01-02 04:00:00,16.0,77.15504026859813,
Kolkata,2025-01-02 05:00:00,18.0,67.9737012152502,
Kolkata,2025-01-02 06:00:00,20.0,60.795284486151715,1016.7
Kolkata,2025-01-02 07:00:00,21.0,56.41164570214274,
Kolkata,2025-01-02 08:00:00,22.0,53.062217933001484,
Kolkata,2025-01-02 09:00:00,22.2,52.07527839165964,1014.0
Kolkata,2025-01-02 10:00:00,22.0,53.062217933001484,
Kolkata,2025-01-02 11:00:00,21.0,56.41164570214274,
Kolkata,2025-01-02 12:00:00,20.2,62.45824686119664,1014.2
Kolkata,2025-01-02 13:00:00,19.0,63.847544203512655,
Kolkata,2025-01-02 14:00:00,18.0,67.9737012152502,
Kolkata,2025-01-02 15:00:00,16.8,83.56210204241829,1016.2
Kolkata,2025-01-02 16:00:00,16.0,77.15504026859813,
Kolkata,2025-01-02 17:00:00,16.0,77.15504026859813,
Kolkata,2025-01-02 18:00:00,16.2,82.94991283505945,1016.4
Kolkata,2025-01-02 19:00:00,15.0,82.26135295757307,
Kolkata,2025-01-02 20:00:00,15.0,82.26135295757307,
Kolkata,2025-01-02 21:00:00,15.8,85.09530172182048,1015.4
Kolkata,2025-01-02 22:00:00,13.0,93.6507241146196,
Kolkata,2025-01-02 23:00:00,13.0,93.6507241146196,
Kolkata,2025-01-03 00:00:00,13.7,88.30318788545544,1016.1
Kolkata,2025-01-03 01:00:00,13.0,87.65929893866783,
Kolkata,2025-01-03 02:00:00,14.0,82.13548036749823,
Kolkata,2025-01-03 03:00:00,15.0,78.5453271453219,1018.3
Kolkata,2025-01-03 04:00:00,16.0,77.15504026859813,
Kolkata,2025-01-03 05:00:00,18.0,67.9737012152502,
Kolkata,2025-01-03 06:00:00,19.4,63.5175342376094,1016.8
Kolkata,2025-01-03 07:00:00,21.0,60.23620878051111,
Kolkata,2025-01-03 08:00:00,21.0,64.28724600863578,
Kolkata,2025-01-03 09:00:00,22.2,60.5167917252445,1013.7
Kolkata,2025-01-03 10:00:00,22.0,60.47020638316778,
Kolkata,2025-01-03 11:00:00,21.0,64.28724600863578,
Kolkata,2025-01-03 12:00:00,20.4,70.24697078102471,1014.2
Kolkata,2025-01-03 13:00:00,20.0,68.37704311271231,
Kolkata,2025-01-03 14:00:00,19.0,72.76126640465226,
Kolkata,2025-01-03 15:00:00,17.0,83.58530465643025,1015.7
Kolkata,2025-01-03 16:00:00,17.0,82.5092926949021,
Kolkata,2025-01-03 17:00:00,16.0,87.92661502454915,
Kolkata,2025-01-03 18:00:00,16.8,87.43108727612648,1015.0
Kolkata,2025-01-03 19:00:00,15.0,93.74581735320379,
Kolkata,2025-01-03 20:00:00,16.0,87.92661502454915,
Kolkata,2025-01-03 21:00:00,16.4,89.68180342228284,1013.8
Kolkata,2025-01-03 22:00:00,15.0,93.74581735320379,
Kolkata,2025-01-03 23:00:00,14.0,93.6985366777409,
Kolkata,2025-01-04 00:00:00,15.0,91.34219794839412,1014.2
Kolkata,2025-01-04 01:00:00,15.0,93.74581735320379,
Kolkata,2025-01-04 02:00:00,16.0,87.92661502454915,
Kolkata,2025-01-04 03:00:00,16.8,82.48472431499,1016.6
Kolkata,2025-01-04 04:00:00,18.0,77.46347403540311,
Kolkata,2025-01-04 05:00:00,20.0,68.37704311271231,
Kolkata,2025-01-04 06:00:00,21.4,66.05766705433949,1015.0
Kolkata,2025-01-04 07:00:00,23.0,60.70242277903299,
Kolkata,2025-01-04 08:00:00,23.0,60.70242277903299,
Kolkata,2025-01-04 09:00:00,24.2,57.19920383471323,1012.0
Kolkata,2025-01-04 10:00:00,24.0,57.150508542239244,
Kolkata,2025-01-04 11:00:00,23.0,60.70242277903299,
Kolkata,2025-01-04 12:00:00,22.0,72.36558787435905,1012.1
Kolkata,2025-01-04 13:00:00,20.0,77.76603602176817,
Kolkata,2025-01-04 14:00:00,18.0,88.1001435273896,
Kolkata,2025-01-04 15:00:00,18.0,89.80163133535805,1014.7
Kolkata,2025-01-04 16:00:00,18.0,88.1001435273896,
Kolkata,2025-01-04 17:00:00,17.0,88.01383893644437,
Kolkata,2025-01-04 18:00:00,16.6,93.82037943614978,1014.7
Kolkata,2025-01-04 19:00:00,16.0,93.79257390574581,
Kolkata,2025-01-04 20:00:00,16.0,87.92661502454915,
Kolkata,2025-01-04 21:00:00,16.0,93.79257390574581,1013.7
Kolkata,2025-01-04 22:00:00,14.0,100.0,
Kolkata,2025-01-04 23:00:00,15.0,93.74581735320379,
Kolkata,2025-01-05 00:00:00,15.4,95.59825364282388,1014.5
Kolkata,2025-01-05 01:00:00,15.0,93.74581735320379,
Kolkata,2025-01-05 02:00:00,15.0,100.0,
Kolkata,2025-01-05 03:00:00,16.2,98.73234606986296,1017.2
Kolkata,2025-01-05 04:00:00,17.0,93.83881396078476,
Kolkata,2025-01-05 05:00:00,20.0,82.87192979044534,
Kolkata,2025-01-05 06:00:00,21.9,74.67683821226461,1016.1
Kolkata,2025-01-05 07:00:00,23.0,64.71986027383593,
Kolkata,2025-01-05 08:00:00,24.0,57.150508542239244,
Kolkata,2025-01-05 09:00:00,24.2,52.93687872742393,1013.2
Kolkata,2025-01-05 10:00:00,23.0,56.905982387401856,
Kolkata,2025-01-05 11:00:00,23.0,60.70242277903299,
Kolkata,2025-01-05 12:00:00,21.4,69.98744152646606,1013.6
Kolkata,2025-01-05 13:00:00,20.0,82.87192979044534,
Kolkata,2025-01-05 14:00:00,19.0,82.75226606225803,
Kolkata,2025-01-05 15:00:00,18.2,87.0002728768003,1015.4
Kolkata,2025-01-05 16:00:00,19.0,82.75226606225803,
Kolkata,2025-01-05 17:00:00,17.0,88.01383893644437,
Kolkata,2025-01-05 18:00:00,15.6,90.20428048612227,1014.8
Kolkata,2025-01-05 19:00:00,17.0,88.01383893644437,
Kolkata,2025-01-05 20:00:00,14.0,100.0,
Kolkata,2025-01-05 21:00:00,14.2,87.76725450734972,1013.8
Kolkata,2025-01-05 22:00:00,14.0,93.6985366777409,
Kolkata,2025-01-05 23:00:00,14.0,100.0,
Kolkata,2025-01-06 00:00:00,15.0,90.16085884893617,1014.0
Kolkata,2025-01-06 01:00:00,14.0,100.0,
Kolkata,2025-01-06 02:00:00,14.0,100.0,
Kolkata,2025-01-06 03:00:00,16.4,98.10672911476868,1016.1
Kolkata,2025-01-06 04:00:00,18.0,93.88454500736407,
Kolkata,2025-01-06 05:00:00,22.0,73.28896468276716,
Kolkata,2025-01-06 06:00:00,23.8,59.728865836107595,1014.7
Kolkata,2025-01-06 07:00:00,24.0,53.57621135443473,
Kolkata,2025-01-06 08:00:00,25.0,50.46397557709502,
Kolkata,2025-01-06 09:00:00,26.0,44.557102524016656,1011.7
Kolkata,2025-01-06 10:00:00,25.0,44.281814632318536,
Kolkata,2025-01-06 11:00:00,25.0,41.44882875278398,
Kolkata,2025-01-06 12:00:00,21.8,62.41362156489233,1012.4
Kolkata,2025-01-06 13:00:00,23.0,56.905982387401856,
Kolkata,2025-01-06 14:00:00,20.0,68.37704311271231,
Kolkata,2025-01-06 15:00:00,17.9,81.03695143257538,1013.3
Kolkata,2025-01-06 16:00:00,19.0,72.76126640465226,
Kolkata,2025-01-06 17:00:00,19.0,72.76126640465226,
Kolkata,2025-01-06 18:00:00,18.0,78.98312057987694,1013.5
Kolkata,2025-01-06 19:00:00,18.0,77.46347403540311,
Kolkata,2025-01-06 20:00:00,17.0,82.5092926949021,
Kolkata,2025-01-06 21:00:00,17.6,78.92548771138722,1012.6
Kolkata,2025-01-06 22:00:00,16.0,82.38595162827323,
Kolkata,2025-01-06 23:00:00,16.0,87.92661502454915,
Kolkata,2025-01-07 00:00:00,17.2,96.88109824815163,1013.4
Kolkata,2025-01-07 01:00:00,17.0,93.83881396078476,
Kolkata,2025-01-07 02:00:00,18.0,88.1001435273896,
Kolkata,2025-01-07 03:00:00,19.2,84.3724749251044,1015.4
Kolkata,2025-01-07 04:00:00,22.0,68.77349522244712,
Kolkata,2025-01-07 05:00:00,24.0,60.93287150821879,
Kolkata,2025-01-07 06:00:00,25.4,59.722310592735006,1013.5
Kolkata,2025-01-07 07:00:00,26.0,54.08337422022996,
Kolkata,2025-01-07 08:00:00,26.0,54.08337422022996,
Kolkata,2025-01-07 09:00:00,26.8,51.92002876756459,1010.4
Kolkata,2025-01-07 10:00:00,27.0,47.821805415300325,
Kolkata,2025-01-07 11:00:00,26.0,50.72618873623027,
Kolkata,2025-01-07 12:00:00,23.4,68.17970717190843,1011.0
Kolkata,2025-01-07 13:00:00,25.0,61.16156608407452,
Kolkata,2025-01-07 14:00:00,24.0,64.9335482156484,
Kolkata,2025-01-07 15:00:00,20.8,78.38096858207,1012.4
Kolkata,2025-01-07 16:00:00,20.0,82.87192979044534,
Kolkata,2025-01-07 17:00:00,21.0,73.11466043664565,
Kolkata,2025-01-07 18:00:00,20.6,74.4596174181464,1013.1
Kolkata,2025-01-07 19:00:00,18.0,82.63139222899503,
Kolkata,2025-01-07 20:00:00,18.0,77.46347403540311,
Kolkata,2025-01-07 22:00:00,17.0,82.5092926949021,
Kolkata,2025-01-07 23:00:00,17.0,82.5092926949021,
Kolkata,2025-01-08 00:00:00,17.0,81.44548898385827,1013.3
Kolkata,2025-01-08 01:00:00,17.0,77.30999987827745,
Kolkata,2025-01-08 02:00:00,17.0,77.30999987827745,
Kolkata,2025-01-08 03:00:00,18.0,72.58214163091449,1016.8
Kolkata,2025-01-08 04:00:00,19.0,63.847544203512655,
Kolkata,2025-01-08 05:00:00,20.0,64.06828882011946,
Kolkata,2025-01-08 06:00:00,21.2,60.28315144831681,1015.8
Kolkata,2025-01-08 07:00:00,21.0,60.23620878051111,
Kolkata,2025-01-08 08:00:00,22.0,56.659698507038094,
Kolkata,2025-01-08 09:00:00,22.6,53.918816559734495,1013.2
Kolkata,2025-01-08 10:00:00,22.0,56.659698507038094,
Kolkata,2025-01-08 11:00:00,21.0,60.23620878051111,
Kolkata,2025-01-08 12:00:00,20.4,64.15608531331758,1014.2
Kolkata,2025-01-08 13:00:00,19.0,68.17624188935186,
Kolkata,2025-01-08 14:00:00,18.0,72.58214163091449,
Kolkata,2025-01-08 15:00:00,17.4,75.87255538725047,1016.6
Kolkata,2025-01-08 16:00:00,18.0,72.58214163091449,
Kolkata,2025-01-08 17:00:00,17.0,77.30999987827745,
Kolkata,2025-01-08 18:00:00,16.2,83.49220888976578,1017.1
Kolkata,2025-01-08 19:00:00,16.0,82.38595162827323,
Kolkata,2025-01-08 20:00:00,15.0,87.83845905653965,
Kolkata,2025-01-08 21:00:00,14.6,91.3164268378706,1016.0
Kolkata,2025-01-08 22:00:00,14.0,82.13548036749823,
Kolkata,2025-01-08 23:00:00,13.0,87.65929893866783,
Kolkata,2025-01-09 00:00:00,14.0,88.91183607623559,1017.2
Kolkata,2025-01-09 01:00:00,12.0,93.60237175676416,
Kolkata,2025-01-09 02:00:00,14.0,87.7493580835068,
Kolkata,2025-01-09 03:00:00,16.2,75.1794522451566,1020.0
Kolkata,2025-01-09 04:00:00,18.0,67.9737012152502,
Kolkata,2025-01-09 05:00:00,19.0,63.847544203512655,
Kolkata,2025-01-09 06:00:00,20.8,58.24782501549027,1018.7
Kolkata,2025-01-09 07:00:00,21.0,56.41164570214274,
Kolkata,2025-01-09 08:00:00,22.0,56.659698507038094,
Kolkata,2025-01-09 09:00:00,22.8,52.92103079505408,1015.8
Kolkata,2025-01-09 10:00:00,22.0,53.062217933001484,
Kolkata,2025-01-09 11:00:00,21.0,56.41164570214274,
Kolkata,2025-01-09 12:00:00,20.2,62.45824686119664,1015.8
Kolkata,2025-01-09 13:00:00,19.0,68.17624188935186,
Kolkata,2025-01-09 14:00:00,18.0,72.58214163091449,
Kolkata,2025-01-09 15:00:00,17.6,75.41157117388549,1018.1
Kolkata,2025-01-09 16:00:00,17.0,72.40137469901838,
Kolkata,2025-01-09 17:00:00,16.0,77.15504026859813,
Kolkata,2025-01-09 18:00:00,16.4,78.23693356303102,1018.9
Kolkata,2025-01-09 19:00:00,15.0,76.99857740749144,
Kolkata,2025-01-09 20:00:00,15.0,82.26135295757307,
Kolkata,2025-01-09 22:00:00,13.0,87.65929893866783,
Kolkata,2025-01-09 23:00:00,13.0,87.65929893866783,
Kolkata,2025-01-10 00:00:00,14.0,81.05149399721032,1019.0
Kolkata,2025-01-10 01:00:00,12.0,87.56826823314962,
Kolkata,2025-01-10 02:00:00,14.0,82.13548036749823,
Kolkata,2025-01-10 03:00:00,16.4,71.34101940854292,1021.6
Kolkata,2025-01-10 04:00:00,18.0,67.9737012152502,
Kolkata,2025-01-10 05:00:00,21.0,56.41164570214274,
Kolkata,2025-01-10 06:00:00,21.4,52.557633204221474,1020.3
Kolkata,2025-01-10 07:00:00,22.0,49.66749449203243,
Kolkata,2025-01-10 08:00:00,22.0,49.66749449203243,
Kolkata,2025-01-10 09:00:00,23.4,43.83834184284298,1016.6
Kolkata,2025-01-10 10:00:00,23.0,46.74000199173645,
Kolkata,2025-01-10 11:00:00,22.0,46.46566533002917,
Kolkata,2025-01-10 12:00:00,21.0,50.73632107006152,1016.7
Kolkata,2025-01-10 13:00:00,21.0,49.39870122318638,
Kolkata,2025-01-10 14:00:00,19.0,59.762815682936235,
Kolkata,2025-01-10 15:00:00,17.4,68.30159212964803,1018.6
Kolkata,2025-01-10 16:00:00,17.0,67.76940390278297,
Kolkata,2025-01-10 17:00:00,16.0,77.15504026859813,
Kolkata,2025-01-10 18:00:00,15.2,78.57491552248868,1018.3
Kolkata,2025-01-10 19:00:00,16.0,72.21894762129432,
Kolkata,2025-01-10 20:00:00,15.0,82.26135295757307,
Kolkata,2025-01-10 21:00:00,13.2,88.26012857000727,1017.9
Kolkata,2025-01-10 22:00:00,13.0,87.65929893866783,
Kolkata,2025-01-10 23:00:00,13.0,87.65929893866783,
Kolkata,2025-01-11 00:00:00,14.4,80.03600697911848,1018.7
Kolkata,2025-01-11 01:00:00,13.0,87.65929893866783,
Kolkata,2025-01-11 02:00:00,15.0,82.26135295757307,
Kolkata,2025-01-11 03:00:00,16.6,79.29706992228401,1021.1
Kolkata,2025-01-11 04:00:00,19.0,72.76126640465226,
Kolkata,2025-01-11 05:00:00,21.0,64.28724600863578,
Kolkata,2025-01-11 06:00:00,22.2,58.20608486944994,1019.9
Kolkata,2025-01-11 07:00:00,23.0,53.3200727790885,
Kolkata,2025-01-11 08:00:00,24.0,47.01278154897936,
Kolkata,2025-01-11 09:00:00,24.8,38.98056748808275,1016.3
Kolkata,2025-01-11 10:00:00,24.0,47.01278154897936,
Kolkata,2025-01-11 11:00:00,23.0,49.934634256058565,
Kolkata,2025-01-11 12:00:00,20.2,66.6654949353759,1015.9
Kolkata,2025-01-11 13:00:00,20.0,64.06828882011946,
Kolkata,2025-01-11 14:00:00,20.0,64.06828882011946,
Kolkata,2025-01-11 15:00:00,17.2,77.8468347395206,1017.5
Kolkata,2025-01-11 16:00:00,18.0,77.46347403540311,
Kolkata,2025-01-11 17:00:00,17.0,77.30999987827745,
Kolkata,2025-01-11 18:00:00,15.6,87.32148192965687,1018.2
Kolkata,2025-01-11 19:00:00,16.0,82.38595162827323,
Kolkata,2025-01-11 20:00:00,16.0,82.38595162827323,
Kolkata,2025-01-11 21:00:00,14.4,90.70861843145448,1017.1
Kolkata,2025-01-11 22:00:00,15.0,87.83845905653965,
Kolkata,2025-01-11 23:00:00,15.0,87.83845905653965,
Kolkata,2025-01-12 00:00:00,14.6,91.3164268378706,1017.7
Kolkata,2025-01-12 01:00:00,14.0,93.6985366777409,
Kolkata,2025-01-12 02:00:00,15.0,87.83845905653965,
Kolkata,2025-01-12 03:00:00,18.2,77.49399216233556,1019.8
Kolkata,2025-01-12 04:00:00,20.0,68.37704311271231,
Kolkata,2025-01-12 05:00:00,23.0,56.905982387401856,
Kolkata,2025-01-12 06:00:00,25.0,45.46191446999852,1018.3
Kolkata,2025-01-12 07:00:00,25.0,47.2840066651506,
Kolkata,2025-01-12 08:00:00,26.0,41.72804915823505,
Kolkata,2025-01-12 09:00:00,26.8,37.011014273336045,1014.7
Kolkata,2025-01-12 10:00:00,26.0,41.72804915823505,
Kolkata,2025-01-12 11:00:00,24.0,47.01278154897936,
Kolkata,2025-01-12 12:00:00,22.8,55.75870795491187,1014.6
Kolkata,2025-01-12 13:00:00,22.0,56.659698507038094,
Kolkata,2025-01-12 14:00:00,22.0,56.659698507038094,
Kolkata,2025-01-12 15:00:00,19.0,71.8231453434557,1016.2
Kolkata,2025-01-12 16:00:00,20.0,68.37704311271231,
Kolkata,2025-01-12 17:00:00,20.0,68.37704311271231,
Kolkata,2025-01-12 18:00:00,18.0,78.47368296970863,1016.2
Kolkata,2025-01-12 19:00:00,19.0,72.76126640465226,
Kolkata,2025-01-12 20:00:00,17.0,77.30999987827745,
Kolkata,2025-01-12 21:00:00,17.2,81.47133555590639,1015.3
Kolkata,2025-01-12 22:00:00,17.0,77.30999987827745,
Kolkata,2025-01-12 23:00:00,17.0,77.30999987827745,
Kolkata,2025-01-13 00:00:00,15.4,85.05255730831114,1015.3
Kolkata,2025-01-13 01:00:00,17.0,77.30999987827745,
Kolkata,2025-01-13 02:00:00,18.0,72.58214163091449,
Kolkata,2025-01-13 03:00:00,19.6,72.39905592806319,1017.0
Kolkata,2025-01-13 04:00:00,22.0,60.47020638316778,
Kolkata,2025-01-13 05:00:00,24.0,53.57621135443473,
Kolkata,2025-01-13 06:00:00,25.2,48.90458431872265,1015.9
Kolkata,2025-01-13 07:00:00,26.0,47.553680242907866,
Kolkata,2025-01-13 08:00:00,26.0,47.553680242907866,
Kolkata,2025-01-13 09:00:00,26.2,47.30012518936924,1012.8
Kolkata,2025-01-13 10:00:00,26.0,47.553680242907866,
Kolkata,2025-01-13 11:00:00,25.0,50.46397557709502,
Kolkata,2025-01-13 12:00:00,23.6,64.02874504928945,1013.5
Kolkata,2025-01-13 13:00:00,22.0,64.50443133407828,
Kolkata,2025-01-13 14:00:00,21.0,68.57612192597597,
Kolkata,2025-01-13 15:00:00,19.4,77.17911273163557,1015.4
Kolkata,2025-01-13 16:00:00,19.0,77.61548030512277,
Kolkata,2025-01-13 17:00:00,19.0,77.61548030512277,
Kolkata,2025-01-13 18:00:00,18.0,82.10130241225859,1016.0
Kolkata,2025-01-13 19:00:00,18.0,82.63139222899503,
Kolkata,2025-01-13 20:00:00,18.0,82.63139222899503,
Kolkata,2025-01-13 21:00:00,18.2,82.12623755031767,1015.2
Kolkata,2025-01-13 22:00:00,18.0,77.46347403540311,
Kolkata,2025-01-13 23:00:00,17.0,82.5092926949021,
Kolkata,2025-01-14 00:00:00,18.0,80.52893541547579,1016.8
Kolkata,2025-01-14 01:00:00,17.0,82.5092926949021,
Kolkata,2025-01-14 02:00:00,17.0,88.01383893644437,
Kolkata,2025-01-14 03:00:00,19.0,77.11756813613941,1019.8
Kolkata,2025-01-14 04:00:00,20.0,72.93876680928581,
Kolkata,2025-01-14 05:00:00,22.0,64.50443133407828,
Kolkata,2025-01-14 06:00:00,23.2,59.20534118595157,1019.3
Kolkata,2025-01-14 07:00:00,24.0,57.150508542239244,
Kolkata,2025-01-14 08:00:00,24.0,60.93287150821879,
Kolkata,2025-01-14 09:00:00,24.6,56.204948951375734,1016.4
Kolkata,2025-01-14 10:00:00,24.0,60.93287150821879,
Kolkata,2025-01-14 11:00:00,23.0,64.71986027383593,
Kolkata,2025-01-14 12:00:00,22.5,67.13914943010924,1017.5
Kolkata,2025-01-14 13:00:00,22.0,68.77349522244712,
Kolkata,2025-01-14 14:00:00,21.0,68.57612192597597,
Kolkata,2025-01-14 15:00:00,20.2,77.7959746080714,1018.9
Kolkata,2025-01-14 16:00:00,20.0,72.93876680928581,
Kolkata,2025-01-14 17:00:00,19.0,77.61548030512277,
Kolkata,2025-01-14 18:00:00,19.0,80.66276457451087,1018.6
Kolkata,2025-01-14 19:00:00,18.0,82.63139222899503,
Kolkata,2025-01-14 20:00:00,17.0,88.01383893644437,
Kolkata,2025-01-14 21:00:00,18.0,74.50117291249502,1018.0
Kolkata,2025-01-14 22:00:00,16.0,82.38595162827323,
Kolkata,2025-01-14 23:00:00,15.0,87.83845905653965,
Kolkata,2025-01-15 00:00:00,16.6,83.53885195933492,1018.8
Kolkata,2025-01-15 01:00:00,15.0,87.83845905653965,
Kolkata,2025-01-15 02:00:00,16.0,82.38595162827323,
Kolkata,2025-01-15 03:00:00,18.2,74.5350464901098,1021.1
Kolkata,2025-01-15 04:00:00,20.0,68.37704311271231,
Kolkata,2025-01-15 05:00:00,22.0,56.659698507038094,
Kolkata,2025-01-15 06:00:00,24.2,48.95659267969773,1019.4
Kolkata,2025-01-15 07:00:00,25.0,47.2840066651506,
Kolkata,2025-01-15 08:00:00,25.0,38.7768182157348,
Kolkata,2025-01-15 09:00:00,25.4,32.6399698111584,1016.2
Kolkata,2025-01-15 10:00:00,24.0,38.49399356753938,
Kolkata,2025-01-15 11:00:00,24.0,41.16827865067493,
Kolkata,2025-01-15 12:00:00,22.4,45.95800817100596,1016.3
Kolkata,2025-01-15 13:00:00,22.0,49.66749449203243,
Kolkata,2025-01-15 14:00:00,20.0,56.16181282171762,
Kolkata,2025-01-15 15:00:00,20.0,57.28999300611702,1017.6
Kolkata,2025-01-15 16:00:00,18.0,67.9737012152502,
Kolkata,2025-01-15 17:00:00,16.0,77.15504026859813,
Kolkata,2025-01-15 18:00:00,18.0,70.7067670476825,1017.8
Kolkata,2025-01-15 19:00:00,15.0,82.26135295757307,
Kolkata,2025-01-15 20:00:00,15.0,87.83845905653965,
Kolkata,2025-01-15 21:00:00,17.2,75.84007888973122,1017.0
Kolkata,2025-01-15 22:00:00,14.0,87.7493580835068,
Kolkata,2025-01-15 23:00:00,14.0,87.7493580835068,
Kolkata,2025-01-16 00:00:00,15.0,88.99298972017739,1017.7
Kolkata,2025-01-16 01:00:00,14.0,87.7493580835068,
Kolkata,2025-01-16 02:00:00,15.0,87.83845905653965,
Kolkata,2025-01-16 03:00:00,16.4,83.51555428322855,1019.7
Kolkata,2025-01-16 04:00:00,18.0,77.46347403540311,
Kolkata,2025-01-16 05:00:00,21.0,68.57612192597597,
Kolkata,2025-01-16 06:00:00,22.8,60.266403339762256,1018.2
Kolkata,2025-01-16 07:00:00,24.0,57.150508542239244,
Kolkata,2025-01-16 08:00:00,25.0,53.83064226424435,
Kolkata,2025-01-16 09:00:00,25.5,44.71186561206738,1015.3
Kolkata,2025-01-16 10:00:00,25.0,47.2840066651506,
Kolkata,2025-01-16 11:00:00,24.0,53.57621135443473,
Kolkata,2025-01-16 12:00:00,22.6,64.63389847736897,1015.8
Kolkata,2025-01-16 13:00:00,22.0,60.47020638316778,
Kolkata,2025-01-16 14:00:00,21.0,64.28724600863578,
Kolkata,2025-01-16 15:00:00,20.2,81.85290034735793,1017.8
Kolkata,2025-01-16 16:00:00,19.0,72.76126640465226,
Kolkata,2025-01-16 17:00:00,18.0,77.46347403540311,
Kolkata,2025-01-16 18:00:00,18.2,82.12623755031767,1017.6
Kolkata,2025-01-16 19:00:00,17.0,88.01383893644437,
Kolkata,2025-01-16 20:00:00,16.0,87.92661502454915,
Kolkata,2025-01-16 21:00:00,16.4,89.68180342228284,1016.7
Kolkata,2025-01-16 22:00:00,16.0,87.92661502454915,
Kolkata,2025-01-16 23:00:00,16.0,82.38595162827323,
Kolkata,2025-01-17 00:00:00,15.6,89.04126423426794,1016.9
Kolkata,2025-01-17 01:00:00,15.0,87.83845905653965,
Kolkata,2025-01-17 02:00:00,16.0,82.38595162827323,
Kolkata,2025-01-17 03:00:00,17.4,79.92790572070956,1018.7
Kolkata,2025-01-17 04:00:00,19.0,72.76126640465226,
Kolkata,2025-01-17 05:00:00,21.0,64.28724600863578,
Kolkata,2025-01-17 06:00:00,23.0,59.15792233039937,1017.1
Kolkata,2025-01-17 07:00:00,24.0,57.150508542239244,
Kolkata,2025-01-17 08:00:00,25.0,53.83064226424435,
Kolkata,2025-01-17 09:00:00,25.4,48.957885029596795,1014.0
Kolkata,2025-01-17 10:00:00,25.0,50.46397557709502,
Kolkata,2025-01-17 11:00:00,25.0,47.2840066651506,
Kolkata,2025-01-17 12:00:00,23.0,57.64809901125625,1014.2
Kolkata,2025-01-17 13:00:00,22.0,56.659698507038094,
Kolkata,2025-01-17 14:00:00,21.0,60.23620878051111,
Kolkata,2025-01-17 15:00:00,20.0,70.17068309813398,1015.9
Kolkata,2025-01-17 16:00:00,19.0,72.76126640465226,
Kolkata,2025-01-17 17:00:00,19.0,72.76126640465226,
Kolkata,2025-01-17 18:00:00,18.0,83.70061000216545,1016.0
Kolkata,2025-01-17 19:00:00,17.0,82.5092926949021,
Kolkata,2025-01-17 20:00:00,17.0,82.5092926949021,
Kolkata,2025-01-17 21:00:00,17.4,81.49713040868144,1016.0
Kolkata,2025-01-17 22:00:00,16.0,82.38595162827323,
Kolkata,2025-01-17 23:00:00,15.0,87.83845905653965,
Kolkata,2025-01-18 00:00:00,16.0,86.79296502819646,1016.8
Kolkata,2025-01-18 01:00:00,15.0,87.83845905653965,
Kolkata,2025-01-18 02:00:00,16.0,87.92661502454915,
Kolkata,2025-01-18 03:00:00,18.0,78.47368296970863,1018.0
Kolkata,2025-01-18 04:00:00,20.0,64.06828882011946,
Kolkata,2025-01-18 05:00:00,22.0,56.659698507038094,
Kolkata,2025-01-18 06:00:00,23.6,53.822735105171496,1017.3
Kolkata,2025-01-18 07:00:00,24.0,53.57621135443473,
Kolkata,2025-01-18 08:00:00,25.0,50.46397557709502,
Kolkata,2025-01-18 09:00:00,25.2,46.11683152073457,1014.2
Kolkata,2025-01-18 10:00:00,25.0,47.2840066651506,
Kolkata,2025-01-18 11:00:00,25.0,44.281814632318536,
Kolkata,2025-01-18 12:00:00,23.2,53.37143752203796,1014.1
Kolkata,2025-01-18 13:00:00,22.0,56.659698507038094,
Kolkata,2025-01-18 14:00:00,21.0,60.23620878051111,
Kolkata,2025-01-18 15:00:00,18.0,77.46347403540311,1015.4
Kolkata,2025-01-18 16:00:00,19.0,68.17624188935186,
Kolkata,2025-01-18 17:00:00,19.0,68.17624188935186,
Kolkata,2025-01-18 18:00:00,18.8,71.32091814790851,1015.3
Kolkata,2025-01-18 19:00:00,18.0,72.58214163091449,
Kolkata,2025-01-18 20:00:00,17.0,82.5092926949021,
Kolkata,2025-01-18 21:00:00,17.4,77.37156680658181,1014.7
Kolkata,2025-01-18 22:00:00,16.0,82.38595162827323,
Kolkata,2025-01-18 23:00:00,15.0,87.83845905653965,
Kolkata,2025-01-19 00:00:00,16.6,82.46010614674658,1015.2
Kolkata,2025-01-19 01:00:00,15.0,82.26135295757307,
Kolkata,2025-01-19 02:00:00,16.0,82.38595162827323,
Kolkata,2025-01-19 03:00:00,18.8,64.64976086204504,1017.8
Kolkata,2025-01-19 04:00:00,21.0,60.23620878051111,
Kolkata,2025-01-19 05:00:00,23.0,49.934634256058565,
Kolkata,2025-01-19 06:00:00,24.6,42.73332193279762,1016.2
Kolkata,2025-01-19 07:00:00,25.0,41.44882875278398,
Kolkata,2025-01-19 08:00:00,26.0,39.05844369993647,
Kolkata,2025-01-19 09:00:00,25.6,36.67279763142367,1012.5
Kolkata,2025-01-19 10:00:00,26.0,36.540530015343805,
Kolkata,2025-01-19 11:00:00,25.0,38.7768182157348,
Kolkata,2025-01-19 12:00:00,23.2,49.01034651636725,1011.9
Kolkata,2025-01-19 13:00:00,24.0,47.01278154897936,
Kolkata,2025-01-19 14:00:00,21.0,56.41164570214274,
Kolkata,2025-01-19 15:00:00,18.8,71.78645915321792,1013.4
Kolkata,2025-01-19 16:00:00,19.0,68.17624188935186,
Kolkata,2025-01-19 17:00:00,18.0,72.58214163091449,
Kolkata,2025-01-19 18:00:00,16.8,79.32557950867556,1013.3
Kolkata,2025-01-19 19:00:00,17.0,82.5092926949021,
Kolkata,2025-01-19 20:00:00,17.0,72.40137469901838,
Kolkata,2025-01-19 21:00:00,15.4,85.05255730831114,1012.8
Kolkata,2025-01-19 22:00:00,15.0,82.26135295757307,
Kolkata,2025-01-19 23:00:00,15.0,82.26135295757307,
Kolkata,2025-01-20 00:00:00,14.6,82.21115771380671,1013.3
Kolkata,2025-01-20 01:00:00,14.0,87.7493580835068,
Kolkata,2025-01-20 02:00:00,16.0,82.38595162827323,
Kolkata,2025-01-20 03:00:00,18.4,63.71423296095101,1015.4
Kolkata,2025-01-20 04:00:00,20.0,52.54132558106588,
Kolkata,2025-01-20 05:00:00,22.0,46.46566533002917,
Kolkata,2025-01-20 06:00:00,22.8,41.1064537049532,1014.4
Kolkata,2025-01-20 07:00:00,24.0,41.16827865067493,
Kolkata,2025-01-20 08:00:00,24.0,41.16827865067493,
Kolkata,2025-01-20 09:00:00,24.8,39.242326989275924,1011.2
Kolkata,2025-01-20 10:00:00,25.0,41.44882875278398,
Kolkata,2025-01-20 11:00:00,24.0,44.00507855867109,
Kolkata,2025-01-20 12:00:00,22.4,53.86767061434077,1010.7
Kolkata,2025-01-20 13:00:00,20.0,60.000416407887755,
Kolkata,2025-01-20 14:00:00,20.0,60.000416407887755,
Kolkata,2025-01-20 15:00:00,18.4,69.40693384786043,1012.3
Kolkata,2025-01-20 16:00:00,18.0,72.58214163091449,
Kolkata,2025-01-20 17:00:00,17.0,77.30999987827745,
Kolkata,2025-01-20 18:00:00,16.6,81.39364015704444,1012.5
Kolkata,2025-01-20 19:00:00,17.0,82.5092926949021,
Kolkata,2025-01-20 20:00:00,16.0,87.92661502454915,
Kolkata,2025-01-20 21:00:00,16.0,85.11660736746623,1012.1
Kolkata,2025-01-20 22:00:00,15.0,87.83845905653965,
Kolkata,2025-01-20 23:00:00,16.0,82.38595162827323,
Kolkata,2025-01-21 00:00:00,14.6,91.3164268378706,1012.0
Kolkata,2025-01-21 01:00:00,15.0,82.26135295757307,
Kolkata,2025-01-21 02:00:00,17.0,82.5092926949021,
Kolkata,2025-01-21 03:00:00,19.7,71.48766500991057,1014.1
Kolkata,2025-01-21 04:00:00,23.0,53.3200727790885,
Kolkata,2025-01-21 05:00:00,24.0,53.57621135443473,
Kolkata,2025-01-21 06:00:00,25.7,48.72118020687884,1013.2
Kolkata,2025-01-21 07:00:00,26.0,50.72618873623027,
Kolkata,2025-01-21 08:00:00,27.0,47.821805415300325,
Kolkata,2025-01-21 09:00:00,27.0,48.440600801845854,1009.9
Kolkata,2025-01-21 10:00:00,27.0,47.821805415300325,
Kolkata,2025-01-21 11:00:00,26.0,50.72618873623027,
Kolkata,2025-01-21 12:00:00,24.2,60.20575079871314,1010.2
Kolkata,2025-01-21 13:00:00,24.0,57.150508542239244,
Kolkata,2025-01-21 14:00:00,22.0,64.50443133407828,
Kolkata,2025-01-21 15:00:00,20.8,72.15036463070112,1011.7
Kolkata,2025-01-21 16:00:00,21.0,73.11466043664565,
Kolkata,2025-01-21 17:00:00,20.0,72.93876680928581,
Kolkata,2025-01-21 18:00:00,19.0,83.81474699659479,1012.0
Kolkata,2025-01-21 19:00:00,19.0,77.61548030512277,
Kolkata,2025-01-21 20:00:00,18.0,82.63139222899503,
Kolkata,2025-01-21 21:00:00,18.4,85.91578474618983,1012.0
Kolkata,2025-01-21 22:00:00,16.0,93.79257390574581,
Kolkata,2025-01-21 23:00:00,16.0,93.79257390574581,
Kolkata,2025-01-22 00:00:00,15.8,94.99867751301177,1012.6
Kolkata,2025-01-22 01:00:00,16.0,93.79257390574581,
Kolkata,2025-01-22 02:00:00,17.0,88.01383893644437,
Kolkata,2025-01-22 03:00:00,20.0,83.39836242248586,1014.9
Kolkata,2025-01-22 04:00:00,22.0,73.28896468276716,
Kolkata,2025-01-22 05:00:00,25.0,53.83064226424435,
Kolkata,2025-01-22 06:00:00,26.4,47.66111593751544,1014.2
Kolkata,2025-01-22 07:00:00,26.0,50.72618873623027,
Kolkata,2025-01-22 08:00:00,27.0,44.83094235963196,
Kolkata,2025-01-22 09:00:00,27.5,43.53571905763115,1011.0
Kolkata,2025-01-22 10:00:00,27.0,47.821805415300325,
Kolkata,2025-01-22 11:00:00,26.0,50.72618873623027,
Kolkata,2025-01-22 12:00:00,25.0,53.83064226424435,1010.8
Kolkata,2025-01-22 13:00:00,24.0,53.57621135443473,
Kolkata,2025-01-22 14:00:00,23.0,60.70242277903299,
Kolkata,2025-01-22 15:00:00,19.1,76.1461367806651,1013.0
Kolkata,2025-01-22 16:00:00,20.0,72.93876680928581,
Kolkata,2025-01-22 17:00:00,19.0,77.61548030512277,
Kolkata,2025-01-22 18:00:00,17.6,83.65462891785485,1013.3
Kolkata,2025-01-22 20:00:00,18.0,82.63139222899503,
Kolkata,2025-01-22 21:00:00,17.0,85.22247469723004,1013.3
Kolkata,2025-01-22 22:00:00,17.0,88.01383893644437,
Kolkata,2025-01-22 23:00:00,16.0,93.79257390574581,
Kolkata,2025-01-23 00:00:00,15.9,95.6148808798676,1013.0
Kolkata,2025-01-23 01:00:00,15.0,100.0,
Kolkata,2025-01-23 02:00:00,15.0,100.0,
Kolkata,2025-01-23 03:00:00,16.6,95.63800241653746,1017.0
Kolkata,2025-01-23 04:00:00,17.0,100.0,
Kolkata,2025-01-23 06:00:00,22.0,75.64284085753373,1015.2
Kolkata,2025-01-23 08:00:00,26.0,57.63433267904622,
Kolkata,2025-01-23 09:00:00,27.2,53.70027276375083,1011.6
Kolkata,2025-01-23 10:00:00,26.0,65.35576219694184,
Kolkata,2025-01-23 11:00:00,24.0,69.16319209999386,
Kolkata,2025-01-23 12:00:00,22.4,77.6333068665811,1011.2
Kolkata,2025-01-23 14:00:00,20.0,82.87192979044534,
Kolkata,2025-01-23 15:00:00,19.6,88.79427397012621,1013.3
Kolkata,2025-01-23 16:00:00,19.0,88.18554132284771,
Kolkata,2025-01-23 17:00:00,19.0,88.18554132284771,
Kolkata,2025-01-23 18:00:00,19.2,90.45898352305713,1013.0
Kolkata,2025-01-23 19:00:00,18.0,88.1001435273896,
Kolkata,2025-01-23 20:00:00,17.0,93.83881396078476,
Kolkata,2025-01-23 22:00:00,16.0,100.0,
Kolkata,2025-01-23 23:00:00,16.0,100.0,
Kolkata,2025-01-24 00:00:00,17.0,95.65113334501886,1012.7
Kolkata,2025-01-24 01:00:00,17.0,93.83881396078476,
Kolkata,2025-01-24 02:00:00,16.0,100.0,
Kolkata,2025-01-24 03:00:00,17.4,98.74393174405202,1014.2
Kolkata,2025-01-24 04:00:00,20.0,82.87192979044534,
Kolkata,2025-01-24 05:00:00,23.0,73.46169674935328,
Kolkata,2025-01-24 06:00:00,24.4,67.94922933383891,1014.5
Kolkata,2025-01-24 07:00:00,26.0,54.08337422022996,
Kolkata,2025-01-24 08:00:00,26.0,57.63433267904622,
Kolkata,2025-01-24 09:00:00,26.4,54.183993266159504,1011.3
Kolkata,2025-01-24 10:00:00,26.0,57.63433267904622,
Kolkata,2025-01-24 11:00:00,25.0,61.16156608407452,
Kolkata,2025-01-24 12:00:00,23.5,50.067585795040614,1011.6
Kolkata,2025-01-24 13:00:00,22.0,73.28896468276716,
Kolkata,2025-01-24 14:00:00,21.0,77.91515829174936,
Kolkata,2025-01-24 15:00:00,20.8,83.49059767012783,1013.3
Kolkata,2025-01-24 16:00:00,20.0,82.87192979044534,
Kolkata,2025-01-24 17:00:00,19.0,88.18554132284771,
Kolkata,2025-01-24 18:00:00,19.2,88.20251315419341,1013.7
Kolkata,2025-01-24 19:00:00,19.0,88.18554132284771,
Kolkata,2025-01-24 20:00:00,18.0,88.1001435273896,
Kolkata,2025-01-24 21:00:00,18.4,87.01888303696934,1012.8
Kolkata,2025-01-24 22:00:00,18.0,88.1001435273896,
Kolkata,2025-01-24 23:00:00,18.0,88.1001435273896,
Kolkata,2025-01-25 00:00:00,18.2,88.11729523295126,1013.7
Kolkata,2025-01-25 01:00:00,18.0,88.1001435273896,
Kolkata,2025-01-25 02:00:00,18.0,88.1001435273896,
Kolkata,2025-01-25 03:00:00,18.8,86.50435411788642,1016.1
Kolkata,2025-01-25 04:00:00,20.0,82.87192979044534,
Kolkata,2025-01-25 05:00:00,21.0,77.91515829174936,
Kolkata,2025-01-25 06:00:00,22.0,73.75452283587201,1015.5
Kolkata,2025-01-25 07:00:00,23.0,64.71986027383593,
Kolkata,2025-01-25 08:00:00,24.0,60.93287150821879,
Kolkata,2025-01-25 09:00:00,25.0,59.62894557326245,1012.5
Kolkata,2025-01-25 10:00:00,25.0,53.83064226424435,
Kolkata,2025-01-25 11:00:00,24.0,57.150508542239244,
Kolkata,2025-01-25 12:00:00,23.0,63.49078489906616,1012.4
Kolkata,2025-01-25 13:00:00,21.0,68.57612192597597,
Kolkata,2025-01-25 14:00:00,21.0,68.57612192597597,
Kolkata,2025-01-25 15:00:00,19.6,77.70598670159681,1013.9
Kolkata,2025-01-25 16:00:00,21.0,68.57612192597597,
Kolkata,2025-01-25 17:00:00,20.0,68.37704311271231,
Kolkata,2025-01-25 18:00:00,17.3,85.80489532603114,1014.2
Kolkata,2025-01-25 19:00:00,18.0,82.63139222899503,
Kolkata,2025-01-25 20:00:00,17.0,82.5092926949021,
Kolkata,2025-01-25 21:00:00,16.6,86.29023468542944,1013.4
Kolkata,2025-01-25 22:00:00,16.0,82.38595162827323,
Kolkata,2025-01-25 23:00:00,16.0,77.15504026859813,
Kolkata,2025-01-26 00:00:00,15.7,77.6187376427108,1014.4
Kolkata,2025-01-26 01:00:00,15.0,82.26135295757307,
Kolkata,2025-01-26 02:00:00,16.0,77.15504026859813,
Kolkata,2025-01-26 03:00:00,18.6,65.89566936008023,1016.6
Kolkata,2025-01-26 04:00:00,21.0,56.41164570214274,
Kolkata,2025-01-26 05:00:00,24.0,41.16827865067493,
Kolkata,2025-01-26 06:00:00,24.6,35.178098506317255,1015.5
Kolkata,2025-01-26 07:00:00,25.0,36.257882036602176,
Kolkata,2025-01-26 08:00:00,25.0,33.88443913631402,
Kolkata,2025-01-26 09:00:00,26.0,30.028943862016398,1011.4
Kolkata,2025-01-26 10:00:00,25.0,33.88443913631402,
Kolkata,2025-01-26 11:00:00,25.0,33.88443913631402,
Kolkata,2025-01-26 12:00:00,23.0,44.61230382169569,1010.9
Kolkata,2025-01-26 13:00:00,21.0,49.39870122318638,
Kolkata,2025-01-26 14:00:00,20.0,56.16181282171762,
Kolkata,2025-01-26 15:00:00,17.6,68.79445560561811,1012.5
Kolkata,2025-01-26 16:00:00,18.0,63.62499650833061,
Kolkata,2025-01-26 17:00:00,18.0,63.62499650833061,
Kolkata,2025-01-26 18:00:00,15.2,76.52099903741194,1012.2
Kolkata,2025-01-26 19:00:00,17.0,63.40063000092414,
Kolkata,2025-01-26 20:00:00,15.0,76.99857740749144,
Kolkata,2025-01-26 21:00:00,15.2,78.57491552248868,1011.7
Kolkata,2025-01-26 22:00:00,15.0,76.99857740749144,
Kolkata,2025-01-26 23:00:00,15.0,76.99857740749144,
Kolkata,2025-01-27 00:00:00,14.4,82.18598332829268,1012.2
Kolkata,2025-01-27 01:00:00,16.0,77.15504026859813,
Kolkata,2025-01-27 02:00:00,17.0,72.40137469901838,
Kolkata,2025-01-27 03:00:00,19.6,60.302497666312185,1013.9
Kolkata,2025-01-27 04:00:00,22.0,53.062217933001484,
Kolkata,2025-01-27 05:00:00,23.0,43.72689446658759,
Kolkata,2025-01-27 06:00:00,19.6,60.302497666312185,1013.9
Kolkata,2025-01-27 07:00:00,25.0,36.257882036602176,
Kolkata,2025-01-27 08:00:00,25.0,33.88443913631402,
Kolkata,2025-01-27 09:00:00,25.5,35.19490127190029,1009.8
Kolkata,2025-01-27 10:00:00,25.0,36.257882036602176,
Kolkata,2025-01-27 11:00:00,24.0,38.49399356753938,
Kolkata,2025-01-27 12:00:00,21.8,53.01044026193279,1009.4
Kolkata,2025-01-27 13:00:00,23.0,40.88640209147293,
Kolkata,2025-01-27 14:00:00,20.0,56.16181282171762,
Kolkata,2025-01-27 15:00:00,17.8,67.04201977928965,1011.5
Kolkata,2025-01-27 16:00:00,18.0,67.9737012152502,
Kolkata,2025-01-27 17:00:00,18.0,67.9737012152502,
Kolkata,2025-01-27 18:00:00,16.6,73.77464045947974,1011.8
Kolkata,2025-01-27 19:00:00,16.0,77.15504026859813,
Kolkata,2025-01-27 20:00:00,16.0,77.15504026859813,
Kolkata,2025-01-27 21:00:00,15.6,78.63391824127898,1011.1
Kolkata,2025-01-27 22:00:00,15.0,82.26135295757307,
Kolkata,2025-01-27 23:00:00,15.0,82.26135295757307,
Kolkata,2025-01-28 00:00:00,14.0,88.91183607623559,1011.5
Kolkata,2025-01-28 01:00:00,14.0,87.7493580835068,
Kolkata,2025-01-28 02:00:00,15.0,82.26135295757307,
Kolkata,2025-01-28 03:00:00,18.2,69.36768777018142,1014.5
Kolkata,2025-01-28 04:00:00,21.0,60.23620878051111,
Kolkata,2025-01-28 05:00:00,24.0,53.57621135443473,
Kolkata,2025-01-28 06:00:00,25.2,46.11683152073457,1014.6
Kolkata,2025-01-28 07:00:00,25.0,44.281814632318536,
Kolkata,2025-01-28 08:00:00,26.0,41.72804915823505,
Kolkata,2025-01-28 09:00:00,27.0,43.39821017416529,1011.7
Kolkata,2025-01-28 10:00:00,26.0,44.557102524016656,
Kolkata,2025-01-28 11:00:00,25.0,47.2840066651506,
Kolkata,2025-01-28 12:00:00,23.5,51.73366060515715,1011.9
Kolkata,2025-01-28 13:00:00,22.0,56.659698507038094,
Kolkata,2025-01-28 14:00:00,22.0,53.062217933001484,
Kolkata,2025-01-28 15:00:00,20.6,62.95797615726987,1014.1
Kolkata,2025-01-28 16:00:00,22.0,68.77349522244712,
Kolkata,2025-01-28 17:00:00,21.0,77.91515829174936,
Kolkata,2025-01-28 18:00:00,20.0,81.3101072483957,1015.1
Kolkata,2025-01-28 19:00:00,19.0,82.75226606225803,
Kolkata,2025-01-28 20:00:00,18.0,82.63139222899503,
Kolkata,2025-01-28 21:00:00,18.8,86.50435411788642,1014.7
Kolkata,2025-01-28 22:00:00,18.0,88.1001435273896,
Kolkata,2025-01-28 23:00:00,18.0,88.1001435273896,
Kolkata,2025-01-29 00:00:00,17.2,92.0684857695993,1015.1
Kolkata,2025-01-29 01:00:00,17.0,93.83881396078476,
Kolkata,2025-01-29 02:00:00,18.0,88.1001435273896,
Kolkata,2025-01-29 03:00:00,19.8,81.28433674432983,1017.6
Kolkata,2025-01-29 04:00:00,22.0,73.28896468276716,
Kolkata,2025-01-29 05:00:00,24.0,64.9335482156484,
Kolkata,2025-01-29 06:00:00,25.0,63.92706944237422,1017.1
Kolkata,2025-01-29 07:00:00,25.0,65.14551045571683,
Kolkata,2025-01-29 08:00:00,26.0,61.38851998965914,
Kolkata,2025-01-29 09:00:00,26.0,61.77549134798711,1013.3
Kolkata,2025-01-29 10:00:00,26.0,61.38851998965914,
Kolkata,2025-01-29 11:00:00,25.0,69.35554872897104,
Kolkata,2025-01-29 12:00:00,25.0,71.10528271258221,1012.3
Kolkata,2025-01-29 13:00:00,24.0,73.63287364526842,
Kolkata,2025-01-29 14:00:00,23.0,78.20916979499323,
Kolkata,2025-01-29 15:00:00,23.1,81.19789176646812,1013.7
Kolkata,2025-01-29 16:00:00,22.0,83.10768815769457,
Kolkata,2025-01-29 17:00:00,21.0,88.35366560432122,
Kolkata,2025-01-29 18:00:00,21.5,87.302433509681,1013.4
Kolkata,2025-01-29 19:00:00,21.0,82.9903987771767,
Kolkata,2025-01-29 20:00:00,20.0,93.97450936662143,
Kolkata,2025-01-29 21:00:00,20.8,90.00646131338723,1013.0
Kolkata,2025-01-29 22:00:00,19.0,93.92977440102698,
Kolkata,2025-01-29 23:00:00,19.0,100.0,
Kolkata,2025-01-30 00:00:00,21.0,94.60241342456621,1011.2
Kolkata,2025-01-30 01:00:00,20.0,93.97450936662143,
Kolkata,2025-01-30 02:00:00,22.0,88.4364161279818,
Kolkata,2025-01-30 03:00:00,23.4,88.00984897364455,1013.1
Kolkata,2025-01-30 04:00:00,25.0,78.49764721655077,
Kolkata,2025-01-30 05:00:00,26.0,73.97062900551056,
Kolkata,2025-01-30 06:00:00,28.4,65.05100507166367,1012.4
Kolkata,2025-01-30 07:00:00,28.0,61.83725955078121,
Kolkata,2025-01-30 08:00:00,28.0,61.83725955078121,
Kolkata,2025-01-30 09:00:00,28.2,63.820534212683214,1008.9
Kolkata,2025-01-30 10:00:00,28.0,65.77119451823714,
Kolkata,2025-01-30 11:00:00,27.0,69.73535987777385,
Kolkata,2025-01-30 12:00:00,25.8,74.85200261699907,1008.7
Kolkata,2025-01-30 13:00:00,25.0,78.49764721655077,
Kolkata,2025-01-30 14:00:00,25.0,78.49764721655077,
Kolkata,2025-01-30 15:00:00,23.6,84.84545097606222,1010.1
Kolkata,2025-01-30 16:00:00,24.0,83.33878752130364,
Kolkata,2025-01-30 17:00:00,23.0,88.51830793896134,
Kolkata,2025-01-30 18:00:00,23.0,89.61193893447619,1009.6
Kolkata,2025-01-30 19:00:00,23.0,88.51830793896134,
Kolkata,2025-01-30 20:00:00,23.0,88.51830793896134,
Kolkata,2025-01-30 21:00:00,22.4,91.23677973971499,1008.7
Kolkata,2025-01-30 22:00:00,22.0,88.4364161279818,
Kolkata,2025-01-30 23:00:00,22.0,88.4364161279818,
Kolkata,2025-01-31 00:00:00,22.0,92.91284830656912,1010.1
Kolkata,2025-01-31 01:00:00,22.0,94.0625242758801,
Kolkata,2025-01-31 02:00:00,23.0,88.51830793896134,
Kolkata,2025-01-31 03:00:00,23.0,89.61193893447619,1012.8
Kolkata,2025-01-31 04:00:00,24.0,83.33878752130364,
Kolkata,2025-01-31 05:00:00,25.0,78.49764721655077,
Kolkata,2025-01-31 06:00:00,26.4,73.58514111197726,1012.9
Kolkata,2025-01-31 07:00:00,27.0,69.73535987777385,
Kolkata,2025-01-31 08:00:00,27.0,69.73535987777385,
Kolkata,2025-01-31 09:00:00,28.3,67.05346076728486,1009.9
Kolkata,2025-01-31 10:00:00,27.0,74.13724053720264,
Kolkata,2025-01-31 11:00:00,27.0,74.13724053720264,
Kolkata,2025-01-31 12:00:00,26.3,78.68225110602832,1010.0
Kolkata,2025-01-31 13:00:00,25.0,83.45262666598398,
Kolkata,2025-01-31 14:00:00,25.0,83.45262666598398,
Kolkata,2025-01-31 15:00:00,24.6,88.1108765345105,1011.6
Kolkata,2025-01-31 16:00:00,24.0,88.59935257199315,
Kolkata,2025-01-31 17:00:00,23.0,94.10581804007526,
Kolkata,2025-01-31 18:00:00,23.8,91.32464040055407,1011.8
Kolkata,2025-01-31 19:00:00,22.0,94.0625242758801,
Kolkata,2025-01-31 20:00:00,22.0,94.0625242758801,
Kolkata,2025-01-31 22:00:00,22.0,94.0625242758801,
Kolkata,2025-01-31 23:00:00,22.0,100.0,
Kolkata,2025-02-01 00:00:00,22.4,96.41000840186356,1011.3
Kolkata,2025-02-01 01:00:00,22.0,94.0625242758801,
Kolkata,2025-02-01 02:00:00,22.0,100.0,
Kolkata,2025-02-01 03:00:00,22.2,98.18792289381352,1013.7
Kolkata,2025-02-01 04:00:00,23.0,94.10581804007526,
Kolkata,2025-02-01 05:00:00,25.0,88.67956137467019,
Kolkata,2025-02-01 06:00:00,25.8,84.05061522100549,1013.5
Kolkata,2025-02-01 07:00:00,27.0,74.13724053720264,
Kolkata,2025-02-01 08:00:00,26.0,78.6398510724195,
Kolkata,2025-02-01 09:00:00,27.1,78.31947058200551,1010.8
Kolkata,2025-02-01 10:00:00,27.0,78.78071949348664,
Kolkata,2025-02-01 11:00:00,27.0,74.13724053720264,
Kolkata,2025-02-01 12:00:00,26.7,81.15864903297417,1010.5
Kolkata,2025-02-01 13:00:00,25.0,83.45262666598398,
Kolkata,2025-02-01 14:00:00,25.0,83.45262666598398,
Kolkata,2025-02-01 15:00:00,24.0,91.33708576167582,1012.1
Kolkata,2025-02-01 16:00:00,25.0,83.45262666598398,
Kolkata,2025-02-01 17:00:00,25.0,83.45262666598398,
Kolkata,2025-02-01 18:00:00,23.2,89.62675163391533,1012.1
Kolkata,2025-02-01 19:00:00,23.0,88.51830793896134,
Kolkata,2025-02-01 20:00:00,23.0,94.10581804007526,
Kolkata,2025-02-01 21:00:00,22.6,91.24941140171894,1011.1
Kolkata,2025-02-01 22:00:00,22.0,94.0625242758801,
Kolkata,2025-02-01 23:00:00,22.0,94.0625242758801,
Kolkata,2025-02-02 00:00:00,22.6,94.66558503403643,1011.6
Kolkata,2025-02-02 01:00:00,22.0,94.0625242758801,
Kolkata,2025-02-02 02:00:00,22.0,100.0,
Kolkata,2025-02-02 03:00:00,22.3,98.78963245658608,1014.3
Kolkata,2025-02-02 04:00:00,23.0,94.10581804007526,
Kolkata,2025-02-02 05:00:00,24.0,88.59935257199315,
Kolkata,2025-02-02 06:00:00,25.4,83.49784757524912,1013.8
Kolkata,2025-02-02 07:00:00,25.0,83.45262666598398,
Kolkata,2025-02-02 08:00:00,26.0,78.6398510724195,
Kolkata,2025-02-02 09:00:00,26.0,79.12067626724064,1010.6
Kolkata,2025-02-02 10:00:00,26.0,78.6398510724195,
Kolkata,2025-02-02 11:00:00,26.0,78.6398510724195,
Kolkata,2025-02-02 12:00:00,25.2,83.47525948927431,1010.3
Kolkata,2025-02-02 13:00:00,23.0,94.10581804007526,
Kolkata,2025-02-02 14:00:00,23.0,94.10581804007526,
Kolkata,2025-02-02 15:00:00,22.8,91.2620162268376,1012.0
Kolkata,2025-02-02 16:00:00,23.0,88.51830793896134,
Kolkata,2025-02-02 17:00:00,23.0,88.51830793896134,
Kolkata,2025-02-02 18:00:00,21.8,94.63413731841499,1012.2
Kolkata,2025-02-02 19:00:00,22.0,94.0625242758801,
Kolkata,2025-02-02 20:00:00,21.0,88.35366560432122,
Kolkata,2025-02-02 21:00:00,21.9,97.58492746420937,1011.4
Kolkata,2025-02-02 22:00:00,21.0,94.01875700103768,
Kolkata,2025-02-02 23:00:00,21.0,94.01875700103768,
Kolkata,2025-02-03 00:00:00,21.2,98.17430000606501,1012.0
Kolkata,2025-02-03 01:00:00,21.0,100.0,
Kolkata,2025-02-03 02:00:00,21.0,100.0,
Kolkata,2025-02-03 03:00:00,21.6,96.3886437157889,1014.7
Kolkata,2025-02-03 04:00:00,22.0,88.4364161279818,
Kolkata,2025-02-03 05:00:00,25.0,69.35554872897104,
Kolkata,2025-02-03 06:00:00,26.4,56.64557967688834,1014.4
Kolkata,2025-02-03 07:00:00,28.0,42.28248962275748,
Kolkata,2025-02-03 08:00:00,29.0,39.89606828185898,
Kolkata,2025-02-03 09:00:00,29.0,36.65554173511874,1011.3
Kolkata,2025-02-03 10:00:00,29.0,39.89606828185898,
Kolkata,2025-02-03 11:00:00,28.0,42.28248962275748,
Kolkata,2025-02-03 12:00:00,26.8,44.48636302711314,1011.7
Kolkata,2025-02-03 13:00:00,24.0,53.57621135443473,
Kolkata,2025-02-03 14:00:00,24.0,57.150508542239244,
Kolkata,2025-02-03 15:00:00,22.3,66.24578993696387,1014.0
Kolkata,2025-02-03 16:00:00,23.0,60.70242277903299,
Kolkata,2025-02-03 17:00:00,22.0,64.50443133407828,
Kolkata,2025-02-03 18:00:00,20.0,75.80243725044951,1014.0
Kolkata,2025-02-03 19:00:00,20.0,72.93876680928581,
Kolkata,2025-02-03 20:00:00,20.0,72.93876680928581,
Kolkata,2025-02-03 21:00:00,19.2,79.15467691478646,1013.0
Kolkata,2025-02-03 22:00:00,19.0,77.61548030512277,
Kolkata,2025-02-03 23:00:00,19.0,72.76126640465226,
Kolkata,2025-02-04 00:00:00,17.4,83.63156797114554,1013.1
Kolkata,2025-02-04 01:00:00,18.0,77.46347403540311,
Kolkata,2025-02-04 02:00:00,20.0,72.93876680928581,
Kolkata,2025-02-04 03:00:00,21.4,58.77601736607697,1015.0
Kolkata,2025-02-04 04:00:00,24.0,44.00507855867109,
Kolkata,2025-02-04 05:00:00,26.0,41.72804915823505,
Kolkata,2025-02-04 06:00:00,27.0,37.31379048746601,1014.7
Kolkata,2025-02-04 07:00:00,28.0,39.61807404744141,
Kolkata,2025-02-04 08:00:00,28.0,39.61807404744141,
Kolkata,2025-02-04 09:00:00,28.6,36.78461770959713,1011.1
Kolkata,2025-02-04 10:00:00,28.0,39.61807404744141,
Kolkata,2025-02-04 11:00:00,28.0,39.61807404744141,
Kolkata,2025-02-04 12:00:00,25.8,48.12029106478068,1010.8
Kolkata,2025-02-04 13:00:00,24.0,53.57621135443473,
Kolkata,2025-02-04 14:00:00,23.0,60.70242277903299,
Kolkata,2025-02-04 15:00:00,21.4,75.06854363302618,1011.8
Kolkata,2025-02-04 16:00:00,20.0,72.93876680928581,
Kolkata,2025-02-04 17:00:00,20.0,72.93876680928581,
Kolkata,2025-02-04 18:00:00,19.6,73.81379105585982,1011.5
Kolkata,2025-02-04 19:00:00,20.0,72.93876680928581,
Kolkata,2025-02-04 20:00:00,20.0,72.93876680928581,
Kolkata,2025-02-04 21:00:00,19.0,77.11756813613941,1010.7
Kolkata,2025-02-04 22:00:00,19.0,82.75226606225803,
Kolkata,2025-02-04 23:00:00,19.0,88.18554132284771,
Kolkata,2025-02-05 00:00:00,18.4,84.28418395334555,1011.0
Kolkata,2025-02-05 01:00:00,18.0,88.1001435273896,
Kolkata,2025-02-05 02:00:00,20.0,88.27004464253949,
Kolkata,2025-02-05 03:00:00,22.0,88.4364161279818,1013.3
Kolkata,2025-02-05 04:00:00,23.0,78.20916979499323,
Kolkata,2025-02-05 05:00:00,25.0,73.8025121880607,
Kolkata,2025-02-05 06:00:00,27.1,56.81543421927226,1012.4
Kolkata,2025-02-05 07:00:00,29.0,42.5577048750277,
Kolkata,2025-02-05 08:00:00,29.0,39.89606828185898,
Kolkata,2025-02-05 09:00:00,29.6,40.8445149718807,1009.1
Kolkata,2025-02-05 10:00:00,29.0,39.89606828185898,
Kolkata,2025-02-05 11:00:00,29.0,39.89606828185898,
Kolkata,2025-02-05 12:00:00,26.8,51.92002876756459,1009.2
Kolkata,2025-02-05 13:00:00,26.0,50.72618873623027,
Kolkata,2025-02-05 14:00:00,25.0,61.16156608407452,
Kolkata,2025-02-05 15:00:00,22.4,71.07373433061426,1011.1
Kolkata,2025-02-05 16:00:00,23.0,68.96917974781988,
Kolkata,2025-02-05 17:00:00,23.0,68.96917974781988,
Kolkata,2025-02-05 18:00:00,23.6,82.78099464458583,1011.3
Kolkata,2025-02-05 19:00:00,24.0,83.33878752130364,
Kolkata,2025-02-05 20:00:00,23.0,88.51830793896134,
Kolkata,2025-02-05 21:00:00,22.4,89.56731388016964,1010.5
Kolkata,2025-02-05 22:00:00,21.0,94.01875700103768,
Kolkata,2025-02-05 23:00:00,21.0,94.01875700103768,
Kolkata,2025-02-06 00:00:00,22.0,92.91284830656912,1011.7
Kolkata,2025-02-06 01:00:00,21.0,100.0,
Kolkata,2025-02-06 02:00:00,22.0,78.06286399643153,
Kolkata,2025-02-06 03:00:00,23.4,66.05324909051869,1014.0
Kolkata,2025-02-06 04:00:00,26.0,57.63433267904622,
Kolkata,2025-02-06 05:00:00,27.0,54.33441603408858,
Kolkata,2025-02-06 06:00:00,27.7,48.00857352262682,1013.6
Kolkata,2025-02-06 07:00:00,29.0,45.37427975672665,
Kolkata,2025-02-06 08:00:00,29.0,42.5577048750277,
Kolkata,2025-02-06 09:00:00,29.6,40.8445149718807,1010.8
Kolkata,2025-02-06 10:00:00,29.0,39.89606828185898,
Kolkata,2025-02-06 11:00:00,28.0,42.28248962275748,
Kolkata,2025-02-06 12:00:00,27.4,43.79135513379636,1010.6
Kolkata,2025-02-06 13:00:00,25.0,53.83064226424435,
Kolkata,2025-02-06 14:00:00,25.0,53.83064226424435,
Kolkata,2025-02-06 15:00:00,22.2,67.50796167415882,1012.6
Kolkata,2025-02-06 16:00:00,24.0,57.150508542239244,
Kolkata,2025-02-06 17:00:00,23.0,60.70242277903299,
Kolkata,2025-02-06 18:00:00,19.8,77.73604009831854,1012.8
Kolkata,2025-02-06 19:00:00,22.0,64.50443133407828,
Kolkata,2025-02-06 20:00:00,22.0,64.50443133407828,
Kolkata,2025-02-06 21:00:00,20.2,64.11222275274461,1012.2
Kolkata,2025-02-06 22:00:00,18.0,67.9737012152502,
Kolkata,2025-02-06 23:00:00,17.0,67.76940390278297,
Kolkata,2025-02-07 00:00:00,18.4,60.41926860908187,1014.0
Kolkata,2025-02-07 01:00:00,17.0,59.282134775229586,
Kolkata,2025-02-07 02:00:00,19.0,55.91018876841073,
Kolkata,2025-02-07 03:00:00,21.2,43.51671422306602,1016.5
Kolkata,2025-02-07 04:00:00,23.0,38.20997602046388,
Kolkata,2025-02-07 05:00:00,24.0,35.97417468665762,
Kolkata,2025-02-07 06:00:00,25.2,31.060708948812298,1016.1
Kolkata,2025-02-07 07:00:00,26.0,31.930298108140192,
Kolkata,2025-02-07 08:00:00,27.0,30.102094027210157,
Kolkata,2025-02-07 09:00:00,27.0,27.167624611578933,1013.2
Kolkata,2025-02-07 10:00:00,27.0,30.102094027210157,
Kolkata,2025-02-07 11:00:00,27.0,30.102094027210157,
Kolkata,2025-02-07 12:00:00,25.2,32.36207550755728,1012.8
Kolkata,2025-02-07 13:00:00,23.0,43.72689446658759,
Kolkata,2025-02-07 14:00:00,21.0,49.39870122318638,
Kolkata,2025-02-07 15:00:00,18.9,62.16216799176092,1014.0
Kolkata,2025-02-07 16:00:00,19.0,63.847544203512655,
Kolkata,2025-02-07 17:00:00,18.0,67.9737012152502,
Kolkata,2025-02-07 18:00:00,17.1,72.89745592146075,1014.5
Kolkata,2025-02-07 19:00:00,18.0,72.58214163091449,
Kolkata,2025-02-07 20:00:00,18.0,67.9737012152502,
Kolkata,2025-02-07 21:00:00,16.5,74.73584598289888,1013.5
Kolkata,2025-02-07 22:00:00,16.0,77.15504026859813,
Kolkata,2025-02-07 23:00:00,16.0,77.15504026859813,
Kolkata,2025-02-08 00:00:00,16.8,77.78633267574237,1014.3
Kolkata,2025-02-08 01:00:00,15.0,76.99857740749144,
Kolkata,2025-02-08 02:00:00,17.0,72.40137469901838,
Kolkata,2025-02-08 03:00:00,20.0,52.54132558106588,1016.8
Kolkata,2025-02-08 04:00:00,22.0,46.46566533002917,
Kolkata,2025-02-08 05:00:00,24.0,41.16827865067493,
Kolkata,2025-02-08 06:00:00,25.0,29.545250045925382,1016.2
Kolkata,2025-02-08 07:00:00,25.0,36.257882036602176,
Kolkata,2025-02-08 08:00:00,26.0,31.930298108140192,
Kolkata,2025-02-08 09:00:00,26.0,32.36697584826837,1013.0
Kolkata,2025-02-08 10:00:00,26.0,34.16686277559637,
Kolkata,2025-02-08 11:00:00,25.0,33.88443913631402,
Kolkata,2025-02-08 12:00:00,23.2,39.31815798791794,1012.9
Kolkata,2025-02-08 13:00:00,22.0,43.447262818608436,
Kolkata,2025-02-08 14:00:00,21.0,46.18976914884833,
Kolkata,2025-02-08 15:00:00,19.0,63.0114676927038,1014.4
Kolkata,2025-02-08 16:00:00,20.0,56.16181282171762,
Kolkata,2025-02-08 17:00:00,19.0,59.762815682936235,
Kolkata,2025-02-08 18:00:00,17.2,68.26110097365607,1014.8
Kolkata,2025-02-08 19:00:00,18.0,67.9737012152502,
Kolkata,2025-02-08 20:00:00,18.0,59.52339300816999,
Kolkata,2025-02-08 21:00:00,16.0,71.2658350985727,1013.3
Kolkata,2025-02-08 22:00:00,17.0,72.40137469901838,
Kolkata,2025-02-08 23:00:00,16.0,72.21894762129432,
Kolkata,2025-02-09 00:00:00,16.4,73.2543740745044,1013.4
Kolkata,2025-02-09 01:00:00,16.0,72.21894762129432,
Kolkata,2025-02-09 02:00:00,18.0,67.9737012152502,
Kolkata,2025-02-09 03:00:00,20.5,53.024222351285744,1015.7
Kolkata,2025-02-09 04:00:00,23.0,46.74000199173645,
Kolkata,2025-02-09 05:00:00,24.0,44.00507855867109,
Kolkata,2025-02-09 06:00:00,25.5,34.723061146155786,1014.7
Kolkata,2025-02-09 07:00:00,27.0,34.448362072935296,
Kolkata,2025-02-09 08:00:00,28.0,30.379562914413725,
Kolkata,2025-02-09 09:00:00,27.6,29.260013877784,1011.3
Kolkata,2025-02-09 10:00:00,27.0,34.448362072935296,
Kolkata,2025-02-09 11:00:00,27.0,34.448362072935296,
Kolkata,2025-02-09 12:00:00,25.2,38.57461639009527,1011.3
Kolkata,2025-02-09 13:00:00,25.0,38.7768182157348,
Kolkata,2025-02-09 14:00:00,24.0,44.00507855867109,
Kolkata,2025-02-09 15:00:00,19.2,64.73692319807121,1013.1
Kolkata,2025-02-09 16:00:00,20.0,64.06828882011946,
Kolkata,2025-02-09 17:00:00,20.0,64.06828882011946,
Kolkata,2025-02-09 18:00:00,17.8,74.46723613296626,1013.8
Kolkata,2025-02-09 19:00:00,19.0,72.76126640465226,
Kolkata,2025-02-09 20:00:00,18.0,77.46347403540311,
Kolkata,2025-02-09 22:00:00,17.0,82.5092926949021,
Kolkata,2025-02-09 23:00:00,17.0,82.5092926949021,
Kolkata,2025-02-10 00:00:00,16.0,79.21120375812941,1013.9
Kolkata,2025-02-10 01:00:00,16.0,87.92661502454915,
Kolkata,2025-02-10 02:00:00,19.0,77.61548030512277,
Kolkata,2025-02-10 03:00:00,22.0,58.15774928642728,1015.9
Kolkata,2025-02-10 04:00:00,25.0,61.16156608407452,
Kolkata,2025-02-10 05:00:00,26.0,57.63433267904622,
Kolkata,2025-02-10 06:00:00,28.4,46.98137334121366,1015.3
Kolkata,2025-02-10 07:00:00,29.0,37.38203217205419,
Kolkata,2025-02-10 08:00:00,30.0,33.04672341225981,
Kolkata,2025-02-10 09:00:00,30.6,32.56559187447658,1012.2
Kolkata,2025-02-10 10:00:00,31.0,27.328280952245176,
Kolkata,2025-02-10 11:00:00,30.0,28.938443399914725,
Kolkata,2025-02-10 12:00:00,27.4,42.668555696612636,1011.5
Kolkata,2025-02-10 13:00:00,26.0,41.72804915823505,
Kolkata,2025-02-10 14:00:00,25.0,57.393288213137126,
Kolkata,2025-02-10 15:00:00,24.2,76.94107668815431,1012.9
Kolkata,2025-02-10 16:00:00,24.0,83.33878752130364,
Kolkata,2025-02-10 17:00:00,24.0,83.33878752130364,
Kolkata,2025-02-10 18:00:00,23.0,89.61193893447619,1013.2
Kolkata,2025-02-10 19:00:00,23.0,88.51830793896134,
Kolkata,2025-02-10 20:00:00,23.0,88.51830793896134,
Kolkata,2025-02-10 22:00:00,22.0,94.0625242758801,
Kolkata,2025-02-10 23:00:00,23.0,88.51830793896134,
Kolkata,2025-02-11 00:00:00,23.0,89.61193893447619,1012.0
Kolkata,2025-02-11 01:00:00,23.0,83.22381284256232,
Kolkata,2025-02-11 02:00:00,23.0,83.22381284256232,
Kolkata,2025-02-11 03:00:00,24.0,83.33878752130364,1014.0
Kolkata,2025-02-11 04:00:00,25.0,73.8025121880607,
Kolkata,2025-02-11 05:00:00,26.0,69.54626593683008,
Kolkata,2025-02-11 06:00:00,28.2,59.62356658779815,1014.0
Kolkata,2025-02-11 07:00:00,30.0,48.61692510697891,
Kolkata,2025-02-11 08:00:00,30.0,48.61692510697891,
Kolkata,2025-02-11 09:00:00,30.6,44.100353961543746,1010.9
Kolkata,2025-02-11 10:00:00,31.0,40.44839100350285,
Kolkata,2025-02-11 11:00:00,30.0,40.17284207482451,
Kolkata,2025-02-11 12:00:00,28.0,49.33018462848313,1010.7
Kolkata,2025-02-11 13:00:00,27.0,44.83094235963196,
Kolkata,2025-02-11 14:00:00,25.0,61.16156608407452,
Kolkata,2025-02-11 15:00:00,23.0,69.84785753064332,1012.2
Kolkata,2025-02-11 16:00:00,24.0,83.33878752130364,
Kolkata,2025-02-11 17:00:00,24.0,83.33878752130364,
Kolkata,2025-02-11 20:00:00,23.0,88.51830793896134,
Kolkata,2025-02-11 21:00:00,22.0,94.0625242758801,
Kolkata,2025-02-11 22:00:00,20.0,93.97450936662143,
Kolkata,2025-02-11 23:00:00,20.0,100.0,
Kolkata,2025-02-12 00:00:00,21.1,97.57044470868259,1011.7
Kolkata,2025-02-12 01:00:00,21.0,94.01875700103768,
Kolkata,2025-02-12 02:00:00,22.0,88.4364161279818,
Kolkata,2025-02-12 03:00:00,23.4,86.40425816902815,1014.2
Kolkata,2025-02-12 04:00:00,25.0,73.8025121880607,
Kolkata,2025-02-12 05:00:00,27.0,69.73535987777385,
Kolkata,2025-02-12 06:00:00,27.8,64.52631135592681,1013.8
Kolkata,2025-02-12 07:00:00,29.0,58.347168092797666,
Kolkata,2025-02-12 08:00:00,29.0,54.83146494452449,
Kolkata,2025-02-12 09:00:00,29.8,57.46279399441182,1010.7
Kolkata,2025-02-12 10:00:00,29.0,51.50307132317005,
Kolkata,2025-02-12 11:00:00,29.0,54.83146494452449,
Kolkata,2025-02-12 12:00:00,27.8,64.52631135592681,1010.3
Kolkata,2025-02-12 13:00:00,27.0,69.73535987777385,
Kolkata,2025-02-12 14:00:00,26.0,73.97062900551056,
Kolkata,2025-02-12 15:00:00,25.8,76.24292581518071,1012.2
Kolkata,2025-02-12 16:00:00,25.0,78.49764721655077,
Kolkata,2025-02-12 17:00:00,24.0,88.59935257199315,
Kolkata,2025-02-12 18:00:00,24.6,88.1108765345105,1012.4
Kolkata,2025-02-12 19:00:00,24.0,94.1486450224181,
Kolkata,2025-02-12 20:00:00,24.0,94.1486450224181,
Kolkata,2025-02-12 21:00:00,23.8,93.00493307197942,1011.0
Kolkata,2025-02-12 22:00:00,24.0,94.1486450224181,
Kolkata,2025-02-12 23:00:00,24.0,94.1486450224181,
Kolkata,2025-02-13 00:00:00,23.8,94.71224568260264,1010.7
Kolkata,2025-02-13 01:00:00,23.0,94.10581804007526,
Kolkata,2025-02-13 02:00:00,24.0,94.1486450224181,
Kolkata,2025-02-13 03:00:00,24.6,89.72957675197986,1013.4
Kolkata,2025-02-13 04:00:00,26.0,78.6398510724195,
Kolkata,2025-02-13 05:00:00,28.0,69.92284655824665,
Kolkata,2025-02-13 06:00:00,28.6,66.70492848245004,1012.8
Kolkata,2025-02-13 07:00:00,28.0,65.77119451823714,
Kolkata,2025-02-13 08:00:00,29.0,58.347168092797666,
Kolkata,2025-02-13 09:00:00,29.1,51.20593274129885,1009.9
Kolkata,2025-02-13 10:00:00,30.0,42.831580797851935,
Kolkata,2025-02-13 11:00:00,29.0,45.37427975672665,
Kolkata,2025-02-13 12:00:00,27.8,47.424400787873125,1009.6
Kolkata,2025-02-13 13:00:00,26.0,50.72618873623027,
Kolkata,2025-02-13 14:00:00,25.0,57.393288213137126,
Kolkata,2025-02-13 15:00:00,23.4,65.63502207200914,1011.2
Kolkata,2025-02-13 16:00:00,24.0,60.93287150821879,
Kolkata,2025-02-13 17:00:00,24.0,60.93287150821879,
Kolkata,2025-02-13 18:00:00,22.2,72.40123365463968,1012.2
Kolkata,2025-02-13 19:00:00,23.0,64.71986027383593,
Kolkata,2025-02-13 20:00:00,22.0,68.77349522244712,
Kolkata,2025-02-13 21:00:00,21.4,73.65162613086753,1011.5
Kolkata,2025-02-13 22:00:00,19.0,68.17624188935186,
Kolkata,2025-02-13 23:00:00,19.0,63.847544203512655,
Kolkata,2025-02-14 00:00:00,19.0,61.36820112291568,1012.5
Kolkata,2025-02-14 01:00:00,17.0,67.76940390278297,
Kolkata,2025-02-14 02:00:00,20.0,52.54132558106588,
Kolkata,2025-02-14 03:00:00,22.4,36.01009846634211,1014.7
Kolkata,2025-02-14 04:00:00,25.0,31.649218589933113,
Kolkata,2025-02-14 05:00:00,26.0,29.82398440773446,
Kolkata,2025-02-14 06:00:00,26.0,25.976110816299187,1014.3
Kolkata,2025-02-14 07:00:00,27.0,30.102094027210157,
Kolkata,2025-02-14 08:00:00,27.0,30.102094027210157,
Kolkata,2025-02-14 09:00:00,28.0,27.6282162287372,1010.4
Kolkata,2025-02-14 10:00:00,28.0,28.390915098739228,
Kolkata,2025-02-14 11:00:00,28.0,28.390915098739228,
Kolkata,2025-02-14 12:00:00,26.2,31.554877843815206,1010.1
Kolkata,2025-02-14 13:00:00,25.0,36.257882036602176,
Kolkata,2025-02-14 14:00:00,22.0,46.46566533002917,
Kolkata,2025-02-14 15:00:00,19.8,60.34963434562397,1011.9
Kolkata,2025-02-14 16:00:00,21.0,52.802638324228326,
Kolkata,2025-02-14 17:00:00,20.0,60.000416407887755,
Kolkata,2025-02-14 18:00:00,18.4,67.60944202765148,1012.1
Kolkata,2025-02-14 19:00:00,19.0,63.847544203512655,
Kolkata,2025-02-14 20:00:00,19.0,68.17624188935186,
Kolkata,2025-02-14 21:00:00,18.8,71.78645915321792,1011.6
Kolkata,2025-02-14 22:00:00,19.0,72.76126640465226,
Kolkata,2025-02-14 23:00:00,18.0,72.58214163091449,
Kolkata,2025-02-15 00:00:00,18.4,69.40693384786043,1012.5
Kolkata,2025-02-15 01:00:00,18.0,72.58214163091449,
Kolkata,2025-02-15 02:00:00,19.0,72.76126640465226,
Kolkata,2025-02-15 03:00:00,22.2,56.70909643936152,1014.3
Kolkata,2025-02-15 04:00:00,26.0,50.72618873623027,
Kolkata,2025-02-15 05:00:00,27.0,44.83094235963196,
Kolkata,2025-02-15 06:00:00,28.8,39.84056692267928,1012.9
Kolkata,2025-02-15 07:00:00,29.0,35.00854381788882,
Kolkata,2025-02-15 08:00:00,30.0,33.04672341225981,
Kolkata,2025-02-15 09:00:00,29.8,30.469199656858194,1009.8
Kolkata,2025-02-15 10:00:00,29.0,32.76882733104996,
Kolkata,2025-02-15 11:00:00,28.0,34.72892596298944,
Kolkata,2025-02-15 12:00:00,27.4,35.73019889604045,1009.8
Kolkata,2025-02-15 13:00:00,26.0,39.05844369993647,
Kolkata,2025-02-15 14:00:00,25.0,41.44882875278398,
Kolkata,2025-02-15 15:00:00,21.1,62.661442785731914,1011.5
Kolkata,2025-02-15 16:00:00,24.0,50.200126046479014,
Kolkata,2025-02-15 17:00:00,23.0,53.3200727790885,
Kolkata,2025-02-15 18:00:00,19.6,72.8679604414464,1011.8
Kolkata,2025-02-15 19:00:00,22.0,60.47020638316778,
Kolkata,2025-02-15 20:00:00,22.0,73.28896468276716,
Kolkata,2025-02-15 21:00:00,19.2,75.6731269890769,1011.3
Kolkata,2025-02-15 22:00:00,21.0,77.91515829174936,
Kolkata,2025-02-15 23:00:00,19.0,93.92977440102698,
Kolkata,2025-02-16 00:00:00,20.0,90.51425911024681,1011.0
Kolkata,2025-02-16 01:00:00,19.0,93.92977440102698,
Kolkata,2025-02-16 02:00:00,22.0,83.10768815769457,
Kolkata,2025-02-16 03:00:00,24.0,83.33878752130364,1013.6
Kolkata,2025-02-16 04:00:00,26.0,69.54626593683008,
Kolkata,2025-02-16 05:00:00,28.0,51.245730319258854,
Kolkata,2025-02-16 06:00:00,30.0,44.50001175620574,1012.8
Kolkata,2025-02-16 07:00:00,30.0,45.6437789332581,
Kolkata,2025-02-16 08:00:00,31.0,35.564901041274325,
Kolkata,2025-02-16 09:00:00,32.2,33.655164841074516,1010.1
Kolkata,2025-02-16 11:00:00,32.0,27.597538487345126,
Kolkata,2025-02-16 12:00:00,29.2,39.18225554283719,1010.3
Kolkata,2025-02-16 13:00:00,27.0,50.98677157890719,
Kolkata,2025-02-16 14:00:00,26.0,54.08337422022996,
Kolkata,2025-02-16 15:00:00,26.4,60.71246271379855,1012.3
Kolkata,2025-02-16 16:00:00,24.0,78.3540921272656,
Kolkata,2025-02-16 17:00:00,24.0,83.33878752130364,
Kolkata,2025-02-16 18:00:00,24.4,83.38445864005315,1013.9
Kolkata,2025-02-16 19:00:00,22.0,94.0625242758801,
Kolkata,2025-02-16 20:00:00,23.0,88.51830793896134,
Kolkata,2025-02-16 21:00:00,23.6,86.42328080854222,1012.7
Kolkata,2025-02-16 22:00:00,22.0,88.4364161279818,
Kolkata,2025-02-16 23:00:00,22.0,94.0625242758801,
Kolkata,2025-02-17 00:00:00,22.6,94.66558503403643,1013.1
Kolkata,2025-02-17 01:00:00,22.0,94.0625242758801,
Kolkata,2025-02-17 02:00:00,23.0,94.10581804007526,
Kolkata,2025-02-17 03:00:00,24.0,91.33708576167582,1015.3
Kolkata,2025-02-17 04:00:00,26.0,78.6398510724195,
Kolkata,2025-02-17 05:00:00,27.0,74.13724053720264,
Kolkata,2025-02-17 06:00:00,29.8,62.23530658956874,1014.6
Kolkata,2025-02-17 07:00:00,31.0,48.87889229893936,
Kolkata,2025-02-17 08:00:00,32.0,40.72271098464218,
Kolkata,2025-02-17 09:00:00,32.4,39.81200409457464,1011.6
Kolkata,2025-02-17 10:00:00,32.0,38.21370900066644,
Kolkata,2025-02-17 11:00:00,31.0,37.937587025645456,
Kolkata,2025-02-17 12:00:00,29.4,52.25595491573255,1011.4
Kolkata,2025-02-17 13:00:00,27.0,54.33441603408858,
Kolkata,2025-02-17 14:00:00,27.0,54.33441603408858,
Kolkata,2025-02-17 15:00:00,26.0,61.77549134798711,1013.6
Kolkata,2025-02-17 16:00:00,26.0,69.54626593683008,
Kolkata,2025-02-17 17:00:00,24.0,78.3540921272656,
Kolkata,2025-02-17 18:00:00,25.0,81.93813716288261,1013.0
Kolkata,2025-02-17 19:00:00,24.0,88.59935257199315,
Kolkata,2025-02-17 20:00:00,24.0,83.33878752130364,
Kolkata,2025-02-17 21:00:00,23.4,89.094717159691,1012.2
Kolkata,2025-02-17 22:00:00,22.0,88.4364161279818,
Kolkata,2025-02-17 23:00:00,22.0,94.0625242758801,
Kolkata,2025-02-18 00:00:00,22.6,89.58222014288508,1013.0
Kolkata,2025-02-18 01:00:00,22.0,94.0625242758801,
Kolkata,2025-02-18 02:00:00,22.0,94.0625242758801,
Kolkata,2025-02-18 03:00:00,25.0,84.99158907366431,1014.9
Kolkata,2025-02-18 04:00:00,27.0,74.13724053720264,
Kolkata,2025-02-18 05:00:00,28.0,61.83725955078121,
Kolkata,2025-02-18 06:00:00,29.6,54.63879144543691,1014.1
Kolkata,2025-02-18 07:00:00,30.0,55.07749010874436,
Kolkata,2025-02-18 08:00:00,30.0,51.75880110114196,
Kolkata,2025-02-18 09:00:00,31.2,52.710735539122425,1011.2
Kolkata,2025-02-18 10:00:00,30.0,55.07749010874436,
Kolkata,2025-02-18 11:00:00,30.0,55.07749010874436,
Kolkata,2025-02-18 12:00:00,29.2,61.723255448317445,1011.3
Kolkata,2025-02-18 13:00:00,28.0,65.77119451823714,
Kolkata,2025-02-18 14:00:00,27.0,69.73535987777385,
Kolkata,2025-02-18 15:00:00,26.6,74.98174057282651,1013.0
Kolkata,2025-02-18 16:00:00,26.0,78.6398510724195,
Kolkata,2025-02-18 17:00:00,26.0,78.6398510724195,
Kolkata,2025-02-18 18:00:00,25.2,83.47525948927431,1013.3
Kolkata,2025-02-18 19:00:00,25.0,83.45262666598398,
Kolkata,2025-02-18 20:00:00,25.0,83.45262666598398,
Kolkata,2025-02-18 21:00:00,24.2,88.07733960854361,1012.7
Kolkata,2025-02-18 22:00:00,23.0,94.10581804007526,
Kolkata,2025-02-18 23:00:00,24.0,88.59935257199315,
Kolkata,2025-02-19 00:00:00,23.4,94.69675973556869,1012.2
Kolkata,2025-02-19 01:00:00,23.0,100.0,
Kolkata,2025-02-19 02:00:00,23.0,94.10581804007526,
Kolkata,2025-02-19 03:00:00,24.2,91.34950480267452,1014.4
Kolkata,2025-02-19 04:00:00,26.0,78.6398510724195,
Kolkata,2025-02-19 05:00:00,27.0,74.13724053720264,
Kolkata,2025-02-19 06:00:00,28.2,70.38726092133687,1013.8
Kolkata,2025-02-19 07:00:00,28.0,65.77119451823714,
Kolkata,2025-02-19 08:00:00,28.0,69.92284655824665,
Kolkata,2025-02-19 09:00:00,29.6,54.63879144543691,1010.3
Kolkata,2025-02-19 10:00:00,26.0,65.35576219694184,
Kolkata,2025-02-19 11:00:00,25.0,73.8025121880607,
Kolkata,2025-02-19 12:00:00,24.8,78.46904480661803,1010.6
Kolkata,2025-02-19 13:00:00,24.0,78.3540921272656,
Kolkata,2025-02-19 14:00:00,24.0,78.3540921272656,
Kolkata,2025-02-19 15:00:00,23.2,82.73369056093227,1012.8
Kolkata,2025-02-19 16:00:00,24.0,73.63287364526842,
Kolkata,2025-02-19 17:00:00,24.0,78.3540921272656,
Kolkata,2025-02-19 18:00:00,23.4,82.75736601112055,1013.7
Kolkata,2025-02-19 19:00:00,23.0,83.22381284256232,
Kolkata,2025-02-19 20:00:00,23.0,88.51830793896134,
Kolkata,2025-02-19 21:00:00,23.2,82.73369056093227,1012.9
Kolkata,2025-02-19 22:00:00,22.0,94.0625242758801,
Kolkata,2025-02-19 23:00:00,22.0,88.4364161279818,
Kolkata,2025-02-20 00:00:00,22.2,98.18792289381352,1013.2
Kolkata,2025-02-20 01:00:00,22.0,94.0625242758801,
Kolkata,2025-02-20 02:00:00,23.0,94.10581804007526,
Kolkata,2025-02-20 03:00:00,24.8,88.12759322404811,1015.6
Kolkata,2025-02-20 04:00:00,27.0,78.78071949348664,
Kolkata,2025-02-20 05:00:00,28.0,65.77119451823714,
Kolkata,2025-02-20 06:00:00,25.4,83.49784757524912,1015.6
Kolkata,2025-02-20 07:00:00,21.0,94.01875700103768,
Kolkata,2025-02-20 08:00:00,20.0,88.27004464253949,
Kolkata,2025-02-20 09:00:00,20.2,94.57041014289584,1014.1
Kolkata,2025-02-20 10:00:00,22.0,78.06286399643153,
Kolkata,2025-02-20 11:00:00,21.0,88.35366560432122,
Kolkata,2025-02-20 12:00:00,21.0,85.10038132415258,1012.9
Kolkata,2025-02-20 13:00:00,21.0,82.9903987771767,
Kolkata,2025-02-20 14:00:00,21.0,82.9903987771767,
Kolkata,2025-02-20 15:00:00,20.4,88.85852566524859,1014.8
Kolkata,2025-02-20 16:00:00,21.0,88.35366560432122,
Kolkata,2025-02-20 17:00:00,20.0,93.97450936662143,
Kolkata,2025-02-20 18:00:00,20.2,94.57041014289584,1015.0
Kolkata,2025-02-20 21:00:00,19.8,96.33987484245799,1013.8
Kolkata,2025-02-20 22:00:00,19.0,93.92977440102698,
Kolkata,2025-02-20 23:00:00,19.0,93.92977440102698,
Kolkata,2025-02-21 00:00:00,18.8,96.31235577580728,1014.3
Kolkata,2025-02-21 01:00:00,19.0,93.92977440102698,
Kolkata,2025-02-21 02:00:00,20.0,88.27004464253949,
Kolkata,2025-02-21 03:00:00,22.4,77.6333068665811,1016.8
Kolkata,2025-02-21 04:00:00,25.0,65.14551045571683,
Kolkata,2025-02-21 05:00:00,26.0,65.35576219694184,
Kolkata,2025-02-21 06:00:00,26.8,65.11757425555096,1015.9
Kolkata,2025-02-21 07:00:00,28.0,61.83725955078121,
Kolkata,2025-02-21 08:00:00,29.0,58.347168092797666,
Kolkata,2025-02-21 09:00:00,28.8,59.02704232458345,1013.0
Kolkata,2025-02-21 10:00:00,30.0,55.07749010874436,
Kolkata,2025-02-21 11:00:00,29.0,58.347168092797666,
Kolkata,2025-02-21 12:00:00,28.0,64.9673083542988,1012.2
Kolkata,2025-02-21 13:00:00,26.0,73.97062900551056,
Kolkata,2025-02-21 14:00:00,25.0,78.49764721655077,
Kolkata,2025-02-21 15:00:00,25.2,80.47406090248509,1013.8
Kolkata,2025-02-21 16:00:00,24.0,83.33878752130364,
Kolkata,2025-02-21 17:00:00,23.0,88.51830793896134,
Kolkata,2025-02-21 18:00:00,23.4,86.40425816902815,1014.1
Kolkata,2025-02-21 19:00:00,24.0,83.33878752130364,
Kolkata,2025-02-21 20:00:00,23.0,88.51830793896134,
Kolkata,2025-02-21 21:00:00,22.2,91.22412116599256,1013.2
Kolkata,2025-02-21 22:00:00,21.0,100.0,
Kolkata,2025-02-21 23:00:00,21.0,94.01875700103768,
Kolkata,2025-02-22 00:00:00,21.0,94.60241342456621,1013.8
Kolkata,2025-02-22 01:00:00,20.0,100.0,
Kolkata,2025-02-22 02:00:00,21.0,94.01875700103768,
Kolkata,2025-02-22 03:00:00,23.4,91.29967042540224,1016.5
Kolkata,2025-02-22 04:00:00,25.0,83.45262666598398,
Kolkata,2025-02-22 05:00:00,27.0,74.13724053720264,
Kolkata,2025-02-22 06:00:00,28.7,68.78845425966166,1016.5
Kolkata,2025-02-22 07:00:00,29.0,58.347168092797666,
Kolkata,2025-02-22 08:00:00,30.0,55.07749010874436,
Kolkata,2025-02-22 09:00:00,30.0,55.07749010874436,1013.0
Kolkata,2025-02-22 10:00:00,30.0,55.07749010874436,
Kolkata,2025-02-22 11:00:00,29.0,62.05907199151088,
Kolkata,2025-02-22 12:00:00,28.4,65.05100507166367,1012.8
Kolkata,2025-02-22 13:00:00,27.0,74.13724053720264,
Kolkata,2025-02-22 14:00:00,27.0,69.73535987777385,
Kolkata,2025-02-22 15:00:00,26.8,73.6526814430667,1015.4
Kolkata,2025-02-22 16:00:00,26.0,73.97062900551056,
Kolkata,2025-02-22 17:00:00,26.0,78.6398510724195,
Kolkata,2025-02-22 18:00:00,24.6,88.1108765345105,1015.3
Kolkata,2025-02-22 19:00:00,24.0,88.59935257199315,
Kolkata,2025-02-22 20:00:00,23.0,88.51830793896134,
Kolkata,2025-02-22 21:00:00,23.8,93.00493307197942,1014.5
Kolkata,2025-02-22 22:00:00,22.0,88.4364161279818,
Kolkata,2025-02-22 23:00:00,22.0,88.4364161279818,
Kolkata,2025-02-23 00:00:00,21.8,92.90250604151835,1015.0
Kolkata,2025-02-23 01:00:00,23.0,83.22381284256232,
Kolkata,2025-02-23 02:00:00,24.0,83.33878752130364,
Kolkata,2025-02-23 03:00:00,25.2,80.47406090248509,1017.1
Kolkata,2025-02-23 04:00:00,26.0,69.54626593683008,
Kolkata,2025-02-23 05:00:00,28.0,58.11126126861089,
Kolkata,2025-02-23 06:00:00,28.6,60.08656570259691,1016.8
Kolkata,2025-02-23 07:00:00,29.0,54.83146494452449,
Kolkata,2025-02-23 08:00:00,29.0,54.83146494452449,
Kolkata,2025-02-23 09:00:00,29.8,53.6783681185955,1013.9
Kolkata,2025-02-23 10:00:00,29.0,54.83146494452449,
Kolkata,2025-02-23 11:00:00,29.0,58.347168092797666,
Kolkata,2025-02-23 12:00:00,28.6,60.08656570259691,1013.8
Kolkata,2025-02-23 13:00:00,27.0,65.56431854728334,
Kolkata,2025-02-23 14:00:00,26.0,69.54626593683008,
Kolkata,2025-02-23 15:00:00,25.4,75.71358128252226,1015.8
Kolkata,2025-02-23 16:00:00,24.0,78.3540921272656,
Kolkata,2025-02-23 17:00:00,23.0,83.22381284256232,
Kolkata,2025-02-23 18:00:00,22.8,84.23807515262574,1016.2
Kolkata,2025-02-23 19:00:00,23.0,83.22381284256232,
Kolkata,2025-02-23 20:00:00,23.0,83.22381284256232,
Kolkata,2025-02-23 21:00:00,22.6,84.21619689321432,1015.3
Kolkata,2025-02-23 22:00:00,21.0,88.35366560432122,
Kolkata,2025-02-23 23:00:00,21.0,88.35366560432122,
Kolkata,2025-02-24 00:00:00,21.2,83.5364376134923,1016.7
Kolkata,2025-02-24 01:00:00,21.0,82.9903987771767,
Kolkata,2025-02-24 02:00:00,22.0,78.06286399643153,
Kolkata,2025-02-24 03:00:00,24.0,72.2660894358301,1019.3
Kolkata,2025-02-24 04:00:00,26.0,65.35576219694184,
Kolkata,2025-02-24 05:00:00,27.0,61.6137466743783,
Kolkata,2025-02-24 06:00:00,28.6,55.07601922060314,1018.2
Kolkata,2025-02-24 07:00:00,29.0,51.50307132317005,
Kolkata,2025-02-24 08:00:00,30.0,48.61692510697891,
Kolkata,2025-02-24 09:00:00,30.2,44.837591607463104,1014.9
Kolkata,2025-02-24 10:00:00,30.0,48.61692510697891,
Kolkata,2025-02-24 11:00:00,29.0,51.50307132317005,
Kolkata,2025-02-24 12:00:00,28.4,52.329838724842595,1014.1
Kolkata,2025-02-24 13:00:00,28.0,54.583776611197585,
Kolkata,2025-02-24 14:00:00,26.0,57.63433267904622,
Kolkata,2025-02-24 15:00:00,26.0,63.34488035972379,1016.3
Kolkata,2025-02-24 16:00:00,25.0,65.14551045571683,
Kolkata,2025-02-24 17:00:00,24.0,69.16319209999386,
Kolkata,2025-02-24 18:00:00,24.0,70.47837778915957,1017.1
Kolkata,2025-02-24 19:00:00,24.0,69.16319209999386,
Kolkata,2025-02-24 20:00:00,22.0,83.10768815769457,
Kolkata,2025-02-24 21:00:00,22.8,81.15946153199087,1016.5
Kolkata,2025-02-24 22:00:00,21.0,82.9903987771767,
Kolkata,2025-02-24 23:00:00,21.0,77.91515829174936,
Kolkata,2025-02-25 00:00:00,21.4,78.46820659148995,1017.4
Kolkata,2025-02-25 01:00:00,21.0,73.11466043664565,
Kolkata,2025-02-25 02:00:00,22.0,68.77349522244712,
Kolkata,2025-02-25 03:00:00,23.6,59.68194765625472,1019.3
Kolkata,2025-02-25 04:00:00,26.0,57.63433267904622,
Kolkata,2025-02-25 05:00:00,28.0,51.245730319258854,
Kolkata,2025-02-25 06:00:00,29.4,50.962275319663796,1019.1
Kolkata,2025-02-25 07:00:00,29.0,54.83146494452449,
Kolkata,2025-02-25 08:00:00,30.0,51.75880110114196,
Kolkata,2025-02-25 09:00:00,30.0,53.7282668311392,1015.9
Kolkata,2025-02-25 10:00:00,30.0,51.75880110114196,
Kolkata,2025-02-25 11:00:00,29.0,54.83146494452449,
Kolkata,2025-02-25 12:00:00,28.2,56.02032023794125,1015.4
Kolkata,2025-02-25 13:00:00,26.0,65.35576219694184,
Kolkata,2025-02-25 14:00:00,26.0,65.35576219694184,
Kolkata,2025-02-25 15:00:00,25.6,64.45946580818865,1018.8
Kolkata,2025-02-25 16:00:00,25.0,61.16156608407452,
Kolkata,2025-02-25 17:00:00,23.0,68.96917974781988,
Kolkata,2025-02-25 18:00:00,23.0,73.00116957092115,1018.9
Kolkata,2025-02-25 19:00:00,23.0,68.96917974781988,
Kolkata,2025-02-25 20:00:00,22.0,73.28896468276716,
Kolkata,2025-02-25 21:00:00,21.4,78.46820659148995,1017.5
Kolkata,2025-02-25 22:00:00,22.0,73.28896468276716,
Kolkata,2025-02-25 23:00:00,21.0,77.91515829174936,
Kolkata,2025-02-26 00:00:00,20.2,83.42149095195703,1017.8
Kolkata,2025-02-26 01:00:00,20.0,82.87192979044534,
Kolkata,2025-02-26 02:00:00,22.0,73.28896468276716,
Kolkata,2025-02-26 03:00:00,23.2,68.14000153659617,1019.9
Kolkata,2025-02-26 04:00:00,26.0,54.08337422022996,
Kolkata,2025-02-26 05:00:00,27.0,50.98677157890719,
Kolkata,2025-02-26 06:00:00,28.8,40.887297325663276,1019.2
Kolkata,2025-02-26 07:00:00,29.0,39.89606828185898,
Kolkata,2025-02-26 08:00:00,30.0,40.17284207482451,
Kolkata,2025-02-26 09:00:00,29.8,37.84966852652266,1015.8
Kolkata,2025-02-26 10:00:00,29.0,39.89606828185898,
Kolkata,2025-02-26 11:00:00,28.0,42.28248962275748,
Kolkata,2025-02-26 12:00:00,27.6,46.46713497984191,1015.3
Kolkata,2025-02-26 13:00:00,26.0,50.72618873623027,
Kolkata,2025-02-26 14:00:00,25.0,53.83064226424435,
Kolkata,2025-02-26 15:00:00,24.4,64.60906720348359,1016.9
Kolkata,2025-02-26 16:00:00,24.0,60.93287150821879,
Kolkata,2025-02-26 17:00:00,24.0,60.93287150821879,
Kolkata,2025-02-26 18:00:00,21.2,73.14964788312554,1016.6
Kolkata,2025-02-26 19:00:00,23.0,64.71986027383593,
Kolkata,2025-02-26 20:00:00,22.0,73.28896468276716,
Kolkata,2025-02-26 21:00:00,20.0,77.76603602176817,1015.5
Kolkata,2025-02-26 22:00:00,21.0,73.11466043664565,
Kolkata,2025-02-26 23:00:00,20.0,77.76603602176817,
Kolkata,2025-02-27 00:00:00,18.6,84.30632435360548,1016.1
Kolkata,2025-02-27 01:00:00,20.0,82.87192979044534,
Kolkata,2025-02-27 02:00:00,22.0,78.06286399643153,
Kolkata,2025-02-27 03:00:00,23.2,68.14000153659617,1017.8
Kolkata,2025-02-27 04:00:00,26.0,54.08337422022996,
Kolkata,2025-02-27 05:00:00,27.0,50.98677157890719,
Kolkata,2025-02-27 06:00:00,28.8,43.3313576867181,1016.2
Kolkata,2025-02-27 07:00:00,30.0,42.831580797851935,
Kolkata,2025-02-27 08:00:00,30.0,42.831580797851935,
Kolkata,2025-02-27 09:00:00,30.6,42.99526278512383,1012.7
Kolkata,2025-02-27 10:00:00,30.0,48.61692510697891,
Kolkata,2025-02-27 11:00:00,29.0,51.50307132317005,
Kolkata,2025-02-27 12:00:00,28.2,52.27884179837241,1012.3
Kolkata,2025-02-27 13:00:00,28.0,51.245730319258854,
Kolkata,2025-02-27 14:00:00,26.0,61.38851998965914,
Kolkata,2025-02-27 15:00:00,25.2,68.53404397143257,1014.3
Kolkata,2025-02-27 16:00:00,25.0,69.35554872897104,
Kolkata,2025-02-27 17:00:00,26.0,65.35576219694184,
Kolkata,2025-02-27 18:00:00,24.4,75.5545437025466,1014.7
Kolkata,2025-02-27 19:00:00,25.0,73.8025121880607,
Kolkata,2025-02-27 20:00:00,25.0,78.49764721655077,
Kolkata,2025-02-27 21:00:00,23.8,79.7941177858265,1012.9
Kolkata,2025-02-27 22:00:00,23.0,83.22381284256232,
Kolkata,2025-02-27 23:00:00,23.0,83.22381284256232,
Kolkata,2025-02-28 00:00:00,22.2,89.00113039766441,1014.7
Kolkata,2025-02-28 01:00:00,22.0,88.4364161279818,
Kolkata,2025-02-28 02:00:00,24.0,83.33878752130364,
Kolkata,2025-02-28 03:00:00,26.2,81.09527108176809,1015.8
Kolkata,2025-02-28 04:00:00,27.0,74.13724053720264,
Kolkata,2025-02-28 05:00:00,29.0,65.9764050234237,
Kolkata,2025-02-28 06:00:00,30.6,55.56557299066436,1014.9
Kolkata,2025-02-28 07:00:00,31.0,45.91183326611469,
Kolkata,2025-02-28 08:00:00,32.0,40.72271098464218,
Kolkata,2025-02-28 09:00:00,31.6,45.21418435477139,1011.8
Kolkata,2025-02-28 10:00:00,31.0,40.44839100350285,
Kolkata,2025-02-28 11:00:00,31.0,40.44839100350285,
Kolkata,2025-02-28 20:00:00,25.0,83.45262666598398,
Kolkata,2025-02-28 21:00:00,24.0,67.44315945194963,1011.6
Kolkata,2025-02-28 22:00:00,24.0,88.59935257199315,
Kolkata,2025-02-28 23:00:00,24.0,83.33878752130364,
Kolkata,2025-03-01 00:00:00,23.4,82.75736601112055,1012.0
Kolkata,2025-03-01 01:00:00,24.0,88.59935257199315,
Kolkata,2025-03-01 02:00:00,26.0,78.6398510724195,
Kolkata,2025-03-01 03:00:00,27.0,72.34810781589086,1013.4
Kolkata,2025-03-01 04:00:00,29.0,62.05907199151088,
Kolkata,2025-03-01 05:00:00,31.0,52.0129263013748,
Kolkata,2025-03-01 06:00:00,32.8,47.55386421260116,1012.4
Kolkata,2025-03-01 07:00:00,33.0,40.99579826538557,
Kolkata,2025-03-01 08:00:00,34.0,41.26764941426599,
Kolkata,2025-03-01 09:00:00,34.6,42.20833515582447,1008.8
Kolkata,2025-03-01 10:00:00,34.0,38.76260999542678,
Kolkata,2025-03-01 11:00:00,32.0,52.26545370306257,
Kolkata,2025-03-01 12:00:00,30.4,50.90090504824205,1008.7
Kolkata,2025-03-01 13:00:00,29.0,45.37427975672665,
Kolkata,2025-03-01 14:00:00,28.0,51.245730319258854,
Kolkata,2025-03-01 15:00:00,27.8,58.06387612446219,1010.4
Kolkata,2025-03-01 16:00:00,27.0,65.56431854728334,
Kolkata,2025-03-01 17:00:00,27.0,65.56431854728334,
Kolkata,2025-03-01 18:00:00,26.6,69.23176807489104,1009.2
Kolkata,2025-03-01 19:00:00,26.0,69.54626593683008,
Kolkata,2025-03-01 20:00:00,27.0,61.6137466743783,
Kolkata,2025-03-01 21:00:00,26.0,69.11686987087296,1007.1
Kolkata,2025-03-01 22:00:00,26.0,65.35576219694184,
Kolkata,2025-03-01 23:00:00,25.0,69.35554872897104,
Kolkata,2025-03-02 00:00:00,24.0,75.02229317138162,1008.2
Kolkata,2025-03-02 01:00:00,25.0,69.35554872897104,
Kolkata,2025-03-02 02:00:00,26.0,65.35576219694184,
Kolkata,2025-03-02 03:00:00,27.4,62.864093985522686,1010.4
Kolkata,2025-03-02 04:00:00,28.0,58.11126126861089,
Kolkata,2025-03-02 05:00:00,30.0,51.75880110114196,
Kolkata,2025-03-02 06:00:00,31.8,47.586079386321714,1009.9
Kolkata,2025-03-02 07:00:00,33.0,43.645157807317524,
Kolkata,2025-03-02 08:00:00,34.0,41.26764941426599,
Kolkata,2025-03-02 09:00:00,34.4,41.11941095890131,1006.8
Kolkata,2025-03-02 10:00:00,34.0,38.76260999542678,
Kolkata,2025-03-02 11:00:00,32.0,49.13932991257226,
Kolkata,2025-03-02 12:00:00,31.8,50.94362829175715,1006.5
Kolkata,2025-03-02 13:00:00,30.0,62.279197326402645,
Kolkata,2025-03-02 14:00:00,29.0,65.9764050234237,
Kolkata,2025-03-02 15:00:00,28.4,70.42408506037569,1008.6
Kolkata,2025-03-02 16:00:00,28.0,74.30236303611937,
Kolkata,2025-03-02 17:00:00,27.0,78.78071949348664,
Kolkata,2025-03-02 18:00:00,27.2,76.92377783448977,1009.2
Kolkata,2025-03-02 20:00:00,25.0,88.67956137467019,
Kolkata,2025-03-02 21:00:00,26.4,79.65835252904961,1007.7
Kolkata,2025-03-02 22:00:00,25.0,88.67956137467019,
Kolkata,2025-03-02 23:00:00,25.0,88.67956137467019,
Kolkata,2025-03-03 00:00:00,24.8,84.97083781729286,1009.6
Kolkata,2025-03-03 01:00:00,24.0,88.59935257199315,
Kolkata,2025-03-03 02:00:00,26.0,69.54626593683008,
Kolkata,2025-03-03 03:00:00,27.8,48.035192948546424,1012.3
Kolkata,2025-03-03 04:00:00,29.0,45.37427975672665,
Kolkata,2025-03-03 05:00:00,30.0,40.17284207482451,
Kolkata,2025-03-03 06:00:00,31.6,31.995193497361473,1011.9
Kolkata,2025-03-03 07:00:00,32.0,31.48272781265815,
Kolkata,2025-03-03 08:00:00,32.0,33.60002079961747,
Kolkata,2025-03-03 09:00:00,32.8,28.743310512596143,1008.5
Kolkata,2025-03-03 10:00:00,32.0,33.60002079961747,
Kolkata,2025-03-03 11:00:00,32.0,33.60002079961747,
Kolkata,2025-03-03 12:00:00,30.8,33.92728508266713,1008.2
Kolkata,2025-03-03 13:00:00,30.0,37.66035915705599,
Kolkata,2025-03-03 14:00:00,29.0,45.37427975672665,
Kolkata,2025-03-03 15:00:00,27.4,52.40576058219158,1009.5
Kolkata,2025-03-03 16:00:00,27.0,54.33441603408858,
Kolkata,2025-03-03 17:00:00,26.0,57.63433267904622,
Kolkata,2025-03-03 18:00:00,26.4,76.33576480448347,1009.7
Kolkata,2025-03-03 19:00:00,26.0,83.5653445347348,
Kolkata,2025-03-03 20:00:00,26.0,83.5653445347348,
Kolkata,2025-03-03 21:00:00,25.8,79.09289790144875,1008.5
Kolkata,2025-03-03 22:00:00,25.0,73.8025121880607,
Kolkata,2025-03-03 23:00:00,24.0,69.16319209999386,
Kolkata,2025-03-04 00:00:00,23.4,65.63502207200914,1010.7
Kolkata,2025-03-04 01:00:00,22.0,68.77349522244712,
Kolkata,2025-03-04 02:00:00,24.0,60.93287150821879,
Kolkata,2025-03-04 03:00:00,26.0,53.73908875879271,1012.8
Kolkata,2025-03-04 04:00:00,29.0,37.38203217205419,
Kolkata,2025-03-04 05:00:00,30.0,37.66035915705599,
Kolkata,2025-03-04 06:00:00,31.0,32.03965741466953,1012.1
Kolkata,2025-03-04 07:00:00,32.0,33.60002079961747,
Kolkata,2025-03-04 08:00:00,33.0,27.86636142371991,
Kolkata,2025-03-04 09:00:00,33.0,27.320584836737066,1008.6
Kolkata,2025-03-04 10:00:00,33.0,27.86636142371991,
Kolkata,2025-03-04 11:00:00,32.0,25.81845531771868,
Kolkata,2025-03-04 12:00:00,30.2,32.02956219546832,1008.3
Kolkata,2025-03-04 13:00:00,28.0,39.61807404744141,
Kolkata,2025-03-04 14:00:00,27.0,44.83094235963196,
Kolkata,2025-03-04 15:00:00,25.6,49.32954197211858,1009.5
Kolkata,2025-03-04 16:00:00,26.0,47.553680242907866,
Kolkata,2025-03-04 17:00:00,26.0,47.553680242907866,
Kolkata,2025-03-04 18:00:00,24.2,58.685550665822504,1009.5
Kolkata,2025-03-04 19:00:00,24.0,53.57621135443473,
Kolkata,2025-03-04 20:00:00,25.0,50.46397557709502,
Kolkata,2025-03-04 21:00:00,23.4,62.372120309898094,1009.0
Kolkata,2025-03-04 22:00:00,25.0,65.14551045571683,
Kolkata,2025-03-04 23:00:00,24.0,60.93287150821879,
Kolkata,2025-03-05 00:00:00,23.0,66.81483777876102,1009.8
Kolkata,2025-03-05 01:00:00,24.0,57.150508542239244,
Kolkata,2025-03-05 02:00:00,26.0,50.72618873623027,
Kolkata,2025-03-05 03:00:00,27.0,45.71041733142556,1011.5
Kolkata,2025-03-05 04:00:00,29.0,32.76882733104996,
Kolkata,2025-03-05 05:00:00,30.0,30.932516901773045,
Kolkata,2025-03-05 06:00:00,30.2,30.987663324147015,1010.8
Kolkata,2025-03-05 07:00:00,31.0,31.20797236675265,
Kolkata,2025-03-05 08:00:00,31.0,31.20797236675265,
Kolkata,2025-03-05 09:00:00,32.0,33.382797528971295,1007.4
Kolkata,2025-03-05 10:00:00,32.0,31.48272781265815,
Kolkata,2025-03-05 11:00:00,32.0,31.48272781265815,
Kolkata,2025-03-05 12:00:00,29.6,37.549159864907224,1007.0
Kolkata,2025-03-05 13:00:00,28.0,39.61807404744141,
Kolkata,2025-03-05 14:00:00,27.0,50.98677157890719,
Kolkata,2025-03-05 15:00:00,25.2,52.85178805612125,1009.5
Kolkata,2025-03-05 16:00:00,25.0,53.83064226424435,
Kolkata,2025-03-05 17:00:00,26.0,54.08337422022996,
Kolkata,2025-03-05 18:00:00,23.6,62.41693601145195,1009.8
Kolkata,2025-03-05 19:00:00,25.0,57.393288213137126,
Kolkata,2025-03-05 20:00:00,24.0,64.9335482156484,
Kolkata,2025-03-05 21:00:00,23.0,68.1002284486751,1009.3
Kolkata,2025-03-05 22:00:00,21.0,56.41164570214274,
Kolkata,2025-03-05 23:00:00,20.0,52.54132558106588,
Kolkata,2025-03-06 00:00:00,20.0,52.54132558106588,1011.8
Kolkata,2025-03-06 01:00:00,20.0,49.12824910920544,
Kolkata,2025-03-06 02:00:00,22.0,40.603202667227265,
Kolkata,2025-03-06 03:00:00,23.8,33.7752240744482,1014.3
Kolkata,2025-03-06 04:00:00,25.0,31.649218589933113,
Kolkata,2025-03-06 05:00:00,26.0,29.82398440773446,
Kolkata,2025-03-06 06:00:00,27.0,27.167624611578933,1013.3
Kolkata,2025-03-06 07:00:00,28.0,28.390915098739228,
Kolkata,2025-03-06 08:00:00,28.0,30.379562914413725,
Kolkata,2025-03-06 09:00:00,28.8,26.917026206437566,1010.4
Kolkata,2025-03-06 10:00:00,28.0,26.51808029973417,
Kolkata,2025-03-06 11:00:00,28.0,26.51808029973417,
Kolkata,2025-03-06 12:00:00,27.0,30.513769306545456,1010.4
Kolkata,2025-03-06 13:00:00,24.0,41.16827865067493,
Kolkata,2025-03-06 14:00:00,23.0,40.88640209147293,
Kolkata,2025-03-06 15:00:00,22.2,49.392512098139015,1012.0
Kolkata,2025-03-06 16:00:00,22.0,46.46566533002917,
Kolkata,2025-03-06 17:00:00,22.0,46.46566533002917,
Kolkata,2025-03-06 18:00:00,20.8,50.34550304599599,1010.9
Kolkata,2025-03-06 19:00:00,21.0,49.39870122318638,
Kolkata,2025-03-06 20:00:00,20.0,56.16181282171762,
Kolkata,2025-03-06 21:00:00,19.6,53.501473169296055,1009.5
Kolkata,2025-03-06 22:00:00,20.0,52.54132558106588,
Kolkata,2025-03-06 23:00:00,19.0,59.762815682936235,
Kolkata,2025-03-07 00:00:00,19.8,57.240597392790995,1010.3
Kolkata,2025-03-07 01:00:00,20.0,60.000416407887755,
Kolkata,2025-03-07 02:00:00,22.0,53.062217933001484,
Kolkata,2025-03-07 03:00:00,24.0,47.32328485634583,1012.2
Kolkata,2025-03-07 04:00:00,27.0,34.448362072935296,
Kolkata,2025-03-07 05:00:00,28.0,32.4901158709847,
Kolkata,2025-03-07 06:00:00,29.4,32.0199448908839,1011.3
Kolkata,2025-03-07 07:00:00,30.0,27.05860654372192,
Kolkata,2025-03-07 08:00:00,30.0,28.938443399914725,
Kolkata,2025-03-07 09:00:00,31.2,28.499144092468782,1007.6
Kolkata,2025-03-07 10:00:00,31.0,25.553040002326842,
Kolkata,2025-03-07 11:00:00,30.0,27.05860654372192,
Kolkata,2025-03-07 12:00:00,28.2,36.672754028563986,1007.6
Kolkata,2025-03-07 13:00:00,29.0,30.6563755549686,
Kolkata,2025-03-07 14:00:00,25.0,41.44882875278398,
Kolkata,2025-03-07 15:00:00,22.2,50.71826706885131,1009.3
Kolkata,2025-03-07 16:00:00,24.0,50.200126046479014,
Kolkata,2025-03-07 17:00:00,24.0,53.57621135443473,
Kolkata,2025-03-07 18:00:00,22.6,62.99689602797345,1009.3
Kolkata,2025-03-07 19:00:00,23.0,64.71986027383593,
Kolkata,2025-03-07 20:00:00,23.0,68.96917974781988,
Kolkata,2025-03-07 21:00:00,22.0,64.09062804138038,1008.8
Kolkata,2025-03-07 22:00:00,22.0,73.28896468276716,
Kolkata,2025-03-07 23:00:00,22.0,73.28896468276716,
Kolkata,2025-03-08 00:00:00,21.2,81.97757756705623,1008.5
Kolkata,2025-03-08 01:00:00,21.0,82.9903987771767,
Kolkata,2025-03-08 02:00:00,24.0,73.63287364526842,
Kolkata,2025-03-08 03:00:00,26.6,72.27790097107153,1010.7
Kolkata,2025-03-08 04:00:00,27.0,69.73535987777385,
Kolkata,2025-03-08 05:00:00,29.0,58.347168092797666,
Kolkata,2025-03-08 06:00:00,30.6,55.56557299066436,1010.1
Kolkata,2025-03-08 07:00:00,30.0,51.75880110114196,
Kolkata,2025-03-08 08:00:00,31.0,48.87889229893936,
Kolkata,2025-03-08 09:00:00,32.2,46.81069212850426,1007.2
Kolkata,2025-03-08 10:00:00,31.0,48.87889229893936,
Kolkata,2025-03-08 11:00:00,31.0,48.87889229893936,
Kolkata,2025-03-08 12:00:00,30.0,53.7282668311392,1007.3
Kolkata,2025-03-08 13:00:00,28.0,65.77119451823714,
Kolkata,2025-03-08 14:00:00,27.0,69.73535987777385,
Kolkata,2025-03-08 15:00:00,26.8,70.99479528301373,1009.8
Kolkata,2025-03-08 16:00:00,25.0,78.49764721655077,
Kolkata,2025-03-08 17:00:00,25.0,78.49764721655077,
Kolkata,2025-03-08 18:00:00,25.2,81.96262342273943,1010.4
Kolkata,2025-03-08 19:00:00,24.0,88.59935257199315,
Kolkata,2025-03-08 20:00:00,24.0,88.59935257199315,
Kolkata,2025-03-08 21:00:00,24.4,86.49898460860861,1010.4
Kolkata,2025-03-08 22:00:00,23.0,88.51830793896134,
Kolkata,2025-03-08 23:00:00,23.0,88.51830793896134,
Kolkata,2025-03-09 00:00:00,22.8,89.59709513251278,1011.5
Kolkata,2025-03-09 01:00:00,22.0,94.0625242758801,
Kolkata,2025-03-09 02:00:00,24.0,88.59935257199315,
Kolkata,2025-03-09 03:00:00,26.2,82.58282556083142,1014.3
Kolkata,2025-03-09 04:00:00,28.0,74.30236303611937,
Kolkata,2025-03-09 05:00:00,29.0,65.9764050234237,
Kolkata,2025-03-09 06:00:00,30.8,51.00351017295065,1014.0
Kolkata,2025-03-09 07:00:00,31.0,48.87889229893936,
Kolkata,2025-03-09 08:00:00,32.0,43.37530845087229,
Kolkata,2025-03-09 09:00:00,32.2,44.81126577191242,1011.4
Kolkata,2025-03-09 10:00:00,32.0,40.72271098464218,
Kolkata,2025-03-09 11:00:00,31.0,45.91183326611469,
Kolkata,2025-03-09 12:00:00,30.2,45.98734517749429,1011.6
Kolkata,2025-03-09 13:00:00,29.0,51.50307132317005,
Kolkata,2025-03-09 14:00:00,28.0,58.11126126861089,
Kolkata,2025-03-09 15:00:00,27.4,67.28568959900366,1014.2
Kolkata,2025-03-09 16:00:00,26.0,73.97062900551056,
Kolkata,2025-03-09 17:00:00,25.0,78.49764721655077,
Kolkata,2025-03-09 18:00:00,25.8,77.656453842952,1015.1
Kolkata,2025-03-09 19:00:00,25.0,78.49764721655077,
Kolkata,2025-03-09 20:00:00,24.0,83.33878752130364,
Kolkata,2025-03-09 21:00:00,24.6,83.4072263549273,1014.3
Kolkata,2025-03-09 22:00:00,24.0,83.33878752130364,
Kolkata,2025-03-09 23:00:00,23.0,88.51830793896134,
Kolkata,2025-03-10 00:00:00,23.4,89.64153331568741,1015.2
Kolkata,2025-03-10 01:00:00,22.0,94.0625242758801,
Kolkata,2025-03-10 02:00:00,24.0,83.33878752130364,
Kolkata,2025-03-10 03:00:00,25.6,83.520391036621,1017.2
Kolkata,2025-03-10 04:00:00,28.0,65.77119451823714,
Kolkata,2025-03-10 05:00:00,29.0,62.05907199151088,
Kolkata,2025-03-10 06:00:00,31.8,44.42430274905143,1016.2
Kolkata,2025-03-10 07:00:00,32.0,46.178444191385225,
Kolkata,2025-03-10 08:00:00,33.0,38.488718673594086,
Kolkata,2025-03-10 09:00:00,33.4,28.71689739806738,1012.8
Kolkata,2025-03-10 10:00:00,32.0,40.72271098464218,
Kolkata,2025-03-10 11:00:00,32.0,40.72271098464218,
Kolkata,2025-03-10 12:00:00,30.8,40.13584577053767,1012.3
Kolkata,2025-03-10 13:00:00,30.0,48.61692510697891,
Kolkata,2025-03-10 14:00:00,30.0,35.28720543774307,
Kolkata,2025-03-10 15:00:00,27.6,45.285739177432845,1014.4
Kolkata,2025-03-10 16:00:00,29.0,35.00854381788882,
Kolkata,2025-03-10 17:00:00,28.0,37.102613225695066,
Kolkata,2025-03-10 18:00:00,25.4,48.957885029596795,1013.8
Kolkata,2025-03-10 19:00:00,26.0,41.72804915823505,
Kolkata,2025-03-10 20:00:00,25.0,47.2840066651506,
Kolkata,2025-03-10 21:00:00,24.8,52.40942935383719,1012.9
Kolkata,2025-03-10 22:00:00,25.0,57.393288213137126,
Kolkata,2025-03-10 23:00:00,24.0,64.9335482156484,
Kolkata,2025-03-11 00:00:00,25.0,63.92706944237422,1013.2
Kolkata,2025-03-11 01:00:00,25.0,73.8025121880607,
Kolkata,2025-03-11 02:00:00,26.0,65.35576219694184,
Kolkata,2025-03-11 03:00:00,27.6,58.01642284156709,1015.3
Kolkata,2025-03-11 04:00:00,30.0,40.17284207482451,
Kolkata,2025-03-11 05:00:00,32.0,33.60002079961747,
Kolkata,2025-03-11 06:00:00,33.2,33.93037139308301,1014.3
Kolkata,2025-03-11 07:00:00,34.0,26.348380701524103,
Kolkata,2025-03-11 08:00:00,34.0,24.6627092561281,
Kolkata,2025-03-11 09:00:00,34.4,23.959381238404717,1010.4
Kolkata,2025-03-11 10:00:00,34.0,26.348380701524103,
Kolkata,2025-03-11 11:00:00,34.0,26.348380701524103,
Kolkata,2025-03-11 12:00:00,31.2,34.48369191025763,1010.1
Kolkata,2025-03-11 13:00:00,29.0,37.38203217205419,
Kolkata,2025-03-11 14:00:00,29.0,32.76882733104996,
Kolkata,2025-03-11 15:00:00,27.2,36.63461571399558,1011.3
Kolkata,2025-03-11 16:00:00,28.0,37.102613225695066,
Kolkata,2025-03-11 17:00:00,27.0,47.821805415300325,
Kolkata,2025-03-11 18:00:00,26.2,55.177580931586704,1011.1
Kolkata,2025-03-11 19:00:00,28.0,48.08838553713478,
Kolkata,2025-03-11 20:00:00,27.0,54.33441603408858,
Kolkata,2025-03-11 21:00:00,25.6,61.68553729241238,1010.6
Kolkata,2025-03-11 22:00:00,25.0,65.14551045571683,
Kolkata,2025-03-11 23:00:00,25.0,69.35554872897104,
Kolkata,2025-03-12 00:00:00,23.4,76.34132933055753,1010.1
Kolkata,2025-03-12 01:00:00,24.0,73.63287364526842,
Kolkata,2025-03-12 02:00:00,26.0,61.38851998965914,
Kolkata,2025-03-12 03:00:00,28.0,57.03259150658151,1011.5
Kolkata,2025-03-12 04:00:00,31.0,45.91183326611469,
Kolkata,2025-03-12 05:00:00,33.0,38.488718673594086,
Kolkata,2025-03-12 06:00:00,33.4,34.20388587139418,1010.1
Kolkata,2025-03-12 07:00:00,35.0,28.402634845839458,
Kolkata,2025-03-12 08:00:00,36.0,25.183331982544292,
Kolkata,2025-03-12 09:00:00,36.2,31.21190917943958,1006.2
Kolkata,2025-03-12 10:00:00,37.0,23.839996716195756,
Kolkata,2025-03-12 11:00:00,36.0,25.183331982544292,
Kolkata,2025-03-12 12:00:00,33.0,36.58107859246772,1005.5
Kolkata,2025-03-12 13:00:00,33.0,36.11735711200378,
Kolkata,2025-03-12 14:00:00,29.0,58.347168092797666,
Kolkata,2025-03-12 15:00:00,28.6,66.70492848245004,1007.4
Kolkata,2025-03-12 16:00:00,27.0,78.78071949348664,
Kolkata,2025-03-12 17:00:00,27.0,83.67695517522091,
Kolkata,2025-03-12 18:00:00,27.0,82.67693820709039,1007.8
Kolkata,2025-03-12 19:00:00,27.0,78.78071949348664,
Kolkata,2025-03-12 20:00:00,27.0,78.78071949348664,
Kolkata,2025-03-12 21:00:00,25.8,88.74313412721081,1006.9
Kolkata,2025-03-12 22:00:00,25.0,88.67956137467019,
Kolkata,2025-03-12 23:00:00,25.0,88.67956137467019,
Kolkata,2025-03-13 00:00:00,25.2,89.77318651955946,1007.1
Kolkata,2025-03-13 01:00:00,25.0,88.67956137467019,
Kolkata,2025-03-13 02:00:00,27.0,78.78071949348664,
Kolkata,2025-03-13 03:00:00,29.2,69.72295309892432,1009.2
Kolkata,2025-03-13 04:00:00,30.0,62.279197326402645,
Kolkata,2025-03-13 05:00:00,32.0,55.56458760321053,
Kolkata,2025-03-13 06:00:00,34.2,44.789231797596095,1008.4
Kolkata,2025-03-13 07:00:00,36.0,32.574481984471326,
Kolkata,2025-03-13 08:00:00,37.0,27.140727390095126,
Kolkata,2025-03-13 09:00:00,36.8,25.391323684756408,1004.9
Kolkata,2025-03-13 10:00:00,37.0,22.32632955361886,
Kolkata,2025-03-13 11:00:00,37.0,23.839996716195756,
Kolkata,2025-03-13 12:00:00,34.0,35.9335914192412,1004.3
Kolkata,2025-03-13 13:00:00,32.0,43.37530845087229,
Kolkata,2025-03-13 14:00:00,31.0,66.3818887938788,
Kolkata,2025-03-13 15:00:00,29.2,76.30480387190515,1006.5
Kolkata,2025-03-13 16:00:00,28.0,78.9202680701639,
Kolkata,2025-03-13 17:00:00,27.0,83.67695517522091,
Kolkata,2025-03-13 18:00:00,27.6,87.31379479213656,1007.2
Kolkata,2025-03-13 19:00:00,27.0,88.83751596451742,
Kolkata,2025-03-13 20:00:00,27.0,88.83751596451742,
Kolkata,2025-03-13 21:00:00,27.4,87.29619508920601,1006.5
Kolkata,2025-03-13 22:00:00,27.0,88.83751596451742,
Kolkata,2025-03-13 23:00:00,27.0,88.83751596451742,
Kolkata,2025-03-14 00:00:00,27.2,88.85313336738866,1007.5
Kolkata,2025-03-14 01:00:00,28.0,83.78747242805218,
Kolkata,2025-03-14 02:00:00,28.0,78.9202680701639,
Kolkata,2025-03-14 03:00:00,28.8,79.03096698905824,1010.3
Kolkata,2025-03-14 04:00:00,30.0,70.29306142592459,
Kolkata,2025-03-14 05:00:00,30.0,70.29306142592459,
Kolkata,2025-03-14 06:00:00,33.3,54.87341704855254,1009.9
Kolkata,2025-03-14 07:00:00,34.0,49.65563394804311,
Kolkata,2025-03-14 08:00:00,36.0,44.44663958001136,
Kolkata,2025-03-14 09:00:00,36.4,46.76620535841806,1007.1
Kolkata,2025-03-14 10:00:00,35.0,46.96963437807199,
Kolkata,2025-03-14 11:00:00,34.0,52.76574284376031,
Kolkata,2025-03-14 12:00:00,33.4,52.2972859735491,1006.7
Kolkata,2025-03-14 13:00:00,31.0,66.3818887938788,
Kolkata,2025-03-14 14:00:00,31.0,66.3818887938788,
Kolkata,2025-03-14 15:00:00,30.2,72.90096632227306,1008.3
Kolkata,2025-03-14 16:00:00,29.0,79.0585121873896,
Kolkata,2025-03-14 17:00:00,28.0,88.91528354225218,
Kolkata,2025-03-14 18:00:00,27.2,90.45250000428203,1009.1
Kolkata,2025-03-14 19:00:00,27.0,88.83751596451742,
Kolkata,2025-03-14 20:00:00,27.0,88.83751596451742,
Kolkata,2025-03-14 21:00:00,27.0,92.06569807815053,1008.0
Kolkata,2025-03-14 22:00:00,27.0,88.83751596451742,
Kolkata,2025-03-14 23:00:00,27.0,88.83751596451742,
Kolkata,2025-03-15 00:00:00,26.8,92.05438311051279,1008.8
Kolkata,2025-03-15 01:00:00,27.0,88.83751596451742,
Kolkata,2025-03-15 02:00:00,28.0,83.78747242805218,
Kolkata,2025-03-15 03:00:00,29.0,79.0585121873896,1011.6
Kolkata,2025-03-15 04:00:00,30.0,74.62820502423824,
Kolkata,2025-03-15 05:00:00,31.0,70.47582088918256,
Kolkata,2025-03-15 06:00:00,32.8,64.40448947276589,1011.4
Kolkata,2025-03-15 07:00:00,33.0,62.92958329531054,
Kolkata,2025-03-15 08:00:00,34.0,56.04514311511978,
Kolkata,2025-03-15 09:00:00,34.2,60.618752169673485,1008.4
Kolkata,2025-03-15 10:00:00,33.0,62.92958329531054,
Kolkata,2025-03-15 11:00:00,33.0,62.92958329531054,
Kolkata,2025-03-15 12:00:00,33.0,61.07786865205016,1008.3
Kolkata,2025-03-15 13:00:00,31.0,70.47582088918256,
Kolkata,2025-03-15 14:00:00,31.0,74.7889561009917,
Kolkata,2025-03-15 15:00:00,29.8,81.06459831337503,1010.4
Kolkata,2025-03-15 16:00:00,28.0,88.91528354225218,
Kolkata,2025-03-15 17:00:00,27.0,88.83751596451742,
Kolkata,2025-03-15 18:00:00,27.8,85.78717977072007,1011.0
Kolkata,2025-03-15 19:00:00,28.0,83.78747242805218,
Kolkata,2025-03-15 20:00:00,28.0,83.78747242805218,
Kolkata,2025-03-15 21:00:00,27.6,87.31379479213656,1010.2
Kolkata,2025-03-15 22:00:00,27.0,88.83751596451742,
Kolkata,2025-03-15 23:00:00,27.0,88.83751596451742,
Kolkata,2025-03-16 00:00:00,26.0,92.00888400052642,1009.6
Kolkata,2025-03-16 01:00:00,27.0,88.83751596451742,
Kolkata,2025-03-16 02:00:00,28.0,83.78747242805218,
Kolkata,2025-03-16 03:00:00,29.6,79.6118092261478,1010.8
Kolkata,2025-03-16 04:00:00,31.0,70.47582088918256,
Kolkata,2025-03-16 05:00:00,34.0,52.76574284376031,
Kolkata,2025-03-16 06:00:00,35.6,53.16143044853384,1009.9
Kolkata,2025-03-16 07:00:00,37.0,42.0757563918813,
Kolkata,2025-03-16 08:00:00,37.0,42.0757563918813,
Kolkata,2025-03-16 09:00:00,36.8,40.75608687539693,1006.6
Kolkata,2025-03-16 10:00:00,36.0,39.307015133883105,
Kolkata,2025-03-16 11:00:00,35.0,46.96963437807199,
Kolkata,2025-03-16 12:00:00,33.2,50.98724954515295,1006.9
Kolkata,2025-03-16 13:00:00,33.0,59.27401124880875,
Kolkata,2025-03-16 14:00:00,31.0,70.47582088918256,
Kolkata,2025-03-16 15:00:00,30.6,75.61652127297627,1008.4
Kolkata,2025-03-16 16:00:00,29.0,79.0585121873896,
Kolkata,2025-03-16 17:00:00,29.0,79.0585121873896,
Kolkata,2025-03-16 18:00:00,28.6,84.8538871735531,1009.2
Kolkata,2025-03-16 19:00:00,28.0,83.78747242805218,
Kolkata,2025-03-16 20:00:00,27.0,88.83751596451742,
Kolkata,2025-03-16 21:00:00,27.0,92.06569807815053,1007.3
Kolkata,2025-03-16 22:00:00,27.0,88.83751596451742,
Kolkata,2025-03-16 23:00:00,26.0,94.23292497092102,
Kolkata,2025-03-17 00:00:00,26.2,90.38476214988123,1008.4
Kolkata,2025-03-17 01:00:00,26.0,83.5653445347348,
Kolkata,2025-03-17 02:00:00,28.0,78.9202680701639,
Kolkata,2025-03-17 03:00:00,29.4,76.33535606218936,1010.5
Kolkata,2025-03-17 04:00:00,30.0,74.62820502423824,
Kolkata,2025-03-17 05:00:00,32.0,66.5821913857855,
Kolkata,2025-03-17 06:00:00,33.2,62.22651784699078,1010.3
Kolkata,2025-03-17 07:00:00,34.0,52.76574284376031,
Kolkata,2025-03-17 08:00:00,34.0,56.04514311511978,
Kolkata,2025-03-17 09:00:00,34.4,54.154564287934356,1007.5
Kolkata,2025-03-17 10:00:00,34.0,56.04514311511978,
Kolkata,2025-03-17 11:00:00,33.0,59.27401124880875,
Kolkata,2025-03-17 12:00:00,32.2,59.090770552518066,1007.2
Kolkata,2025-03-17 13:00:00,31.0,70.47582088918256,
Kolkata,2025-03-17 14:00:00,30.0,79.1954670273341,
Kolkata,2025-03-17 15:00:00,29.6,76.82235153000387,1009.8
Kolkata,2025-03-17 16:00:00,29.0,79.0585121873896,
Kolkata,2025-03-17 17:00:00,28.0,83.78747242805218,
Kolkata,2025-03-17 18:00:00,28.0,84.79181717750924,1008.7
Kolkata,2025-03-17 19:00:00,28.0,83.78747242805218,
Kolkata,2025-03-17 20:00:00,28.0,83.78747242805218,
Kolkata,2025-03-17 21:00:00,27.8,84.2669381064797,1007.9
Kolkata,2025-03-17 22:00:00,27.0,83.67695517522091,
Kolkata,2025-03-17 23:00:00,26.0,83.5653445347348,
Kolkata,2025-03-18 00:00:00,26.6,79.6854136873141,1009.4
Kolkata,2025-03-18 01:00:00,27.0,74.13724053720264,
Kolkata,2025-03-18 02:00:00,28.0,69.92284655824665,
Kolkata,2025-03-18 03:00:00,29.0,45.66475006650691,1011.7
Kolkata,2025-03-18 04:00:00,31.0,37.937587025645456,
Kolkata,2025-03-18 05:00:00,32.0,33.60002079961747,
Kolkata,2025-03-18 06:00:00,32.2,30.723982531231897,1011.5
Kolkata,2025-03-18 07:00:00,33.0,27.86636142371991,
Kolkata,2025-03-18 08:00:00,34.0,26.348380701524103,
Kolkata,2025-03-18 09:00:00,33.5,24.8613027941221,1008.9
Kolkata,2025-03-18 10:00:00,34.0,26.348380701524103,
Kolkata,2025-03-18 11:00:00,33.0,29.755628359706137,
Kolkata,2025-03-18 12:00:00,31.8,34.203946308294164,1008.9
Kolkata,2025-03-18 13:00:00,30.0,40.17284207482451,
Kolkata,2025-03-18 14:00:00,30.0,42.831580797851935,
Kolkata,2025-03-18 15:00:00,29.2,44.85242167030182,1010.6
Kolkata,2025-03-18 16:00:00,29.0,48.3534241765764,
Kolkata,2025-03-18 17:00:00,27.0,54.33441603408858,
Kolkata,2025-03-18 18:00:00,27.4,64.44152051921621,1011.5
Kolkata,2025-03-18 19:00:00,27.0,69.73535987777385,
Kolkata,2025-03-18 20:00:00,27.0,78.78071949348664,
Kolkata,2025-03-18 21:00:00,26.0,70.4120836701745,1010.5
Kolkata,2025-03-18 22:00:00,26.0,83.5653445347348,
Kolkata,2025-03-18 23:00:00,26.0,73.97062900551056,
Kolkata,2025-03-19 00:00:00,25.0,69.78940116671127,1012.4
Kolkata,2025-03-19 01:00:00,25.0,69.35554872897104,
Kolkata,2025-03-19 02:00:00,26.0,73.97062900551056,
Kolkata,2025-03-19 03:00:00,29.6,53.62840385858026,1015.0
Kolkata,2025-03-19 04:00:00,31.0,48.87889229893936,
Kolkata,2025-03-19 05:00:00,32.0,49.13932991257226,
Kolkata,2025-03-19 06:00:00,32.8,46.39069479422688,1014.2
Kolkata,2025-03-19 07:00:00,33.0,46.44361338141738,
Kolkata,2025-03-19 08:00:00,34.0,43.913663069278805,
Kolkata,2025-03-19 09:00:00,34.0,47.575273109543275,1011.6
Kolkata,2025-03-19 10:00:00,33.0,52.516390209894936,
Kolkata,2025-03-19 11:00:00,33.0,52.516390209894936,
Kolkata,2025-03-19 12:00:00,32.2,55.9524546962478,1011.1
Kolkata,2025-03-19 13:00:00,31.0,62.49764883972529,
Kolkata,2025-03-19 14:00:00,30.0,74.62820502423824,
Kolkata,2025-03-19 15:00:00,28.8,79.03096698905824,1013.3
Kolkata,2025-03-19 16:00:00,29.0,74.46601257025355,
Kolkata,2025-03-19 17:00:00,28.0,78.9202680701639,
Kolkata,2025-03-19 18:00:00,27.6,84.24549777703992,1013.6
Kolkata,2025-03-19 19:00:00,27.0,88.83751596451742,
Kolkata,2025-03-19 20:00:00,27.0,88.83751596451742,
Kolkata,2025-03-19 21:00:00,27.0,85.7087986323302,1012.5
Kolkata,2025-03-19 22:00:00,27.0,88.83751596451742,
Kolkata,2025-03-19 23:00:00,27.0,88.83751596451742,
Kolkata,2025-03-20 00:00:00,26.8,87.24318141227258,1013.6
Kolkata,2025-03-20 01:00:00,27.0,83.67695517522091,
Kolkata,2025-03-20 02:00:00,28.0,78.9202680701639,
Kolkata,2025-03-20 03:00:00,28.6,80.43187680667027,1016.0
Kolkata,2025-03-20 04:00:00,30.0,70.29306142592459,
Kolkata,2025-03-20 05:00:00,31.0,66.3818887938788,
Kolkata,2025-03-20 06:00:00,30.2,70.32973763313946,1016.3
Kolkata,2025-03-20 07:00:00,30.0,70.29306142592459,
Kolkata,2025-03-20 08:00:00,32.0,59.04479527455803,
Kolkata,2025-03-20 09:00:00,32.2,54.60518702638903,1013.0
Kolkata,2025-03-20 10:00:00,32.0,43.37530845087229,
Kolkata,2025-03-20 11:00:00,32.0,38.21370900066644,
Kolkata,2025-03-20 12:00:00,30.8,43.323605963431596,1012.2
Kolkata,2025-03-20 13:00:00,29.0,51.50307132317005,
Kolkata,2025-03-20 14:00:00,29.0,45.37427975672665,
Kolkata,2025-03-20 15:00:00,28.6,50.118163902781596,1015.5
Kolkata,2025-03-20 16:00:00,27.0,54.33441603408858,
Kolkata,2025-03-20 17:00:00,27.0,57.873653251263804,
Kolkata,2025-03-20 18:00:00,26.4,60.71246271379855,1015.4
Kolkata,2025-03-20 19:00:00,26.0,61.38851998965914,
Kolkata,2025-03-20 20:00:00,26.0,61.38851998965914,
Kolkata,2025-03-20 21:00:00,26.0,61.77549134798711,1013.2
Kolkata,2025-03-20 22:00:00,26.0,61.38851998965914,
Kolkata,2025-03-20 23:00:00,24.0,73.63287364526842,
Kolkata,2025-03-21 00:00:00,25.6,65.68142590172316,1015.1
Kolkata,2025-03-21 01:00:00,25.0,69.35554872897104,
Kolkata,2025-03-21 02:00:00,26.0,65.35576219694184,
Kolkata,2025-03-21 03:00:00,27.8,64.52631135592681,1017.1
Kolkata,2025-03-21 04:00:00,29.0,58.347168092797666,
Kolkata,2025-03-21 05:00:00,30.0,55.07749010874436,
Kolkata,2025-03-21 06:00:00,31.4,48.377274941391825,1017.2
Kolkata,2025-03-21 07:00:00,31.0,45.91183326611469,
Kolkata,2025-03-21 08:00:00,31.0,43.10411576643139,
Kolkata,2025-03-21 09:00:00,29.4,46.35792582818312,1014.8
Kolkata,2025-03-21 10:00:00,28.0,51.245730319258854,
Kolkata,2025-03-21 11:00:00,27.0,54.33441603408858,
Kolkata,2025-03-21 12:00:00,26.6,58.14346599287039,1014.1
Kolkata,2025-03-21 13:00:00,26.0,61.38851998965914,
Kolkata,2025-03-21 14:00:00,24.0,73.63287364526842,
Kolkata,2025-03-21 15:00:00,24.0,75.02229317138162,1017.2
Kolkata,2025-03-21 16:00:00,23.0,73.46169674935328,
Kolkata,2025-03-21 17:00:00,23.0,73.46169674935328,
Kolkata,2025-03-21 18:00:00,23.0,77.72260499738547,1014.8
Kolkata,2025-03-21 19:00:00,23.0,78.20916979499323,
Kolkata,2025-03-21 20:00:00,22.0,83.10768815769457,
Kolkata,2025-03-21 21:00:00,22.2,86.28930225728149,1013.5
Kolkata,2025-03-21 22:00:00,22.0,83.10768815769457,
Kolkata,2025-03-21 23:00:00,22.0,83.10768815769457,
Kolkata,2025-03-22 00:00:00,21.8,84.12824237082634,1015.6
Kolkata,2025-03-22 01:00:00,22.0,78.06286399643153,
Kolkata,2025-03-22 02:00:00,23.0,73.46169674935328,
Kolkata,2025-03-22 03:00:00,23.0,73.00116957092115,1018.3
Kolkata,2025-03-22 04:00:00,23.0,73.46169674935328,
Kolkata,2025-03-22 05:00:00,23.0,68.96917974781988,
Kolkata,2025-03-22 06:00:00,20.8,88.8904490414604,1018.9
Kolkata,2025-03-22 07:00:00,22.0,78.06286399643153,
Kolkata,2025-03-22 08:00:00,24.0,69.16319209999386,
Kolkata,2025-03-22 09:00:00,26.0,61.77549134798711,1013.8
Kolkata,2025-03-22 10:00:00,27.0,54.33441603408858,
Kolkata,2025-03-22 11:00:00,26.0,61.38851998965914,
Kolkata,2025-03-22 12:00:00,25.2,65.59798637911615,1014.5
Kolkata,2025-03-22 13:00:00,24.0,64.9335482156484,
Kolkata,2025-03-22 14:00:00,24.0,69.16319209999386,
Kolkata,2025-03-22 15:00:00,22.2,79.0779705442933,1015.3
Kolkata,2025-03-22 16:00:00,23.0,68.96917974781988,
Kolkata,2025-03-22 17:00:00,23.0,73.46169674935328,
Kolkata,2025-03-22 18:00:00,22.0,82.07643342444838,1014.9
Kolkata,2025-03-22 19:00:00,23.0,73.46169674935328,
Kolkata,2025-03-22 20:00:00,22.0,83.10768815769457,
Kolkata,2025-03-22 21:00:00,21.6,84.10614279932157,1013.9
Kolkata,2025-03-22 23:00:00,20.0,93.97450936662143,
Kolkata,2025-03-23 00:00:00,20.6,87.22105196053376,1014.1
Kolkata,2025-03-23 01:00:00,21.0,82.9903987771767,
Kolkata,2025-03-23 02:00:00,23.0,78.20916979499323,
Kolkata,2025-03-23 03:00:00,25.4,69.86503547584091,1017.7
Kolkata,2025-03-23 04:00:00,27.0,57.873653251263804,
Kolkata,2025-03-23 05:00:00,27.0,61.6137466743783,
Kolkata,2025-03-23 06:00:00,29.0,59.073562416700796,1016.6
Kolkata,2025-03-23 07:00:00,29.0,58.347168092797666,
Kolkata,2025-03-23 08:00:00,30.0,55.07749010874436,
Kolkata,2025-03-23 09:00:00,30.2,52.78587755627143,1013.3
Kolkata,2025-03-23 10:00:00,31.0,52.0129263013748,
Kolkata,2025-03-23 11:00:00,30.0,55.07749010874436,
Kolkata,2025-03-23 12:00:00,29.0,57.98691806209805,1012.9
Kolkata,2025-03-23 13:00:00,27.0,65.56431854728334,
Kolkata,2025-03-23 14:00:00,27.0,65.56431854728334,
Kolkata,2025-03-23 15:00:00,26.4,73.58514111197726,1014.9
Kolkata,2025-03-23 16:00:00,27.0,69.73535987777385,
Kolkata,2025-03-23 17:00:00,26.0,73.97062900551056,
Kolkata,2025-03-23 18:00:00,24.4,81.86439065070549,1014.8
Kolkata,2025-03-23 19:00:00,24.0,83.33878752130364,
Kolkata,2025-03-23 20:00:00,24.0,78.3540921272656,
Kolkata,2025-03-23 21:00:00,24.0,83.33878752130364,1014.0
Kolkata,2025-03-23 22:00:00,22.0,88.4364161279818,
Kolkata,2025-03-23 23:00:00,22.0,83.10768815769457,
Kolkata,2025-03-24 00:00:00,21.2,88.92223841871977,1014.3
Kolkata,2025-03-24 01:00:00,22.0,83.10768815769457,
Kolkata,2025-03-24 02:00:00,24.0,78.3540921272656,
Kolkata,2025-03-24 03:00:00,26.6,66.71100927209127,1016.7
Kolkata,2025-03-24 04:00:00,28.0,58.11126126861089,
Kolkata,2025-03-24 05:00:00,29.0,54.83146494452449,
Kolkata,2025-03-24 06:00:00,30.4,48.417392184797706,1015.2
Kolkata,2025-03-24 07:00:00,31.0,45.91183326611469,
Kolkata,2025-03-24 08:00:00,31.0,43.10411576643139,
Kolkata,2025-03-24 09:00:00,32.0,42.56404372344561,1011.1
Kolkata,2025-03-24 10:00:00,32.0,43.37530845087229,
Kolkata,2025-03-24 11:00:00,31.0,43.10411576643139,
Kolkata,2025-03-24 12:00:00,30.2,41.538432027068275,1010.8
Kolkata,2025-03-24 13:00:00,29.0,48.3534241765764,
Kolkata,2025-03-24 14:00:00,28.0,54.583776611197585,
Kolkata,2025-03-24 15:00:00,25.6,65.68142590172316,1013.0
Kolkata,2025-03-24 16:00:00,27.0,57.873653251263804,
Kolkata,2025-03-24 17:00:00,26.0,65.35576219694184,
Kolkata,2025-03-24 18:00:00,23.4,77.78185620897757,1012.5
Kolkata,2025-03-24 19:00:00,25.0,69.35554872897104,
Kolkata,2025-03-24 20:00:00,25.0,69.35554872897104,
Kolkata,2025-03-24 21:00:00,23.0,79.19032580005634,1010.7
Kolkata,2025-03-24 22:00:00,24.0,73.63287364526842,
Kolkata,2025-03-24 23:00:00,24.0,78.3540921272656,
Kolkata,2025-03-25 00:00:00,22.8,84.23807515262574,1010.4
Kolkata,2025-03-25 01:00:00,23.0,83.22381284256232,
Kolkata,2025-03-25 02:00:00,26.0,61.38851998965914,
Kolkata,2025-03-25 03:00:00,27.4,62.864093985522686,1011.5
Kolkata,2025-03-25 04:00:00,29.0,54.83146494452449,
Kolkata,2025-03-25 05:00:00,32.0,46.178444191385225,
Kolkata,2025-03-25 06:00:00,32.2,45.944408730541696,1010.2
Kolkata,2025-03-25 07:00:00,33.0,40.99579826538557,
Kolkata,2025-03-25 08:00:00,33.0,40.99579826538557,
Kolkata,2025-03-25 09:00:00,32.4,41.875071945174035,1006.8
Kolkata,2025-03-25 10:00:00,33.0,40.99579826538557,
Kolkata,2025-03-25 11:00:00,32.0,40.72271098464218,
Kolkata,2025-03-25 12:00:00,31.6,41.13215316466405,1006.2
Kolkata,2025-03-25 13:00:00,30.0,48.61692510697891,
Kolkata,2025-03-25 14:00:00,29.0,54.83146494452449,
Kolkata,2025-03-25 15:00:00,27.2,64.39902384767183,1008.5
Kolkata,2025-03-25 16:00:00,28.0,58.11126126861089,
Kolkata,2025-03-25 17:00:00,26.0,69.54626593683008,
Kolkata,2025-03-25 18:00:00,26.4,70.48621381671374,1007.8
Kolkata,2025-03-25 19:00:00,28.0,58.11126126861089,
Kolkata,2025-03-25 20:00:00,27.0,57.873653251263804,
Kolkata,2025-03-25 21:00:00,26.0,70.4120836701745,1006.7
Kolkata,2025-03-25 22:00:00,27.0,61.6137466743783,
Kolkata,2025-03-25 23:00:00,26.0,73.97062900551056,
Kolkata,2025-03-26 00:00:00,25.4,78.5546900174901,1007.4
Kolkata,2025-03-26 01:00:00,27.0,74.13724053720264,
Kolkata,2025-03-26 03:00:00,31.0,57.04447541902918,1009.4
Kolkata,2025-03-26 04:00:00,32.0,38.21370900066644,
Kolkata,2025-03-26 05:00:00,33.0,40.99579826538557,
Kolkata,2025-03-26 06:00:00,35.0,39.7719574485718,
Kolkata,2025-03-26 07:00:00,35.0,34.42355875097004,
Kolkata,2025-03-26 08:00:00,36.0,32.574481984471326,
Kolkata,2025-03-26 09:00:00,36.6,35.078281208658936,1004.6
Kolkata,2025-03-26 10:00:00,36.0,32.574481984471326,
Kolkata,2025-03-26 11:00:00,34.0,46.70734273672021,
Kolkata,2025-03-26 12:00:00,33.0,50.00855048668853,1004.3
Kolkata,2025-03-26 13:00:00,31.0,58.81392369643709,
Kolkata,2025-03-26 14:00:00,30.0,62.279197326402645,
Kolkata,2025-03-26 15:00:00,28.8,74.88236905493878,1006.4
Kolkata,2025-03-26 16:00:00,29.0,74.46601257025355,
Kolkata,2025-03-26 17:00:00,28.0,83.78747242805218,
Kolkata,2025-03-26 18:00:00,27.4,82.72371961951407,1006.2
Kolkata,2025-03-26 19:00:00,28.0,78.9202680701639,
Kolkata,2025-03-26 20:00:00,28.0,78.9202680701639,
Kolkata,2025-03-26 21:00:00,26.0,88.7589455109383,1005.1
Kolkata,2025-03-26 23:00:00,27.0,88.83751596451742,
Kolkata,2025-03-27 00:00:00,25.6,91.43570721258781,1005.6
Kolkata,2025-03-27 01:00:00,26.0,88.7589455109383,
Kolkata,2025-03-27 02:00:00,27.0,83.67695517522091,
Kolkata,2025-03-27 03:00:00,30.0,72.866865390855,1007.3
Kolkata,2025-03-27 04:00:00,31.0,62.49764883972529,
Kolkata,2025-03-27 05:00:00,33.0,52.516390209894936,
Kolkata,2025-03-27 06:00:00,35.2,48.76749423683094,1006.1
Kolkata,2025-03-27 07:00:00,36.0,32.574481984471326,
Kolkata,2025-03-27 08:00:00,37.0,27.140727390095126,
Kolkata,2025-03-27 09:00:00,36.8,24.73929452746284,1002.7
Kolkata,2025-03-27 10:00:00,37.0,27.140727390095126,
Kolkata,2025-03-27 11:00:00,37.0,23.839996716195756,
Kolkata,2025-03-27 12:00:00,34.0,36.85574088649532,1001.8
Kolkata,2025-03-27 13:00:00,34.0,30.026864329251996,
Kolkata,2025-03-27 14:00:00,31.0,40.44839100350285,
Kolkata,2025-03-27 15:00:00,30.0,44.50001175620574,1003.9
Kolkata,2025-03-27 16:00:00,31.0,37.937587025645456,
Kolkata,2025-03-27 17:00:00,31.0,37.937587025645456,
Kolkata,2025-03-27 18:00:00,28.2,57.08066190917436,1004.1
Kolkata,2025-03-27 21:00:00,27.6,59.114546352705645,1003.2
Kolkata,2025-03-28 00:00:00,26.6,70.95832333742634,1004.1
Kolkata,2025-03-28 03:00:00,32.0,54.55620730373795,1006.2
Kolkata,2025-03-28 06:00:00,36.5,31.292930457777636,1005.9
Kolkata,2025-03-28 07:00:00,39.0,22.827893832265584,
Kolkata,2025-03-28 08:00:00,40.0,21.635240438723496,
Kolkata,2025-03-28 09:00:00,39.4,26.23248224820905,1002.3
Kolkata,2025-03-28 10:00:00,40.0,20.27190369779477,
Kolkata,2025-03-28 11:00:00,39.0,22.827893832265584,
Kolkata,2025-03-28 12:00:00,36.0,34.47881056042972,1001.6
Kolkata,2025-03-28 13:00:00,37.0,28.936968311978973,
Kolkata,2025-03-28 15:00:00,32.2,46.81069212850426,1004.1
Kolkata,2025-03-28 16:00:00,32.0,55.56458760321053,
Kolkata,2025-03-28 17:00:00,31.0,58.81392369643709,
Kolkata,2025-03-28 18:00:00,30.2,61.19367991310041,1004.9
Kolkata,2025-03-28 19:00:00,30.0,66.17996487728405,
Kolkata,2025-03-28 20:00:00,30.0,66.17996487728405,
Kolkata,2025-03-28 21:00:00,29.8,62.23530658956874,1003.7
Kolkata,2025-03-28 22:00:00,29.0,70.10874183711726,
Kolkata,2025-03-28 23:00:00,28.0,74.30236303611937,
Kolkata,2025-03-29 00:00:00,27.0,81.19652945190819,1005.0
Kolkata,2025-03-29 01:00:00,26.0,88.7589455109383,
Kolkata,2025-03-29 02:00:00,30.0,70.29306142592459,
Kolkata,2025-03-29 03:00:00,31.2,57.44189089337356,1007.9
Kolkata,2025-03-29 04:00:00,34.0,38.76260999542678,
Kolkata,2025-03-29 05:00:00,35.0,32.302659255004215,
Kolkata,2025-03-29 06:00:00,36.0,26.01802538173466,1007.5
Kolkata,2025-03-29 07:00:00,37.0,27.140727390095126,
Kolkata,2025-03-29 08:00:00,37.0,27.140727390095126,
Kolkata,2025-03-29 09:00:00,37.2,23.581160807438962,1004.8
Kolkata,2025-03-29 10:00:00,37.0,27.140727390095126,
Kolkata,2025-03-29 11:00:00,36.0,28.670052108193683,
Kolkata,2025-03-29 12:00:00,35.0,30.689533252523866,1004.2
Kolkata,2025-03-29 13:00:00,33.0,38.488718673594086,
Kolkata,2025-03-29 14:00:00,33.0,38.488718673594086,
Kolkata,2025-03-29 15:00:00,31.0,72.1742265807024,1006.6
Kolkata,2025-03-29 16:00:00,29.0,83.89690993013956,
Kolkata,2025-03-29 17:00:00,29.0,83.89690993013956,
Kolkata,2025-03-29 18:00:00,28.8,86.39309843177878,1007.5
Kolkata,2025-03-29 19:00:00,29.0,83.89690993013956,
Kolkata,2025-03-29 20:00:00,28.0,88.91528354225218,
Kolkata,2025-03-29 21:00:00,28.2,88.93074165144274,1006.8
Kolkata,2025-03-29 22:00:00,28.0,83.78747242805218,
Kolkata,2025-03-29 23:00:00,28.0,83.78747242805218,
Kolkata,2025-03-30 00:00:00,27.8,92.11072068322818,1008.7
Kolkata,2025-03-30 01:00:00,28.0,88.91528354225218,
Kolkata,2025-03-30 02:00:00,29.0,79.0585121873896,
Kolkata,2025-03-30 03:00:00,30.7,70.84306522449279,1011.3
Kolkata,2025-03-30 04:00:00,32.0,62.71443976755974,
Kolkata,2025-03-30 05:00:00,32.0,62.71443976755974,
Kolkata,2025-03-30 06:00:00,33.8,55.99737982292572,1010.6
Kolkata,2025-03-30 07:00:00,34.0,52.76574284376031,
Kolkata,2025-03-30 08:00:00,35.0,49.91150957114025,
Kolkata,2025-03-30 09:00:00,36.0,47.51709753362507,1007.5
Kolkata,2025-03-30 10:00:00,34.0,56.04514311511978,
Kolkata,2025-03-30 11:00:00,34.0,59.50158303199722,
Kolkata,2025-03-30 12:00:00,33.4,56.921652839435055,1006.6
Kolkata,2025-03-30 13:00:00,32.0,66.5821913857855,
Kolkata,2025-03-30 14:00:00,31.0,74.7889561009917,
Kolkata,2025-03-30 15:00:00,30.6,78.34767637456054,1009.0
Kolkata,2025-03-30 16:00:00,29.0,79.0585121873896,
Kolkata,2025-03-30 17:00:00,29.0,79.0585121873896,
Kolkata,2025-03-30 18:00:00,28.4,81.85865421535438,1009.2
Kolkata,2025-03-30 19:00:00,28.0,83.78747242805218,
Kolkata,2025-03-30 20:00:00,28.0,83.78747242805218,
Kolkata,2025-03-30 21:00:00,27.6,85.767643247121,1008.4
Kolkata,2025-03-30 22:00:00,28.0,83.78747242805218,
Kolkata,2025-03-30 23:00:00,28.0,83.78747242805218,
Kolkata,2025-03-31 00:00:00,27.4,88.86871874139695,1009.6
Kolkata,2025-03-31 01:00:00,28.0,83.78747242805218,
Kolkata,2025-03-31 02:00:00,29.0,79.0585121873896,
Kolkata,2025-03-31 03:00:00,29.8,78.23460259362332,1011.2
Kolkata,2025-03-31 04:00:00,31.0,66.3818887938788,
Kolkata,2025-03-31 05:00:00,31.0,70.47582088918256,
Kolkata,2025-03-31 06:00:00,32.6,64.36278271700262,1010.6
Kolkata,2025-03-31 07:00:00,33.0,62.92958329531054,
Kolkata,2025-03-31 08:00:00,34.0,59.50158303199722,
Kolkata,2025-03-31 09:00:00,34.4,54.154564287934356,1007.3
Kolkata,2025-03-31 10:00:00,34.0,56.04514311511978,
Kolkata,2025-03-31 11:00:00,34.0,52.76574284376031,
Kolkata,2025-03-31 12:00:00,32.6,57.422989250564385,1006.2
Kolkata,2025-03-31 13:00:00,32.0,52.26545370306257,
Kolkata,2025-03-31 14:00:00,30.0,74.62820502423824,
Kolkata,2025-03-31 15:00:00,29.4,76.33535606218936,1008.3
Kolkata,2025-03-31 17:00:00,28.0,78.9202680701639,
Kolkata,2025-03-31 18:00:00,28.0,84.79181717750924,1008.4
Kolkata,2025-03-31 19:00:00,28.0,83.78747242805218,
Kolkata,2025-03-31 20:00:00,28.0,83.78747242805218,
Kolkata,2025-03-31 21:00:00,27.6,85.767643247121,1007.3
Kolkata,2025-03-31 22:00:00,28.0,78.9202680701639,
Kolkata,2025-03-31 23:00:00,27.0,83.67695517522091,
Kolkata,2025-04-01 00:00:00,26.8,87.24318141227258,1008.3
Kolkata,2025-04-01 01:00:00,27.0,83.67695517522091,
Kolkata,2025-04-01 02:00:00,28.0,83.78747242805218,
Kolkata,2025-04-01 03:00:00,30.4,74.24982249791255,1010.2
Kolkata,2025-04-01 04:00:00,31.0,66.3818887938788,
Kolkata,2025-04-01 05:00:00,32.0,59.04479527455803,
Kolkata,2025-04-01 06:00:00,34.5,54.505528121102564,1009.6
Kolkata,2025-04-01 07:00:00,34.0,56.04514311511978,
Kolkata,2025-04-01 08:00:00,35.0,56.28299102683274,
Kolkata,2025-04-01 09:00:00,35.0,55.948293602131415,1007.1
Kolkata,2025-04-01 10:00:00,34.0,59.50158303199722,
Kolkata,2025-04-01 11:00:00,33.0,55.80567844118911,
Kolkata,2025-04-01 12:00:00,32.2,55.9524546962478,1006.8
Kolkata,2025-04-01 13:00:00,31.0,66.3818887938788,
Kolkata,2025-04-01 14:00:00,30.0,70.29306142592459,
Kolkata,2025-04-01 15:00:00,28.8,76.24353220041739,1009.1
Kolkata,2025-04-01 16:00:00,28.0,78.9202680701639,
Kolkata,2025-04-01 17:00:00,28.0,78.9202680701639,
Kolkata,2025-04-01 18:00:00,27.8,84.2669381064797,1009.4
Kolkata,2025-04-01 19:00:00,28.0,83.78747242805218,
Kolkata,2025-04-01 20:00:00,28.0,83.78747242805218,
Kolkata,2025-04-01 21:00:00,27.2,85.72845277885752,1008.5
Kolkata,2025-04-01 22:00:00,28.0,78.9202680701639,
Kolkata,2025-04-01 23:00:00,27.0,83.67695517522091,
Kolkata,2025-04-02 00:00:00,26.6,87.22543835052973,1009.3
Kolkata,2025-04-02 01:00:00,27.0,83.67695517522091,
Kolkata,2025-04-02 02:00:00,28.0,78.9202680701639,
Kolkata,2025-04-02 03:00:00,30.4,70.36635155961307,1011.3
Kolkata,2025-04-02 04:00:00,31.0,66.3818887938788,
Kolkata,2025-04-02 05:00:00,32.0,59.04479527455803,
Kolkata,2025-04-02 06:00:00,34.4,52.23042332735089,1010.8
Kolkata,2025-04-02 07:00:00,35.0,46.96963437807199,
Kolkata,2025-04-02 08:00:00,35.0,46.96963437807199,
Kolkata,2025-04-02 09:00:00,35.8,49.217763132575975,1008.5
Kolkata,2025-04-02 10:00:00,34.0,49.65563394804311,
Kolkata,2025-04-02 11:00:00,34.0,46.70734273672021,
Kolkata,2025-04-02 12:00:00,33.0,51.87931731051191,1008.5
Kolkata,2025-04-02 13:00:00,31.0,62.49764883972529,
Kolkata,2025-04-02 14:00:00,30.0,70.29306142592459,
Kolkata,2025-04-02 15:00:00,29.4,74.97860136800087,1011.0
Kolkata,2025-04-02 16:00:00,29.0,74.46601257025355,
Kolkata,2025-04-02 17:00:00,29.0,74.46601257025355,
Kolkata,2025-04-02 18:00:00,27.8,78.41909711972701,1011.1
Kolkata,2025-04-02 19:00:00,28.0,78.9202680701639,
Kolkata,2025-04-02 20:00:00,28.0,78.9202680701639,
Kolkata,2025-04-02 21:00:00,27.2,78.33374294989056,1010.3
Kolkata,2025-04-02 22:00:00,27.0,83.67695517522091,
Kolkata,2025-04-02 23:00:00,27.0,83.67695517522091,
Kolkata,2025-04-03 00:00:00,26.6,87.22543835052973,1010.8
Kolkata,2025-04-03 01:00:00,27.0,83.67695517522091,
Kolkata,2025-04-03 02:00:00,28.0,83.78747242805218,
Kolkata,2025-04-03 03:00:00,30.6,74.28243957799879,1013.2
Kolkata,2025-04-03 04:00:00,31.0,66.3818887938788,
Kolkata,2025-04-03 05:00:00,32.0,62.71443976755974,
Kolkata,2025-04-03 06:00:00,35.0,54.62685359204623,1012.0
Kolkata,2025-04-03 07:00:00,35.0,49.91150957114025,
Kolkata,2025-04-03 08:00:00,35.0,49.91150957114025,
Kolkata,2025-04-03 09:00:00,35.8,48.33450439193775,1009.5
Kolkata,2025-04-03 10:00:00,35.0,49.91150957114025,
Kolkata,2025-04-03 11:00:00,34.0,52.76574284376031,
Kolkata,2025-04-03 12:00:00,33.2,62.22651784699078,1008.7
Kolkata,2025-04-03 13:00:00,31.0,70.47582088918256,
Kolkata,2025-04-03 14:00:00,31.0,66.3818887938788,
Kolkata,2025-04-03 15:00:00,29.2,70.99802751141195,1011.3
Kolkata,2025-04-03 16:00:00,30.0,51.75880110114196,
Kolkata,2025-04-03 17:00:00,29.0,58.347168092797666,
Kolkata,2025-04-03 18:00:00,28.0,70.35037364356444,1011.2
Kolkata,2025-04-03 19:00:00,28.0,78.9202680701639,
Kolkata,2025-04-03 20:00:00,28.0,78.9202680701639,
Kolkata,2025-04-03 21:00:00,27.0,75.50441651181359,1010.3
Kolkata,2025-04-03 22:00:00,28.0,78.9202680701639,
Kolkata,2025-04-03 23:00:00,28.0,78.9202680701639,
Kolkata,2025-04-04 00:00:00,27.0,84.18092213796281,1010.5
Kolkata,2025-04-04 01:00:00,28.0,78.9202680701639,
Kolkata,2025-04-04 02:00:00,29.0,70.10874183711726,
Kolkata,2025-04-04 03:00:00,29.6,73.6763676530975,1012.1
Kolkata,2025-04-04 04:00:00,31.0,66.3818887938788,
Kolkata,2025-04-04 05:00:00,33.0,49.398242289998336,
Kolkata,2025-04-04 06:00:00,34.0,47.575273109543275,1010.9
Kolkata,2025-04-04 07:00:00,34.0,46.70734273672021,
Kolkata,2025-04-04 08:00:00,34.0,46.70734273672021,
Kolkata,2025-04-04 09:00:00,34.0,56.04514311511978,1007.8
Kolkata,2025-04-04 10:00:00,33.0,55.80567844118911,
Kolkata,2025-04-04 11:00:00,33.0,55.80567844118911,
Kolkata,2025-04-04 12:00:00,32.6,59.54003872035679,1007.4
Kolkata,2025-04-04 13:00:00,32.0,59.04479527455803,
Kolkata,2025-04-04 14:00:00,31.0,66.3818887938788,
Kolkata,2025-04-04 15:00:00,30.6,69.14973459026399,1009.3
Kolkata,2025-04-04 16:00:00,30.0,66.17996487728405,
Kolkata,2025-04-04 17:00:00,29.0,70.10874183711726,
Kolkata,2025-04-04 18:00:00,29.0,69.68555280505707,1009.5
Kolkata,2025-04-04 19:00:00,29.0,70.10874183711726,
Kolkata,2025-04-04 20:00:00,28.0,78.9202680701639,
Kolkata,2025-04-04 21:00:00,28.0,78.44744220055776,1008.7
Kolkata,2025-04-04 22:00:00,28.0,78.9202680701639,
Kolkata,2025-04-04 23:00:00,27.0,78.78071949348664,
Kolkata,2025-04-05 00:00:00,27.0,87.26088849314073,1008.7
Kolkata,2025-04-05 01:00:00,27.0,88.83751596451742,
Kolkata,2025-04-05 02:00:00,29.0,79.0585121873896,
Kolkata,2025-04-05 03:00:00,32.0,66.1862478230639,1010.4
Kolkata,2025-04-05 04:00:00,33.0,55.80567844118911,
Kolkata,2025-04-05 05:00:00,34.0,49.65563394804311,
Kolkata,2025-04-05 06:00:00,36.0,42.58451355254139,1009.2
Kolkata,2025-04-05 07:00:00,37.0,37.210291011720045,
Kolkata,2025-04-05 08:00:00,37.0,34.968188412155946,
Kolkata,2025-04-05 09:00:00,37.4,27.071873369287037,1006.2
Kolkata,2025-04-05 10:00:00,38.0,25.703005205065327,
Kolkata,2025-04-05 11:00:00,37.0,25.443296727449532,
Kolkata,2025-04-05 12:00:00,34.6,35.64457641060854,1005.0
Kolkata,2025-04-05 13:00:00,34.0,32.03008430351673,
Kolkata,2025-04-05 14:00:00,32.0,55.56458760321053,
Kolkata,2025-04-05 15:00:00,30.6,58.006624337338984,1006.8
Kolkata,2025-04-05 16:00:00,29.0,74.46601257025355,
Kolkata,2025-04-05 17:00:00,29.0,79.0585121873896,
Kolkata,2025-04-05 18:00:00,29.6,76.82235153000387,1007.5
Kolkata,2025-04-05 19:00:00,29.0,83.89690993013956,
Kolkata,2025-04-05 20:00:00,28.0,83.78747242805218,
Kolkata,2025-04-05 21:00:00,29.0,77.65543578652992,1006.9
Kolkata,2025-04-05 22:00:00,28.0,83.78747242805218,
Kolkata,2025-04-05 23:00:00,27.0,88.83751596451742,
Kolkata,2025-04-06 00:00:00,27.6,87.31379479213656,1007.9
Kolkata,2025-04-06 01:00:00,27.0,94.27439081608838,
Kolkata,2025-04-06 02:00:00,29.0,83.89690993013956,
Kolkata,2025-04-06 03:00:00,31.6,69.75114396222972,1009.5
Kolkata,2025-04-06 04:00:00,33.0,55.80567844118911,
Kolkata,2025-04-06 05:00:00,35.0,49.91150957114025,
Kolkata,2025-04-06 06:00:00,36.0,47.51709753362507,1008.5
Kolkata,2025-04-06 07:00:00,36.0,44.44663958001136,
Kolkata,2025-04-06 08:00:00,36.0,41.80763114476111,
Kolkata,2025-04-06 09:00:00,37.0,34.75063988732095,1005.5
Kolkata,2025-04-06 10:00:00,36.0,39.307015133883105,
Kolkata,2025-04-06 11:00:00,35.0,46.96963437807199,
Kolkata,2025-04-06 12:00:00,33.4,60.08005109311657,1005.4
Kolkata,2025-04-06 13:00:00,31.0,74.7889561009917,
Kolkata,2025-04-06 14:00:00,29.0,79.0585121873896,
Kolkata,2025-04-06 15:00:00,29.0,80.48371679996085,1008.8
Kolkata,2025-04-06 16:00:00,28.0,83.78747242805218,
Kolkata,2025-04-06 17:00:00,28.0,83.78747242805218,
Kolkata,2025-04-06 18:00:00,28.0,85.80667728802291,1008.3
Kolkata,2025-04-06 19:00:00,28.0,83.78747242805218,
Kolkata,2025-04-06 20:00:00,28.0,83.78747242805218,
Kolkata,2025-04-06 21:00:00,27.0,92.06569807815053,1007.7
Kolkata,2025-04-06 22:00:00,26.0,88.7589455109383,
Kolkata,2025-04-06 23:00:00,26.0,94.23292497092102,
Kolkata,2025-04-07 00:00:00,26.2,93.68166338882529,1010.9
Kolkata,2025-04-07 01:00:00,28.0,83.78747242805218,
Kolkata,2025-04-07 02:00:00,29.0,79.0585121873896,
Kolkata,2025-04-07 03:00:00,30.4,70.36635155961307,1012.1
Kolkata,2025-04-07 04:00:00,32.0,62.71443976755974,
Kolkata,2025-04-07 05:00:00,32.0,62.71443976755974,
Kolkata,2025-04-07 06:00:00,34.2,56.430169062022074,1011.0
Kolkata,2025-04-07 07:00:00,34.0,56.04514311511978,
Kolkata,2025-04-07 08:00:00,35.0,49.91150957114025,
Kolkata,2025-04-07 09:00:00,34.7,51.67783063169643,1007.9
Kolkata,2025-04-07 10:00:00,34.0,56.04514311511978,
Kolkata,2025-04-07 11:00:00,33.0,55.80567844118911,
Kolkata,2025-04-07 12:00:00,32.4,58.07462671157151,1008.4
Kolkata,2025-04-07 13:00:00,31.0,66.3818887938788,
Kolkata,2025-04-07 14:00:00,30.0,70.29306142592459,
Kolkata,2025-04-07 15:00:00,29.1,73.15158970021204,1011.9
Kolkata,2025-04-07 16:00:00,29.0,79.0585121873896,
Kolkata,2025-04-07 17:00:00,28.0,83.78747242805218,
Kolkata,2025-04-07 18:00:00,28.1,85.30798128019565,1012.5
Kolkata,2025-04-07 19:00:00,28.0,83.78747242805218,
Kolkata,2025-04-07 20:00:00,28.0,83.78747242805218,
Kolkata,2025-04-07 21:00:00,27.5,89.9378598335319,1011.7
Kolkata,2025-04-07 22:00:00,27.0,88.83751596451742,
Kolkata,2025-04-07 23:00:00,27.0,88.83751596451742,
Kolkata,2025-04-08 00:00:00,26.6,92.59243562392378,1013.2
Kolkata,2025-04-08 01:00:00,27.0,88.83751596451742,
Kolkata,2025-04-08 02:00:00,29.0,79.0585121873896,
Kolkata,2025-04-08 03:00:00,30.0,74.18441432342445,1015.2
Kolkata,2025-04-08 04:00:00,31.0,66.3818887938788,
Kolkata,2025-04-08 05:00:00,32.0,62.71443976755974,
Kolkata,2025-04-08 06:00:00,33.8,46.3683932576894,1014.3
Kolkata,2025-04-08 07:00:00,34.0,52.76574284376031,
Kolkata,2025-04-08 08:00:00,34.0,52.76574284376031,
Kolkata,2025-04-08 09:00:00,34.4,53.18487560759012,1011.1
Kolkata,2025-04-08 10:00:00,33.0,55.80567844118911,
Kolkata,2025-04-08 11:00:00,32.0,62.71443976755974,
Kolkata,2025-04-08 12:00:00,31.6,58.95264595485285,1011.0
Kolkata,2025-04-08 13:00:00,31.0,58.81392369643709,
Kolkata,2025-04-08 14:00:00,30.0,66.17996487728405,
Kolkata,2025-04-08 15:00:00,29.2,70.99802751141195,1013.6
Kolkata,2025-04-08 16:00:00,28.0,74.30236303611937,
Kolkata,2025-04-08 17:00:00,28.0,74.30236303611937,
Kolkata,2025-04-08 18:00:00,28.2,77.5385748300523,1013.1
Kolkata,2025-04-08 19:00:00,28.0,78.9202680701639,
Kolkata,2025-04-08 20:00:00,27.0,83.67695517522091,
Kolkata,2025-04-08 21:00:00,27.4,79.79314536748959,1011.5
Kolkata,2025-04-08 22:00:00,27.0,78.78071949348664,
Kolkata,2025-04-08 23:00:00,26.0,83.5653445347348,
Kolkata,2025-04-09 00:00:00,26.0,85.60993471040011,1011.7
Kolkata,2025-04-09 01:00:00,27.0,83.67695517522091,
Kolkata,2025-04-09 02:00:00,29.0,70.10874183711726,
Kolkata,2025-04-09 03:00:00,30.4,62.74695361986276,1013.5
Kolkata,2025-04-09 04:00:00,31.0,58.81392369643709,
Kolkata,2025-04-09 05:00:00,32.0,59.04479527455803,
Kolkata,2025-04-09 06:00:00,34.0,51.81527988036216,1012.5
Kolkata,2025-04-09 07:00:00,33.0,49.398242289998336,
Kolkata,2025-04-09 08:00:00,35.0,36.665841804175486,
Kolkata,2025-04-09 09:00:00,35.1,40.29687986596621,1008.8
Kolkata,2025-04-09 10:00:00,34.0,41.26764941426599,
Kolkata,2025-04-09 11:00:00,34.0,41.26764941426599,
Kolkata,2025-04-09 12:00:00,32.2,50.11093393474899,1007.9
Kolkata,2025-04-09 13:00:00,31.0,55.321861254558726,
Kolkata,2025-04-09 14:00:00,30.0,62.279197326402645,
Kolkata,2025-04-09 15:00:00,29.4,65.65748852781738,1009.9
Kolkata,2025-04-09 16:00:00,29.0,65.9764050234237,
Kolkata,2025-04-09 17:00:00,28.0,74.30236303611937,
Kolkata,2025-04-09 18:00:00,27.4,74.20346731676847,1008.9
Kolkata,2025-04-09 19:00:00,28.0,69.92284655824665,
Kolkata,2025-04-09 20:00:00,27.0,78.78071949348664,
Kolkata,2025-04-09 21:00:00,26.8,76.86342849595185,1007.6
Kolkata,2025-04-09 22:00:00,27.0,74.13724053720264,
Kolkata,2025-04-09 23:00:00,27.0,74.13724053720264,
Kolkata,2025-04-10 00:00:00,26.4,81.1206589392812,1007.4
Kolkata,2025-04-10 01:00:00,28.0,74.30236303611937,
Kolkata,2025-04-10 02:00:00,29.0,70.10874183711726,
Kolkata,2025-04-10 03:00:00,30.1,71.58755331607388,1009.1
Kolkata,2025-04-10 04:00:00,30.0,70.29306142592459,
Kolkata,2025-04-10 05:00:00,32.0,59.04479527455803,
Kolkata,2025-04-10 06:00:00,34.0,54.05676031075814,1007.8
Kolkata,2025-04-10 07:00:00,34.0,49.65563394804311,
Kolkata,2025-04-10 08:00:00,34.0,49.65563394804311,
Kolkata,2025-04-10 09:00:00,33.4,53.583679198134604,1004.4
Kolkata,2025-04-10 10:00:00,31.0,62.49764883972529,
Kolkata,2025-04-10 11:00:00,28.0,78.9202680701639,
Kolkata,2025-04-10 12:00:00,28.2,77.5385748300523,1003.1
Kolkata,2025-04-10 13:00:00,29.0,70.10874183711726,
Kolkata,2025-04-10 14:00:00,28.0,74.30236303611937,
Kolkata,2025-04-10 15:00:00,27.8,72.92965355193031,1006.2
Kolkata,2025-04-10 16:00:00,28.0,69.92284655824665,
Kolkata,2025-04-10 17:00:00,23.0,83.22381284256232,
Kolkata,2025-04-10 18:00:00,21.2,88.92223841871977,1009.2
Kolkata,2025-04-10 19:00:00,21.0,94.01875700103768,
Kolkata,2025-04-10 20:00:00,22.0,88.4364161279818,
Kolkata,2025-04-10 21:00:00,21.6,94.62623236125361,1004.2
Kolkata,2025-04-10 22:00:00,22.0,88.4364161279818,
Kolkata,2025-04-10 23:00:00,22.0,83.10768815769457,
Kolkata,2025-04-11 00:00:00,21.4,85.67552411246282,1004.4
Kolkata,2025-04-11 01:00:00,22.0,88.4364161279818,
Kolkata,2025-04-11 02:00:00,24.0,78.3540921272656,
Kolkata,2025-04-11 03:00:00,25.6,74.36025581723416,1007.3
Kolkata,2025-04-11 04:00:00,27.0,69.73535987777385,
Kolkata,2025-04-11 05:00:00,29.0,65.9764050234237,
Kolkata,2025-04-11 06:00:00,30.8,61.70099247044744,1006.1
Kolkata,2025-04-11 07:00:00,31.0,62.49764883972529,
Kolkata,2025-04-11 08:00:00,32.0,59.04479527455803,
Kolkata,2025-04-11 09:00:00,33.2,56.53234399526844,1003.3
Kolkata,2025-04-11 10:00:00,33.0,52.516390209894936,
Kolkata,2025-04-11 11:00:00,32.0,55.56458760321053,
Kolkata,2025-04-11 12:00:00,31.2,59.58083797061803,1003.3
Kolkata,2025-04-11 13:00:00,31.0,58.81392369643709,
Kolkata,2025-04-11 14:00:00,30.0,70.29306142592459,
Kolkata,2025-04-11 15:00:00,30.0,69.03626644470846,1005.2
Kolkata,2025-04-11 16:00:00,28.0,78.9202680701639,
Kolkata,2025-04-11 17:00:00,28.0,78.9202680701639,
Kolkata,2025-04-11 18:00:00,27.0,83.67695517522091,
Kolkata,2025-04-11 19:00:00,27.0,83.67695517522091,
Kolkata,2025-04-11 20:00:00,27.0,83.67695517522091,
Kolkata,2025-04-11 21:00:00,26.8,85.68910507577876,1006.4
Kolkata,2025-04-11 22:00:00,27.0,88.83751596451742,
Kolkata,2025-04-11 23:00:00,26.0,88.7589455109383,
Kolkata,2025-04-12 00:00:00,26.2,90.92709016838808,1005.5
Kolkata,2025-04-12 01:00:00,27.0,88.83751596451742,
Kolkata,2025-04-12 02:00:00,28.0,83.78747242805218,
Kolkata,2025-04-12 03:00:00,31.0,73.47141965449843,1007.6
Kolkata,2025-04-12 04:00:00,31.0,70.47582088918256,
Kolkata,2025-04-12 05:00:00,33.0,62.92958329531054,
Kolkata,2025-04-12 06:00:00,34.0,59.50158303199722,1006.9
Kolkata,2025-04-12 07:00:00,34.0,56.04514311511978,
Kolkata,2025-04-12 08:00:00,35.0,53.01351873864528,
Kolkata,2025-04-12 09:00:00,34.6,53.55559032656666,1005.3
Kolkata,2025-04-12 10:00:00,34.0,56.04514311511978,
Kolkata,2025-04-12 11:00:00,34.0,56.04514311511978,
Kolkata,2025-04-12 12:00:00,33.0,52.19700204876771,1004.1
Kolkata,2025-04-12 13:00:00,32.0,66.5821913857855,
Kolkata,2025-04-12 14:00:00,31.0,74.7889561009917,
Kolkata,2025-04-12 15:00:00,30.0,75.5227593496699,1008.3
Kolkata,2025-04-12 16:00:00,30.0,74.62820502423824,
Kolkata,2025-04-12 17:00:00,29.0,65.9764050234237,
Kolkata,2025-04-12 18:00:00,28.0,58.11126126861089,1007.2
Kolkata,2025-04-12 19:00:00,27.0,61.6137466743783,
Kolkata,2025-04-12 20:00:00,27.0,57.873653251263804,
Kolkata,2025-04-12 21:00:00,26.4,59.578657328843455,1006.0
Kolkata,2025-04-12 22:00:00,26.0,61.38851998965914,
Kolkata,2025-04-12 23:00:00,26.0,61.38851998965914,
Kolkata,2025-04-13 00:00:00,25.2,66.84248971294873,1008.2
Kolkata,2025-04-13 01:00:00,25.0,69.35554872897104,
Kolkata,2025-04-13 02:00:00,27.0,61.6137466743783,
Kolkata,2025-04-13 03:00:00,29.0,52.81250691100612,1009.9
Kolkata,2025-04-13 04:00:00,31.0,48.87889229893936,
Kolkata,2025-04-13 05:00:00,32.0,46.178444191385225,
Kolkata,2025-04-13 06:00:00,33.6,44.07919835272044,1010.3
Kolkata,2025-04-13 07:00:00,34.0,41.26764941426599,
Kolkata,2025-04-13 08:00:00,35.0,39.035377267737374,
Kolkata,2025-04-13 09:00:00,35.2,38.12643666764187,1007.5
Kolkata,2025-04-13 10:00:00,35.0,39.035377267737374,
Kolkata,2025-04-13 11:00:00,34.0,38.76260999542678,
Kolkata,2025-04-13 12:00:00,34.0,40.755573338853395,1006.5
Kolkata,2025-04-13 13:00:00,32.0,49.13932991257226,
Kolkata,2025-04-13 14:00:00,31.0,62.49764883972529,
Kolkata,2025-04-13 15:00:00,30.2,66.22048006651374,1008.6
Kolkata,2025-04-13 16:00:00,31.0,55.321861254558726,
Kolkata,2025-04-13 17:00:00,30.0,58.58138510397075,
Kolkata,2025-04-13 18:00:00,28.6,67.52405842467928,1009.0
Kolkata,2025-04-13 19:00:00,29.0,70.10874183711726,
Kolkata,2025-04-13 20:00:00,28.0,74.30236303611937,
Kolkata,2025-04-13 21:00:00,27.5,79.3273455189966,1008.5
Kolkata,2025-04-13 22:00:00,27.0,78.78071949348664,
Kolkata,2025-04-13 23:00:00,27.0,83.67695517522091,
Kolkata,2025-04-14 00:00:00,26.9,85.69895678665716,1008.8
Kolkata,2025-04-14 01:00:00,27.0,83.67695517522091,
Kolkata,2025-04-14 02:00:00,29.0,74.46601257025355,
Kolkata,2025-04-14 03:00:00,31.0,67.99377352527183,1011.0
Kolkata,2025-04-14 04:00:00,32.0,59.04479527455803,
Kolkata,2025-04-14 05:00:00,33.0,52.516390209894936,
Kolkata,2025-04-14 06:00:00,34.2,50.01039226884028,1010.2
Kolkata,2025-04-14 07:00:00,34.0,43.913663069278805,
Kolkata,2025-04-14 08:00:00,34.0,49.65563394804311,
Kolkata,2025-04-14 09:00:00,34.4,44.02068870730294,1007.3
Kolkata,2025-04-14 10:00:00,34.0,46.70734273672021,
Kolkata,2025-04-14 11:00:00,34.0,46.70734273672021,
Kolkata,2025-04-14 12:00:00,33.4,45.977751283807315,1005.7
Kolkata,2025-04-14 13:00:00,32.0,52.26545370306257,
Kolkata,2025-04-14 14:00:00,32.0,55.56458760321053,
Kolkata,2025-04-14 15:00:00,30.8,56.99686339899115,1008.9
Kolkata,2025-04-14 16:00:00,26.0,69.54626593683008,
Kolkata,2025-04-14 17:00:00,24.0,73.63287364526842,
Kolkata,2025-04-14 18:00:00,23.8,73.5987618697542,1011.7
Kolkata,2025-04-14 19:00:00,24.0,73.63287364526842,
Kolkata,2025-04-14 20:00:00,24.0,73.63287364526842,
Kolkata,2025-04-14 21:00:00,24.2,75.05484782499553,1009.2
Kolkata,2025-04-14 22:00:00,24.0,73.63287364526842,
Kolkata,2025-04-14 23:00:00,24.0,78.3540921272656,
Kolkata,2025-04-15 00:00:00,24.8,74.2273526631688,1009.9
Kolkata,2025-04-15 01:00:00,25.0,73.8025121880607,
Kolkata,2025-04-15 02:00:00,26.0,69.54626593683008,
Kolkata,2025-04-15 03:00:00,27.2,68.49913989698025,1012.9
Kolkata,2025-04-15 04:00:00,28.0,61.83725955078121,
Kolkata,2025-04-15 05:00:00,30.0,55.07749010874436,
Kolkata,2025-04-15 06:00:00,31.5,54.768318571499265,1011.4
Kolkata,2025-04-15 07:00:00,33.0,49.398242289998336,
Kolkata,2025-04-15 08:00:00,33.0,52.516390209894936,
Kolkata,2025-04-15 09:00:00,33.4,49.19896559376817,1008.1
Kolkata,2025-04-15 10:00:00,34.0,46.70734273672021,
Kolkata,2025-04-15 11:00:00,33.0,49.398242289998336,
Kolkata,2025-04-15 12:00:00,32.2,49.19123426488576,1006.9
Kolkata,2025-04-15 13:00:00,31.0,55.321861254558726,
Kolkata,2025-04-15 14:00:00,31.0,58.81392369643709,
Kolkata,2025-04-15 15:00:00,30.4,62.74695361986276,1008.9
Kolkata,2025-04-15 16:00:00,30.0,62.279197326402645,
Kolkata,2025-04-15 17:00:00,30.0,62.279197326402645,
Kolkata,2025-04-15 18:00:00,28.8,72.2237174181299,1010.1
Kolkata,2025-04-15 19:00:00,29.0,70.10874183711726,
Kolkata,2025-04-15 20:00:00,29.0,74.46601257025355,
Kolkata,2025-04-15 21:00:00,28.0,77.50922415182016,1008.9
Kolkata,2025-04-15 22:00:00,27.0,83.67695517522091,
Kolkata,2025-04-15 23:00:00,27.0,83.67695517522091,
Kolkata,2025-04-16 00:00:00,27.2,82.70035172790627,1009.3
Kolkata,2025-04-16 01:00:00,27.0,83.67695517522091,
Kolkata,2025-04-16 02:00:00,29.0,79.0585121873896,
Kolkata,2025-04-16 03:00:00,30.2,75.55406963834521,1011.0
Kolkata,2025-04-16 04:00:00,31.0,66.3818887938788,
Kolkata,2025-04-16 05:00:00,32.0,59.04479527455803,
Kolkata,2025-04-16 06:00:00,33.8,53.682250230841014,
Kolkata,2025-04-16 07:00:00,33.0,55.80567844118911,
Kolkata,2025-04-16 08:00:00,31.0,62.49764883972529,
Kolkata,2025-04-16 09:00:00,28.4,67.8977377259484,1006.9
Kolkata,2025-04-16 10:00:00,27.0,74.13724053720264,
Kolkata,2025-04-16 11:00:00,31.0,62.49764883972529,
Kolkata,2025-04-16 12:00:00,31.2,61.04527320720593,1006.2
Kolkata,2025-04-16 13:00:00,30.0,66.17996487728405,
Kolkata,2025-04-16 14:00:00,30.0,70.29306142592459,
Kolkata,2025-04-16 15:00:00,29.4,73.6429959001216,1008.7
Kolkata,2025-04-16 16:00:00,29.0,79.0585121873896,
Kolkata,2025-04-16 17:00:00,29.0,79.0585121873896,
Kolkata,2025-04-16 18:00:00,28.8,80.45782143103412,1009.2
Kolkata,2025-04-16 19:00:00,27.0,88.83751596451742,
Kolkata,2025-04-16 20:00:00,27.0,88.83751596451742,
Kolkata,2025-04-16 21:00:00,27.6,85.767643247121,1007.7
Kolkata,2025-04-16 22:00:00,27.0,88.83751596451742,
Kolkata,2025-04-16 23:00:00,27.0,88.83751596451742,
Kolkata,2025-04-17 00:00:00,27.2,90.45250000428203,1007.6
Kolkata,2025-04-17 01:00:00,28.0,83.78747242805218,
Kolkata,2025-04-17 02:00:00,29.0,83.89690993013956,
Kolkata,2025-04-17 03:00:00,30.6,75.61652127297627,1009.6
Kolkata,2025-04-17 04:00:00,31.0,70.47582088918256,
Kolkata,2025-04-17 05:00:00,33.0,62.92958329531054,
Kolkata,2025-04-17 06:00:00,35.0,55.948293602131415,1007.9
Kolkata,2025-04-17 07:00:00,34.0,56.04514311511978,
Kolkata,2025-04-17 08:00:00,34.0,52.76574284376031,
Kolkata,2025-04-17 09:00:00,34.8,51.3917601011513,1004.2
Kolkata,2025-04-17 10:00:00,35.0,46.96963437807199,
Kolkata,2025-04-17 11:00:00,27.0,74.13724053720264,
Kolkata,2025-04-17 12:00:00,27.4,62.864093985522686,1004.1
Kolkata,2025-04-17 13:00:00,23.0,88.51830793896134,
Kolkata,2025-04-17 14:00:00,23.0,88.51830793896134,
Kolkata,2025-04-17 15:00:00,23.2,89.62675163391533,1007.8
Kolkata,2025-04-17 16:00:00,24.0,83.33878752130364,
Kolkata,2025-04-17 17:00:00,25.0,78.49764721655077,
Kolkata,2025-04-17 18:00:00,23.8,86.44226467052783,1007.0
Kolkata,2025-04-17 19:00:00,25.0,78.49764721655077,
Kolkata,2025-04-17 20:00:00,24.0,83.33878752130364,
Kolkata,2025-04-17 21:00:00,24.0,84.88741479671322,1006.1
Kolkata,2025-04-17 22:00:00,23.0,94.10581804007526,
Kolkata,2025-04-17 23:00:00,23.0,94.10581804007526,
Kolkata,2025-04-18 00:00:00,23.2,92.97443596255128,1007.3
Kolkata,2025-04-18 01:00:00,24.0,88.59935257199315,
Kolkata,2025-04-18 02:00:00,26.0,83.5653445347348,
Kolkata,2025-04-18 03:00:00,28.2,77.5385748300523,1008.3
Kolkata,2025-04-18 04:00:00,29.0,70.10874183711726,
Kolkata,2025-04-18 05:00:00,30.0,66.17996487728405,
Kolkata,2025-04-18 06:00:00,30.7,67.12427744757353,1008.9
Kolkata,2025-04-18 07:00:00,26.0,78.6398510724195,
Kolkata,2025-04-18 08:00:00,28.0,74.30236303611937,
Kolkata,2025-04-18 09:00:00,29.2,69.72295309892432,1007.5
Kolkata,2025-04-18 10:00:00,25.0,73.8025121880607,
Kolkata,2025-04-18 11:00:00,26.0,69.54626593683008,
Kolkata,2025-04-18 12:00:00,26.2,71.76431122414668,1004.7
Kolkata,2025-04-18 13:00:00,25.0,78.49764721655077,
Kolkata,2025-04-18 14:00:00,26.0,73.97062900551056,
Kolkata,2025-04-18 15:00:00,25.8,79.09289790144875,1006.4
Kolkata,2025-04-18 16:00:00,24.0,88.59935257199315,
Kolkata,2025-04-18 17:00:00,24.0,83.33878752130364,
Kolkata,2025-04-18 18:00:00,24.2,89.70035155341864,1007.2
Kolkata,2025-04-18 19:00:00,24.0,88.59935257199315,
Kolkata,2025-04-18 20:00:00,24.0,88.59935257199315,
Kolkata,2025-04-18 21:00:00,23.6,92.9947891827328,1005.1
Kolkata,2025-04-18 22:00:00,24.0,88.59935257199315,
Kolkata,2025-04-18 23:00:00,23.0,94.10581804007526,
Kolkata,2025-04-19 00:00:00,23.4,94.69675973556869,1006.2
Kolkata,2025-04-19 01:00:00,24.0,94.1486450224181,
Kolkata,2025-04-19 02:00:00,24.0,94.1486450224181,
Kolkata,2025-04-19 03:00:00,27.0,85.7087986323302,1008.4
Kolkata,2025-04-19 04:00:00,29.0,74.46601257025355,
Kolkata,2025-04-19 05:00:00,30.0,74.62820502423824,
Kolkata,2025-04-19 06:00:00,31.8,68.55505992605102,1007.4
Kolkata,2025-04-19 07:00:00,32.0,66.5821913857855,
Kolkata,2025-04-19 08:00:00,32.0,66.5821913857855,
Kolkata,2025-04-19 09:00:00,33.4,59.010628693089586,1004.2
Kolkata,2025-04-19 10:00:00,33.0,59.27401124880875,
Kolkata,2025-04-19 11:00:00,32.0,62.71443976755974,
Kolkata,2025-04-19 12:00:00,31.8,61.549026452349075,1003.5
Kolkata,2025-04-19 13:00:00,31.0,66.3818887938788,
Kolkata,2025-04-19 14:00:00,30.0,74.62820502423824,
Kolkata,2025-04-19 15:00:00,30.0,76.88217771852533,1005.4
Kolkata,2025-04-19 16:00:00,29.0,79.0585121873896,
Kolkata,2025-04-19 17:00:00,29.0,83.89690993013956,
Kolkata,2025-04-19 18:00:00,28.6,84.8538871735531,1005.7
Kolkata,2025-04-19 19:00:00,28.0,83.78747242805218,
Kolkata,2025-04-19 20:00:00,28.0,88.91528354225218,
Kolkata,2025-04-19 21:00:00,28.2,88.93074165144274,1004.5
Kolkata,2025-04-19 22:00:00,27.0,94.27439081608838,
Kolkata,2025-04-19 23:00:00,28.0,88.91528354225218,
Kolkata,2025-04-20 00:00:00,28.8,90.55942797559786,1005.6
Kolkata,2025-04-20 01:00:00,29.0,88.99225887739404,
Kolkata,2025-04-20 02:00:00,30.0,79.1954670273341,
Kolkata,2025-04-20 03:00:00,31.4,77.54420157006253,1007.6
Kolkata,2025-04-20 04:00:00,33.0,66.78088716309055,
Kolkata,2025-04-20 05:00:00,33.0,66.78088716309055,
Kolkata,2025-04-20 06:00:00,35.0,62.2470562760692,1006.9
Kolkata,2025-04-20 07:00:00,35.0,59.72752203563765,
Kolkata,2025-04-20 08:00:00,35.0,59.72752203563765,
Kolkata,2025-04-20 09:00:00,35.4,57.05144460973204,1003.9
Kolkata,2025-04-20 10:00:00,35.0,59.72752203563765,
Kolkata,2025-04-20 11:00:00,35.0,59.72752203563765,
Kolkata,2025-04-20 12:00:00,33.8,67.33350659401705,1003.7
Kolkata,2025-04-20 13:00:00,33.0,70.83672096419855,
Kolkata,2025-04-20 14:00:00,31.0,79.33114757208126,
Kolkata,2025-04-20 15:00:00,31.0,79.79835457938422,1006.3
Kolkata,2025-04-20 16:00:00,30.0,84.00528111799692,
Kolkata,2025-04-20 17:00:00,30.0,84.00528111799692,
Kolkata,2025-04-20 18:00:00,30.2,86.52294575570109,1005.9
Kolkata,2025-04-20 19:00:00,30.0,84.00528111799692,
Kolkata,2025-04-20 20:00:00,30.0,84.00528111799692,
Kolkata,2025-04-20 21:00:00,29.8,88.01849942848882,1005.8
Kolkata,2025-04-20 22:00:00,29.0,62.05907199151088,
Kolkata,2025-04-20 23:00:00,29.0,62.05907199151088,
Kolkata,2025-04-21 00:00:00,27.6,79.81995065848324,1007.1
Kolkata,2025-04-21 01:00:00,28.0,74.30236303611937,
Kolkata,2025-04-21 02:00:00,29.0,79.0585121873896,
Kolkata,2025-04-21 03:00:00,31.0,74.7889561009917,1008.7
Kolkata,2025-04-21 04:00:00,32.0,74.94828132337592,
Kolkata,2025-04-21 05:00:00,33.0,70.83672096419855,
Kolkata,2025-04-21 06:00:00,34.4,66.66465260488106,1008.0
Kolkata,2025-04-21 07:00:00,34.0,66.97799053247137,
Kolkata,2025-04-21 08:00:00,35.0,63.354980624753985,
Kolkata,2025-04-21 09:00:00,34.8,63.31273208033373,1005.5
Kolkata,2025-04-21 10:00:00,34.0,66.97799053247137,
Kolkata,2025-04-21 11:00:00,34.0,66.97799053247137,
Kolkata,2025-04-21 12:00:00,32.4,72.8428529693439,1006.2
Kolkata,2025-04-21 13:00:00,31.0,79.33114757208126,
Kolkata,2025-04-21 14:00:00,31.0,79.33114757208126,
Kolkata,2025-04-21 15:00:00,30.4,82.58284223811447,1007.8
Kolkata,2025-04-21 16:00:00,30.0,84.00528111799692,
Kolkata,2025-04-21 17:00:00,30.0,84.00528111799692,
Kolkata,2025-04-21 18:00:00,30.0,82.53623329490637,1007.6
Kolkata,2025-04-21 19:00:00,30.0,84.00528111799692,
Kolkata,2025-04-21 20:00:00,30.0,84.00528111799692,
Kolkata,2025-04-21 21:00:00,29.6,83.46865512129703,1007.5
Kolkata,2025-04-21 22:00:00,29.0,88.99225887739404,
Kolkata,2025-04-21 23:00:00,29.0,83.89690993013956,
Kolkata,2025-04-22 00:00:00,29.2,84.91559008084812,1007.4
Kolkata,2025-04-22 01:00:00,29.0,88.99225887739404,
Kolkata,2025-04-22 02:00:00,30.0,84.00528111799692,
Kolkata,2025-04-22 03:00:00,31.6,77.57315316138988,1009.1
Kolkata,2025-04-22 04:00:00,33.0,70.83672096419855,
Kolkata,2025-04-22 05:00:00,34.0,66.97799053247137,
Kolkata,2025-04-22 06:00:00,36.0,62.827732110229384,1007.7
Kolkata,2025-04-22 07:00:00,36.0,59.95183966647327,
Kolkata,2025-04-22 08:00:00,36.0,59.95183966647327,
Kolkata,2025-04-22 09:00:00,37.0,59.47636032563509,1005.7
Kolkata,2025-04-22 10:00:00,35.0,63.354980624753985,
Kolkata,2025-04-22 11:00:00,34.0,66.97799053247137,
Kolkata,2025-04-22 12:00:00,33.2,71.70815945941659,1005.3
Kolkata,2025-04-22 13:00:00,32.0,74.94828132337592,
Kolkata,2025-04-22 14:00:00,31.0,79.33114757208126,
Kolkata,2025-04-22 15:00:00,30.6,82.60607945629376,1006.7
Kolkata,2025-04-22 16:00:00,31.0,79.33114757208126,
Kolkata,2025-04-22 17:00:00,30.0,84.00528111799692,
Kolkata,2025-04-22 18:00:00,30.4,84.04833399732397,1006.0
Kolkata,2025-04-22 19:00:00,30.0,84.00528111799692,
Kolkata,2025-04-22 20:00:00,30.0,84.00528111799692,
Kolkata,2025-04-22 21:00:00,30.2,84.02682856635852,1004.5
Kolkata,2025-04-22 22:00:00,30.0,84.00528111799692,
Kolkata,2025-04-22 23:00:00,30.0,84.00528111799692,
Kolkata,2025-04-23 00:00:00,30.0,83.5130798716472,1005.3
Kolkata,2025-04-23 01:00:00,30.0,84.00528111799692,
Kolkata,2025-04-23 02:00:00,30.0,84.00528111799692,
Kolkata,2025-04-23 03:00:00,33.0,72.94417143512577,1006.7
Kolkata,2025-04-23 04:00:00,34.0,66.97799053247137,
Kolkata,2025-04-23 05:00:00,35.0,59.72752203563765,
Kolkata,2025-04-23 06:00:00,37.6,54.60603761012383,1005.8
Kolkata,2025-04-23 07:00:00,39.0,37.75064647144954,
Kolkata,2025-04-23 08:00:00,39.0,37.75064647144954,
Kolkata,2025-04-23 09:00:00,39.4,34.753581971405104,1002.3
Kolkata,2025-04-23 10:00:00,38.0,50.670089445745056,
Kolkata,2025-04-23 11:00:00,37.0,53.50436937263995,
Kolkata,2025-04-23 12:00:00,36.2,58.94885638848755,1001.6
Kolkata,2025-04-23 13:00:00,33.0,70.83672096419855,
Kolkata,2025-04-23 14:00:00,32.0,74.94828132337592,
Kolkata,2025-04-23 15:00:00,30.8,81.1895795616241,1003.7
Kolkata,2025-04-23 16:00:00,30.0,84.00528111799692,
Kolkata,2025-04-23 17:00:00,30.0,84.00528111799692,
Kolkata,2025-04-23 18:00:00,30.6,79.74530566981048,1003.3
Kolkata,2025-04-23 19:00:00,29.0,88.99225887739404,
Kolkata,2025-04-23 20:00:00,30.0,84.00528111799692,
Kolkata,2025-04-23 21:00:00,30.4,78.31948639832048,1002.7
Kolkata,2025-04-23 22:00:00,30.0,79.1954670273341,
Kolkata,2025-04-23 23:00:00,30.0,84.00528111799692,
Kolkata,2025-04-24 00:00:00,30.2,81.1147334710309,1004.3
Kolkata,2025-04-24 01:00:00,30.0,84.00528111799692,
Kolkata,2025-04-24 02:00:00,31.0,79.33114757208126,
Kolkata,2025-04-24 03:00:00,32.8,74.20237605491754,1006.3
Kolkata,2025-04-24 04:00:00,33.0,70.83672096419855,
Kolkata,2025-04-24 05:00:00,34.0,66.97799053247137,
Kolkata,2025-04-24 06:00:00,35.6,59.51052447634323,1006.3
Kolkata,2025-04-24 07:00:00,36.0,59.95183966647327,
Kolkata,2025-04-24 08:00:00,36.0,59.95183966647327,
Kolkata,2025-04-24 09:00:00,36.8,58.05529218032499,1003.1
Kolkata,2025-04-24 10:00:00,36.0,59.95183966647327,
Kolkata,2025-04-24 11:00:00,35.0,63.354980624753985,
Kolkata,2025-04-24 12:00:00,34.4,69.0453935523037,1002.6
Kolkata,2025-04-24 13:00:00,32.0,74.94828132337592,
Kolkata,2025-04-24 14:00:00,31.0,84.11259923098856,
Kolkata,2025-04-24 15:00:00,31.2,82.67552340966292,1004.9
Kolkata,2025-04-24 16:00:00,30.0,89.06845243281573,
Kolkata,2025-04-24 17:00:00,30.0,84.00528111799692,
Kolkata,2025-04-24 18:00:00,30.4,85.53649748682237,1004.8
Kolkata,2025-04-24 19:00:00,30.0,84.00528111799692,
Kolkata,2025-04-24 20:00:00,30.0,84.00528111799692,
Kolkata,2025-04-24 21:00:00,29.6,88.00194722290112,1003.8
Kolkata,2025-04-24 22:00:00,29.0,88.99225887739404,
Kolkata,2025-04-24 23:00:00,29.0,88.99225887739404,
Kolkata,2025-04-25 00:00:00,29.2,89.53097661456914,1004.9
Kolkata,2025-04-25 01:00:00,30.0,84.00528111799692,
Kolkata,2025-04-25 02:00:00,31.0,79.33114757208126,
Kolkata,2025-04-25 03:00:00,32.6,75.48318952612465,1007.0
Kolkata,2025-04-25 04:00:00,33.0,70.83672096419855,
Kolkata,2025-04-25 05:00:00,34.0,66.97799053247137,
Kolkata,2025-04-25 06:00:00,36.0,67.36747715222042,1006.8
Kolkata,2025-04-25 07:00:00,35.0,67.17351579636517,
Kolkata,2025-04-25 08:00:00,36.0,67.36747715222042,
Kolkata,2025-04-25 09:00:00,36.8,64.47495867258432,1003.8
Kolkata,2025-04-25 10:00:00,35.0,67.17351579636517,
Kolkata,2025-04-25 11:00:00,35.0,67.17351579636517,
Kolkata,2025-04-25 12:00:00,33.8,68.53017385519429,1003.2
Kolkata,2025-04-25 13:00:00,32.0,79.46556860628449,
Kolkata,2025-04-25 14:00:00,31.0,84.11259923098856,
Kolkata,2025-04-25 15:00:00,30.6,82.60607945629376,1005.0
Kolkata,2025-04-25 16:00:00,30.0,84.00528111799692,
Kolkata,2025-04-25 17:00:00,30.0,84.00528111799692,
Kolkata,2025-04-25 18:00:00,29.2,89.53097661456914,1004.7
Kolkata,2025-04-25 19:00:00,29.0,88.99225887739404,
Kolkata,2025-04-25 20:00:00,29.0,88.99225887739404,
Kolkata,2025-04-25 21:00:00,28.8,90.55942797559786,1003.7
Kolkata,2025-04-25 22:00:00,29.0,88.99225887739404,
Kolkata,2025-04-25 23:00:00,28.0,88.91528354225218,
Kolkata,2025-04-26 00:00:00,28.4,88.94616815571688,1005.3
Kolkata,2025-04-26 01:00:00,29.0,83.89690993013956,
Kolkata,2025-04-26 02:00:00,31.0,74.7889561009917,
Kolkata,2025-04-26 03:00:00,32.6,69.11441091335229,1007.3
Kolkata,2025-04-26 04:00:00,33.0,66.78088716309055,
Kolkata,2025-04-26 05:00:00,34.0,59.50158303199722,
Kolkata,2025-04-26 06:00:00,35.0,61.15610416717985,1006.8
Kolkata,2025-04-26 07:00:00,35.0,59.72752203563765,
Kolkata,2025-04-26 08:00:00,34.0,63.14309255534474,
Kolkata,2025-04-26 09:00:00,35.2,61.561526455285076,1004.9
Kolkata,2025-04-26 10:00:00,35.0,63.354980624753985,
Kolkata,2025-04-26 11:00:00,33.0,66.78088716309055,
Kolkata,2025-04-26 12:00:00,33.0,67.97575322043862,1003.9
Kolkata,2025-04-26 13:00:00,31.0,79.33114757208126,
Kolkata,2025-04-26 14:00:00,31.0,79.33114757208126,
Kolkata,2025-04-26 15:00:00,31.0,77.48613913975385,1006.8
Kolkata,2025-04-26 16:00:00,31.0,74.7889561009917,
Kolkata,2025-04-26 17:00:00,24.0,83.33878752130364,
Kolkata,2025-04-26 18:00:00,24.6,80.39509424447246,1008.8
Kolkata,2025-04-26 19:00:00,26.0,69.54626593683008,
Kolkata,2025-04-26 20:00:00,27.0,69.73535987777385,
Kolkata,2025-04-26 21:00:00,25.6,79.0650667975322,1004.1
Kolkata,2025-04-26 22:00:00,26.0,73.97062900551056,
Kolkata,2025-04-26 23:00:00,25.0,83.45262666598398,
Kolkata,2025-04-27 00:00:00,25.0,75.65014160748107,1007.8
Kolkata,2025-04-27 01:00:00,26.0,73.97062900551056,
Kolkata,2025-04-27 02:00:00,28.0,69.92284655824665,
Kolkata,2025-04-27 03:00:00,30.0,66.17996487728405,
Kolkata,2025-04-27 04:00:00,31.0,66.3818887938788,
Kolkata,2025-04-27 05:00:00,31.0,66.3818887938788,
Kolkata,2025-04-27 06:00:00,33.4,57.95790307855285,1009.8
Kolkata,2025-04-27 07:00:00,33.0,59.27401124880875,
Kolkata,2025-04-27 08:00:00,33.0,59.27401124880875,
Kolkata,2025-04-27 09:00:00,34.4,52.23042332735089,1006.7
Kolkata,2025-04-27 10:00:00,34.0,56.04514311511978,
Kolkata,2025-04-27 11:00:00,33.0,62.92958329531054,
Kolkata,2025-04-27 12:00:00,32.8,65.56377770296238,1006.3
Kolkata,2025-04-27 13:00:00,32.0,55.56458760321053,
Kolkata,2025-04-27 14:00:00,30.0,62.279197326402645,
Kolkata,2025-04-27 15:00:00,29.2,65.21759803719027,1007.1
Kolkata,2025-04-27 16:00:00,30.0,70.29306142592459,
Kolkata,2025-04-27 17:00:00,30.0,74.62820502423824,
Kolkata,2025-04-27 18:00:00,29.2,81.95548127118022,1007.5
Kolkata,2025-04-27 19:00:00,29.0,83.89690993013956,
Kolkata,2025-04-27 20:00:00,29.0,88.99225887739404,
Kolkata,2025-04-27 21:00:00,29.0,81.9313443709877,1007.5
Kolkata,2025-04-27 22:00:00,28.0,88.91528354225218,
Kolkata,2025-04-27 23:00:00,28.0,88.91528354225218,
Kolkata,2025-04-28 00:00:00,28.0,87.34888747491027,1007.4
Kolkata,2025-04-28 01:00:00,28.0,88.91528354225218,
Kolkata,2025-04-28 02:00:00,29.0,83.89690993013956,
Kolkata,2025-04-28 03:00:00,31.4,73.53807422593974,1008.8
Kolkata,2025-04-28 04:00:00,31.0,70.47582088918256,
Kolkata,2025-04-28 05:00:00,32.0,66.5821913857855,
Kolkata,2025-04-28 06:00:00,33.2,65.6450112786814,1008.1
Kolkata,2025-04-28 07:00:00,33.0,62.92958329531054,
Kolkata,2025-04-28 08:00:00,33.0,62.92958329531054,
Kolkata,2025-04-28 09:00:00,32.4,62.800694130044874,1005.5
Kolkata,2025-04-28 10:00:00,31.0,66.3818887938788,
Kolkata,2025-04-28 11:00:00,31.0,66.3818887938788,
Kolkata,2025-04-28 12:00:00,30.2,63.85719380100154,1005.5
Kolkata,2025-04-28 13:00:00,27.0,74.13724053720264,
Kolkata,2025-04-28 14:00:00,26.0,73.97062900551056,
Kolkata,2025-04-28 15:00:00,25.6,79.0650667975322,1007.8
Kolkata,2025-04-28 16:00:00,25.0,78.49764721655077,
Kolkata,2025-04-28 17:00:00,24.0,78.3540921272656,
Kolkata,2025-04-28 18:00:00,24.8,86.53660587246388,1009.2
Kolkata,2025-04-28 19:00:00,21.0,82.9903987771767,
Kolkata,2025-04-28 20:00:00,22.0,78.06286399643153,
Kolkata,2025-04-28 21:00:00,20.7,92.84522226972163,1007.0
Kolkata,2025-04-28 23:00:00,22.0,83.10768815769457,
Kolkata,2025-04-29 00:00:00,21.4,96.38327293464557,1007.7
Kolkata,2025-04-29 01:00:00,24.0,78.3540921272656,
Kolkata,2025-04-29 02:00:00,25.0,78.49764721655077,
Kolkata,2025-04-29 03:00:00,27.4,67.28568959900366,1009.9
Kolkata,2025-04-29 04:00:00,28.0,69.92284655824665,
Kolkata,2025-04-29 05:00:00,28.0,69.92284655824665,
Kolkata,2025-04-29 06:00:00,30.2,58.98867435336403,1009.7
Kolkata,2025-04-29 07:00:00,31.0,52.0129263013748,
Kolkata,2025-04-29 08:00:00,31.0,52.0129263013748,
Kolkata,2025-04-29 09:00:00,32.2,52.31576805297986,1007.0
Kolkata,2025-04-29 10:00:00,32.0,52.26545370306257,
Kolkata,2025-04-29 11:00:00,31.0,55.321861254558726,
Kolkata,2025-04-29 12:00:00,30.8,55.61416368568698,1006.4
Kolkata,2025-04-29 13:00:00,30.0,58.58138510397075,
Kolkata,2025-04-29 14:00:00,29.0,65.9764050234237,
Kolkata,2025-04-29 15:00:00,28.2,69.53531636044694,1008.4
Kolkata,2025-04-29 16:00:00,28.0,69.92284655824665,
Kolkata,2025-04-29 17:00:00,27.0,74.13724053720264,
Kolkata,2025-04-29 18:00:00,27.2,78.33374294989056,1009.0
Kolkata,2025-04-29 19:00:00,27.0,74.13724053720264,
Kolkata,2025-04-29 20:00:00,27.0,74.13724053720264,
Kolkata,2025-04-29 21:00:00,26.1,85.10498051565493,1006.9
Kolkata,2025-04-29 22:00:00,25.0,88.67956137467019,
Kolkata,2025-04-29 23:00:00,25.0,88.67956137467019,
Kolkata,2025-04-30 00:00:00,25.1,91.40506672249663,1008.5
Kolkata,2025-04-30 01:00:00,26.0,83.5653445347348,
Kolkata,2025-04-30 02:00:00,27.0,83.67695517522091,
Kolkata,2025-04-30 03:00:00,28.2,78.94802076163292,1010.4
Kolkata,2025-04-30 04:00:00,30.0,70.29306142592459,
Kolkata,2025-04-30 05:00:00,30.0,70.29306142592459,
Kolkata,2025-04-30 06:00:00,23.4,96.43645035727725,1011.6
Kolkata,2025-04-30 07:00:00,24.0,88.59935257199315,
Kolkata,2025-04-30 08:00:00,25.0,88.67956137467019,
Kolkata,2025-04-30 09:00:00,25.6,91.98598997205917,1008.3
Kolkata,2025-04-30 10:00:00,28.0,74.30236303611937,
Kolkata,2025-04-30 11:00:00,27.0,78.78071949348664,
Kolkata,2025-04-30 12:00:00,27.0,82.67693820709039,1007.8
Kolkata,2025-04-30 13:00:00,26.0,83.5653445347348,
Kolkata,2025-04-30 14:00:00,26.0,83.5653445347348,
Kolkata,2025-04-30 15:00:00,25.4,88.17753730223563,1008.7
Kolkata,2025-04-30 16:00:00,25.0,88.67956137467019,
Kolkata,2025-04-30 17:00:00,24.0,88.59935257199315,
Kolkata,2025-04-30 18:00:00,24.4,93.03523459227986,1010.3
Kolkata,2025-04-30 19:00:00,24.0,94.1486450224181,
Kolkata,2025-04-30 20:00:00,24.0,94.1486450224181,
Kolkata,2025-04-30 21:00:00,24.0,93.01505522924245,1009.1
Kolkata,2025-04-30 22:00:00,24.0,88.59935257199315,
Kolkata,2025-04-30 23:00:00,24.0,94.1486450224181,
Kolkata,2025-05-01 00:00:00,23.6,96.44170390257318,1010.6
Kolkata,2025-05-01 01:00:00,24.0,94.1486450224181,
Kolkata,2025-05-01 02:00:00,26.0,83.5653445347348,
Kolkata,2025-05-01 03:00:00,29.0,77.65543578652992,1012.0
Kolkata,2025-05-01 04:00:00,30.0,66.17996487728405,
Kolkata,2025-05-01 05:00:00,31.0,62.49764883972529,
Kolkata,2025-05-01 06:00:00,32.6,51.77843588862952,1011.0
Kolkata,2025-05-01 07:00:00,33.0,46.44361338141738,
Kolkata,2025-05-01 08:00:00,34.0,46.70734273672021,
Kolkata,2025-05-01 09:00:00,34.0,44.73595098412827,1007.9
Kolkata,2025-05-01 10:00:00,34.0,43.913663069278805,
Kolkata,2025-05-01 11:00:00,33.0,49.398242289998336,
Kolkata,2025-05-01 12:00:00,32.6,48.39081829607048,1006.8
Kolkata,2025-05-01 13:00:00,32.0,52.26545370306257,
Kolkata,2025-05-01 14:00:00,22.0,88.4364161279818,
Kolkata,2025-05-01 15:00:00,22.0,91.21143560546284,1012.5
Kolkata,2025-05-01 16:00:00,22.0,88.4364161279818,
Kolkata,2025-05-01 17:00:00,22.0,88.4364161279818,
Kolkata,2025-05-01 18:00:00,21.4,98.17703680741113,1009.9
Kolkata,2025-05-01 19:00:00,24.0,78.3540921272656,
Kolkata,2025-05-01 20:00:00,23.0,83.22381284256232,
Kolkata,2025-05-01 21:00:00,22.2,96.40468492682572,1009.1
Kolkata,2025-05-01 22:00:00,22.0,88.4364161279818,
Kolkata,2025-05-01 23:00:00,22.0,88.4364161279818,
Kolkata,2025-05-02 00:00:00,22.0,94.64202501465911,1009.9
Kolkata,2025-05-02 01:00:00,23.0,88.51830793896134,
Kolkata,2025-05-02 02:00:00,24.0,83.33878752130364,
Kolkata,2025-05-02 03:00:00,26.6,76.36659730018178,1011.5
Kolkata,2025-05-02 04:00:00,28.0,69.92284655824665,
Kolkata,2025-05-02 05:00:00,29.0,65.9764050234237,
Kolkata,2025-05-02 06:00:00,30.4,62.74695361986276,1010.3
Kolkata,2025-05-02 07:00:00,31.0,58.81392369643709,
Kolkata,2025-05-02 08:00:00,32.0,55.56458760321053,
Kolkata,2025-05-02 09:00:00,33.0,55.468825283877344,1007.6
Kolkata,2025-05-02 10:00:00,33.0,49.398242289998336,
Kolkata,2025-05-02 11:00:00,32.0,49.13932991257226,
Kolkata,2025-05-02 12:00:00,32.0,50.99468465735812,1006.5
Kolkata,2025-05-02 13:00:00,31.0,55.321861254558726,
Kolkata,2025-05-02 14:00:00,30.0,58.58138510397075,
Kolkata,2025-05-02 15:00:00,27.8,77.0138849054383,1007.7
Kolkata,2025-05-02 16:00:00,28.0,69.92284655824665,
Kolkata,2025-05-02 17:00:00,28.0,69.92284655824665,
Kolkata,2025-05-02 18:00:00,27.0,76.8936310454662,1007.9
Kolkata,2025-05-02 19:00:00,28.0,74.30236303611937,
Kolkata,2025-05-02 20:00:00,28.0,78.9202680701639,
Kolkata,2025-05-02 21:00:00,26.6,78.2479077819723,1007.2
Kolkata,2025-05-02 22:00:00,27.0,83.67695517522091,
Kolkata,2025-05-02 23:00:00,27.0,83.67695517522091,
Kolkata,2025-05-03 00:00:00,26.0,88.7589455109383,1008.1
Kolkata,2025-05-03 01:00:00,28.0,78.9202680701639,
Kolkata,2025-05-03 02:00:00,29.0,74.46601257025355,
Kolkata,2025-05-03 03:00:00,31.0,72.1742265807024,1009.9
Kolkata,2025-05-03 04:00:00,30.0,66.17996487728405,
Kolkata,2025-05-03 05:00:00,32.0,59.04479527455803,
Kolkata,2025-05-03 06:00:00,33.6,54.61531066815499,1008.3
Kolkata,2025-05-03 07:00:00,33.0,52.516390209894936,
Kolkata,2025-05-03 08:00:00,34.0,49.65563394804311,
Kolkata,2025-05-03 09:00:00,34.8,53.604715254024796,1005.2
Kolkata,2025-05-03 10:00:00,34.0,52.76574284376031,
Kolkata,2025-05-03 11:00:00,33.0,59.27401124880875,
Kolkata,2025-05-03 12:00:00,32.2,58.027960608356956,1002.7
Kolkata,2025-05-03 13:00:00,31.0,62.49764883972529,
Kolkata,2025-05-03 14:00:00,31.0,58.81392369643709,
Kolkata,2025-05-03 15:00:00,29.6,62.19134879390145,1005.9
Kolkata,2025-05-03 16:00:00,30.0,66.17996487728405,
Kolkata,2025-05-03 17:00:00,27.0,78.78071949348664,
Kolkata,2025-05-03 18:00:00,25.6,79.0650667975322,1006.7
Kolkata,2025-05-03 19:00:00,26.0,78.6398510724195,
Kolkata,2025-05-03 20:00:00,26.0,78.6398510724195,
Kolkata,2025-05-03 21:00:00,25.8,80.55257262849392,1005.6
Kolkata,2025-05-03 22:00:00,25.0,83.45262666598398,
Kolkata,2025-05-03 23:00:00,25.0,83.45262666598398,
Kolkata,2025-05-04 00:00:00,25.4,81.98706192459,1006.6
Kolkata,2025-05-04 01:00:00,26.0,78.6398510724195,
Kolkata,2025-05-04 02:00:00,28.0,69.92284655824665,
Kolkata,2025-05-04 03:00:00,29.8,61.10417493715189,1008.0
Kolkata,2025-05-04 04:00:00,31.0,58.81392369643709,
Kolkata,2025-05-04 05:00:00,32.0,59.04479527455803,
Kolkata,2025-05-04 06:00:00,33.8,48.40540327509421,1006.7
Kolkata,2025-05-04 07:00:00,34.0,46.70734273672021,
Kolkata,2025-05-04 08:00:00,34.0,46.70734273672021,
Kolkata,2025-05-04 09:00:00,34.8,46.34728534896258,1004.3
Kolkata,2025-05-04 10:00:00,34.0,46.70734273672021,
Kolkata,2025-05-04 11:00:00,33.0,52.516390209894936,
Kolkata,2025-05-04 12:00:00,31.8,57.934430290493566,1004.2
Kolkata,2025-05-04 13:00:00,31.0,58.81392369643709,
Kolkata,2025-05-04 14:00:00,30.0,66.17996487728405,
Kolkata,2025-05-04 15:00:00,30.0,63.42769734725228,1006.8
Kolkata,2025-05-04 16:00:00,28.0,74.30236303611937,
Kolkata,2025-05-04 17:00:00,28.0,74.30236303611937,
Kolkata,2025-05-04 18:00:00,28.0,75.66221487345534,1006.5
Kolkata,2025-05-04 19:00:00,28.0,74.30236303611937,
Kolkata,2025-05-04 20:00:00,27.0,83.67695517522091,
Kolkata,2025-05-04 21:00:00,27.4,76.95386898986409,1005.4
Kolkata,2025-05-04 22:00:00,26.0,88.7589455109383,
Kolkata,2025-05-04 23:00:00,26.0,88.7589455109383,
Kolkata,2025-05-05 00:00:00,26.2,90.38476214988123,1006.3
Kolkata,2025-05-05 01:00:00,28.0,83.78747242805218,
Kolkata,2025-05-05 02:00:00,29.0,79.0585121873896,
Kolkata,2025-05-05 03:00:00,31.0,72.1742265807024,1008.5
Kolkata,2025-05-05 04:00:00,31.0,66.3818887938788,
Kolkata,2025-05-05 05:00:00,32.0,59.04479527455803,
Kolkata,2025-05-05 06:00:00,34.2,51.86548272705812,1007.3
Kolkata,2025-05-05 07:00:00,34.0,52.76574284376031,
Kolkata,2025-05-05 08:00:00,34.0,52.76574284376031,
Kolkata,2025-05-05 09:00:00,34.8,52.01571725178496,1004.5
Kolkata,2025-05-05 10:00:00,34.0,52.76574284376031,
Kolkata,2025-05-05 11:00:00,33.0,55.80567844118911,
Kolkata,2025-05-05 12:00:00,33.4,53.583679198134604,1003.8
Kolkata,2025-05-05 13:00:00,32.0,62.71443976755974,
Kolkata,2025-05-05 14:00:00,31.0,66.3818887938788,
Kolkata,2025-05-05 15:00:00,30.4,70.36635155961307,1006.5
Kolkata,2025-05-05 16:00:00,30.0,70.29306142592459,
Kolkata,2025-05-05 17:00:00,29.0,74.46601257025355,
Kolkata,2025-05-05 18:00:00,29.0,77.65543578652992,1006.7
Kolkata,2025-05-05 19:00:00,29.0,79.0585121873896,
Kolkata,2025-05-05 20:00:00,29.0,79.0585121873896,
Kolkata,2025-05-05 21:00:00,28.0,81.80996009312997,1005.9
Kolkata,2025-05-05 22:00:00,28.0,88.91528354225218,
Kolkata,2025-05-05 23:00:00,28.0,88.91528354225218,
Kolkata,2025-05-06 00:00:00,27.8,87.33135888966177,1007.1
Kolkata,2025-05-06 01:00:00,29.0,83.89690993013956,
Kolkata,2025-05-06 02:00:00,32.0,70.6570356447408,
Kolkata,2025-05-06 03:00:00,32.8,67.93722542562669,1008.8
Kolkata,2025-05-06 04:00:00,32.0,66.5821913857855,
Kolkata,2025-05-06 05:00:00,33.0,62.92958329531054,
Kolkata,2025-05-06 06:00:00,34.6,59.992245908871396,1007.7
Kolkata,2025-05-06 07:00:00,35.0,56.28299102683274,
Kolkata,2025-05-06 08:00:00,34.0,59.50158303199722,
Kolkata,2025-05-06 09:00:00,34.0,57.40603103345707,1004.9
Kolkata,2025-05-06 10:00:00,29.0,65.9764050234237,
Kolkata,2025-05-06 11:00:00,29.0,65.9764050234237,
Kolkata,2025-05-06 12:00:00,29.0,64.38421540041374,1005.2
Kolkata,2025-05-06 13:00:00,27.0,78.78071949348664,
Kolkata,2025-05-06 14:00:00,27.0,78.78071949348664,
Kolkata,2025-05-06 15:00:00,27.6,79.81995065848324,1006.9
Kolkata,2025-05-06 16:00:00,27.0,78.78071949348664,
Kolkata,2025-05-06 17:00:00,27.0,78.78071949348664,
Kolkata,2025-05-06 18:00:00,27.4,78.36224761821416,1006.3
Kolkata,2025-05-06 19:00:00,27.0,83.67695517522091,
Kolkata,2025-05-06 20:00:00,27.0,74.13724053720264,
Kolkata,2025-05-06 21:00:00,27.8,75.63076994448524,1005.4
Kolkata,2025-05-06 22:00:00,28.0,74.30236303611937,
Kolkata,2025-05-06 23:00:00,27.0,78.78071949348664,
Kolkata,2025-05-07 00:00:00,26.4,82.60642273476351,1006.6
Kolkata,2025-05-07 01:00:00,28.0,74.30236303611937,
Kolkata,2025-05-07 02:00:00,29.0,74.46601257025355,
Kolkata,2025-05-07 03:00:00,31.0,69.22506422320274,1007.9
Kolkata,2025-05-07 04:00:00,32.0,59.04479527455803,
Kolkata,2025-05-07 05:00:00,33.0,55.80567844118911,
Kolkata,2025-05-07 06:00:00,34.8,53.604715254024796,1005.9
Kolkata,2025-05-07 07:00:00,34.0,59.50158303199722,
Kolkata,2025-05-07 08:00:00,35.0,56.28299102683274,
Kolkata,2025-05-07 09:00:00,35.2,54.02524542945505,1003.3
Kolkata,2025-05-07 10:00:00,35.0,53.01351873864528,
Kolkata,2025-05-07 11:00:00,35.0,56.28299102683274,
Kolkata,2025-05-07 12:00:00,34.2,54.105694175209415,1002.3
Kolkata,2025-05-07 13:00:00,34.0,52.76574284376031,
Kolkata,2025-05-07 14:00:00,32.0,59.04479527455803,
Kolkata,2025-05-07 15:00:00,31.0,67.99377352527183,1004.7
Kolkata,2025-05-07 16:00:00,31.0,74.7889561009917,
Kolkata,2025-05-07 17:00:00,27.0,69.73535987777385,
Kolkata,2025-05-07 18:00:00,26.8,72.3130352999761,1006.9
Kolkata,2025-05-07 19:00:00,27.0,69.73535987777385,
Kolkata,2025-05-07 20:00:00,30.0,62.279197326402645,
Kolkata,2025-05-07 21:00:00,26.6,72.27790097107153,1006.1
Kolkata,2025-05-07 22:00:00,29.0,74.46601257025355,
Kolkata,2025-05-07 23:00:00,29.0,74.46601257025355,
Kolkata,2025-05-08 00:00:00,28.6,81.88293095675748,1005.5
Kolkata,2025-05-08 01:00:00,29.0,79.0585121873896,
Kolkata,2025-05-08 02:00:00,31.0,74.7889561009917,
Kolkata,2025-05-08 03:00:00,34.4,62.11744798829246,1006.8
Kolkata,2025-05-08 04:00:00,34.0,56.04514311511978,
Kolkata,2025-05-08 05:00:00,36.0,50.16587400443515,
Kolkata,2025-05-08 06:00:00,37.2,48.40385237537138,1006.2
Kolkata,2025-05-08 07:00:00,37.0,42.0757563918813,
Kolkata,2025-05-08 08:00:00,37.0,47.48991405743266,
Kolkata,2025-05-08 09:00:00,37.8,40.775662191210785,1004.6
Kolkata,2025-05-08 10:00:00,37.0,44.7111106073837,
Kolkata,2025-05-08 11:00:00,37.0,44.7111106073837,
Kolkata,2025-05-08 12:00:00,36.4,46.76620535841806,1003.5
Kolkata,2025-05-08 13:00:00,35.0,53.01351873864528,
Kolkata,2025-05-08 14:00:00,34.0,46.70734273672021,
Kolkata,2025-05-08 15:00:00,32.2,53.6134760314917,1005.9
Kolkata,2025-05-08 16:00:00,32.0,66.5821913857855,
Kolkata,2025-05-08 17:00:00,31.0,79.33114757208126,
Kolkata,2025-05-08 18:00:00,31.0,77.48613913975385,1007.1
Kolkata,2025-05-08 19:00:00,30.0,84.00528111799692,
Kolkata,2025-05-08 20:00:00,30.0,84.00528111799692,
Kolkata,2025-05-08 21:00:00,29.8,81.06459831337503,1005.7
Kolkata,2025-05-08 22:00:00,30.0,79.1954670273341,
Kolkata,2025-05-08 23:00:00,30.0,79.1954670273341,
Kolkata,2025-05-09 00:00:00,29.2,83.42405706602797,1006.6
Kolkata,2025-05-09 01:00:00,30.0,84.00528111799692,
Kolkata,2025-05-09 02:00:00,31.0,79.33114757208126,
Kolkata,2025-05-09 03:00:00,34.8,66.74349760257904,1008.0
Kolkata,2025-05-09 04:00:00,34.0,63.14309255534474,
Kolkata,2025-05-09 05:00:00,36.0,56.5192316286057,
Kolkata,2025-05-09 06:00:00,37.6,51.78291421765802,1006.5
Kolkata,2025-05-09 07:00:00,38.0,44.974237081492554,
Kolkata,2025-05-09 08:00:00,39.0,42.60826448000792,
Kolkata,2025-05-09 09:00:00,39.0,38.446811806277424,1004.3
Kolkata,2025-05-09 10:00:00,38.0,39.84688287839567,
Kolkata,2025-05-09 11:00:00,35.0,49.91150957114025,
Kolkata,2025-05-09 12:00:00,34.4,49.15636027363035,1004.4
Kolkata,2025-05-09 13:00:00,30.0,58.58138510397075,
Kolkata,2025-05-09 14:00:00,32.0,52.26545370306257,
Kolkata,2025-05-09 15:00:00,30.8,60.58625885317225,1005.7
Kolkata,2025-05-09 16:00:00,32.0,62.71443976755974,
Kolkata,2025-05-09 17:00:00,32.0,66.5821913857855,
Kolkata,2025-05-09 18:00:00,30.6,74.28243957799879,1005.9
Kolkata,2025-05-09 19:00:00,31.0,74.7889561009917,
Kolkata,2025-05-09 20:00:00,30.0,84.00528111799692,
Kolkata,2025-05-09 21:00:00,29.6,76.82235153000387,1004.9
Kolkata,2025-05-09 22:00:00,30.0,74.62820502423824,
Kolkata,2025-05-09 23:00:00,31.0,70.47582088918256,
Kolkata,2025-05-10 00:00:00,29.4,80.53536024141098,1006.4
Kolkata,2025-05-10 01:00:00,31.0,74.7889561009917,
Kolkata,2025-05-10 02:00:00,33.0,62.92958329531054,
Kolkata,2025-05-10 03:00:00,34.8,52.64629722905695,1007.9
Kolkata,2025-05-10 04:00:00,36.0,41.80763114476111,
Kolkata,2025-05-10 05:00:00,37.0,42.0757563918813,
Kolkata,2025-05-10 06:00:00,38.6,42.50216258271229,1006.9
Kolkata,2025-05-10 07:00:00,39.0,37.75064647144954,
Kolkata,2025-05-10 08:00:00,39.0,37.75064647144954,
Kolkata,2025-05-10 09:00:00,38.0,39.12374583332483,1004.0
Kolkata,2025-05-10 10:00:00,40.0,35.77834727672731,
Kolkata,2025-05-10 11:00:00,39.0,35.509211001508895,
Kolkata,2025-05-10 12:00:00,37.6,38.777389609655614,1002.7
Kolkata,2025-05-10 13:00:00,37.0,42.0757563918813,
Kolkata,2025-05-10 14:00:00,35.0,53.01351873864528,
Kolkata,2025-05-10 15:00:00,34.2,55.091425528710424,1004.7
Kolkata,2025-05-10 16:00:00,33.0,62.92958329531054,
Kolkata,2025-05-10 17:00:00,32.0,70.6570356447408,
Kolkata,2025-05-10 18:00:00,32.4,69.07688914571028,1005.7
Kolkata,2025-05-10 19:00:00,32.0,74.94828132337592,
Kolkata,2025-05-10 20:00:00,32.0,70.6570356447408,
Kolkata,2025-05-10 21:00:00,31.6,74.88472135092377,1004.7
Kolkata,2025-05-10 22:00:00,32.0,55.56458760321053,
Kolkata,2025-05-10 23:00:00,32.0,52.26545370306257,
Kolkata,2025-05-11 00:00:00,31.0,64.4141386029017,1005.8
Kolkata,2025-05-11 01:00:00,32.0,59.04479527455803,
Kolkata,2025-05-11 02:00:00,32.0,59.04479527455803,
Kolkata,2025-05-11 03:00:00,34.2,54.105694175209415,1006.6
Kolkata,2025-05-11 04:00:00,35.0,49.91150957114025,
Kolkata,2025-05-11 05:00:00,37.0,42.0757563918813,
Kolkata,2025-05-11 06:00:00,39.0,41.09659842463328,1005.0
Kolkata,2025-05-11 07:00:00,39.0,35.509211001508895,
Kolkata,2025-05-11 08:00:00,40.0,35.77834727672731,
Kolkata,2025-05-11 09:00:00,39.2,36.22294826543474,1001.4
Kolkata,2025-05-11 10:00:00,39.0,37.75064647144954,
Kolkata,2025-05-11 11:00:00,38.0,44.974237081492554,
Kolkata,2025-05-11 12:00:00,37.8,39.79310136191578,1000.1
Kolkata,2025-05-11 13:00:00,37.0,42.0757563918813,
Kolkata,2025-05-11 14:00:00,35.0,56.28299102683274,
Kolkata,2025-05-11 15:00:00,34.2,57.45282698261636,1002.5
Kolkata,2025-05-11 16:00:00,33.0,59.27401124880875,
Kolkata,2025-05-11 17:00:00,33.0,66.78088716309055,
Kolkata,2025-05-11 18:00:00,32.0,71.07626571001893,1003.5
Kolkata,2025-05-11 19:00:00,32.0,66.5821913857855,
Kolkata,2025-05-11 20:00:00,32.0,62.71443976755974,
Kolkata,2025-05-11 21:00:00,31.6,74.88472135092377,1002.7
Kolkata,2025-05-11 22:00:00,32.0,62.71443976755974,
Kolkata,2025-05-11 23:00:00,31.0,66.3818887938788,
Kolkata,2025-05-12 00:00:00,30.2,65.02943476343613,1003.0
Kolkata,2025-05-12 01:00:00,31.0,55.321861254558726,
Kolkata,2025-05-12 02:00:00,33.0,46.44361338141738,
Kolkata,2025-05-12 03:00:00,33.6,52.66619140083634,1004.5
Kolkata,2025-05-12 04:00:00,35.0,44.180823739166094,
Kolkata,2025-05-12 05:00:00,37.0,42.0757563918813,
Kolkata,2025-05-12 06:00:00,38.2,39.4173123688915,1003.1
Kolkata,2025-05-12 07:00:00,39.0,35.509211001508895,
Kolkata,2025-05-12 08:00:00,39.0,35.509211001508895,
Kolkata,2025-05-12 09:00:00,39.8,39.13162347250542,1000.9
Kolkata,2025-05-12 10:00:00,38.0,42.34263482139515,
Kolkata,2025-05-12 11:00:00,37.0,47.48991405743266,
Kolkata,2025-05-12 12:00:00,36.0,50.46801146991017,999.6
Kolkata,2025-05-12 13:00:00,33.0,62.92958329531054,
Kolkata,2025-05-12 14:00:00,32.0,74.94828132337592,
Kolkata,2025-05-12 15:00:00,31.3,77.98664291124476,1002.3
Kolkata,2025-05-12 16:00:00,31.0,79.33114757208126,
Kolkata,2025-05-12 17:00:00,25.0,78.49764721655077,
Kolkata,2025-05-12 19:00:00,27.0,83.67695517522091,
Kolkata,2025-05-12 20:00:00,27.0,83.67695517522091,
Kolkata,2025-05-12 21:00:00,27.1,88.3173860672434,1002.9
Kolkata,2025-05-12 22:00:00,26.0,83.5653445347348,
Kolkata,2025-05-12 23:00:00,26.0,83.5653445347348,
Kolkata,2025-05-13 00:00:00,26.4,89.32363226198176,1004.0
Kolkata,2025-05-13 01:00:00,29.0,70.10874183711726,
Kolkata,2025-05-13 02:00:00,30.0,66.17996487728405,
Kolkata,2025-05-13 03:00:00,31.0,62.49764883972529,
Kolkata,2025-05-13 04:00:00,33.0,55.80567844118911,
Kolkata,2025-05-13 05:00:00,34.0,59.50158303199722,
Kolkata,2025-05-13 06:00:00,35.0,57.98288887223963,1004.7
Kolkata,2025-05-13 07:00:00,37.0,44.7111106073837,
Kolkata,2025-05-13 08:00:00,37.0,44.7111106073837,
Kolkata,2025-05-13 09:00:00,36.8,46.308552225333045,1002.3
Kolkata,2025-05-13 10:00:00,36.0,50.16587400443515,
Kolkata,2025-05-13 11:00:00,34.0,52.76574284376031,
Kolkata,2025-05-13 12:00:00,34.6,50.11251052096988,1001.7
Kolkata,2025-05-13 13:00:00,32.0,66.5821913857855,
Kolkata,2025-05-13 14:00:00,32.0,70.6570356447408,
Kolkata,2025-05-13 15:00:00,31.6,78.94871738353811,1003.6
Kolkata,2025-05-13 16:00:00,31.0,79.33114757208126,
Kolkata,2025-05-13 17:00:00,31.0,79.33114757208126,
Kolkata,2025-05-13 18:00:00,30.4,79.71870652103674,1004.1
Kolkata,2025-05-13 19:00:00,30.0,84.00528111799692,
Kolkata,2025-05-13 20:00:00,30.0,84.00528111799692,
Kolkata,2025-05-13 21:00:00,30.0,84.99729439748566,1003.1
Kolkata,2025-05-13 22:00:00,30.0,84.00528111799692,
Kolkata,2025-05-13 23:00:00,30.0,79.1954670273341,
Kolkata,2025-05-14 00:00:00,29.2,83.42405706602797,1004.5
Kolkata,2025-05-14 01:00:00,31.0,74.7889561009917,
Kolkata,2025-05-14 02:00:00,31.0,74.7889561009917,
Kolkata,2025-05-14 03:00:00,33.4,70.9081702429426,1006.4
Kolkata,2025-05-14 04:00:00,34.0,66.97799053247137,
Kolkata,2025-05-14 05:00:00,35.0,63.354980624753985,
Kolkata,2025-05-14 06:00:00,36.0,59.60057162936797,1005.9
Kolkata,2025-05-14 07:00:00,36.0,56.5192316286057,
Kolkata,2025-05-14 08:00:00,36.0,56.5192316286057,
Kolkata,2025-05-14 09:00:00,36.8,54.09249800503277,1003.2
Kolkata,2025-05-14 10:00:00,36.0,53.25972513472508,
Kolkata,2025-05-14 11:00:00,35.0,56.28299102683274,
Kolkata,2025-05-14 12:00:00,34.4,59.59215392807818,1002.2
Kolkata,2025-05-14 13:00:00,33.0,66.78088716309055,
Kolkata,2025-05-14 14:00:00,33.0,66.78088716309055,
Kolkata,2025-05-14 15:00:00,32.0,71.07626571001893,1005.2
Kolkata,2025-05-14 16:00:00,31.0,79.33114757208126,
Kolkata,2025-05-14 17:00:00,30.0,84.00528111799692,
Kolkata,2025-05-14 18:00:00,30.6,79.74530566981048,1005.1
Kolkata,2025-05-14 19:00:00,30.0,84.00528111799692,
Kolkata,2025-05-14 20:00:00,30.0,84.00528111799692,
Kolkata,2025-05-14 21:00:00,30.4,81.13972960661955,1004.3
Kolkata,2025-05-14 22:00:00,30.0,84.00528111799692,
Kolkata,2025-05-14 23:00:00,30.0,84.00528111799692,
Kolkata,2025-05-15 00:00:00,30.0,82.53623329490637,1004.4
Kolkata,2025-05-15 01:00:00,31.0,79.33114757208126,
Kolkata,2025-05-15 02:00:00,31.0,79.33114757208126,
Kolkata,2025-05-15 03:00:00,32.6,76.81671358719,1006.3
Kolkata,2025-05-15 04:00:00,32.0,74.94828132337592,
Kolkata,2025-05-15 05:00:00,34.0,66.97799053247137,
Kolkata,2025-05-15 06:00:00,35.8,59.555580295945774,1005.7
Kolkata,2025-05-15 07:00:00,36.0,56.5192316286057,
Kolkata,2025-05-15 08:00:00,36.0,56.5192316286057,
Kolkata,2025-05-15 09:00:00,37.0,55.761387344465895,1003.4
Kolkata,2025-05-15 10:00:00,36.0,56.5192316286057,
Kolkata,2025-05-15 11:00:00,35.0,56.28299102683274,
Kolkata,2025-05-15 12:00:00,34.4,56.81646101218082,1002.6
Kolkata,2025-05-15 13:00:00,33.0,62.92958329531054,
Kolkata,2025-05-15 14:00:00,32.0,70.6570356447408,
Kolkata,2025-05-15 15:00:00,32.0,74.94828132337592,1007.0
Kolkata,2025-05-15 16:00:00,29.0,70.10874183711726,
Kolkata,2025-05-15 17:00:00,27.0,88.83751596451742,
Kolkata,2025-05-15 18:00:00,26.0,87.17199233244091,1006.6
Kolkata,2025-05-15 19:00:00,28.0,83.78747242805218,
Kolkata,2025-05-15 20:00:00,29.0,79.0585121873896,
Kolkata,2025-05-15 21:00:00,29.2,86.43038313933076,1004.4
Kolkata,2025-05-15 22:00:00,29.0,83.89690993013956,
Kolkata,2025-05-15 23:00:00,29.0,88.99225887739404,
Kolkata,2025-05-16 00:00:00,29.4,89.54556000162309,1005.0
Kolkata,2025-05-16 01:00:00,30.0,84.00528111799692,
Kolkata,2025-05-16 02:00:00,31.0,84.11259923098856,
Kolkata,2025-05-16 03:00:00,33.6,69.70861962540543,1006.2
Kolkata,2025-05-16 04:00:00,33.0,70.83672096419855,
Kolkata,2025-05-16 05:00:00,34.0,66.97799053247137,
Kolkata,2025-05-16 06:00:00,36.4,58.99422053734538,1005.4
Kolkata,2025-05-16 07:00:00,36.0,56.5192316286057,
Kolkata,2025-05-16 08:00:00,36.0,56.5192316286057,
Kolkata,2025-05-16 09:00:00,36.5,56.30367888959218,1003.1
Kolkata,2025-05-16 10:00:00,36.0,56.5192316286057,
Kolkata,2025-05-16 11:00:00,35.0,59.72752203563765,
Kolkata,2025-05-16 12:00:00,34.0,62.77037868066636,1002.1
Kolkata,2025-05-16 13:00:00,33.0,66.78088716309055,
Kolkata,2025-05-16 14:00:00,32.0,70.6570356447408,
Kolkata,2025-05-16 15:00:00,31.6,74.88472135092377,1004.7
Kolkata,2025-05-16 16:00:00,31.0,79.33114757208126,
Kolkata,2025-05-16 17:00:00,30.0,84.00528111799692,
Kolkata,2025-05-16 18:00:00,30.6,81.16467826556904,1005.4
Kolkata,2025-05-16 19:00:00,30.0,84.00528111799692,
Kolkata,2025-05-16 20:00:00,30.0,84.00528111799692,
Kolkata,2025-05-16 21:00:00,30.0,82.53623329490637,1005.1
Kolkata,2025-05-16 22:00:00,30.0,84.00528111799692,
Kolkata,2025-05-16 23:00:00,30.0,84.00528111799692,
Kolkata,2025-05-17 00:00:00,30.0,84.99729439748566,1005.7
Kolkata,2025-05-17 01:00:00,30.0,89.06845243281573,
Kolkata,2025-05-17 02:00:00,31.0,79.33114757208126,
Kolkata,2025-05-17 03:00:00,32.2,77.65969087917847,1006.6
Kolkata,2025-05-17 04:00:00,33.0,70.83672096419855,
Kolkata,2025-05-17 05:00:00,34.0,66.97799053247137,
Kolkata,2025-05-17 06:00:00,35.6,62.742619089331555,1005.9
Kolkata,2025-05-17 07:00:00,35.0,63.354980624753985,
Kolkata,2025-05-17 08:00:00,36.0,59.95183966647327,
Kolkata,2025-05-17 09:00:00,35.6,57.43753526548385,1003.9
Kolkata,2025-05-17 10:00:00,35.0,56.28299102683274,
Kolkata,2025-05-17 11:00:00,35.0,53.01351873864528,
Kolkata,2025-05-17 12:00:00,33.6,58.00441896805416,1002.6
Kolkata,2025-05-17 13:00:00,32.0,66.5821913857855,
Kolkata,2025-05-17 14:00:00,32.0,70.6570356447408,
Kolkata,2025-05-17 15:00:00,31.4,70.96895584191402,1006.6
Kolkata,2025-05-17 16:00:00,28.0,74.30236303611937,
Kolkata,2025-05-17 17:00:00,26.0,88.7589455109383,
Kolkata,2025-05-17 18:00:00,26.0,90.37112970835472,1006.7
Kolkata,2025-05-17 19:00:00,26.0,88.7589455109383,
Kolkata,2025-05-17 20:00:00,27.0,88.83751596451742,
Kolkata,2025-05-17 21:00:00,27.0,87.26088849314073,1005.4
Kolkata,2025-05-17 22:00:00,26.0,94.23292497092102,
Kolkata,2025-05-17 23:00:00,26.0,94.23292497092102,
Kolkata,2025-05-18 00:00:00,26.4,88.79047072518293,1005.3
Kolkata,2025-05-18 01:00:00,27.0,88.83751596451742,
Kolkata,2025-05-18 02:00:00,28.0,83.78747242805218,
Kolkata,2025-05-18 03:00:00,28.0,90.50618565208272,1008.4
Kolkata,2025-05-18 04:00:00,29.0,83.89690993013956,
Kolkata,2025-05-18 05:00:00,30.0,79.1954670273341,
Kolkata,2025-05-18 06:00:00,31.0,77.03079038177704,1007.6
Kolkata,2025-05-18 07:00:00,28.0,78.9202680701639,
Kolkata,2025-05-18 08:00:00,30.0,70.29306142592459,
Kolkata,2025-05-18 09:00:00,30.2,70.32973763313946,1006.0
Kolkata,2025-05-18 10:00:00,30.0,66.17996487728405,
Kolkata,2025-05-18 11:00:00,30.0,66.17996487728405,
Kolkata,2025-05-18 12:00:00,29.4,68.50651160978764,1004.6
Kolkata,2025-05-18 13:00:00,28.0,78.9202680701639,
Kolkata,2025-05-18 14:00:00,28.0,78.9202680701639,
Kolkata,2025-05-18 15:00:00,28.0,81.80996009312997,1005.9
Kolkata,2025-05-18 16:00:00,28.0,83.78747242805218,
Kolkata,2025-05-18 17:00:00,29.0,79.0585121873896,
Kolkata,2025-05-18 18:00:00,28.8,83.37928484286573,1007.1
Kolkata,2025-05-18 19:00:00,28.0,83.78747242805218,
Kolkata,2025-05-18 20:00:00,28.0,88.91528354225218,
Kolkata,2025-05-18 21:00:00,28.2,88.93074165144274,1005.3
Kolkata,2025-05-18 22:00:00,28.0,88.91528354225218,
Kolkata,2025-05-18 23:00:00,28.0,88.91528354225218,
Kolkata,2025-05-19 00:00:00,28.8,84.87449545917907,1006.3
Kolkata,2025-05-19 01:00:00,30.0,84.00528111799692,
Kolkata,2025-05-19 02:00:00,31.0,79.33114757208126,
Kolkata,2025-05-19 03:00:00,32.4,74.13743365834232,1007.5
Kolkata,2025-05-19 04:00:00,33.0,66.78088716309055,
Kolkata,2025-05-19 05:00:00,33.0,66.78088716309055,
Kolkata,2025-05-19 06:00:00,35.2,61.561526455285076,1006.6
Kolkata,2025-05-19 07:00:00,35.0,59.72752203563765,
Kolkata,2025-05-19 08:00:00,35.0,56.28299102683274,
Kolkata,2025-05-19 09:00:00,35.0,55.28411899781748,1003.4
Kolkata,2025-05-19 10:00:00,35.0,56.28299102683274,
Kolkata,2025-05-19 11:00:00,34.0,59.50158303199722,
Kolkata,2025-05-19 12:00:00,33.6,59.056399786976336,1003.2
Kolkata,2025-05-19 13:00:00,28.0,83.78747242805218,
Kolkata,2025-05-19 14:00:00,26.0,94.23292497092102,
Kolkata,2025-05-19 15:00:00,26.6,96.51914127003087,1006.0
Kolkata,2025-05-19 16:00:00,27.0,88.83751596451742,
Kolkata,2025-05-19 17:00:00,28.0,88.91528354225218,
Kolkata,2025-05-19 18:00:00,27.6,95.41595470562915,1005.0
Kolkata,2025-05-19 19:00:00,29.0,83.89690993013956,
Kolkata,2025-05-19 20:00:00,29.0,83.89690993013956,
Kolkata,2025-05-19 21:00:00,28.4,87.90192756472376,1003.3
Kolkata,2025-05-19 22:00:00,29.0,83.89690993013956,
Kolkata,2025-05-19 23:00:00,29.0,88.99225887739404,
Kolkata,2025-05-20 00:00:00,28.6,90.54615869442738,1003.7
Kolkata,2025-05-20 01:00:00,30.0,84.00528111799692,
Kolkata,2025-05-20 02:00:00,31.0,79.33114757208126,
Kolkata,2025-05-20 03:00:00,32.2,77.65969087917847,1005.2
Kolkata,2025-05-20 04:00:00,34.0,63.14309255534474,
Kolkata,2025-05-20 05:00:00,35.0,59.72752203563765,
Kolkata,2025-05-20 06:00:00,34.4,64.35595460211525,1004.5
Kolkata,2025-05-20 07:00:00,36.0,53.25972513472508,
Kolkata,2025-05-20 08:00:00,36.0,53.25972513472508,
Kolkata,2025-05-20 09:00:00,36.2,53.62697094613858,1002.7
Kolkata,2025-05-20 10:00:00,36.0,50.16587400443515,
Kolkata,2025-05-20 11:00:00,35.0,53.01351873864528,
Kolkata,2025-05-20 12:00:00,34.2,59.54690108998311,1002.0
Kolkata,2025-05-20 13:00:00,33.0,62.92958329531054,
Kolkata,2025-05-20 14:00:00,32.0,66.5821913857855,
Kolkata,2025-05-20 15:00:00,31.5,71.83396752672148,1004.5
Kolkata,2025-05-20 16:00:00,31.0,74.7889561009917,
Kolkata,2025-05-20 17:00:00,31.0,74.7889561009917,
Kolkata,2025-05-20 18:00:00,30.4,75.58532357148971,1004.7
Kolkata,2025-05-20 19:00:00,30.0,84.00528111799692,
Kolkata,2025-05-20 20:00:00,29.0,88.99225887739404,
Kolkata,2025-05-20 21:00:00,29.4,79.11344799319119,1003.1
Kolkata,2025-05-20 22:00:00,29.0,79.0585121873896,
Kolkata,2025-05-20 23:00:00,29.0,83.89690993013956,
Kolkata,2025-05-21 00:00:00,29.0,84.89506306062921,1004.6
Kolkata,2025-05-21 01:00:00,31.0,79.33114757208126,
Kolkata,2025-05-21 02:00:00,31.0,84.11259923098856,
Kolkata,2025-05-21 03:00:00,33.2,72.97782727710387,1006.7
Kolkata,2025-05-21 04:00:00,33.0,70.83672096419855,
Kolkata,2025-05-21 05:00:00,34.0,66.97799053247137,
Kolkata,2025-05-21 06:00:00,35.6,62.742619089331555,1005.6
Kolkata,2025-05-21 07:00:00,36.0,56.5192316286057,
Kolkata,2025-05-21 08:00:00,37.0,53.50436937263995,
Kolkata,2025-05-21 09:00:00,36.8,53.1395653620466,1003.1
Kolkata,2025-05-21 10:00:00,37.0,50.41873224708425,
Kolkata,2025-05-21 11:00:00,36.0,56.5192316286057,
Kolkata,2025-05-21 12:00:00,34.6,63.27041910529518,1001.1
Kolkata,2025-05-21 13:00:00,33.0,70.83672096419855,
Kolkata,2025-05-21 14:00:00,32.0,70.6570356447408,
Kolkata,2025-05-21 15:00:00,32.0,72.34703340707203,1004.7
Kolkata,2025-05-21 16:00:00,26.0,83.5653445347348,
Kolkata,2025-05-21 17:00:00,23.0,94.10581804007526,
Kolkata,2025-05-21 18:00:00,23.0,92.96422650821278,1008.7
Kolkata,2025-05-21 19:00:00,24.0,94.1486450224181,
Kolkata,2025-05-21 20:00:00,25.0,83.45262666598398,
Kolkata,2025-05-21 21:00:00,25.0,91.39891921824884,1004.5
Kolkata,2025-05-21 22:00:00,25.0,83.45262666598398,
Kolkata,2025-05-21 23:00:00,26.0,78.6398510724195,
Kolkata,2025-05-22 00:00:00,26.0,87.17199233244091,1003.3
Kolkata,2025-05-22 01:00:00,27.0,78.78071949348664,
Kolkata,2025-05-22 02:00:00,27.0,78.78071949348664,
Kolkata,2025-05-22 03:00:00,27.4,81.24686676192346,1007.1
Kolkata,2025-05-22 04:00:00,29.0,74.46601257025355,
Kolkata,2025-05-22 05:00:00,30.0,70.29306142592459,
Kolkata,2025-05-22 06:00:00,31.6,67.30181208332723,1005.8
Kolkata,2025-05-22 07:00:00,32.0,66.5821913857855,
Kolkata,2025-05-22 08:00:00,32.0,66.5821913857855,
Kolkata,2025-05-22 09:00:00,33.4,63.76827162149033,1002.8
Kolkata,2025-05-22 10:00:00,33.0,59.27401124880875,
Kolkata,2025-05-22 11:00:00,33.0,59.27401124880875,
Kolkata,2025-05-22 12:00:00,32.4,63.9379440059793,1002.1
Kolkata,2025-05-22 13:00:00,32.0,66.5821913857855,
Kolkata,2025-05-22 14:00:00,31.0,74.7889561009917,
Kolkata,2025-05-22 15:00:00,30.6,75.61652127297627,1004.1
Kolkata,2025-05-22 16:00:00,30.0,79.1954670273341,
Kolkata,2025-05-22 17:00:00,30.0,79.1954670273341,
Kolkata,2025-05-22 18:00:00,30.0,82.53623329490637,1003.3
Kolkata,2025-05-22 19:00:00,29.0,83.89690993013956,
Kolkata,2025-05-22 20:00:00,29.0,88.99225887739404,
Kolkata,2025-05-22 21:00:00,29.2,86.43038313933076,1002.3
Kolkata,2025-05-22 22:00:00,29.0,88.99225887739404,
Kolkata,2025-05-22 23:00:00,29.0,83.89690993013956,
Kolkata,2025-05-23 00:00:00,29.0,89.51636332080271,1003.0
Kolkata,2025-05-23 01:00:00,29.0,88.99225887739404,
Kolkata,2025-05-23 02:00:00,29.0,88.99225887739404,
Kolkata,2025-05-23 03:00:00,30.2,82.5595602209085,1004.2
Kolkata,2025-05-23 04:00:00,31.0,74.7889561009917,
Kolkata,2025-05-23 05:00:00,31.0,74.7889561009917,
Kolkata,2025-05-23 06:00:00,31.6,74.88472135092377,1003.1
Kolkata,2025-05-23 07:00:00,33.0,66.78088716309055,
Kolkata,2025-05-23 08:00:00,33.0,66.78088716309055,
Kolkata,2025-05-23 09:00:00,34.0,61.663754542437346,1000.2
Kolkata,2025-05-23 10:00:00,32.0,70.6570356447408,
Kolkata,2025-05-23 11:00:00,31.0,74.7889561009917,
Kolkata,2025-05-23 12:00:00,31.2,73.50477620307173,1000.3
Kolkata,2025-05-23 13:00:00,27.0,88.83751596451742,
Kolkata,2025-05-23 14:00:00,27.0,88.83751596451742,
Kolkata,2025-05-23 15:00:00,27.4,88.86871874139695,1002.5
Kolkata,2025-05-23 16:00:00,28.0,83.78747242805218,
Kolkata,2025-05-23 17:00:00,28.0,83.78747242805218,
Kolkata,2025-05-23 18:00:00,27.4,88.86871874139695,1002.7
Kolkata,2025-05-23 19:00:00,27.0,88.83751596451742,
Kolkata,2025-05-23 20:00:00,27.0,88.83751596451742,
Kolkata,2025-05-23 21:00:00,27.6,88.88427217188078,1001.8
Kolkata,2025-05-23 22:00:00,27.0,88.83751596451742,
Kolkata,2025-05-23 23:00:00,27.0,88.83751596451742,
Kolkata,2025-05-24 00:00:00,27.2,92.07698925377626,1002.8
Kolkata,2025-05-24 01:00:00,27.0,94.27439081608838,
Kolkata,2025-05-24 03:00:00,30.0,86.50450703984572,1004.5
Kolkata,2025-05-24 04:00:00,31.0,74.7889561009917,
Kolkata,2025-05-24 05:00:00,32.0,70.6570356447408,
Kolkata,2025-05-24 06:00:00,34.0,61.663754542437346,1002.8
Kolkata,2025-05-24 07:00:00,32.0,70.6570356447408,
Kolkata,2025-05-24 08:00:00,31.0,74.7889561009917,
Kolkata,2025-05-24 09:00:00,31.0,81.21443360821415,1000.5
Kolkata,2025-05-24 10:00:00,31.0,74.7889561009917,
Kolkata,2025-05-24 11:00:00,32.0,66.5821913857855,
Kolkata,2025-05-24 12:00:00,31.2,74.82093472023674,1000.3
Kolkata,2025-05-24 13:00:00,30.0,74.62820502423824,
Kolkata,2025-05-24 14:00:00,30.0,79.1954670273341,
Kolkata,2025-05-24 15:00:00,29.0,84.89506306062921,1003.5
Kolkata,2025-05-24 16:00:00,28.0,94.3154156421007,
Kolkata,2025-05-24 17:00:00,28.0,88.91528354225218,
Kolkata,2025-05-24 18:00:00,29.0,84.89506306062921,1003.9
Kolkata,2025-05-24 19:00:00,29.0,83.89690993013956,
Kolkata,2025-05-24 20:00:00,28.0,88.91528354225218,
Kolkata,2025-05-24 21:00:00,28.6,87.91868204829599,1002.6
Kolkata,2025-05-24 22:00:00,28.0,88.91528354225218,
Kolkata,2025-05-24 23:00:00,28.0,88.91528354225218,
Kolkata,2025-05-25 00:00:00,27.8,93.7538663078413,1003.1
Kolkata,2025-05-25 01:00:00,28.0,88.91528354225218,
Kolkata,2025-05-25 02:00:00,29.0,83.89690993013956,
Kolkata,2025-05-25 03:00:00,30.4,81.13972960661955,1004.6
Kolkata,2025-05-25 04:00:00,31.0,74.7889561009917,
Kolkata,2025-05-25 05:00:00,32.0,70.6570356447408,
Kolkata,2025-05-25 06:00:00,32.5,69.91710072643073,1004.0
Kolkata,2025-05-25 07:00:00,31.0,74.7889561009917,
Kolkata,2025-05-25 08:00:00,32.0,70.6570356447408,
Kolkata,2025-05-25 09:00:00,30.4,72.93500760473812,1002.2
Kolkata,2025-05-25 10:00:00,31.0,70.47582088918256,
Kolkata,2025-05-25 11:00:00,30.0,79.1954670273341,
Kolkata,2025-05-25 12:00:00,29.8,81.06459831337503,1001.0
Kolkata,2025-05-25 13:00:00,29.0,83.89690993013956,
Kolkata,2025-05-25 14:00:00,29.0,83.89690993013956,
Kolkata,2025-05-25 15:00:00,29.2,80.5095630310082,1004.2
Kolkata,2025-05-25 16:00:00,29.0,83.89690993013956,
Kolkata,2025-05-25 17:00:00,29.0,83.89690993013956,
Kolkata,2025-05-25 18:00:00,29.0,84.89506306062921,1004.1
Kolkata,2025-05-25 19:00:00,28.0,88.91528354225218,
Kolkata,2025-05-25 20:00:00,28.0,88.91528354225218,
Kolkata,2025-05-25 21:00:00,28.4,86.35566419509173,1002.8
Kolkata,2025-05-25 22:00:00,28.0,94.3154156421007,
Kolkata,2025-05-25 23:00:00,28.0,94.3154156421007,
Kolkata,2025-05-26 00:00:00,28.0,88.91528354225218,1002.4
Kolkata,2025-05-26 01:00:00,29.0,88.99225887739404,
Kolkata,2025-05-26 02:00:00,30.0,84.00528111799692,
Kolkata,2025-05-26 03:00:00,32.2,71.53290094917851,1003.2
Kolkata,2025-05-26 04:00:00,32.0,74.94828132337592,
Kolkata,2025-05-26 05:00:00,28.0,88.91528354225218,
Kolkata,2025-05-26 06:00:00,26.0,100.0,1003.3
Kolkata,2025-05-26 07:00:00,26.0,94.23292497092102,
Kolkata,2025-05-26 08:00:00,26.0,94.23292497092102,
Kolkata,2025-05-26 09:00:00,26.0,100.0,1001.1
Kolkata,2025-05-26 10:00:00,27.0,94.27439081608838,
Kolkata,2025-05-26 11:00:00,27.0,88.83751596451742,
Kolkata,2025-05-26 12:00:00,26.0,100.0,1000.4
Kolkata,2025-05-26 13:00:00,27.0,94.27439081608838,
Kolkata,2025-05-26 14:00:00,27.0,94.27439081608838,
Kolkata,2025-05-26 15:00:00,26.8,98.24867165262664,1002.0
Kolkata,2025-05-26 16:00:00,27.0,94.27439081608838,
Kolkata,2025-05-26 17:00:00,27.0,88.83751596451742,
Kolkata,2025-05-26 18:00:00,26.5,95.9464708703928,1001.3
Kolkata,2025-05-26 19:00:00,27.0,94.27439081608838,
Kolkata,2025-05-26 20:00:00,27.0,94.27439081608838,
Kolkata,2025-05-26 21:00:00,26.0,98.23832753499846,999.6
Kolkata,2025-05-26 22:00:00,27.0,94.27439081608838,
Kolkata,2025-05-26 23:00:00,27.0,94.27439081608838,
Kolkata,2025-05-27 00:00:00,27.0,96.5292760949642,999.6
Kolkata,2025-05-27 01:00:00,27.0,94.27439081608838,
Kolkata,2025-05-27 03:00:00,28.4,95.44234995416194,1000.9
Kolkata,2025-05-27 04:00:00,30.0,84.00528111799692,
Kolkata,2025-05-27 05:00:00,32.0,74.94828132337592,
Kolkata,2025-05-27 06:00:00,31.8,72.31259150236149,999.4
Kolkata,2025-05-27 08:00:00,29.0,94.35600561322181,
Kolkata,2025-05-27 09:00:00,29.2,90.58588438387352,998.1
Kolkata,2025-05-27 10:00:00,29.0,83.89690993013956,
Kolkata,2025-05-27 11:00:00,30.0,84.00528111799692,
Kolkata,2025-05-27 12:00:00,30.0,86.50450703984572,996.4
Kolkata,2025-05-27 13:00:00,30.0,84.00528111799692,
Kolkata,2025-05-27 15:00:00,28.2,92.13309053912468,997.6
Kolkata,2025-05-27 16:00:00,29.0,88.99225887739404,
Kolkata,2025-05-27 17:00:00,29.0,88.99225887739404,
Kolkata,2025-05-27 18:00:00,28.2,93.77172585847173,998.1
Kolkata,2025-05-27 19:00:00,29.0,88.99225887739404,
Kolkata,2025-05-27 20:00:00,29.0,88.99225887739404,
Kolkata,2025-05-27 21:00:00,25.8,100.0,996.5
Kolkata,2025-05-27 22:00:00,27.0,94.27439081608838,
Kolkata,2025-05-27 23:00:00,26.0,94.23292497092102,
Kolkata,2025-05-28 00:00:00,26.0,94.23292497092102,
Kolkata,2025-05-28 01:00:00,27.0,94.27439081608838,
Kolkata,2025-05-28 02:00:00,29.0,83.89690993013956,
Kolkata,2025-05-28 03:00:00,28.8,90.55942797559786,997.4
Kolkata,2025-05-28 04:00:00,30.0,79.1954670273341,
Kolkata,2025-05-28 05:00:00,30.0,79.1954670273341,
Kolkata,2025-05-28 06:00:00,30.2,82.5595602209085,997.2
Kolkata,2025-05-28 07:00:00,30.0,84.00528111799692,
Kolkata,2025-05-28 08:00:00,32.0,70.6570356447408,
Kolkata,2025-05-28 09:00:00,28.6,92.1553667873356,994.3
Kolkata,2025-05-28 10:00:00,29.0,88.99225887739404,
Kolkata,2025-05-28 11:00:00,30.0,84.00528111799692,
Kolkata,2025-05-28 12:00:00,29.8,82.0276141014992,994.1
Kolkata,2025-05-28 13:00:00,29.0,83.89690993013956,
Kolkata,2025-05-28 14:00:00,28.0,88.91528354225218,
Kolkata,2025-05-28 15:00:00,29.2,83.42405706602797,995.2
Kolkata,2025-05-28 16:00:00,28.0,88.91528354225218,
Kolkata,2025-05-28 17:00:00,28.0,88.91528354225218,
Kolkata,2025-05-28 18:00:00,28.4,84.83323810049623,994.2
Kolkata,2025-05-28 19:00:00,28.0,88.91528354225218,
Kolkata,2025-05-28 20:00:00,27.0,88.83751596451742,
Kolkata,2025-05-28 21:00:00,26.8,92.05438311051279,992.4
Kolkata,2025-05-28 22:00:00,27.0,88.83751596451742,
Kolkata,2025-05-28 23:00:00,27.0,88.83751596451742,
Kolkata,2025-05-29 00:00:00,26.2,92.0202947964304,991.9
Kolkata,2025-05-29 01:00:00,27.0,88.83751596451742,
Kolkata,2025-05-29 02:00:00,28.0,83.78747242805218,
Kolkata,2025-05-29 03:00:00,28.6,83.35683314726084,993.0
Kolkata,2025-05-29 04:00:00,29.0,79.0585121873896,
Kolkata,2025-05-29 05:00:00,29.0,83.89690993013956,
Kolkata,2025-05-29 06:00:00,28.4,92.14424033203443,991.1
Kolkata,2025-05-29 07:00:00,27.0,94.27439081608838,
Kolkata,2025-05-29 08:00:00,28.0,88.91528354225218,
Kolkata,2025-05-29 09:00:00,28.0,92.12191734434786,988.1
Kolkata,2025-05-29 10:00:00,27.0,94.27439081608838,
Kolkata,2025-05-29 11:00:00,27.0,94.27439081608838,
Kolkata,2025-05-29 12:00:00,26.8,98.24867165262664,988.4
Kolkata,2025-05-29 13:00:00,27.0,94.27439081608838,
Kolkata,2025-05-29 14:00:00,27.0,94.27439081608838,
Kolkata,2025-05-29 15:00:00,26.6,98.24609415561163,990.6
Kolkata,2025-05-29 16:00:00,27.0,88.83751596451742,
Kolkata,2025-05-29 17:00:00,27.0,88.83751596451742,
Kolkata,2025-05-29 18:00:00,26.4,98.24351098143454,991.5
Kolkata,2025-05-29 19:00:00,27.0,88.83751596451742,
Kolkata,2025-05-29 20:00:00,27.0,88.83751596451742,
Kolkata,2025-05-29 21:00:00,26.2,98.24092211346162,991.3
Kolkata,2025-05-29 22:00:00,27.0,88.83751596451742,
Kolkata,2025-05-29 23:00:00,27.0,88.83751596451742,
Kolkata,2025-05-30 00:00:00,26.4,96.51405730461323,993.2
Kolkata,2025-05-30 01:00:00,28.0,83.78747242805218,
Kolkata,2025-05-30 02:00:00,28.0,83.78747242805218,
Kolkata,2025-05-30 03:00:00,29.0,84.89506306062921,995.6
Kolkata,2025-05-30 04:00:00,30.0,79.1954670273341,
Kolkata,2025-05-30 05:00:00,31.0,74.7889561009917,
Kolkata,2025-05-30 06:00:00,34.0,67.37244576814547,995.7
Kolkata,2025-05-30 07:00:00,33.0,66.78088716309055,
Kolkata,2025-05-30 08:00:00,33.0,66.78088716309055,
Kolkata,2025-05-30 09:00:00,34.8,63.31273208033373,995.3
Kolkata,2025-05-30 10:00:00,33.0,66.78088716309055,
Kolkata,2025-05-30 11:00:00,33.0,66.78088716309055,
Kolkata,2025-05-30 12:00:00,32.6,70.34917736761386,996.4
Kolkata,2025-05-30 13:00:00,31.0,74.7889561009917,
Kolkata,2025-05-30 14:00:00,31.0,79.33114757208126,
Kolkata,2025-05-30 15:00:00,30.6,81.16467826556904,998.4
Kolkata,2025-05-30 16:00:00,31.0,84.11259923098856,
Kolkata,2025-05-30 17:00:00,31.0,84.11259923098856,
Kolkata,2025-05-30 18:00:00,31.0,87.10069428371511,999.5
Kolkata,2025-05-30 19:00:00,31.0,84.11259923098856,
Kolkata,2025-05-30 20:00:00,31.0,84.11259923098856,
Kolkata,2025-05-30 21:00:00,30.4,89.61803111590942,997.8
Kolkata,2025-05-30 22:00:00,30.0,84.00528111799692,
Kolkata,2025-05-30 23:00:00,29.0,83.89690993013956,
Kolkata,2025-05-31 00:00:00,29.0,92.17754994106518,999.0
Kolkata,2025-05-31 01:00:00,30.0,84.00528111799692,
Kolkata,2025-05-31 02:00:00,31.0,84.11259923098856,
Kolkata,2025-05-31 03:00:00,33.1,74.25093310524629,1000.0
Kolkata,2025-05-31 04:00:00,34.0,66.97799053247137,
Kolkata,2025-05-31 05:00:00,34.0,66.97799053247137,
Kolkata,2025-05-31 06:00:00,35.4,67.25128721615818,999.6
Kolkata,2025-05-31 07:00:00,33.0,70.83672096419855,
Kolkata,2025-05-31 08:00:00,30.0,94.39616678764413,
Kolkata,2025-05-31 09:00:00,31.6,82.72159738179782,997.8
Kolkata,2025-05-31 10:00:00,32.0,79.46556860628449,
Kolkata,2025-05-31 11:00:00,32.0,74.94828132337592,
Kolkata,2025-05-31 12:00:00,31.8,73.60449518826249,997.7
Kolkata,2025-05-31 13:00:00,31.0,84.11259923098856,
Kolkata,2025-05-31 14:00:00,31.0,84.11259923098856,
Kolkata,2025-05-31 15:00:00,31.0,85.59526014060029,1000.2
Kolkata,2025-05-31 16:00:00,30.0,89.06845243281573,
Kolkata,2025-05-31 17:00:00,30.0,89.06845243281573,
Kolkata,2025-05-31 18:00:00,30.0,92.23260387388135,1000.1
Kolkata,2025-05-31 19:00:00,30.0,89.06845243281573,
Kolkata,2025-05-31 20:00:00,30.0,89.06845243281573,
Kolkata,2025-05-31 21:00:00,30.0,91.1671536010179,998.4
Kolkata,2025-05-31 22:00:00,30.0,89.06845243281573,
Kolkata,2025-05-31 23:00:00,30.0,89.06845243281573,
Kolkata,2025-06-01 00:00:00,29.2,92.18860676693177,999.2
Kolkata,2025-06-01 01:00:00,30.0,89.06845243281573,
Kolkata,2025-06-01 02:00:00,31.0,84.11259923098856,
Kolkata,2025-06-01 03:00:00,33.2,75.57620351995676,999.7
Kolkata,2025-06-01 04:00:00,33.0,70.83672096419855,
Kolkata,2025-06-01 05:00:00,34.0,66.97799053247137,
Kolkata,2025-06-01 06:00:00,36.6,61.14795125757947,998.8
Kolkata,2025-06-01 07:00:00,36.0,56.5192316286057,
Kolkata,2025-06-01 08:00:00,37.0,53.50436937263995,
Kolkata,2025-06-01 09:00:00,38.0,50.07345504495615,997.6
Kolkata,2025-06-01 10:00:00,37.0,56.75387441857558,
Kolkata,2025-06-01 11:00:00,36.0,56.5192316286057,
Kolkata,2025-06-01 12:00:00,35.8,63.89522935666694,997.1
Kolkata,2025-06-01 13:00:00,34.0,63.14309255534474,
Kolkata,2025-06-01 14:00:00,31.0,79.33114757208126,
Kolkata,2025-06-01 15:00:00,31.2,73.50477620307173,999.5
Kolkata,2025-06-01 16:00:00,29.0,79.0585121873896,
Kolkata,2025-06-01 17:00:00,28.0,88.91528354225218,
Kolkata,2025-06-01 18:00:00,29.0,86.41175942849821,999.8
Kolkata,2025-06-01 19:00:00,29.0,83.89690993013956,
Kolkata,2025-06-01 20:00:00,29.0,83.89690993013956,
Kolkata,2025-06-01 21:00:00,28.8,87.93540259721783,1000.0
Kolkata,2025-06-01 22:00:00,29.0,79.0585121873896,
Kolkata,2025-06-01 23:00:00,29.0,83.89690993013956,
Kolkata,2025-06-02 00:00:00,29.4,89.54556000162309,998.1
Kolkata,2025-06-02 01:00:00,31.0,84.11259923098856,
Kolkata,2025-06-02 02:00:00,33.0,70.83672096419855,
Kolkata,2025-06-02 03:00:00,34.2,63.93621970684363,999.8
Kolkata,2025-06-02 04:00:00,34.0,59.50158303199722,
Kolkata,2025-06-02 05:00:00,35.0,53.01351873864528,
Kolkata,2025-06-02 06:00:00,37.0,48.35250304538567,999.3
Kolkata,2025-06-02 07:00:00,37.0,44.7111106073837,
Kolkata,2025-06-02 08:00:00,37.0,44.7111106073837,
Kolkata,2025-06-02 09:00:00,39.0,42.864884209929116,997.9
Kolkata,2025-06-02 10:00:00,38.0,39.84688287839567,
Kolkata,2025-06-02 11:00:00,38.0,39.84688287839567,
Kolkata,2025-06-02 12:00:00,37.0,48.35250304538567,997.8
Kolkata,2025-06-02 13:00:00,33.0,55.80567844118911,
Kolkata,2025-06-02 14:00:00,33.0,49.398242289998336,
Kolkata,2025-06-02 15:00:00,32.2,61.63719881412483,1000.2
Kolkata,2025-06-02 16:00:00,33.0,59.27401124880875,
Kolkata,2025-06-02 17:00:00,33.0,62.92958329531054,
Kolkata,2025-06-02 18:00:00,31.6,60.03485302219658,1001.4
Kolkata,2025-06-02 19:00:00,29.0,70.10874183711726,
Kolkata,2025-06-02 20:00:00,29.0,70.10874183711726,
Kolkata,2025-06-02 22:00:00,29.0,70.10874183711726,
Kolkata,2025-06-02 23:00:00,29.0,74.46601257025355,
Kolkata,2025-06-03 00:00:00,29.8,82.0276141014992,1001.1
Kolkata,2025-06-03 01:00:00,30.0,84.00528111799692,
Kolkata,2025-06-03 02:00:00,32.0,74.94828132337592,
Kolkata,2025-06-03 03:00:00,34.2,66.62513546519824,1002.3
Kolkata,2025-06-03 04:00:00,35.0,56.28299102683274,
Kolkata,2025-06-03 05:00:00,36.0,53.25972513472508,
Kolkata,2025-06-03 06:00:00,36.4,47.908694402066544,1001.9
Kolkata,2025-06-03 07:00:00,37.0,47.48991405743266,
Kolkata,2025-06-03 08:00:00,37.0,50.41873224708425,
Kolkata,2025-06-03 09:00:00,38.6,42.50216258271229,999.3
Kolkata,2025-06-03 10:00:00,38.0,44.974237081492554,
Kolkata,2025-06-03 11:00:00,36.0,53.25972513472508,
Kolkata,2025-06-03 12:00:00,33.6,59.056399786976336,999.4
Kolkata,2025-06-03 13:00:00,33.0,66.78088716309055,
Kolkata,2025-06-03 14:00:00,31.0,74.7889561009917,
Kolkata,2025-06-03 15:00:00,30.6,72.96898936310727,1001.9
Kolkata,2025-06-03 16:00:00,29.0,74.46601257025355,
Kolkata,2025-06-03 17:00:00,29.0,79.0585121873896,
Kolkata,2025-06-03 18:00:00,26.2,100.0,1003.9
Kolkata,2025-06-03 19:00:00,24.0,94.1486450224181,
Kolkata,2025-06-03 20:00:00,24.0,94.1486450224181,
Kolkata,2025-06-03 21:00:00,24.6,100.0,1002.4
Kolkata,2025-06-03 22:00:00,25.0,94.19101183405704,
Kolkata,2025-06-03 23:00:00,25.0,94.19101183405704,
Kolkata,2025-06-04 00:00:00,25.0,93.06534216930645,1002.8
Kolkata,2025-06-04 01:00:00,26.0,88.7589455109383,
Kolkata,2025-06-04 02:00:00,27.0,88.83751596451742,
Kolkata,2025-06-04 03:00:00,27.4,90.46596324112937,1004.3
Kolkata,2025-06-04 04:00:00,30.0,79.1954670273341,
Kolkata,2025-06-04 05:00:00,31.0,74.7889561009917,
Kolkata,2025-06-04 06:00:00,32.2,77.65969087917847,1004.4
Kolkata,2025-06-04 07:00:00,33.0,66.78088716309055,
Kolkata,2025-06-04 08:00:00,33.0,70.83672096419855,
Kolkata,2025-06-04 09:00:00,31.2,72.20890765279174,1003.2
Kolkata,2025-06-04 10:00:00,30.0,70.29306142592459,
Kolkata,2025-06-04 11:00:00,29.0,74.46601257025355,
Kolkata,2025-06-04 12:00:00,28.8,77.62630156297041,1002.5
Kolkata,2025-06-04 13:00:00,28.0,78.9202680701639,
Kolkata,2025-06-04 14:00:00,28.0,78.9202680701639,
Kolkata,2025-06-04 15:00:00,27.6,82.7470419948832,1005.3
Kolkata,2025-06-04 16:00:00,28.0,83.78747242805218,
Kolkata,2025-06-04 17:00:00,28.0,83.78747242805218,
Kolkata,2025-06-04 18:00:00,27.8,88.89979374390309,1006.0
Kolkata,2025-06-04 19:00:00,28.0,88.91528354225218,
Kolkata,2025-06-04 20:00:00,27.0,88.83751596451742,
Kolkata,2025-06-04 21:00:00,28.0,88.91528354225218,1005.3
Kolkata,2025-06-04 22:00:00,27.0,88.83751596451742,
Kolkata,2025-06-04 23:00:00,27.0,88.83751596451742,
Kolkata,2025-06-05 00:00:00,27.2,92.07698925377626,1005.1
Kolkata,2025-06-05 01:00:00,28.0,88.91528354225218,
Kolkata,2025-06-05 02:00:00,28.0,88.91528354225218,
Kolkata,2025-06-05 03:00:00,29.4,87.98536152503398,1007.3
Kolkata,2025-06-05 04:00:00,30.0,84.00528111799692,
Kolkata,2025-06-05 05:00:00,32.0,70.6570356447408,
Kolkata,2025-06-05 06:00:00,32.8,69.15187043596707,1005.8
Kolkata,2025-06-05 07:00:00,33.0,70.83672096419855,
Kolkata,2025-06-05 08:00:00,33.0,66.78088716309055,
Kolkata,2025-06-05 09:00:00,32.2,70.27643339934488,1004.4
Kolkata,2025-06-05 10:00:00,29.0,79.0585121873896,
Kolkata,2025-06-05 11:00:00,29.0,79.0585121873896,
Kolkata,2025-06-05 12:00:00,28.2,87.36638064071765,1003.9
Kolkata,2025-06-05 13:00:00,28.0,88.91528354225218,
Kolkata,2025-06-05 14:00:00,28.0,88.91528354225218,
Kolkata,2025-06-05 15:00:00,27.8,95.42257479752661,1006.4
Kolkata,2025-06-05 16:00:00,28.0,94.3154156421007,
Kolkata,2025-06-05 17:00:00,28.0,88.91528354225218,
Kolkata,2025-06-05 18:00:00,27.0,96.5292760949642,1006.8
Kolkata,2025-06-05 19:00:00,28.0,88.91528354225218,
Kolkata,2025-06-05 20:00:00,28.0,88.91528354225218,
Kolkata,2025-06-05 21:00:00,27.2,96.53432701791446,1006.3
Kolkata,2025-06-05 22:00:00,27.0,94.27439081608838,
Kolkata,2025-06-05 23:00:00,27.0,94.27439081608838,
Kolkata,2025-06-06 00:00:00,27.2,96.53432701791446,1006.3
Kolkata,2025-06-06 01:00:00,29.0,88.99225887739404,
Kolkata,2025-06-06 02:00:00,30.0,84.00528111799692,
Kolkata,2025-06-06 03:00:00,31.6,78.94871738353811,1007.5
Kolkata,2025-06-06 04:00:00,32.0,70.6570356447408,
Kolkata,2025-06-06 05:00:00,33.0,66.78088716309055,
Kolkata,2025-06-06 06:00:00,34.8,62.20391825591429,1006.4
Kolkata,2025-06-06 07:00:00,34.0,63.14309255534474,
Kolkata,2025-06-06 08:00:00,34.0,63.14309255534474,
Kolkata,2025-06-06 09:00:00,35.0,63.354980624753985,1004.1
Kolkata,2025-06-06 10:00:00,35.0,59.72752203563765,
Kolkata,2025-06-06 11:00:00,34.0,66.97799053247137,
Kolkata,2025-06-06 12:00:00,33.2,68.41626758283552,1003.2
Kolkata,2025-06-06 13:00:00,31.0,74.7889561009917,
Kolkata,2025-06-06 14:00:00,31.0,74.7889561009917,
Kolkata,2025-06-06 15:00:00,29.8,68.58338730413207,1006.0
Kolkata,2025-06-06 16:00:00,29.0,79.0585121873896,
Kolkata,2025-06-06 17:00:00,26.0,88.7589455109383,
Kolkata,2025-06-06 18:00:00,24.0,89.68569309935684,1006.3
Kolkata,2025-06-06 19:00:00,25.0,83.45262666598398,
Kolkata,2025-06-06 20:00:00,27.0,83.67695517522091,
Kolkata,2025-06-06 21:00:00,25.4,88.17753730223563,1004.6
Kolkata,2025-06-06 22:00:00,26.0,94.23292497092102,
Kolkata,2025-06-06 23:00:00,26.0,88.7589455109383,
Kolkata,2025-06-07 00:00:00,25.8,91.99744908137737,1006.3
Kolkata,2025-06-07 01:00:00,27.0,83.67695517522091,
Kolkata,2025-06-07 02:00:00,29.0,74.46601257025355,
Kolkata,2025-06-07 03:00:00,30.8,67.95498445600064,1007.3
Kolkata,2025-06-07 04:00:00,32.0,62.71443976755974,
Kolkata,2025-06-07 05:00:00,33.0,62.92958329531054,
Kolkata,2025-06-07 06:00:00,34.6,57.54622405958298,1005.8
Kolkata,2025-06-07 07:00:00,34.0,59.50158303199722,
Kolkata,2025-06-07 08:00:00,35.0,56.28299102683274,
Kolkata,2025-06-07 09:00:00,35.0,59.02423742118093,1003.5
Kolkata,2025-06-07 10:00:00,35.0,59.72752203563765,
Kolkata,2025-06-07 11:00:00,34.0,63.14309255534474,
Kolkata,2025-06-07 12:00:00,34.0,63.89432970526357,1002.3
Kolkata,2025-06-07 13:00:00,33.0,66.78088716309055,
Kolkata,2025-06-07 14:00:00,32.0,74.94828132337592,
Kolkata,2025-06-07 15:00:00,32.2,73.6706835261597,1004.1
Kolkata,2025-06-07 16:00:00,31.0,79.33114757208126,
Kolkata,2025-06-07 17:00:00,30.0,79.1954670273341,
Kolkata,2025-06-07 18:00:00,30.8,81.1895795616241,1005.3
Kolkata,2025-06-07 19:00:00,30.0,79.1954670273341,
Kolkata,2025-06-07 20:00:00,30.0,84.00528111799692,
Kolkata,2025-06-07 21:00:00,30.0,84.99729439748566,1003.7
Kolkata,2025-06-07 22:00:00,30.0,84.00528111799692,
Kolkata,2025-06-07 23:00:00,29.0,88.99225887739404,
Kolkata,2025-06-08 00:00:00,29.0,90.57266984744003,1004.2
Kolkata,2025-06-08 01:00:00,30.0,89.06845243281573,
Kolkata,2025-06-08 02:00:00,32.0,79.46556860628449,
Kolkata,2025-06-08 03:00:00,33.2,72.97782727710387,1004.8
Kolkata,2025-06-08 04:00:00,34.0,66.97799053247137,
Kolkata,2025-06-08 05:00:00,34.0,66.97799053247137,
Kolkata,2025-06-08 06:00:00,35.2,58.02912462233106,1003.8
Kolkata,2025-06-08 07:00:00,33.0,66.78088716309055,
Kolkata,2025-06-08 08:00:00,35.0,56.28299102683274,
Kolkata,2025-06-08 09:00:00,35.4,53.11218922804798,1001.4
Kolkata,2025-06-08 10:00:00,36.0,53.25972513472508,
Kolkata,2025-06-08 15:00:00,31.4,80.31973345807687,1002.9
Kolkata,2025-06-08 16:00:00,31.0,79.33114757208126,
Kolkata,2025-06-08 17:00:00,31.0,79.33114757208126,
Kolkata,2025-06-08 18:00:00,30.4,85.53649748682237,1003.6
Kolkata,2025-06-08 19:00:00,30.0,84.00528111799692,
Kolkata,2025-06-08 20:00:00,30.0,84.00528111799692,
Kolkata,2025-06-08 21:00:00,30.0,88.03501822943302,1002.7
Kolkata,2025-06-08 22:00:00,29.0,88.99225887739404,
Kolkata,2025-06-08 23:00:00,29.0,88.99225887739404,
Kolkata,2025-06-09 00:00:00,29.2,90.58588438387352,1003.0
Kolkata,2025-06-09 01:00:00,30.0,89.06845243281573,
Kolkata,2025-06-09 02:00:00,31.0,84.11259923098856,
Kolkata,2025-06-09 03:00:00,33.4,72.1636734164623,1003.7
Kolkata,2025-06-09 04:00:00,33.0,70.83672096419855,
Kolkata,2025-06-09 05:00:00,35.0,59.72752203563765,
Kolkata,2025-06-09 06:00:00,35.6,57.43753526548385,1002.5
Kolkata,2025-06-09 07:00:00,35.0,59.72752203563765,
Kolkata,2025-06-09 08:00:00,36.0,56.5192316286057,
Kolkata,2025-06-09 09:00:00,36.6,54.044002417811576,999.2
Kolkata,2025-06-09 10:00:00,35.0,56.28299102683274,
Kolkata,2025-06-09 11:00:00,34.0,63.14309255534474,
Kolkata,2025-06-09 12:00:00,34.2,57.45282698261636,998.7
Kolkata,2025-06-09 13:00:00,33.0,62.92958329531054,
Kolkata,2025-06-09 14:00:00,32.0,70.6570356447408,
Kolkata,2025-06-09 15:00:00,31.4,70.96895584191402,1001.4
Kolkata,2025-06-09 16:00:00,32.0,74.94828132337592,
Kolkata,2025-06-09 17:00:00,31.0,79.33114757208126,
Kolkata,2025-06-09 18:00:00,30.6,84.06979751556185,1001.8
Kolkata,2025-06-09 21:00:00,30.2,85.01762004491522,1001.3
Kolkata,2025-06-09 22:00:00,29.0,88.99225887739404,
Kolkata,2025-06-09 23:00:00,29.0,94.35600561322181,
Kolkata,2025-06-10 00:00:00,29.6,88.00194722290112,1000.8
Kolkata,2025-06-10 01:00:00,31.0,84.11259923098856,
Kolkata,2025-06-10 02:00:00,31.0,84.11259923098856,
Kolkata,2025-06-10 03:00:00,33.0,72.94417143512577,1002.0
Kolkata,2025-06-10 04:00:00,34.0,66.97799053247137,
Kolkata,2025-06-10 05:00:00,34.0,63.14309255534474,
Kolkata,2025-06-10 06:00:00,35.4,55.05099865764974,1001.3
Kolkata,2025-06-10 07:00:00,35.0,59.72752203563765,
Kolkata,2025-06-10 08:00:00,35.0,59.72752203563765,
Kolkata,2025-06-10 09:00:00,32.4,69.07688914571028,1000.4
Kolkata,2025-06-10 10:00:00,31.0,74.7889561009917,
Kolkata,2025-06-10 12:00:00,31.2,76.157651318818,999.3
Kolkata,2025-06-10 13:00:00,31.0,74.7889561009917,
Kolkata,2025-06-10 14:00:00,31.0,79.33114757208126,
Kolkata,2025-06-10 15:00:00,30.6,85.55612371787966,1001.9
Kolkata,2025-06-10 16:00:00,30.0,84.00528111799692,
Kolkata,2025-06-10 17:00:00,30.0,84.00528111799692,
Kolkata,2025-06-10 18:00:00,30.2,84.02682856635852,1002.4
Kolkata,2025-06-10 19:00:00,30.0,84.00528111799692,
Kolkata,2025-06-10 20:00:00,30.0,84.00528111799692,
Kolkata,2025-06-10 21:00:00,29.4,84.9360766224706,1001.1
Kolkata,2025-06-10 22:00:00,29.0,88.99225887739404,
Kolkata,2025-06-10 23:00:00,29.0,94.35600561322181,
Kolkata,2025-06-11 00:00:00,29.2,90.58588438387352,1001.9
Kolkata,2025-06-11 01:00:00,30.0,84.00528111799692,
Kolkata,2025-06-11 02:00:00,31.0,79.33114757208126,
Kolkata,2025-06-11 03:00:00,32.0,73.63761837389029,1003.1
Kolkata,2025-06-11 04:00:00,33.0,66.78088716309055,
Kolkata,2025-06-11 05:00:00,33.0,66.78088716309055,
Kolkata,2025-06-11 06:00:00,33.8,63.852375094977866,1002.5
Kolkata,2025-06-11 07:00:00,33.0,66.78088716309055,
Kolkata,2025-06-11 08:00:00,33.0,70.83672096419855,
Kolkata,2025-06-11 09:00:00,33.2,67.21631066718778,1001.3
Kolkata,2025-06-11 11:00:00,33.0,66.78088716309055,
Kolkata,2025-06-11 12:00:00,32.8,67.93722542562669,1000.1
Kolkata,2025-06-11 13:00:00,31.0,74.7889561009917,
Kolkata,2025-06-11 14:00:00,30.0,79.1954670273341,
Kolkata,2025-06-11 15:00:00,30.4,79.71870652103674,1002.3
Kolkata,2025-06-11 16:00:00,30.0,84.00528111799692,
Kolkata,2025-06-11 17:00:00,29.0,83.89690993013956,
Kolkata,2025-06-11 18:00:00,29.8,81.06459831337503,1002.5
Kolkata,2025-06-11 19:00:00,29.0,83.89690993013956,
Kolkata,2025-06-11 20:00:00,29.0,83.89690993013956,
Kolkata,2025-06-12 03:00:00,32.6,66.70160074556692,1003.9
Kolkata,2025-06-12 04:00:00,33.0,66.78088716309055,
Kolkata,2025-06-12 05:00:00,33.0,66.78088716309055,
Kolkata,2025-06-12 06:00:00,34.2,59.54690108998311,1003.1
Kolkata,2025-06-12 07:00:00,34.0,59.50158303199722,
Kolkata,2025-06-12 08:00:00,32.0,70.6570356447408,
Kolkata,2025-06-12 09:00:00,33.0,66.78088716309055,1001.2
Kolkata,2025-06-12 10:00:00,33.0,62.92958329531054,
Kolkata,2025-06-12 11:00:00,33.0,62.92958329531054,
Kolkata,2025-06-12 12:00:00,32.8,63.26317222090716,1000.0
Kolkata,2025-06-12 13:00:00,32.0,70.6570356447408,
Kolkata,2025-06-12 14:00:00,31.0,74.7889561009917,
Kolkata,2025-06-12 15:00:00,31.2,78.89384535394599,1002.1
Kolkata,2025-06-12 16:00:00,30.0,84.00528111799692,
Kolkata,2025-06-12 17:00:00,30.0,79.1954670273341,
Kolkata,2025-06-12 18:00:00,30.2,84.02682856635852,1003.2
Kolkata,2025-06-12 19:00:00,30.0,84.00528111799692,
Kolkata,2025-06-12 20:00:00,29.0,88.99225887739404,
Kolkata,2025-06-12 21:00:00,29.0,90.57266984744003,1002.6
Kolkata,2025-06-12 22:00:00,29.0,88.99225887739404,
Kolkata,2025-06-12 23:00:00,28.0,94.3154156421007,
Kolkata,2025-06-13 00:00:00,29.0,89.51636332080271,1003.5
Kolkata,2025-06-13 01:00:00,30.0,84.00528111799692,
Kolkata,2025-06-13 02:00:00,32.0,74.94828132337592,
Kolkata,2025-06-13 03:00:00,33.0,67.97575322043862,1004.8
Kolkata,2025-06-13 04:00:00,33.0,66.78088716309055,
Kolkata,2025-06-13 05:00:00,34.0,63.14309255534474,
Kolkata,2025-06-13 06:00:00,35.8,56.47211163775998,1002.9
Kolkata,2025-06-13 07:00:00,35.0,59.72752203563765,
Kolkata,2025-06-13 08:00:00,35.0,59.72752203563765,
Kolkata,2025-06-13 09:00:00,36.2,54.59153725568461,1000.7
Kolkata,2025-06-13 10:00:00,36.0,56.5192316286057,
Kolkata,2025-06-13 11:00:00,35.0,59.72752203563765,
Kolkata,2025-06-13 12:00:00,34.8,62.20391825591429,999.8
Kolkata,2025-06-13 13:00:00,31.0,79.33114757208126,
Kolkata,2025-06-13 14:00:00,31.0,74.7889561009917,
Kolkata,2025-06-13 15:00:00,31.2,77.51519693628545,1001.6
Kolkata,2025-06-13 16:00:00,31.0,79.33114757208126,
Kolkata,2025-06-13 17:00:00,31.0,79.33114757208126,
Kolkata,2025-06-13 18:00:00,30.6,81.16467826556904,1001.8
Kolkata,2025-06-13 19:00:00,30.0,84.00528111799692,
Kolkata,2025-06-13 20:00:00,31.0,79.33114757208126,
Kolkata,2025-06-13 21:00:00,30.2,82.5595602209085,1001.4
Kolkata,2025-06-13 22:00:00,30.0,84.00528111799692,
Kolkata,2025-06-13 23:00:00,30.0,84.00528111799692,
Kolkata,2025-06-14 00:00:00,29.8,86.48603151527291,1001.8
Kolkata,2025-06-14 01:00:00,31.0,84.11259923098856,
Kolkata,2025-06-14 02:00:00,31.0,79.33114757208126,
Kolkata,2025-06-14 03:00:00,34.6,67.88429230577138,1002.7
Kolkata,2025-06-14 04:00:00,33.0,66.78088716309055,
Kolkata,2025-06-14 05:00:00,34.0,63.14309255534474,
Kolkata,2025-06-14 06:00:00,35.8,61.692070231226595,1001.3
Kolkata,2025-06-14 07:00:00,35.0,59.72752203563765,
Kolkata,2025-06-14 08:00:00,36.0,53.25972513472508,
Kolkata,2025-06-14 09:00:00,37.0,50.41873224708425,999.0
Kolkata,2025-06-14 10:00:00,35.0,59.72752203563765,
Kolkata,2025-06-14 11:00:00,35.0,59.72752203563765,
Kolkata,2025-06-14 12:00:00,34.4,61.02394829813572,998.7
Kolkata,2025-06-14 13:00:00,33.0,66.78088716309055,
Kolkata,2025-06-14 14:00:00,32.0,74.94828132337592,
Kolkata,2025-06-14 15:00:00,31.8,73.60449518826249,1000.9
Kolkata,2025-06-14 16:00:00,31.0,79.33114757208126,
Kolkata,2025-06-14 17:00:00,31.0,79.33114757208126,
Kolkata,2025-06-14 18:00:00,30.4,82.58284223811447,1001.3
Kolkata,2025-06-14 19:00:00,30.0,84.00528111799692,
Kolkata,2025-06-14 20:00:00,30.0,89.06845243281573,
Kolkata,2025-06-14 21:00:00,29.8,84.97692867892383,1000.7
Kolkata,2025-06-14 22:00:00,30.0,84.00528111799692,
Kolkata,2025-06-14 23:00:00,30.0,89.06845243281573,
Kolkata,2025-06-15 00:00:00,30.0,88.03501822943302,999.8
Kolkata,2025-06-15 01:00:00,31.0,84.11259923098856,
Kolkata,2025-06-15 02:00:00,31.0,84.11259923098856,
Kolkata,2025-06-15 03:00:00,30.4,91.19187707365737,1001.2
Kolkata,2025-06-15 04:00:00,30.0,89.06845243281573,
Kolkata,2025-06-15 05:00:00,28.0,83.78747242805218,
Kolkata,2025-06-15 06:00:00,26.8,95.38933139322062,1001.5
Kolkata,2025-06-15 07:00:00,29.0,83.89690993013956,
Kolkata,2025-06-15 08:00:00,31.0,79.33114757208126,
Kolkata,2025-06-15 09:00:00,30.8,78.37581423848806,998.9
Kolkata,2025-06-15 10:00:00,31.0,79.33114757208126,
Kolkata,2025-06-15 11:00:00,30.0,84.00528111799692,
Kolkata,2025-06-15 12:00:00,30.6,81.16467826556904,997.6
Kolkata,2025-06-15 13:00:00,29.0,88.99225887739404,
Kolkata,2025-06-15 14:00:00,29.0,94.35600561322181,
Kolkata,2025-06-15 15:00:00,29.6,86.46751908713752,1000.4
Kolkata,2025-06-15 16:00:00,29.0,88.99225887739404,
Kolkata,2025-06-15 17:00:00,29.0,88.99225887739404,
Kolkata,2025-06-15 18:00:00,29.2,84.91559008084812,1000.5
Kolkata,2025-06-15 19:00:00,28.0,88.91528354225218,
Kolkata,2025-06-15 20:00:00,28.0,88.91528354225218,
Kolkata,2025-06-15 21:00:00,28.6,87.91868204829599,999.6
Kolkata,2025-06-15 22:00:00,28.0,88.91528354225218,
Kolkata,2025-06-15 23:00:00,28.0,88.91528354225218,
Kolkata,2025-06-16 00:00:00,27.8,93.7538663078413,1000.5
Kolkata,2025-06-16 01:00:00,28.0,94.3154156421007,
Kolkata,2025-06-16 02:00:00,30.0,84.00528111799692,
Kolkata,2025-06-16 03:00:00,30.8,78.37581423848806,999.8
Kolkata,2025-06-16 04:00:00,31.0,74.7889561009917,
Kolkata,2025-06-16 05:00:00,32.0,70.6570356447408,
Kolkata,2025-06-16 06:00:00,32.6,70.34917736761386,999.1
Kolkata,2025-06-16 07:00:00,33.0,66.78088716309055,
Kolkata,2025-06-16 08:00:00,34.0,66.97799053247137,
Kolkata,2025-06-16 09:00:00,34.0,61.663754542437346,996.5
Kolkata,2025-06-16 10:00:00,29.0,83.89690993013956,
Kolkata,2025-06-16 11:00:00,30.0,79.1954670273341,
Kolkata,2025-06-16 12:00:00,30.0,83.5130798716472,997.0
Kolkata,2025-06-16 13:00:00,29.0,88.99225887739404,
Kolkata,2025-06-16 14:00:00,28.0,88.91528354225218,
Kolkata,2025-06-16 15:00:00,28.8,90.55942797559786,998.9
Kolkata,2025-06-16 16:00:00,29.0,83.89690993013956,
Kolkata,2025-06-16 17:00:00,28.0,88.91528354225218,
Kolkata,2025-06-16 18:00:00,27.6,95.41595470562915,999.3
Kolkata,2025-06-16 19:00:00,28.0,88.91528354225218,
Kolkata,2025-06-16 20:00:00,28.0,88.91528354225218,
Kolkata,2025-06-16 21:00:00,27.4,92.08825670296545,997.3
Kolkata,2025-06-16 22:00:00,28.0,88.91528354225218,
Kolkata,2025-06-16 23:00:00,28.0,88.91528354225218,
Kolkata,2025-06-17 00:00:00,27.2,95.40267171979633,997.1
Kolkata,2025-06-17 01:00:00,27.0,94.27439081608838,
Kolkata,2025-06-17 02:00:00,27.0,88.83751596451742,
Kolkata,2025-06-17 03:00:00,26.8,98.24867165262664,998.3
Kolkata,2025-06-17 04:00:00,27.0,94.27439081608838,
Kolkata,2025-06-17 05:00:00,28.0,88.91528354225218,
Kolkata,2025-06-17 06:00:00,28.0,95.42918067606378,997.7
Kolkata,2025-06-17 07:00:00,28.0,88.91528354225218,
Kolkata,2025-06-17 08:00:00,27.0,94.27439081608838,
Kolkata,2025-06-17 09:00:00,28.2,95.43577238155224,996.0
Kolkata,2025-06-17 10:00:00,28.0,94.3154156421007,
Kolkata,2025-06-17 11:00:00,28.0,94.3154156421007,
Kolkata,2025-06-17 12:00:00,28.4,95.44234995416194,995.6
Kolkata,2025-06-17 13:00:00,28.0,88.91528354225218,
Kolkata,2025-06-17 14:00:00,28.0,94.3154156421007,
Kolkata,2025-06-17 15:00:00,27.4,93.73593071403404,997.9
Kolkata,2025-06-17 16:00:00,28.0,88.91528354225218,
Kolkata,2025-06-17 17:00:00,28.0,88.91528354225218,
Kolkata,2025-06-17 18:00:00,27.0,96.5292760949642,998.1
Kolkata,2025-06-17 19:00:00,27.0,94.27439081608838,
Kolkata,2025-06-17 20:00:00,27.0,94.27439081608838,
Kolkata,2025-06-17 21:00:00,26.8,96.52421418955653,997.7
Kolkata,2025-06-17 22:00:00,27.0,94.27439081608838,
Kolkata,2025-06-17 23:00:00,27.0,94.27439081608838,
Kolkata,2025-06-18 00:00:00,26.4,98.24351098143454,996.1
Kolkata,2025-06-18 01:00:00,27.0,94.27439081608838,
Kolkata,2025-06-18 02:00:00,27.0,100.0,
Kolkata,2025-06-18 03:00:00,27.2,96.53432701791446,997.0
Kolkata,2025-06-18 04:00:00,27.0,100.0,
Kolkata,2025-06-18 05:00:00,27.0,94.27439081608838,
Kolkata,2025-06-18 06:00:00,27.2,96.53432701791446,996.4
Kolkata,2025-06-18 07:00:00,27.0,100.0,
Kolkata,2025-06-18 08:00:00,28.0,,
Kolkata,2025-06-18 09:00:00,27.6,95.41595470562915,994.8
Kolkata,2025-06-18 10:00:00,29.0,,
Kolkata,2025-06-18 11:00:00,27.0,94.27439081608838,
Kolkata,2025-06-18 12:00:00,27.2,95.40267171979633,994.8
Kolkata,2025-06-18 13:00:00,28.0,88.91528354225218,
Kolkata,2025-06-18 14:00:00,28.0,88.91528354225218,
Kolkata,2025-06-18 15:00:00,27.2,92.07698925377626,996.4
Kolkata,2025-06-18 16:00:00,28.0,83.78747242805218,
Kolkata,2025-06-18 17:00:00,29.0,74.46601257025355,
Kolkata,2025-06-18 18:00:00,27.2,82.70035172790627,997.0
Kolkata,2025-06-18 20:00:00,26.0,88.7589455109383,
Kolkata,2025-06-18 21:00:00,25.4,90.33006125111788,996.1
Kolkata,2025-06-18 22:00:00,25.0,94.19101183405704,
Kolkata,2025-06-18 23:00:00,25.0,94.19101183405704,
Kolkata,2025-06-19 00:00:00,24.0,96.45217641736166,997.3
Kolkata,2025-06-19 01:00:00,25.0,88.67956137467019,
Kolkata,2025-06-19 02:00:00,26.0,83.5653445347348,
Kolkata,2025-06-19 03:00:00,26.0,88.7589455109383,998.7
Kolkata,2025-06-19 04:00:00,27.0,83.67695517522091,
Kolkata,2025-06-19 05:00:00,29.0,74.46601257025355,
Kolkata,2025-06-19 06:00:00,27.4,88.86871874139695,998.8
Kolkata,2025-06-19 07:00:00,28.0,88.91528354225218,
Kolkata,2025-06-19 08:00:00,29.0,79.0585121873896,
Kolkata,2025-06-19 09:00:00,29.0,80.48371679996085,997.4
Kolkata,2025-06-19 10:00:00,30.0,74.62820502423824,
Kolkata,2025-06-19 11:00:00,29.0,79.0585121873896,
Kolkata,2025-06-19 12:00:00,28.4,86.35566419509173,997.2
Kolkata,2025-06-19 13:00:00,29.0,83.89690993013956,
Kolkata,2025-06-19 14:00:00,29.0,83.89690993013956,
Kolkata,2025-06-19 15:00:00,28.6,88.96156313904507,999.0
Kolkata,2025-06-19 16:00:00,29.0,83.89690993013956,
Kolkata,2025-06-19 17:00:00,29.0,79.0585121873896,
Kolkata,2025-06-19 18:00:00,28.4,85.33808418728073,1000.7
Kolkata,2025-06-19 19:00:00,28.0,83.78747242805218,
Kolkata,2025-06-19 20:00:00,26.0,88.7589455109383,
Kolkata,2025-06-19 21:00:00,26.6,94.8187901348208,999.7
Kolkata,2025-06-19 22:00:00,27.0,94.27439081608838,
Kolkata,2025-06-19 23:00:00,27.0,94.27439081608838,
Kolkata,2025-06-20 00:00:00,27.2,95.40267171979633,999.7
Kolkata,2025-06-20 01:00:00,28.0,94.3154156421007,
Kolkata,2025-06-20 02:00:00,28.0,94.3154156421007,
Kolkata,2025-06-20 03:00:00,28.8,89.50172004038727,1001.1
Kolkata,2025-06-20 04:00:00,29.0,83.89690993013956,
Kolkata,2025-06-20 05:00:00,29.0,83.89690993013956,
Kolkata,2025-06-20 06:00:00,29.4,84.9360766224706,1000.2
Kolkata,2025-06-20 07:00:00,30.0,79.1954670273341,
Kolkata,2025-06-20 08:00:00,30.0,79.1954670273341,
Kolkata,2025-06-20 09:00:00,29.8,84.97692867892383,999.4
Kolkata,2025-06-20 10:00:00,30.0,84.00528111799692,
Kolkata,2025-06-20 11:00:00,30.0,84.00528111799692,
Kolkata,2025-06-20 12:00:00,29.8,84.97692867892383,999.1
Kolkata,2025-06-20 13:00:00,30.0,84.00528111799692,
Kolkata,2025-06-20 14:00:00,29.0,88.99225887739404,
Kolkata,2025-06-20 15:00:00,29.0,93.80721852350113,1000.8
Kolkata,2025-06-20 16:00:00,29.0,94.35600561322181,
Kolkata,2025-06-20 17:00:00,29.0,88.99225887739404,
Kolkata,2025-06-20 18:00:00,28.6,95.44891343392182,1001.7
Kolkata,2025-06-20 19:00:00,28.0,94.3154156421007,
Kolkata,2025-06-20 20:00:00,28.0,94.3154156421007,
Kolkata,2025-06-20 21:00:00,28.2,96.55941799604423,1000.6
Kolkata,2025-06-20 22:00:00,28.0,83.78747242805218,
Kolkata,2025-06-20 23:00:00,28.0,83.78747242805218,
Kolkata,2025-06-21 00:00:00,27.0,92.06569807815053,1000.9
Kolkata,2025-06-21 01:00:00,30.0,79.1954670273341,
Kolkata,2025-06-21 02:00:00,30.0,79.1954670273341,
Kolkata,2025-06-21 03:00:00,30.8,81.1895795616241,1002.2
Kolkata,2025-06-21 04:00:00,32.0,70.6570356447408,
Kolkata,2025-06-21 05:00:00,33.0,66.78088716309055,
Kolkata,2025-06-21 06:00:00,34.0,63.89432970526357,1000.9
Kolkata,2025-06-21 07:00:00,33.0,62.92958329531054,
Kolkata,2025-06-21 08:00:00,33.0,66.78088716309055,
Kolkata,2025-06-21 09:00:00,33.0,67.97575322043862,999.3
Kolkata,2025-06-21 10:00:00,33.0,66.78088716309055,
Kolkata,2025-06-21 11:00:00,33.0,70.83672096419855,
Kolkata,2025-06-21 12:00:00,32.0,71.07626571001893,998.4
Kolkata,2025-06-21 13:00:00,31.0,79.33114757208126,
Kolkata,2025-06-21 14:00:00,31.0,79.33114757208126,
Kolkata,2025-06-21 15:00:00,30.2,86.52294575570109,1001.1
Kolkata,2025-06-21 16:00:00,30.0,89.06845243281573,
Kolkata,2025-06-21 17:00:00,30.0,84.00528111799692,
Kolkata,2025-06-21 18:00:00,29.8,89.57463737404579,1001.6
Kolkata,2025-06-21 19:00:00,30.0,89.06845243281573,
Kolkata,2025-06-21 20:00:00,29.0,94.35600561322181,
Kolkata,2025-06-21 22:00:00,29.0,94.35600561322181,
Kolkata,2025-06-21 23:00:00,29.0,94.35600561322181,
Kolkata,2025-06-22 00:00:00,29.4,93.82485247729203,1000.1
Kolkata,2025-06-22 01:00:00,30.0,89.06845243281573,
Kolkata,2025-06-22 02:00:00,30.0,84.00528111799692,
Kolkata,2025-06-22 03:00:00,30.0,86.50450703984572,1001.5
Kolkata,2025-06-22 04:00:00,28.0,78.9202680701639,
Kolkata,2025-06-22 05:00:00,27.0,83.67695517522091,
Kolkata,2025-06-22 06:00:00,27.4,93.73593071403404,1001.0
Kolkata,2025-06-22 07:00:00,28.0,88.91528354225218,
Kolkata,2025-06-22 08:00:00,30.0,84.00528111799692,
Kolkata,2025-06-22 09:00:00,31.0,78.40390010984709,998.7
Kolkata,2025-06-22 10:00:00,31.0,79.33114757208126,
Kolkata,2025-06-22 11:00:00,31.0,79.33114757208126,
Kolkata,2025-06-22 12:00:00,30.2,82.5595602209085,997.7
Kolkata,2025-06-22 13:00:00,29.0,83.89690993013956,
Kolkata,2025-06-22 14:00:00,29.0,83.89690993013956,
Kolkata,2025-06-22 15:00:00,29.0,89.51636332080271,1000.3
Kolkata,2025-06-22 16:00:00,29.0,88.99225887739404,
Kolkata,2025-06-22 17:00:00,29.0,88.99225887739404,
Kolkata,2025-06-22 18:00:00,28.8,92.16646996907035,1000.7
Kolkata,2025-06-22 19:00:00,29.0,88.99225887739404,
Kolkata,2025-06-22 20:00:00,28.0,94.3154156421007,
Kolkata,2025-06-22 21:00:00,28.6,93.78950978997815,1000.0
Kolkata,2025-06-22 22:00:00,28.0,94.3154156421007,
Kolkata,2025-06-22 23:00:00,28.0,94.3154156421007,
Kolkata,2025-06-23 00:00:00,28.2,92.13309053912468,998.8
Kolkata,2025-06-23 01:00:00,29.0,88.99225887739404,
Kolkata,2025-06-23 02:00:00,30.0,84.00528111799692,
Kolkata,2025-06-23 03:00:00,30.6,81.16467826556904,999.8
Kolkata,2025-06-23 04:00:00,32.0,74.94828132337592,
Kolkata,2025-06-23 05:00:00,30.0,79.1954670273341,
Kolkata,2025-06-23 06:00:00,33.0,66.78088716309055,999.0
Kolkata,2025-06-23 07:00:00,30.0,79.1954670273341,
Kolkata,2025-06-23 08:00:00,32.0,74.94828132337592,
Kolkata,2025-06-23 09:00:00,32.8,66.74127585978114,996.0
Kolkata,2025-06-23 10:00:00,31.0,74.7889561009917,
Kolkata,2025-06-23 11:00:00,31.0,79.33114757208126,
Kolkata,2025-06-23 12:00:00,30.0,83.5130798716472,995.7
Kolkata,2025-06-23 13:00:00,30.0,79.1954670273341,
Kolkata,2025-06-23 14:00:00,30.0,79.1954670273341,
Kolkata,2025-06-23 15:00:00,30.0,78.26294962837345,998.1
Kolkata,2025-06-23 16:00:00,29.0,83.89690993013956,
Kolkata,2025-06-23 17:00:00,29.0,83.89690993013956,
Kolkata,2025-06-23 18:00:00,29.0,84.89506306062921,998.4
Kolkata,2025-06-23 19:00:00,28.0,88.91528354225218,
Kolkata,2025-06-23 20:00:00,28.0,88.91528354225218,
Kolkata,2025-06-23 21:00:00,28.4,87.90192756472376,996.4
Kolkata,2025-06-23 22:00:00,28.0,94.3154156421007,
Kolkata,2025-06-23 23:00:00,27.0,94.27439081608838,
Kolkata,2025-06-24 00:00:00,28.0,92.12191734434786,996.5
Kolkata,2025-06-24 01:00:00,30.0,84.00528111799692,
Kolkata,2025-06-24 02:00:00,29.0,88.99225887739404,
Kolkata,2025-06-24 03:00:00,31.6,73.13800964473542,998.1
Kolkata,2025-06-24 04:00:00,32.0,70.6570356447408,
Kolkata,2025-06-24 05:00:00,32.0,70.6570356447408,
Kolkata,2025-06-24 06:00:00,33.6,62.6845670375821,997.5
Kolkata,2025-06-24 07:00:00,34.0,63.14309255534474,
Kolkata,2025-06-24 08:00:00,33.0,66.78088716309055,
Kolkata,2025-06-24 09:00:00,32.8,64.40448947276589,995.3
Kolkata,2025-06-24 10:00:00,32.0,70.6570356447408,
Kolkata,2025-06-24 11:00:00,31.0,74.7889561009917,
Kolkata,2025-06-24 12:00:00,31.4,69.71409411644107,995.4
Kolkata,2025-06-24 13:00:00,31.0,74.7889561009917,
Kolkata,2025-06-24 14:00:00,29.0,79.0585121873896,
Kolkata,2025-06-24 15:00:00,30.0,78.26294962837345,998.3
Kolkata,2025-06-24 16:00:00,29.0,83.89690993013956,
Kolkata,2025-06-24 17:00:00,29.0,88.99225887739404,
Kolkata,2025-06-24 18:00:00,29.2,90.58588438387352,999.7
Kolkata,2025-06-24 19:00:00,29.0,88.99225887739404,
Kolkata,2025-06-24 20:00:00,29.0,88.99225887739404,
Kolkata,2025-06-24 21:00:00,28.8,92.16646996907035,997.5
Kolkata,2025-06-24 22:00:00,28.0,94.3154156421007,
Kolkata,2025-06-24 23:00:00,28.0,94.3154156421007,
Kolkata,2025-06-25 00:00:00,28.6,93.78950978997815,998.2
Kolkata,2025-06-25 01:00:00,29.0,88.99225887739404,
Kolkata,2025-06-25 02:00:00,30.0,84.00528111799692,
Kolkata,2025-06-25 03:00:00,31.2,77.51519693628545,999.5
Kolkata,2025-06-25 04:00:00,32.0,70.6570356447408,
Kolkata,2025-06-25 05:00:00,32.0,74.94828132337592,
Kolkata,2025-06-25 06:00:00,32.6,69.11441091335229,999.2
Kolkata,2025-06-25 07:00:00,32.0,74.94828132337592,
Kolkata,2025-06-25 08:00:00,32.0,79.46556860628449,
Kolkata,2025-06-25 09:00:00,31.2,82.67552340966292,997.3
Kolkata,2025-06-25 10:00:00,31.0,74.7889561009917,
Kolkata,2025-06-25 11:00:00,31.0,74.7889561009917,
Kolkata,2025-06-25 12:00:00,31.0,77.03079038177704,997.1
Kolkata,2025-06-25 13:00:00,30.0,84.00528111799692,
Kolkata,2025-06-25 14:00:00,29.0,88.99225887739404,
Kolkata,2025-06-25 15:00:00,29.7,82.98920703565307,999.9
Kolkata,2025-06-25 16:00:00,29.0,88.99225887739404,
Kolkata,2025-06-25 17:00:00,29.0,88.99225887739404,
Kolkata,2025-06-25 18:00:00,29.0,86.41175942849821,1000.3
Kolkata,2025-06-25 19:00:00,29.0,88.99225887739404,
Kolkata,2025-06-25 20:00:00,28.0,94.3154156421007,
Kolkata,2025-06-25 21:00:00,28.4,88.94616815571688,999.3
Kolkata,2025-06-25 22:00:00,28.0,94.3154156421007,
Kolkata,2025-06-25 23:00:00,28.0,94.3154156421007,
Kolkata,2025-06-26 00:00:00,28.2,88.93074165144274,999.6
Kolkata,2025-06-26 01:00:00,28.0,94.3154156421007,
Kolkata,2025-06-26 02:00:00,28.0,94.3154156421007,
Kolkata,2025-06-26 03:00:00,28.8,92.16646996907035,1001.5
Kolkata,2025-06-26 04:00:00,31.0,84.11259923098856,
Kolkata,2025-06-26 05:00:00,31.0,79.33114757208126,
Kolkata,2025-06-26 06:00:00,31.8,77.60205183026918,1000.5
Kolkata,2025-06-26 07:00:00,32.0,74.94828132337592,
Kolkata,2025-06-26 08:00:00,31.0,79.33114757208126,
Kolkata,2025-06-26 09:00:00,31.6,77.57315316138988,999.3
Kolkata,2025-06-26 10:00:00,31.0,74.7889561009917,
Kolkata,2025-06-26 11:00:00,31.0,74.7889561009917,
Kolkata,2025-06-26 12:00:00,29.0,90.57266984744003,999.3
Kolkata,2025-06-26 13:00:00,28.0,94.3154156421007,
Kolkata,2025-06-26 14:00:00,29.0,88.99225887739404,
Kolkata,2025-06-26 15:00:00,28.8,84.87449545917907,1000.8
Kolkata,2025-06-26 16:00:00,29.0,88.99225887739404,
Kolkata,2025-06-26 17:00:00,29.0,88.99225887739404,
Kolkata,2025-06-26 18:00:00,28.6,84.8538871735531,1001.4
Kolkata,2025-06-26 19:00:00,28.0,94.3154156421007,
Kolkata,2025-06-26 20:00:00,28.0,94.3154156421007,
Kolkata,2025-06-26 21:00:00,26.4,98.24351098143454,1000.5
Kolkata,2025-06-26 22:00:00,27.0,94.27439081608838,
Kolkata,2025-06-26 23:00:00,27.0,94.27439081608838,
Kolkata,2025-06-27 00:00:00,26.6,92.04304428506519,1000.1
Kolkata,2025-06-27 02:00:00,28.0,88.91528354225218,
Kolkata,2025-06-27 03:00:00,28.6,90.54615869442738,1001.3
Kolkata,2025-06-27 04:00:00,30.0,84.00528111799692,
Kolkata,2025-06-27 05:00:00,31.0,79.33114757208126,
Kolkata,2025-06-27 06:00:00,31.0,79.79835457938422,1000.8
Kolkata,2025-06-27 07:00:00,30.0,84.00528111799692,
Kolkata,2025-06-27 08:00:00,29.0,88.99225887739404,
Kolkata,2025-06-27 09:00:00,30.4,85.53649748682237,999.1
Kolkata,2025-06-27 10:00:00,29.0,88.99225887739404,
Kolkata,2025-06-27 11:00:00,29.0,88.99225887739404,
Kolkata,2025-06-27 12:00:00,28.4,92.14424033203443,998.8
Kolkata,2025-06-27 13:00:00,29.0,83.89690993013956,
Kolkata,2025-06-27 14:00:00,29.0,88.99225887739404,
Kolkata,2025-06-27 15:00:00,28.8,92.16646996907035,1000.4
Kolkata,2025-06-27 16:00:00,29.0,88.99225887739404,
Kolkata,2025-06-27 17:00:00,29.0,88.99225887739404,
Kolkata,2025-06-27 18:00:00,28.8,93.7983735302794,1001.2
Kolkata,2025-06-27 19:00:00,29.0,83.89690993013956,
Kolkata,2025-06-27 20:00:00,28.0,88.91528354225218,
Kolkata,2025-06-27 21:00:00,28.0,88.91528354225218,
Kolkata,2025-06-27 22:00:00,28.0,88.91528354225218,
Kolkata,2025-06-27 23:00:00,28.0,88.91528354225218,
Kolkata,2025-06-28 00:00:00,28.0,92.12191734434786,998.9
Kolkata,2025-06-28 01:00:00,28.0,94.3154156421007,
Kolkata,2025-06-28 02:00:00,28.0,94.3154156421007,
Kolkata,2025-06-28 03:00:00,27.6,95.41595470562915,999.1
Kolkata,2025-06-28 04:00:00,27.0,94.27439081608838,
Kolkata,2025-06-28 05:00:00,27.0,94.27439081608838,
Kolkata,2025-06-28 06:00:00,28.2,93.77172585847173,999.1
Kolkata,2025-06-28 07:00:00,29.0,83.89690993013956,
Kolkata,2025-06-28 08:00:00,30.0,79.1954670273341,
Kolkata,2025-06-28 09:00:00,30.4,82.58284223811447,996.4
Kolkata,2025-06-28 10:00:00,30.0,79.1954670273341,
Kolkata,2025-06-28 11:00:00,29.0,88.99225887739404,
Kolkata,2025-06-28 12:00:00,27.8,92.11072068322818,996.1
Kolkata,2025-06-28 13:00:00,28.0,88.91528354225218,
Kolkata,2025-06-28 14:00:00,27.0,94.27439081608838,
Kolkata,2025-06-28 15:00:00,27.2,93.72693426762005,996.9
Kolkata,2025-06-28 16:00:00,27.0,94.27439081608838,
Kolkata,2025-06-28 17:00:00,27.0,94.27439081608838,
Kolkata,2025-06-28 18:00:00,27.2,93.72693426762005,997.7
Kolkata,2025-06-28 19:00:00,27.0,94.27439081608838,
Kolkata,2025-06-28 20:00:00,27.0,94.27439081608838,
Kolkata,2025-06-28 21:00:00,26.8,95.38933139322062,995.4
Kolkata,2025-06-28 22:00:00,27.0,94.27439081608838,
Kolkata,2025-06-28 23:00:00,27.0,94.27439081608838,
Kolkata,2025-06-29 00:00:00,27.0,95.39600874452509,995.9
Kolkata,2025-06-29 01:00:00,27.0,94.27439081608838,
Kolkata,2025-06-29 02:00:00,29.0,83.89690993013956,
Kolkata,2025-06-29 03:00:00,29.0,84.89506306062921,996.1
Kolkata,2025-06-29 04:00:00,30.0,79.1954670273341,
Kolkata,2025-06-29 05:00:00,31.0,74.7889561009917,
Kolkata,2025-06-29 06:00:00,30.6,79.74530566981048,995.8
Kolkata,2025-06-29 07:00:00,30.0,79.1954670273341,
Kolkata,2025-06-29 08:00:00,31.0,74.7889561009917,
Kolkata,2025-06-29 09:00:00,33.2,69.2266032222682,993.7
Kolkata,2025-06-29 10:00:00,29.0,83.89690993013956,
Kolkata,2025-06-29 11:00:00,29.0,83.89690993013956,
Kolkata,2025-06-29 12:00:00,29.2,83.42405706602797,993.5
Kolkata,2025-06-29 13:00:00,29.0,83.89690993013956,
Kolkata,2025-06-29 14:00:00,28.0,88.91528354225218,
Kolkata,2025-06-29 15:00:00,28.4,86.35566419509173,995.9
Kolkata,2025-06-29 16:00:00,28.0,83.78747242805218,
Kolkata,2025-06-29 17:00:00,28.0,88.91528354225218,
Kolkata,2025-06-29 18:00:00,28.2,92.13309053912468,996.4
Kolkata,2025-06-29 19:00:00,28.0,88.91528354225218,
Kolkata,2025-06-29 20:00:00,28.0,88.91528354225218,
Kolkata,2025-06-29 21:00:00,28.0,93.76280556198172,994.5
Kolkata,2025-06-29 22:00:00,28.0,88.91528354225218,
Kolkata,2025-06-29 23:00:00,27.0,94.27439081608838,
Kolkata,2025-06-30 00:00:00,27.6,95.41595470562915,994.7
Kolkata,2025-06-30 01:00:00,28.0,88.91528354225218,
Kolkata,2025-06-30 02:00:00,28.0,94.3154156421007,
Kolkata,2025-06-30 03:00:00,28.8,92.16646996907035,996.2
Kolkata,2025-06-30 04:00:00,30.0,79.1954670273341,
Kolkata,2025-06-30 05:00:00,30.0,79.1954670273341,
Kolkata,2025-06-30 06:00:00,32.0,73.63761837389029,995.9
Kolkata,2025-06-30 07:00:00,32.0,79.46556860628449,
Kolkata,2025-06-30 08:00:00,31.0,79.33114757208126,
Kolkata,2025-06-30 09:00:00,32.2,72.80896276194781,994.3
Kolkata,2025-06-30 10:00:00,29.0,88.99225887739404,
Kolkata,2025-06-30 11:00:00,28.0,94.3154156421007,
Kolkata,2025-06-30 12:00:00,29.0,92.17754994106518,994.6
Kolkata,2025-06-30 13:00:00,29.0,88.99225887739404,
Kolkata,2025-06-30 14:00:00,29.0,88.99225887739404,
Kolkata,2025-06-30 15:00:00,28.4,93.78062725022617,996.8
Kolkata,2025-06-30 16:00:00,28.0,94.3154156421007,
Kolkata,2025-06-30 17:00:00,28.0,94.3154156421007,
Kolkata,2025-06-30 18:00:00,28.0,92.12191734434786,997.8
Kolkata,2025-06-30 19:00:00,28.0,88.91528354225218,
Kolkata,2025-06-30 20:00:00,28.0,88.91528354225218,
Kolkata,2025-06-30 21:00:00,27.6,93.74490804295253,996.6
Kolkata,2025-06-30 22:00:00,27.0,100.0,
Kolkata,2025-06-30 23:00:00,27.0,94.27439081608838,
Kolkata,2025-07-01 00:00:00,27.4,95.40932035991787,997.0
Kolkata,2025-07-01 01:00:00,28.0,88.91528354225218,
Kolkata,2025-07-01 02:00:00,29.0,88.99225887739404,
Kolkata,2025-07-01 03:00:00,30.0,81.08968974474207,998.3
Kolkata,2025-07-01 04:00:00,31.0,79.33114757208126,
Kolkata,2025-07-01 05:00:00,32.0,70.6570356447408,
Kolkata,2025-07-01 06:00:00,31.2,81.23924051845427,998.4
Kolkata,2025-07-01 07:00:00,30.0,84.00528111799692,
Kolkata,2025-07-01 08:00:00,30.0,84.00528111799692,
Kolkata,2025-07-01 09:00:00,30.6,81.16467826556904,996.6
Kolkata,2025-07-01 10:00:00,30.0,84.00528111799692,
Kolkata,2025-07-01 11:00:00,30.0,84.00528111799692,
Kolkata,2025-07-01 12:00:00,30.2,93.31838831120953,996.0
Kolkata,2025-07-01 13:00:00,30.0,84.00528111799692,
Kolkata,2025-07-01 14:00:00,30.0,79.1954670273341,
Kolkata,2025-07-01 15:00:00,29.6,82.00361602371757,998.3
Kolkata,2025-07-01 16:00:00,29.0,88.99225887739404,
Kolkata,2025-07-01 17:00:00,29.0,88.99225887739404,
Kolkata,2025-07-01 18:00:00,29.0,86.41175942849821,999.1
Kolkata,2025-07-01 19:00:00,28.0,94.3154156421007,
Kolkata,2025-07-01 20:00:00,28.0,94.3154156421007,
Kolkata,2025-07-01 21:00:00,28.4,88.94616815571688,997.8
Kolkata,2025-07-01 22:00:00,27.0,100.0,
Kolkata,2025-07-01 23:00:00,27.0,100.0,
Kolkata,2025-07-02 00:00:00,27.6,95.41595470562915,998.0
Kolkata,2025-07-02 01:00:00,28.0,94.3154156421007,
Kolkata,2025-07-02 02:00:00,29.0,88.99225887739404,
Kolkata,2025-07-02 03:00:00,30.6,78.34767637456054,999.8
Kolkata,2025-07-02 04:00:00,31.0,74.7889561009917,
Kolkata,2025-07-02 05:00:00,32.0,70.6570356447408,
Kolkata,2025-07-02 06:00:00,32.4,70.31283604150148,998.6
Kolkata,2025-07-02 07:00:00,32.0,74.94828132337592,
Kolkata,2025-07-02 08:00:00,33.0,66.78088716309055,
Kolkata,2025-07-02 09:00:00,33.2,70.45783465512956,997.1
Kolkata,2025-07-02 10:00:00,33.0,66.78088716309055,
Kolkata,2025-07-02 11:00:00,29.0,88.99225887739404,
Kolkata,2025-07-02 12:00:00,28.8,87.93540259721783,996.9
Kolkata,2025-07-02 13:00:00,28.0,94.3154156421007,
Kolkata,2025-07-02 14:00:00,28.0,94.3154156421007,
Kolkata,2025-07-02 15:00:00,28.6,88.96156313904507,998.9
Kolkata,2025-07-02 16:00:00,28.0,94.3154156421007,
Kolkata,2025-07-02 17:00:00,28.0,94.3154156421007,
Kolkata,2025-07-02 18:00:00,28.4,92.14424033203443,1000.1
Kolkata,2025-07-02 19:00:00,28.0,94.3154156421007,
Kolkata,2025-07-02 20:00:00,28.0,94.3154156421007,
Kolkata,2025-07-02 21:00:00,28.0,93.76280556198172,998.7
Kolkata,2025-07-02 22:00:00,28.0,88.91528354225218,
Kolkata,2025-07-02 23:00:00,28.0,94.3154156421007,
Kolkata,2025-07-03 00:00:00,28.0,93.76280556198172,998.9
Kolkata,2025-07-03 01:00:00,28.0,94.3154156421007,
Kolkata,2025-07-03 02:00:00,30.0,84.00528111799692,
Kolkata,2025-07-03 03:00:00,31.4,76.18814229624397,1000.1
Kolkata,2025-07-03 04:00:00,30.0,84.00528111799692,
Kolkata,2025-07-03 05:00:00,32.0,74.94828132337592,
Kolkata,2025-07-03 06:00:00,33.4,70.9081702429426,999.7
Kolkata,2025-07-03 07:00:00,33.0,70.83672096419855,
Kolkata,2025-07-03 08:00:00,33.0,66.78088716309055,
Kolkata,2025-07-03 09:00:00,32.2,72.80896276194781,998.1
Kolkata,2025-07-03 10:00:00,29.0,94.35600561322181,
Kolkata,2025-07-03 11:00:00,29.0,94.35600561322181,
Kolkata,2025-07-03 12:00:00,29.8,92.22163900067571,997.9
Kolkata,2025-07-03 13:00:00,29.0,88.99225887739404,
Kolkata,2025-07-03 14:00:00,29.0,88.99225887739404,
Kolkata,2025-07-03 15:00:00,29.0,87.95208930052544,1000.5
Kolkata,2025-07-03 16:00:00,29.0,88.99225887739404,
Kolkata,2025-07-03 17:00:00,29.0,88.99225887739404,
Kolkata,2025-07-03 18:00:00,28.6,90.54615869442738,1000.1
Kolkata,2025-07-03 19:00:00,29.0,88.99225887739404,
Kolkata,2025-07-03 20:00:00,29.0,88.99225887739404,
Kolkata,2025-07-03 21:00:00,28.4,92.14424033203443,999.6
Kolkata,2025-07-03 22:00:00,28.0,88.91528354225218,
Kolkata,2025-07-03 23:00:00,28.0,88.91528354225218,
Kolkata,2025-07-04 00:00:00,28.0,93.76280556198172,999.5
Kolkata,2025-07-04 01:00:00,29.0,88.99225887739404,
Kolkata,2025-07-04 02:00:00,30.0,84.00528111799692,
Kolkata,2025-07-04 03:00:00,30.6,85.55612371787966,1000.4
Kolkata,2025-07-04 04:00:00,30.0,84.00528111799692,
Kolkata,2025-07-04 05:00:00,29.0,94.35600561322181,
Kolkata,2025-07-04 06:00:00,29.6,92.2106512336583,999.8
Kolkata,2025-07-04 07:00:00,28.0,100.0,
Kolkata,2025-07-04 08:00:00,28.0,100.0,
Kolkata,2025-07-04 09:00:00,28.8,92.16646996907035,998.4
Kolkata,2025-07-04 10:00:00,27.0,94.27439081608838,
Kolkata,2025-07-04 11:00:00,27.0,94.27439081608838,
Kolkata,2025-07-04 12:00:00,27.0,96.5292760949642,998.5
Kolkata,2025-07-04 13:00:00,28.0,94.3154156421007,
Kolkata,2025-07-04 14:00:00,28.0,94.3154156421007,
Kolkata,2025-07-04 15:00:00,27.6,98.25892519962696,999.2
Kolkata,2025-07-04 16:00:00,27.0,94.27439081608838,
Kolkata,2025-07-04 17:00:00,27.0,94.27439081608838,
Kolkata,2025-07-04 18:00:00,26.6,98.24609415561163,1000.2
Kolkata,2025-07-04 19:00:00,28.0,88.91528354225218,
Kolkata,2025-07-04 20:00:00,28.0,94.3154156421007,
Kolkata,2025-07-04 21:00:00,26.4,98.24351098143454,998.4
Kolkata,2025-07-04 22:00:00,27.0,100.0,
Kolkata,2025-07-04 23:00:00,27.0,94.27439081608838,
Kolkata,2025-07-05 00:00:00,26.8,98.24867165262664,998.6
Kolkata,2025-07-05 01:00:00,28.0,88.91528354225218,
Kolkata,2025-07-05 02:00:00,28.0,88.91528354225218,
Kolkata,2025-07-05 03:00:00,28.4,95.44234995416194,999.0
Kolkata,2025-07-05 04:00:00,30.0,79.1954670273341,
Kolkata,2025-07-05 05:00:00,30.0,79.1954670273341,
Kolkata,2025-07-05 06:00:00,31.0,81.21443360821415,998.2
Kolkata,2025-07-05 07:00:00,32.0,70.6570356447408,
Kolkata,2025-07-05 08:00:00,31.0,74.7889561009917,
Kolkata,2025-07-05 09:00:00,30.6,78.34767637456054,996.3
Kolkata,2025-07-05 10:00:00,31.0,79.33114757208126,
Kolkata,2025-07-05 11:00:00,31.0,74.7889561009917,
Kolkata,2025-07-05 12:00:00,30.6,74.28243957799879,995.7
Kolkata,2025-07-05 13:00:00,30.0,74.62820502423824,
Kolkata,2025-07-05 14:00:00,29.0,88.99225887739404,
Kolkata,2025-07-05 15:00:00,29.2,83.42405706602797,997.8
Kolkata,2025-07-05 16:00:00,29.0,88.99225887739404,
Kolkata,2025-07-05 17:00:00,29.0,83.89690993013956,
Kolkata,2025-07-05 18:00:00,28.6,90.54615869442738,998.1
Kolkata,2025-07-05 19:00:00,28.0,88.91528354225218,
Kolkata,2025-07-05 20:00:00,28.0,88.91528354225218,
Kolkata,2025-07-05 21:00:00,28.2,92.13309053912468,996.0
Kolkata,2025-07-05 22:00:00,28.0,88.91528354225218,
Kolkata,2025-07-05 23:00:00,28.0,88.91528354225218,
Kolkata,2025-07-06 00:00:00,27.8,92.11072068322818,996.4
Kolkata,2025-07-06 01:00:00,28.0,88.91528354225218,
Kolkata,2025-07-06 02:00:00,28.0,94.3154156421007,
Kolkata,2025-07-06 03:00:00,28.8,89.50172004038727,997.0
Kolkata,2025-07-06 04:00:00,30.0,79.1954670273341,
Kolkata,2025-07-06 05:00:00,30.0,79.1954670273341,
Kolkata,2025-07-06 06:00:00,30.0,81.08968974474207,997.2
Kolkata,2025-07-06 07:00:00,28.0,94.3154156421007,
Kolkata,2025-07-06 08:00:00,29.0,88.99225887739404,
Kolkata,2025-07-06 09:00:00,29.0,87.95208930052544,995.2
Kolkata,2025-07-06 10:00:00,29.0,83.89690993013956,
Kolkata,2025-07-06 11:00:00,28.0,88.91528354225218,
Kolkata,2025-07-06 12:00:00,28.6,88.96156313904507,994.9
Kolkata,2025-07-06 13:00:00,28.0,88.91528354225218,
Kolkata,2025-07-06 14:00:00,28.0,94.3154156421007,
Kolkata,2025-07-06 15:00:00,28.0,90.50618565208272,997.2
Kolkata,2025-07-06 16:00:00,28.0,88.91528354225218,
Kolkata,2025-07-06 17:00:00,27.0,94.27439081608838,
Kolkata,2025-07-06 18:00:00,27.4,95.40932035991787,997.1
Kolkata,2025-07-06 19:00:00,27.0,94.27439081608838,
Kolkata,2025-07-06 20:00:00,27.0,94.27439081608838,
Kolkata,2025-07-06 21:00:00,27.2,95.40267171979633,995.3
Kolkata,2025-07-06 22:00:00,27.0,94.27439081608838,
Kolkata,2025-07-06 23:00:00,27.0,88.83751596451742,
Kolkata,2025-07-07 00:00:00,26.8,95.38933139322062,995.7
Kolkata,2025-07-07 01:00:00,27.0,94.27439081608838,
Kolkata,2025-07-07 02:00:00,28.0,88.91528354225218,
Kolkata,2025-07-07 03:00:00,27.6,95.41595470562915,997.1
Kolkata,2025-07-07 04:00:00,28.0,88.91528354225218,
Kolkata,2025-07-07 05:00:00,28.0,88.91528354225218,
Kolkata,2025-07-07 06:00:00,27.8,93.7538663078413,996.9
Kolkata,2025-07-07 07:00:00,28.0,94.3154156421007,
Kolkata,2025-07-07 08:00:00,28.0,94.3154156421007,
Kolkata,2025-07-07 09:00:00,28.4,93.78062725022617,995.5
Kolkata,2025-07-07 10:00:00,28.0,94.3154156421007,
Kolkata,2025-07-07 11:00:00,28.0,94.3154156421007,
Kolkata,2025-07-07 12:00:00,27.6,96.54439604252043,995.0
Kolkata,2025-07-07 13:00:00,27.0,94.27439081608838,
Kolkata,2025-07-07 14:00:00,27.0,94.27439081608838,
Kolkata,2025-07-07 15:00:00,26.6,98.24609415561163,997.0
Kolkata,2025-07-07 16:00:00,27.0,94.27439081608838,
Kolkata,2025-07-07 17:00:00,27.0,88.83751596451742,
Kolkata,2025-07-07 18:00:00,26.4,98.24351098143454,996.8
Kolkata,2025-07-07 19:00:00,27.0,94.27439081608838,
Kolkata,2025-07-07 20:00:00,27.0,94.27439081608838,
Kolkata,2025-07-07 21:00:00,26.2,98.24092211346162,996.0
Kolkata,2025-07-07 22:00:00,27.0,94.27439081608838,
Kolkata,2025-07-07 23:00:00,27.0,94.27439081608838,
Kolkata,2025-07-08 00:00:00,26.0,98.23832753499846,995.8
Kolkata,2025-07-08 01:00:00,25.0,94.19101183405704,
Kolkata,2025-07-08 02:00:00,25.0,100.0,
Kolkata,2025-07-08 03:00:00,25.4,100.0,997.2
Kolkata,2025-07-08 04:00:00,26.0,100.0,
Kolkata,2025-07-08 06:00:00,26.4,100.0,997.2
Kolkata,2025-07-08 07:00:00,27.0,94.27439081608838,
Kolkata,2025-07-08 08:00:00,27.0,94.27439081608838,
Kolkata,2025-07-08 09:00:00,26.8,96.52421418955653,995.9
Kolkata,2025-07-08 10:00:00,27.0,94.27439081608838,
Kolkata,2025-07-08 11:00:00,27.0,94.27439081608838,
Kolkata,2025-07-08 12:00:00,26.8,96.52421418955653,995.9
Kolkata,2025-07-08 13:00:00,27.0,94.27439081608838,
Kolkata,2025-07-08 14:00:00,27.0,94.27439081608838,
Kolkata,2025-07-08 15:00:00,26.5,97.66575385837363,997.9
Kolkata,2025-07-08 16:00:00,27.0,94.27439081608838,
Kolkata,2025-07-08 17:00:00,27.0,94.27439081608838,
Kolkata,2025-07-08 18:00:00,26.2,98.24092211346162,998.6
Kolkata,2025-07-08 19:00:00,27.0,94.27439081608838,
Kolkata,2025-07-08 20:00:00,27.0,94.27439081608838,
Kolkata,2025-07-08 21:00:00,26.0,98.23832753499846,997.0
Kolkata,2025-07-08 22:00:00,27.0,94.27439081608838,
Kolkata,2025-07-08 23:00:00,27.0,88.83751596451742,
Kolkata,2025-07-09 00:00:00,26.0,96.503856108436,997.7
Kolkata,2025-07-09 01:00:00,26.0,94.23292497092102,
Kolkata,2025-07-09 02:00:00,26.0,94.23292497092102,
Kolkata,2025-07-09 03:00:00,26.4,96.51405730461323,999.4
Kolkata,2025-07-09 04:00:00,27.0,,
Kolkata,2025-07-09 05:00:00,27.0,94.27439081608838,
Kolkata,2025-07-09 06:00:00,27.2,98.25380968140279,999.5
Kolkata,2025-07-09 07:00:00,28.0,94.3154156421007,
Kolkata,2025-07-09 08:00:00,28.0,94.3154156421007,
Kolkata,2025-07-09 09:00:00,27.4,96.53936698995483,998.5
Kolkata,2025-07-09 10:00:00,28.0,94.3154156421007,
Kolkata,2025-07-09 11:00:00,28.0,94.3154156421007,
Kolkata,2025-07-09 12:00:00,26.4,98.24351098143454,998.3
Kolkata,2025-07-09 13:00:00,27.0,88.83751596451742,
Kolkata,2025-07-09 14:00:00,27.0,94.27439081608838,
Kolkata,2025-07-09 15:00:00,26.6,96.51914127003087,1000.3
Kolkata,2025-07-09 17:00:00,27.0,94.27439081608838,
Kolkata,2025-07-09 18:00:00,26.2,96.5089622614157,1000.5
Kolkata,2025-07-09 19:00:00,26.0,94.23292497092102,
Kolkata,2025-07-09 20:00:00,26.0,100.0,
Kolkata,2025-07-09 21:00:00,26.0,98.23832753499846,999.1
Kolkata,2025-07-09 22:00:00,26.0,100.0,
Kolkata,2025-07-09 23:00:00,26.0,100.0,
Kolkata,2025-07-10 00:00:00,26.2,98.24092211346162,999.8
Kolkata,2025-07-10 01:00:00,27.0,94.27439081608838,
Kolkata,2025-07-10 02:00:00,27.0,88.83751596451742,
Kolkata,2025-07-10 03:00:00,27.0,96.5292760949642,1001.2
Kolkata,2025-07-10 04:00:00,28.0,88.91528354225218,
Kolkata,2025-07-10 05:00:00,27.0,94.27439081608838,
Kolkata,2025-07-10 06:00:00,27.0,95.39600874452509,1001.2
Kolkata,2025-07-10 07:00:00,29.0,88.99225887739404,
Kolkata,2025-07-10 08:00:00,30.0,84.00528111799692,
Kolkata,2025-07-10 09:00:00,29.4,84.9360766224706,999.9
Kolkata,2025-07-10 10:00:00,28.0,88.91528354225218,
Kolkata,2025-07-10 11:00:00,28.0,94.3154156421007,
Kolkata,2025-07-10 12:00:00,28.0,92.12191734434786,999.0
Kolkata,2025-07-10 13:00:00,28.0,94.3154156421007,
Kolkata,2025-07-10 14:00:00,28.0,88.91528354225218,
Kolkata,2025-07-10 15:00:00,27.4,96.53936698995483,1000.7
Kolkata,2025-07-10 16:00:00,28.0,88.91528354225218,
Kolkata,2025-07-10 17:00:00,28.0,94.3154156421007,
Kolkata,2025-07-10 18:00:00,27.4,96.53936698995483,1001.4
Kolkata,2025-07-10 19:00:00,27.0,94.27439081608838,
Kolkata,2025-07-10 20:00:00,27.0,94.27439081608838,
Kolkata,2025-07-10 21:00:00,27.2,96.53432701791446,999.8
Kolkata,2025-07-10 22:00:00,27.0,94.27439081608838,
Kolkata,2025-07-10 23:00:00,27.0,94.27439081608838,
Kolkata,2025-07-11 00:00:00,27.0,98.25124348905271,1000.0
Kolkata,2025-07-11 01:00:00,27.0,94.27439081608838,
Kolkata,2025-07-11 02:00:00,28.0,94.3154156421007,
Kolkata,2025-07-11 03:00:00,29.6,86.46751908713752,1001.0
Kolkata,2025-07-11 04:00:00,31.0,79.33114757208126,
Kolkata,2025-07-11 05:00:00,32.0,74.94828132337592,
Kolkata,2025-07-11 06:00:00,32.2,77.65969087917847,1000.7
Kolkata,2025-07-11 07:00:00,32.0,74.94828132337592,
Kolkata,2025-07-11 08:00:00,31.0,79.33114757208126,
Kolkata,2025-07-11 09:00:00,32.2,74.979976618763,999.1
Kolkata,2025-07-11 10:00:00,30.0,89.06845243281573,
Kolkata,2025-07-11 11:00:00,32.0,74.94828132337592,
Kolkata,2025-07-11 12:00:00,30.4,84.04833399732397,998.6
Kolkata,2025-07-11 13:00:00,29.0,94.35600561322181,
Kolkata,2025-07-11 14:00:00,29.0,94.35600561322181,
Kolkata,2025-07-11 15:00:00,28.6,92.1553667873356,1000.3
Kolkata,2025-07-11 16:00:00,29.0,88.99225887739404,
Kolkata,2025-07-11 17:00:00,29.0,94.35600561322181,
Kolkata,2025-07-11 18:00:00,28.6,92.1553667873356,1001.3
Kolkata,2025-07-11 19:00:00,28.0,94.3154156421007,
Kolkata,2025-07-11 20:00:00,28.0,94.3154156421007,
Kolkata,2025-07-11 21:00:00,28.4,92.14424033203443,1000.2
Kolkata,2025-07-11 22:00:00,28.0,94.3154156421007,
Kolkata,2025-07-11 23:00:00,28.0,94.3154156421007,
Kolkata,2025-07-12 00:00:00,28.2,95.43577238155224,1000.5
Kolkata,2025-07-12 01:00:00,29.0,94.35600561322181,
Kolkata,2025-07-12 02:00:00,30.0,89.06845243281573,
Kolkata,2025-07-12 03:00:00,32.0,79.0033862804747,1001.2
Kolkata,2025-07-12 04:00:00,32.0,79.46556860628449,
Kolkata,2025-07-12 05:00:00,32.0,79.46556860628449,
Kolkata,2025-07-12 06:00:00,33.4,70.9081702429426,1000.9
Kolkata,2025-07-12 07:00:00,34.0,71.01489197336855,
Kolkata,2025-07-12 08:00:00,34.0,66.97799053247137,
Kolkata,2025-07-12 09:00:00,35.4,67.25128721615818,998.6
Kolkata,2025-07-12 10:00:00,33.0,70.83672096419855,
Kolkata,2025-07-12 11:00:00,32.0,74.94828132337592,
Kolkata,2025-07-12 12:00:00,31.4,76.18814229624397,999.4
Kolkata,2025-07-12 13:00:00,31.0,79.33114757208126,
Kolkata,2025-07-12 14:00:00,30.0,84.00528111799692,
Kolkata,2025-07-12 15:00:00,30.0,84.99729439748566,1000.3
Kolkata,2025-07-12 16:00:00,30.0,84.00528111799692,
Kolkata,2025-07-12 17:00:00,29.0,83.89690993013956,
Kolkata,2025-07-12 18:00:00,29.0,89.51636332080271,1001.9
Kolkata,2025-07-12 19:00:00,29.0,94.35600561322181,
Kolkata,2025-07-12 20:00:00,29.0,94.35600561322181,
Kolkata,2025-07-12 21:00:00,28.5,90.00824282803232,1000.4
Kolkata,2025-07-12 22:00:00,29.0,94.35600561322181,
Kolkata,2025-07-12 23:00:00,29.0,94.35600561322181,
Kolkata,2025-07-13 00:00:00,28.6,95.44891343392182,1000.8
Kolkata,2025-07-13 01:00:00,29.0,94.35600561322181,
Kolkata,2025-07-13 02:00:00,29.0,94.35600561322181,
Kolkata,2025-07-13 03:00:00,30.6,85.55612371787966,1001.6
Kolkata,2025-07-13 04:00:00,32.0,79.46556860628449,
Kolkata,2025-07-13 05:00:00,33.0,70.83672096419855,
Kolkata,2025-07-13 06:00:00,34.2,68.60580036819208,1000.4
Kolkata,2025-07-13 07:00:00,27.0,88.83751596451742,
Kolkata,2025-07-13 08:00:00,31.0,79.33114757208126,
Kolkata,2025-07-13 09:00:00,30.0,83.5130798716472,999.6
Kolkata,2025-07-13 10:00:00,27.0,94.27439081608838,
Kolkata,2025-07-13 11:00:00,27.0,94.27439081608838,
Kolkata,2025-07-13 12:00:00,27.4,96.53936698995483,999.6
Kolkata,2025-07-13 13:00:00,27.0,94.27439081608838,
Kolkata,2025-07-13 14:00:00,28.0,94.3154156421007,
Kolkata,2025-07-13 15:00:00,27.8,94.86347768339076,1000.7
Kolkata,2025-07-13 16:00:00,28.0,88.91528354225218,
Kolkata,2025-07-13 17:00:00,27.0,94.27439081608838,
Kolkata,2025-07-13 18:00:00,27.6,96.54439604252043,1001.5
Kolkata,2025-07-13 19:00:00,27.0,94.27439081608838,
Kolkata,2025-07-13 20:00:00,27.0,94.27439081608838,
Kolkata,2025-07-13 21:00:00,27.4,96.53936698995483,999.7
Kolkata,2025-07-13 22:00:00,27.0,100.0,
Kolkata,2025-07-13 23:00:00,27.0,100.0,
Kolkata,2025-07-14 00:00:00,27.0,94.27439081608838,
Kolkata,2025-07-14 01:00:00,27.0,,
Kolkata,2025-07-14 03:00:00,26.8,96.52421418955653,998.6
Kolkata,2025-07-14 04:00:00,27.0,94.27439081608838,
Kolkata,2025-07-14 05:00:00,27.0,94.27439081608838,
Kolkata,2025-07-14 06:00:00,27.0,95.39600874452509,997.6
Kolkata,2025-07-14 07:00:00,27.0,94.27439081608838,
Kolkata,2025-07-14 08:00:00,28.0,88.91528354225218,
Kolkata,2025-07-14 09:00:00,26.8,98.24867165262664,996.6
Kolkata,2025-07-14 10:00:00,28.0,88.91528354225218,
Kolkata,2025-07-14 11:00:00,28.0,88.91528354225218,
Kolkata,2025-07-14 12:00:00,26.8,96.52421418955653,997.1
Kolkata,2025-07-14 13:00:00,27.0,94.27439081608838,
Kolkata,2025-07-14 14:00:00,27.0,94.27439081608838,
Kolkata,2025-07-14 15:00:00,27.0,96.5292760949642,999.9
Kolkata,2025-07-14 16:00:00,27.0,94.27439081608838,
Kolkata,2025-07-14 17:00:00,27.0,94.27439081608838,
Kolkata,2025-07-14 18:00:00,27.0,95.39600874452509,1000.5
Kolkata,2025-07-14 19:00:00,27.0,94.27439081608838,
Kolkata,2025-07-14 20:00:00,27.0,94.27439081608838,
Kolkata,2025-07-14 21:00:00,27.0,95.39600874452509,999.1
Kolkata,2025-07-14 22:00:00,27.0,94.27439081608838,
Kolkata,2025-07-14 23:00:00,27.0,94.27439081608838,
Kolkata,2025-07-15 00:00:00,26.8,96.52421418955653,999.5
Kolkata,2025-07-15 01:00:00,28.0,94.3154156421007,
Kolkata,2025-07-15 02:00:00,28.0,94.3154156421007,
Kolkata,2025-07-15 03:00:00,26.2,96.5089622614157,1001.0
Kolkata,2025-07-15 04:00:00,27.0,94.27439081608838,
Kolkata,2025-07-15 05:00:00,28.0,94.3154156421007,
Kolkata,2025-07-15 06:00:00,27.0,95.39600874452509,1000.8
Kolkata,2025-07-15 07:00:00,27.0,94.27439081608838,
Kolkata,2025-07-15 08:00:00,28.0,88.91528354225218,
Kolkata,2025-07-15 09:00:00,28.6,92.1553667873356,999.3
Kolkata,2025-07-15 10:00:00,30.0,89.06845243281573,
Kolkata,2025-07-15 11:00:00,30.0,89.06845243281573,
Kolkata,2025-07-15 12:00:00,29.6,89.56011356164207,999.1
Kolkata,2025-07-15 13:00:00,29.0,88.99225887739404,
Kolkata,2025-07-15 14:00:00,29.0,94.35600561322181,
Kolkata,2025-07-15 15:00:00,28.6,95.44891343392182,1001.7
Kolkata,2025-07-15 16:00:00,29.0,88.99225887739404,
Kolkata,2025-07-15 17:00:00,29.0,88.99225887739404,
Kolkata,2025-07-15 18:00:00,28.4,95.44234995416194,1002.3
Kolkata,2025-07-15 19:00:00,29.0,88.99225887739404,
Kolkata,2025-07-15 20:00:00,29.0,88.99225887739404,
Kolkata,2025-07-15 21:00:00,28.0,95.42918067606378,1001.0
Kolkata,2025-07-15 22:00:00,29.0,94.35600561322181,
Kolkata,2025-07-15 23:00:00,28.0,94.3154156421007,
Kolkata,2025-07-16 00:00:00,28.0,98.26401833820742,1002.3
Kolkata,2025-07-16 01:00:00,26.0,94.23292497092102,
Kolkata,2025-07-16 02:00:00,26.0,94.23292497092102,
Kolkata,2025-07-16 03:00:00,27.0,95.39600874452509,1003.5
Kolkata,2025-07-16 04:00:00,31.0,84.11259923098856,
Kolkata,2025-07-16 05:00:00,31.0,79.33114757208126,
Kolkata,2025-07-16 06:00:00,29.8,92.22163900067571,1003.1
Kolkata,2025-07-16 07:00:00,30.0,89.06845243281573,
Kolkata,2025-07-16 08:00:00,28.0,94.3154156421007,
Kolkata,2025-07-16 09:00:00,28.0,87.34888747491027,1002.0
Kolkata,2025-07-16 10:00:00,28.0,88.91528354225218,
Kolkata,2025-07-16 11:00:00,28.0,94.3154156421007,
Kolkata,2025-07-16 12:00:00,28.4,92.14424033203443,1001.2
Kolkata,2025-07-16 13:00:00,28.0,94.3154156421007,
Kolkata,2025-07-16 14:00:00,28.0,88.91528354225218,
Kolkata,2025-07-16 15:00:00,27.8,93.7538663078413,1003.7
Kolkata,2025-07-16 16:00:00,28.0,94.3154156421007,
Kolkata,2025-07-16 17:00:00,28.0,94.3154156421007,
Kolkata,2025-07-16 18:00:00,28.2,95.43577238155224,1004.7
Kolkata,2025-07-16 19:00:00,28.0,94.3154156421007,
Kolkata,2025-07-16 20:00:00,28.0,94.3154156421007,
Kolkata,2025-07-16 21:00:00,27.8,94.86347768339076,1003.7
Kolkata,2025-07-16 22:00:00,28.0,94.3154156421007,
Kolkata,2025-07-16 23:00:00,28.0,94.3154156421007,
Kolkata,2025-07-17 00:00:00,27.4,96.53936698995483,1004.3
Kolkata,2025-07-17 01:00:00,29.0,88.99225887739404,
Kolkata,2025-07-17 02:00:00,30.0,84.00528111799692,
Kolkata,2025-07-17 03:00:00,30.4,85.53649748682237,1005.3
Kolkata,2025-07-17 04:00:00,32.0,74.94828132337592,
Kolkata,2025-07-17 05:00:00,33.0,70.83672096419855,
Kolkata,2025-07-17 06:00:00,34.0,65.03583657618948,1004.7
Kolkata,2025-07-17 07:00:00,33.0,66.78088716309055,
Kolkata,2025-07-17 08:00:00,35.0,59.72752203563765,
Kolkata,2025-07-17 09:00:00,34.4,60.66320841650632,1002.9
Kolkata,2025-07-17 10:00:00,32.0,70.6570356447408,
Kolkata,2025-07-17 11:00:00,32.0,74.94828132337592,
Kolkata,2025-07-17 12:00:00,31.4,76.18814229624397,1002.5
Kolkata,2025-07-17 13:00:00,31.0,79.33114757208126,
Kolkata,2025-07-17 14:00:00,30.0,84.00528111799692,
Kolkata,2025-07-17 15:00:00,30.2,84.02682856635852,1004.2
Kolkata,2025-07-17 16:00:00,29.0,94.35600561322181,
Kolkata,2025-07-17 17:00:00,29.0,88.99225887739404,
Kolkata,2025-07-17 18:00:00,29.6,89.56011356164207,1005.2
Kolkata,2025-07-17 19:00:00,29.0,88.99225887739404,
Kolkata,2025-07-17 20:00:00,29.0,88.99225887739404,
Kolkata,2025-07-17 21:00:00,29.2,92.18860676693177,1004.0
Kolkata,2025-07-17 22:00:00,29.0,88.99225887739404,
Kolkata,2025-07-17 23:00:00,29.0,88.99225887739404,
Kolkata,2025-07-18 00:00:00,29.0,92.17754994106518,1004.2
Kolkata,2025-07-18 01:00:00,29.0,88.99225887739404,
Kolkata,2025-07-18 02:00:00,29.0,94.35600561322181,
Kolkata,2025-07-18 03:00:00,30.0,88.03501822943302,1004.8
Kolkata,2025-07-18 04:00:00,31.0,79.33114757208126,
Kolkata,2025-07-18 05:00:00,32.0,70.6570356447408,
Kolkata,2025-07-18 06:00:00,34.4,67.84590048124622,1003.9
Kolkata,2025-07-18 07:00:00,31.0,74.7889561009917,
Kolkata,2025-07-18 08:00:00,27.0,94.27439081608838,
Kolkata,2025-07-18 09:00:00,27.4,98.25637024612985,1002.6
Kolkata,2025-07-18 10:00:00,30.0,84.00528111799692,
Kolkata,2025-07-18 11:00:00,30.0,79.1954670273341,
Kolkata,2025-07-18 12:00:00,28.8,90.55942797559786,1000.5
Kolkata,2025-07-18 13:00:00,30.0,79.1954670273341,
Kolkata,2025-07-18 14:00:00,29.0,88.99225887739404,
Kolkata,2025-07-18 15:00:00,28.4,92.14424033203443,1002.0
Kolkata,2025-07-18 16:00:00,29.0,94.35600561322181,
Kolkata,2025-07-18 17:00:00,28.0,94.3154156421007,
Kolkata,2025-07-18 18:00:00,28.4,97.12973912054358,1002.2
Kolkata,2025-07-18 19:00:00,29.0,94.35600561322181,
Kolkata,2025-07-18 20:00:00,28.0,94.3154156421007,
Kolkata,2025-07-18 21:00:00,28.0,95.42918067606378,1003.7
Kolkata,2025-07-18 22:00:00,28.0,94.3154156421007,
Kolkata,2025-07-18 23:00:00,28.0,94.3154156421007,
Kolkata,2025-07-19 00:00:00,28.2,93.77172585847173,1000.4
Kolkata,2025-07-19 01:00:00,29.0,94.35600561322181,
Kolkata,2025-07-19 02:00:00,30.0,89.06845243281573,
Kolkata,2025-07-19 03:00:00,32.2,80.42268984982785,1000.8
Kolkata,2025-07-19 04:00:00,31.0,84.11259923098856,
Kolkata,2025-07-19 05:00:00,31.0,84.11259923098856,
Kolkata,2025-07-19 06:00:00,27.8,88.89979374390309,1000.3
Kolkata,2025-07-19 07:00:00,26.0,100.0,
Kolkata,2025-07-19 08:00:00,29.0,83.89690993013956,
Kolkata,2025-07-19 09:00:00,29.4,89.54556000162309,998.1
Kolkata,2025-07-19 10:00:00,31.0,74.7889561009917,
Kolkata,2025-07-19 11:00:00,31.0,74.7889561009917,
Kolkata,2025-07-19 12:00:00,30.6,82.60607945629376,997.2
Kolkata,2025-07-19 13:00:00,30.0,84.00528111799692,
Kolkata,2025-07-19 14:00:00,29.0,88.99225887739404,
Kolkata,2025-07-19 15:00:00,29.0,89.51636332080271,999.3
Kolkata,2025-07-19 16:00:00,29.0,88.99225887739404,
Kolkata,2025-07-19 17:00:00,29.0,88.99225887739404,
Kolkata,2025-07-19 18:00:00,29.0,90.57266984744003,1000.5
Kolkata,2025-07-19 19:00:00,29.0,94.35600561322181,
Kolkata,2025-07-19 20:00:00,29.0,94.35600561322181,
Kolkata,2025-07-19 21:00:00,28.8,92.16646996907035,998.6
Kolkata,2025-07-19 22:00:00,28.0,94.3154156421007,
Kolkata,2025-07-19 23:00:00,28.0,94.3154156421007,
Kolkata,2025-07-20 00:00:00,28.2,95.43577238155224,999.1
Kolkata,2025-07-20 01:00:00,29.0,94.35600561322181,
Kolkata,2025-07-20 02:00:00,30.0,79.1954670273341,
Kolkata,2025-07-20 03:00:00,31.3,79.37160546336736,1000.9
Kolkata,2025-07-20 04:00:00,31.0,79.33114757208126,
Kolkata,2025-07-20 05:00:00,32.0,74.94828132337592,
Kolkata,2025-07-20 06:00:00,33.4,73.0114248312194,1000.1
Kolkata,2025-07-20 07:00:00,33.0,70.83672096419855,
Kolkata,2025-07-20 08:00:00,33.0,70.83672096419855,
Kolkata,2025-07-20 09:00:00,33.8,67.33350659401705,997.8
Kolkata,2025-07-20 10:00:00,32.0,74.94828132337592,
Kolkata,2025-07-20 11:00:00,32.0,74.94828132337592,
Kolkata,2025-07-20 12:00:00,31.4,77.54420157006253,997.6
Kolkata,2025-07-20 13:00:00,30.0,79.1954670273341,
Kolkata,2025-07-20 14:00:00,29.0,88.99225887739404,
Kolkata,2025-07-20 15:00:00,29.8,88.01849942848882,999.9
Kolkata,2025-07-20 16:00:00,29.0,88.99225887739404,
Kolkata,2025-07-20 17:00:00,29.0,94.35600561322181,
Kolkata,2025-07-20 18:00:00,29.2,90.58588438387352,1001.5
Kolkata,2025-07-20 19:00:00,29.0,88.99225887739404,
Kolkata,2025-07-20 20:00:00,29.0,88.99225887739404,
Kolkata,2025-07-20 21:00:00,29.0,89.51636332080271,1000.0
Kolkata,2025-07-20 22:00:00,29.0,88.99225887739404,
Kolkata,2025-07-20 23:00:00,29.0,88.99225887739404,
Kolkata,2025-07-21 00:00:00,28.2,93.77172585847173,1000.4
Kolkata,2025-07-21 01:00:00,29.0,94.35600561322181,
Kolkata,2025-07-21 02:00:00,30.0,89.06845243281573,
Kolkata,2025-07-21 03:00:00,31.4,77.54420157006253,1002.1
Kolkata,2025-07-21 04:00:00,32.0,74.94828132337592,
Kolkata,2025-07-21 05:00:00,32.0,70.6570356447408,
Kolkata,2025-07-21 06:00:00,34.0,59.50158303199722,1001.3
Kolkata,2025-07-21 07:00:00,34.0,59.50158303199722,
Kolkata,2025-07-21 08:00:00,34.0,59.50158303199722,
Kolkata,2025-07-21 09:00:00,34.4,62.11744798829246,998.8
Kolkata,2025-07-21 10:00:00,34.0,59.50158303199722,
Kolkata,2025-07-21 11:00:00,32.0,74.94828132337592,
Kolkata,2025-07-21 12:00:00,32.0,73.63761837389029,998.2
Kolkata,2025-07-21 13:00:00,31.0,74.7889561009917,
Kolkata,2025-07-21 14:00:00,31.0,74.7889561009917,
Kolkata,2025-07-21 15:00:00,30.4,82.58284223811447,1000.9
Kolkata,2025-07-21 16:00:00,30.0,84.00528111799692,
Kolkata,2025-07-21 17:00:00,30.0,79.1954670273341,
Kolkata,2025-07-21 18:00:00,29.6,84.95652278782288,1001.3
Kolkata,2025-07-21 19:00:00,29.0,88.99225887739404,
Kolkata,2025-07-21 20:00:00,29.0,88.99225887739404,
Kolkata,2025-07-21 21:00:00,29.2,84.91559008084812,999.7
Kolkata,2025-07-21 22:00:00,29.0,88.99225887739404,
Kolkata,2025-07-21 23:00:00,28.0,100.0,
Kolkata,2025-07-22 00:00:00,28.6,92.1553667873356,999.9
Kolkata,2025-07-22 01:00:00,30.0,89.06845243281573,
Kolkata,2025-07-22 02:00:00,30.0,84.00528111799692,
Kolkata,2025-07-22 03:00:00,32.0,72.34703340707203,1001.0
Kolkata,2025-07-22 04:00:00,33.0,66.78088716309055,
Kolkata,2025-07-22 05:00:00,33.0,62.92958329531054,
Kolkata,2025-07-22 06:00:00,33.4,64.91266364161814,1000.3
Kolkata,2025-07-22 07:00:00,35.0,56.28299102683274,
Kolkata,2025-07-22 08:00:00,34.0,63.14309255534474,
Kolkata,2025-07-22 09:00:00,34.6,62.160715526838395,997.2
Kolkata,2025-07-22 10:00:00,34.0,63.14309255534474,
Kolkata,2025-07-22 11:00:00,34.0,63.14309255534474,
Kolkata,2025-07-22 12:00:00,33.6,68.49226741509385,996.1
Kolkata,2025-07-22 13:00:00,32.0,74.94828132337592,
Kolkata,2025-07-22 14:00:00,31.0,79.33114757208126,
Kolkata,2025-07-22 15:00:00,31.4,78.92130681911149,998.3
Kolkata,2025-07-22 16:00:00,31.0,79.33114757208126,
Kolkata,2025-07-22 17:00:00,30.0,84.00528111799692,
Kolkata,2025-07-22 18:00:00,30.0,84.99729439748566,998.9
Kolkata,2025-07-22 19:00:00,29.0,88.99225887739404,
Kolkata,2025-07-22 20:00:00,29.0,94.35600561322181,
Kolkata,2025-07-22 21:00:00,29.0,90.57266984744003,996.9
Kolkata,2025-07-22 22:00:00,29.0,88.99225887739404,
Kolkata,2025-07-22 23:00:00,29.0,88.99225887739404,
Kolkata,2025-07-23 00:00:00,28.8,90.55942797559786,997.2
Kolkata,2025-07-23 01:00:00,30.0,84.00528111799692,
Kolkata,2025-07-23 02:00:00,31.0,79.33114757208126,
Kolkata,2025-07-23 03:00:00,33.4,67.25543915862544,997.7
Kolkata,2025-07-23 04:00:00,33.0,70.83672096419855,
Kolkata,2025-07-23 05:00:00,33.0,70.83672096419855,
Kolkata,2025-07-23 06:00:00,34.6,64.39740048201318,996.1
Kolkata,2025-07-23 07:00:00,34.0,66.97799053247137,
Kolkata,2025-07-23 08:00:00,35.0,63.354980624753985,
Kolkata,2025-07-23 09:00:00,36.0,58.557536758933935,993.8
Kolkata,2025-07-23 10:00:00,35.0,63.354980624753985,
Kolkata,2025-07-23 11:00:00,35.0,59.72752203563765,
Kolkata,2025-07-23 12:00:00,34.8,62.20391825591429,992.4
Kolkata,2025-07-23 13:00:00,34.0,66.97799053247137,
Kolkata,2025-07-23 14:00:00,33.0,70.83672096419855,
Kolkata,2025-07-23 15:00:00,32.4,72.8428529693439,995.0
Kolkata,2025-07-23 16:00:00,32.0,74.94828132337592,
Kolkata,2025-07-23 17:00:00,31.0,84.11259923098856,
Kolkata,2025-07-23 18:00:00,31.2,81.23924051845427,995.5
Kolkata,2025-07-23 19:00:00,30.0,89.06845243281573,
Kolkata,2025-07-23 20:00:00,30.0,89.06845243281573,
Kolkata,2025-07-23 21:00:00,30.6,82.60607945629376,993.8
Kolkata,2025-07-23 22:00:00,30.0,89.06845243281573,
Kolkata,2025-07-23 23:00:00,30.0,89.06845243281573,
Kolkata,2025-07-24 00:00:00,27.2,95.40267171979633,994.0
Kolkata,2025-07-24 01:00:00,28.0,88.91528354225218,
Kolkata,2025-07-24 02:00:00,28.0,94.3154156421007,
Kolkata,2025-07-24 03:00:00,28.6,95.44891343392182,994.6
Kolkata,2025-07-24 04:00:00,29.0,100.0,
Kolkata,2025-07-24 05:00:00,29.0,94.35600561322181,
Kolkata,2025-07-24 06:00:00,29.6,89.56011356164207,994.7
Kolkata,2025-07-24 07:00:00,31.0,79.33114757208126,
Kolkata,2025-07-24 08:00:00,33.0,70.83672096419855,
Kolkata,2025-07-24 09:00:00,34.0,68.56801813396841,992.1
Kolkata,2025-07-24 10:00:00,33.0,70.83672096419855,
Kolkata,2025-07-24 11:00:00,33.0,70.83672096419855,
Kolkata,2025-07-24 12:00:00,33.0,71.67322751398581,990.5
Kolkata,2025-07-24 13:00:00,31.0,84.11259923098856,
Kolkata,2025-07-24 14:00:00,31.0,84.11259923098856,
Kolkata,2025-07-24 15:00:00,30.8,81.1895795616241,993.0
Kolkata,2025-07-24 16:00:00,30.0,89.06845243281573,
Kolkata,2025-07-24 17:00:00,29.0,94.35600561322181,
Kolkata,2025-07-24 18:00:00,29.2,89.53097661456914,993.1
Kolkata,2025-07-24 19:00:00,27.0,100.0,
Kolkata,2025-07-24 20:00:00,28.0,94.3154156421007,
Kolkata,2025-07-24 21:00:00,27.6,95.41595470562915,990.8
Kolkata,2025-07-24 22:00:00,28.0,100.0,
Kolkata,2025-07-24 23:00:00,28.0,100.0,
Kolkata,2025-07-25 00:00:00,27.8,98.261474558228,990.3
Kolkata,2025-07-25 01:00:00,26.0,100.0,
Kolkata,2025-07-25 02:00:00,28.0,94.3154156421007,
Kolkata,2025-07-25 03:00:00,29.0,93.80721852350113,991.2
Kolkata,2025-07-25 04:00:00,29.0,94.35600561322181,
Kolkata,2025-07-25 05:00:00,31.0,84.11259923098856,
Kolkata,2025-07-25 06:00:00,30.4,82.58284223811447,990.8
Kolkata,2025-07-25 07:00:00,29.0,94.35600561322181,
Kolkata,2025-07-25 08:00:00,29.0,94.35600561322181,
Kolkata,2025-07-25 09:00:00,28.2,98.266556555781,988.3
Kolkata,2025-07-25 10:00:00,28.0,94.3154156421007,
Kolkata,2025-07-25 11:00:00,27.0,94.27439081608838,
Kolkata,2025-07-25 12:00:00,27.4,98.25637024612985,989.5
Kolkata,2025-07-25 13:00:00,28.0,94.3154156421007,
Kolkata,2025-07-25 14:00:00,28.0,94.3154156421007,
Kolkata,2025-07-25 15:00:00,27.2,98.25380968140279,992.8
Kolkata,2025-07-25 16:00:00,28.0,94.3154156421007,
Kolkata,2025-07-25 17:00:00,28.0,94.3154156421007,
Kolkata,2025-07-25 18:00:00,27.4,98.25637024612985,994.7
Kolkata,2025-07-25 19:00:00,27.0,100.0,
Kolkata,2025-07-25 20:00:00,27.0,94.27439081608838,
Kolkata,2025-07-25 21:00:00,27.0,98.25124348905271,994.8
Kolkata,2025-07-25 22:00:00,27.0,100.0,
Kolkata,2025-07-25 23:00:00,27.0,100.0,
Kolkata,2025-07-26 00:00:00,27.2,98.25380968140279,995.5
Kolkata,2025-07-26 01:00:00,27.0,100.0,
Kolkata,2025-07-26 02:00:00,28.0,94.3154156421007,
Kolkata,2025-07-26 03:00:00,28.8,90.55942797559786,997.6
Kolkata,2025-07-26 04:00:00,30.0,89.06845243281573,
Kolkata,2025-07-26 05:00:00,31.0,84.11259923098856,
Kolkata,2025-07-26 06:00:00,29.2,87.96874224697314,998.1
Kolkata,2025-07-26 07:00:00,29.0,94.35600561322181,
Kolkata,2025-07-26 08:00:00,29.0,88.99225887739404,
Kolkata,2025-07-26 09:00:00,30.2,88.051503713093,996.5
Kolkata,2025-07-26 10:00:00,28.0,94.3154156421007,
Kolkata,2025-07-26 11:00:00,29.0,88.99225887739404,
Kolkata,2025-07-26 12:00:00,29.0,90.57266984744003,996.4
Kolkata,2025-07-26 13:00:00,28.0,94.3154156421007,
Kolkata,2025-07-26 14:00:00,28.0,94.3154156421007,
Kolkata,2025-07-26 15:00:00,28.0,93.76280556198172,998.5
Kolkata,2025-07-26 16:00:00,28.0,94.3154156421007,
Kolkata,2025-07-26 17:00:00,28.0,94.3154156421007,
Kolkata,2025-07-26 18:00:00,28.0,95.42918067606378,999.2
Kolkata,2025-07-26 19:00:00,28.0,94.3154156421007,
Kolkata,2025-07-26 20:00:00,28.0,94.3154156421007,
Kolkata,2025-07-26 21:00:00,27.8,94.86347768339076,997.5
Kolkata,2025-07-26 22:00:00,28.0,94.3154156421007,
Kolkata,2025-07-26 23:00:00,28.0,94.3154156421007,
Kolkata,2025-07-27 00:00:00,27.6,95.41595470562915,997.8
Kolkata,2025-07-27 01:00:00,29.0,88.99225887739404,
Kolkata,2025-07-27 02:00:00,29.0,88.99225887739404,
Kolkata,2025-07-27 03:00:00,31.4,80.31973345807687,999.2
Kolkata,2025-07-27 04:00:00,31.0,79.33114757208126,
Kolkata,2025-07-27 05:00:00,32.0,74.94828132337592,
Kolkata,2025-07-27 06:00:00,33.8,68.53017385519429,998.4
Kolkata,2025-07-27 07:00:00,32.0,74.94828132337592,
Kolkata,2025-07-27 08:00:00,34.0,63.14309255534474,
Kolkata,2025-07-27 09:00:00,34.6,64.39740048201318,996.6
Kolkata,2025-07-27 10:00:00,33.0,66.78088716309055,
Kolkata,2025-07-27 11:00:00,32.0,70.6570356447408,
Kolkata,2025-07-27 12:00:00,32.0,77.63089769639963,996.1
Kolkata,2025-07-27 13:00:00,31.0,79.33114757208126,
Kolkata,2025-07-27 14:00:00,29.0,88.99225887739404,
Kolkata,2025-07-27 15:00:00,28.8,93.7983735302794,999.3
Kolkata,2025-07-27 16:00:00,27.0,94.27439081608838,
Kolkata,2025-07-27 17:00:00,27.0,100.0,
Kolkata,2025-07-27 18:00:00,27.8,94.86347768339076,999.4
Kolkata,2025-07-27 19:00:00,28.0,94.3154156421007,
Kolkata,2025-07-27 20:00:00,28.0,94.3154156421007,
Kolkata,2025-07-27 21:00:00,28.6,97.13390683461627,997.8
Kolkata,2025-07-27 22:00:00,29.0,94.35600561322181,
Kolkata,2025-07-27 23:00:00,29.0,94.35600561322181,
Kolkata,2025-07-28 00:00:00,28.4,95.44234995416194,998.1
Kolkata,2025-07-28 01:00:00,28.0,94.3154156421007,
Kolkata,2025-07-28 02:00:00,29.0,88.99225887739404,
Kolkata,2025-07-28 03:00:00,28.6,93.78950978997815,999.3
Kolkata,2025-07-28 04:00:00,29.0,88.99225887739404,
Kolkata,2025-07-28 05:00:00,30.0,84.00528111799692,
Kolkata,2025-07-28 06:00:00,30.0,84.00528111799692,
Kolkata,2025-07-28 07:00:00,31.0,74.7889561009917,
Kolkata,2025-07-28 08:00:00,30.0,84.00528111799692,
Kolkata,2025-07-28 09:00:00,29.0,84.89506306062921,997.5
Kolkata,2025-07-28 10:00:00,29.0,88.99225887739404,
Kolkata,2025-07-28 11:00:00,27.0,94.27439081608838,
Kolkata,2025-07-28 12:00:00,27.2,95.40267171979633,997.6
Kolkata,2025-07-28 13:00:00,27.0,94.27439081608838,
Kolkata,2025-07-28 14:00:00,27.0,100.0,
Kolkata,2025-07-28 15:00:00,27.0,98.25124348905271,999.5
Kolkata,2025-07-28 16:00:00,27.0,100.0,
Kolkata,2025-07-28 17:00:00,27.0,100.0,
Kolkata,2025-07-28 18:00:00,27.2,98.25380968140279,999.9
Kolkata,2025-07-28 19:00:00,27.0,94.27439081608838,
Kolkata,2025-07-28 20:00:00,27.0,94.27439081608838,
Kolkata,2025-07-28 21:00:00,27.6,96.54439604252043,998.1
Kolkata,2025-07-28 22:00:00,26.0,100.0,
Kolkata,2025-07-28 23:00:00,26.0,100.0,
Kolkata,2025-07-29 00:00:00,26.2,98.24092211346162,998.3
Kolkata,2025-07-29 01:00:00,27.0,94.27439081608838,
Kolkata,2025-07-29 05:00:00,30.0,84.00528111799692,
Kolkata,2025-07-29 06:00:00,30.2,88.051503713093,999.2
Kolkata,2025-07-29 07:00:00,30.0,84.00528111799692,
Kolkata,2025-07-29 08:00:00,31.0,79.33114757208126,
Kolkata,2025-07-29 09:00:00,30.2,81.1147334710309,998.0
Kolkata,2025-07-29 10:00:00,26.0,88.7589455109383,
Kolkata,2025-07-29 11:00:00,27.0,94.27439081608838,
Kolkata,2025-07-29 12:00:00,28.2,95.43577238155224,997.7
Kolkata,2025-07-29 13:00:00,28.0,94.3154156421007,
Kolkata,2025-07-29 14:00:00,28.0,94.3154156421007,
Kolkata,2025-07-29 15:00:00,28.2,96.55941799604423,999.7
Kolkata,2025-07-29 16:00:00,28.0,94.3154156421007,
Kolkata,2025-07-29 17:00:00,28.0,100.0,
Kolkata,2025-07-29 18:00:00,28.2,96.55941799604423,1000.3
Kolkata,2025-07-29 19:00:00,27.0,94.27439081608838,
Kolkata,2025-07-29 21:00:00,26.2,98.24092211346162,999.1
Kolkata,2025-07-29 22:00:00,26.0,100.0,
Kolkata,2025-07-29 23:00:00,26.0,100.0,
Kolkata,2025-07-30 00:00:00,26.4,98.24351098143454,999.0
Kolkata,2025-07-30 01:00:00,26.0,100.0,
Kolkata,2025-07-30 02:00:00,27.0,100.0,
Kolkata,2025-07-30 03:00:00,27.8,96.54941420693457,1000.2
Kolkata,2025-07-30 04:00:00,28.0,94.3154156421007,
Kolkata,2025-07-30 05:00:00,30.0,84.00528111799692,
Kolkata,2025-07-30 06:00:00,29.0,86.41175942849821,1000.1
Kolkata,2025-07-30 07:00:00,30.0,84.00528111799692,
Kolkata,2025-07-30 08:00:00,29.0,88.99225887739404,
Kolkata,2025-07-30 09:00:00,29.0,87.95208930052544,998.4
Kolkata,2025-07-30 10:00:00,28.0,94.3154156421007,
Kolkata,2025-07-30 11:00:00,28.0,88.91528354225218,
Kolkata,2025-07-30 12:00:00,28.6,90.54615869442738,998.2
Kolkata,2025-07-30 13:00:00,28.0,94.3154156421007,
Kolkata,2025-07-30 14:00:00,28.0,94.3154156421007,
Kolkata,2025-07-30 15:00:00,27.8,93.7538663078413,1000.3
Kolkata,2025-07-30 16:00:00,28.0,94.3154156421007,
Kolkata,2025-07-30 17:00:00,27.0,94.27439081608838,
Kolkata,2025-07-30 18:00:00,27.0,95.39600874452509,1000.6
Kolkata,2025-07-30 19:00:00,27.0,94.27439081608838,
Kolkata,2025-07-30 20:00:00,26.0,94.23292497092102,
Kolkata,2025-07-30 21:00:00,26.6,96.51914127003087,999.3
Kolkata,2025-07-30 22:00:00,27.0,94.27439081608838,
Kolkata,2025-07-30 23:00:00,27.0,94.27439081608838,
Kolkata,2025-07-31 00:00:00,26.8,96.52421418955653,999.3
Kolkata,2025-07-31 01:00:00,27.0,94.27439081608838,
Kolkata,2025-07-31 02:00:00,27.0,100.0,
Kolkata,2025-07-31 03:00:00,28.0,96.5544215144089,1000.7
Kolkata,2025-07-31 04:00:00,28.0,94.3154156421007,
Kolkata,2025-07-31 05:00:00,28.0,94.3154156421007,
Kolkata,2025-07-31 06:00:00,28.4,95.44234995416194,1000.5
Kolkata,2025-07-31 07:00:00,28.0,94.3154156421007,
Kolkata,2025-07-31 08:00:00,25.0,100.0,
Kolkata,2025-07-31 09:00:00,26.8,98.24867165262664,999.7
Kolkata,2025-07-31 10:00:00,28.0,88.91528354225218,
Kolkata,2025-07-31 11:00:00,28.0,94.3154156421007,
Kolkata,2025-07-31 12:00:00,27.6,96.54439604252043,999.0
Kolkata,2025-07-31 13:00:00,28.0,94.3154156421007,
Kolkata,2025-07-31 14:00:00,27.0,100.0,
Kolkata,2025-07-31 15:00:00,27.4,96.53936698995483,1000.9
Kolkata,2025-07-31 16:00:00,28.0,100.0,
Kolkata,2025-07-31 17:00:00,28.0,94.3154156421007,
Kolkata,2025-07-31 18:00:00,27.6,98.25892519962696,1001.0
Kolkata,2025-07-31 19:00:00,28.0,94.3154156421007,
Kolkata,2025-07-31 20:00:00,28.0,94.3154156421007,
Kolkata,2025-07-31 21:00:00,27.8,98.261474558228,999.4
Kolkata,2025-07-31 22:00:00,28.0,94.3154156421007,
Kolkata,2025-07-31 23:00:00,28.0,94.3154156421007,
Kolkata,2025-08-01 00:00:00,27.8,98.261474558228,1000.1
Kolkata,2025-08-01 01:00:00,29.0,94.35600561322181,
Kolkata,2025-08-01 02:00:00,29.0,94.35600561322181,
Kolkata,2025-08-01 03:00:00,29.0,92.17754994106518,1001.6
Kolkata,2025-08-01 04:00:00,31.0,79.33114757208126,
Kolkata,2025-08-01 05:00:00,32.0,70.6570356447408,
Kolkata,2025-08-01 06:00:00,33.2,69.2266032222682,1000.6
Kolkata,2025-08-01 07:00:00,33.0,66.78088716309055,
Kolkata,2025-08-01 08:00:00,33.0,66.78088716309055,
Kolkata,2025-08-01 09:00:00,34.2,68.60580036819208,998.7
Kolkata,2025-08-01 10:00:00,27.0,94.27439081608838,
Kolkata,2025-08-01 11:00:00,29.0,88.99225887739404,
Kolkata,2025-08-01 12:00:00,28.9,88.98459669528373,999.1
Kolkata,2025-08-01 13:00:00,29.0,88.99225887739404,
Kolkata,2025-08-01 14:00:00,27.0,94.27439081608838,
Kolkata,2025-08-01 15:00:00,27.0,96.5292760949642,1001.9
Kolkata,2025-08-01 16:00:00,27.0,100.0,
Kolkata,2025-08-01 17:00:00,27.0,94.27439081608838,
Kolkata,2025-08-01 18:00:00,27.0,95.39600874452509,1002.1
Kolkata,2025-08-01 19:00:00,28.0,94.3154156421007,
Kolkata,2025-08-01 20:00:00,27.0,94.27439081608838,
Kolkata,2025-08-01 21:00:00,26.8,96.52421418955653,1000.2
Kolkata,2025-08-01 22:00:00,28.0,88.91528354225218,
Kolkata,2025-08-01 23:00:00,28.0,94.3154156421007,
Kolkata,2025-08-02 00:00:00,27.4,96.53936698995483,1001.3
Kolkata,2025-08-02 01:00:00,28.0,94.3154156421007,
Kolkata,2025-08-02 02:00:00,28.0,100.0,
Kolkata,2025-08-02 03:00:00,29.5,93.28512874616001,1002.5
Kolkata,2025-08-02 04:00:00,31.0,84.11259923098856,
Kolkata,2025-08-02 05:00:00,32.0,74.94828132337592,
Kolkata,2025-08-02 06:00:00,33.0,72.94417143512577,999.8
Kolkata,2025-08-02 07:00:00,32.0,79.46556860628449,
Kolkata,2025-08-02 08:00:00,33.0,70.83672096419855,
Kolkata,2025-08-02 09:00:00,33.0,72.94417143512577,999.8
Kolkata,2025-08-02 10:00:00,32.0,79.46556860628449,
Kolkata,2025-08-02 11:00:00,32.0,79.46556860628449,
Kolkata,2025-08-02 12:00:00,31.4,80.31973345807687,1000.2
Kolkata,2025-08-02 13:00:00,31.0,79.33114757208126,
Kolkata,2025-08-02 14:00:00,30.0,89.06845243281573,
Kolkata,2025-08-02 15:00:00,30.2,86.52294575570109,1003.1
Kolkata,2025-08-02 16:00:00,30.0,89.06845243281573,
Kolkata,2025-08-02 17:00:00,29.0,100.0,
Kolkata,2025-08-02 18:00:00,29.8,91.15475347220371,1003.4
Kolkata,2025-08-02 19:00:00,29.0,94.35600561322181,
Kolkata,2025-08-02 20:00:00,29.0,94.35600561322181,
Kolkata,2025-08-02 21:00:00,29.2,93.81604482183465,1002.6
Kolkata,2025-08-02 22:00:00,29.0,94.35600561322181,
Kolkata,2025-08-02 23:00:00,29.0,94.35600561322181,
Kolkata,2025-08-03 00:00:00,28.8,93.7983735302794,1003.3
Kolkata,2025-08-03 01:00:00,29.0,94.35600561322181,
Kolkata,2025-08-03 02:00:00,30.0,84.00528111799692,
Kolkata,2025-08-03 03:00:00,32.0,79.0033862804747,1005.4
Kolkata,2025-08-03 04:00:00,32.0,74.94828132337592,
Kolkata,2025-08-03 05:00:00,29.0,88.99225887739404,
Kolkata,2025-08-03 06:00:00,31.6,81.2887133807776,1005.1
Kolkata,2025-08-03 07:00:00,28.0,94.3154156421007,
Kolkata,2025-08-03 08:00:00,28.0,100.0,
Kolkata,2025-08-03 09:00:00,33.0,71.67322751398581,1003.3
Kolkata,2025-08-03 10:00:00,32.0,74.94828132337592,
Kolkata,2025-08-03 11:00:00,31.0,74.7889561009917,
Kolkata,2025-08-03 12:00:00,31.0,78.40390010984709,1003.5
Kolkata,2025-08-03 13:00:00,30.0,89.06845243281573,
Kolkata,2025-08-03 14:00:00,28.0,94.3154156421007,
Kolkata,2025-08-03 15:00:00,28.6,90.54615869442738,1006.0
Kolkata,2025-08-03 16:00:00,29.0,94.35600561322181,
Kolkata,2025-08-03 17:00:00,29.0,94.35600561322181,
Kolkata,2025-08-03 18:00:00,26.6,93.69982968596882,1006.3
Kolkata,2025-08-03 19:00:00,27.0,94.27439081608838,
Kolkata,2025-08-03 20:00:00,27.0,94.27439081608838,
Kolkata,2025-08-03 21:00:00,27.3,95.96996715107568,1005.2
Kolkata,2025-08-03 22:00:00,27.0,94.27439081608838,
Kolkata,2025-08-03 23:00:00,27.0,94.27439081608838,
Kolkata,2025-08-04 00:00:00,27.2,95.40267171979633,1005.5
Kolkata,2025-08-04 01:00:00,27.0,94.27439081608838,
Kolkata,2025-08-04 02:00:00,28.0,94.3154156421007,
Kolkata,2025-08-04 03:00:00,29.2,90.58588438387352,1006.9
Kolkata,2025-08-04 04:00:00,30.0,89.06845243281573,
Kolkata,2025-08-04 05:00:00,31.0,84.11259923098856,
Kolkata,2025-08-04 06:00:00,32.0,80.39702320863196,1006.4
Kolkata,2025-08-04 07:00:00,32.0,79.46556860628449,
Kolkata,2025-08-04 08:00:00,32.0,79.46556860628449,
Kolkata,2025-08-04 09:00:00,32.8,76.84633730700138,1004.1
Kolkata,2025-08-04 10:00:00,32.0,74.94828132337592,
Kolkata,2025-08-04 11:00:00,31.0,79.33114757208126,
Kolkata,2025-08-04 12:00:00,31.6,80.34554512689967,1004.4
Kolkata,2025-08-04 13:00:00,30.0,89.06845243281573,
Kolkata,2025-08-04 14:00:00,30.0,84.00528111799692,
Kolkata,2025-08-04 15:00:00,29.6,88.00194722290112,1005.7
Kolkata,2025-08-04 16:00:00,29.0,88.99225887739404,
Kolkata,2025-08-04 17:00:00,29.0,88.99225887739404,
Kolkata,2025-08-04 18:00:00,29.2,90.58588438387352,1006.1
Kolkata,2025-08-04 19:00:00,29.0,88.99225887739404,
Kolkata,2025-08-04 20:00:00,29.0,88.99225887739404,
Kolkata,2025-08-04 21:00:00,29.0,92.17754994106518,1005.0
Kolkata,2025-08-04 22:00:00,29.0,94.35600561322181,
Kolkata,2025-08-04 23:00:00,25.0,94.19101183405704,
Kolkata,2025-08-05 00:00:00,25.5,97.64853030704535,1005.9
Kolkata,2025-08-05 01:00:00,26.0,94.23292497092102,
Kolkata,2025-08-05 02:00:00,27.0,94.27439081608838,
Kolkata,2025-08-05 03:00:00,27.4,96.53936698995483,1007.4
Kolkata,2025-08-05 04:00:00,29.0,88.99225887739404,
Kolkata,2025-08-05 05:00:00,31.0,79.33114757208126,
Kolkata,2025-08-05 06:00:00,32.8,79.11211842158119,1006.4
Kolkata,2025-08-05 07:00:00,32.0,74.94828132337592,
Kolkata,2025-08-05 08:00:00,32.0,74.94828132337592,
Kolkata,2025-08-05 09:00:00,32.2,79.03064484736562,1004.3
Kolkata,2025-08-05 10:00:00,28.0,94.3154156421007,
Kolkata,2025-08-05 11:00:00,28.0,88.91528354225218,
Kolkata,2025-08-05 12:00:00,28.2,92.13309053912468,1004.3
Kolkata,2025-08-05 13:00:00,28.0,94.3154156421007,
Kolkata,2025-08-05 15:00:00,28.8,90.55942797559786,1005.4
Kolkata,2025-08-05 16:00:00,29.0,94.35600561322181,
Kolkata,2025-08-05 17:00:00,29.0,94.35600561322181,
Kolkata,2025-08-05 18:00:00,28.9,91.6339502226869,1007.0
Kolkata,2025-08-05 19:00:00,25.0,100.0,
Kolkata,2025-08-05 20:00:00,25.0,100.0,
Kolkata,2025-08-05 21:00:00,26.0,94.79622941585653,1005.5
Kolkata,2025-08-05 22:00:00,25.0,94.19101183405704,
Kolkata,2025-08-05 23:00:00,25.0,94.19101183405704,
Kolkata,2025-08-06 00:00:00,25.0,94.75830253018951,1005.3
Kolkata,2025-08-06 01:00:00,25.0,94.19101183405704,
Kolkata,2025-08-06 02:00:00,25.0,94.19101183405704,
Kolkata,2025-08-06 03:00:00,26.0,94.79622941585653,1006.2
Kolkata,2025-08-06 04:00:00,27.0,94.27439081608838,
Kolkata,2025-08-06 05:00:00,28.0,88.91528354225218,
Kolkata,2025-08-06 06:00:00,28.2,92.13309053912468,1006.2
Kolkata,2025-08-06 07:00:00,29.0,79.0585121873896,
Kolkata,2025-08-06 08:00:00,29.0,79.0585121873896,
Kolkata,2025-08-06 09:00:00,29.4,86.44896966030107,1003.2
Kolkata,2025-08-06 10:00:00,29.0,94.35600561322181,
Kolkata,2025-08-06 11:00:00,29.0,88.99225887739404,
Kolkata,2025-08-06 12:00:00,29.6,89.56011356164207,1001.9
Kolkata,2025-08-06 13:00:00,29.0,88.99225887739404,
Kolkata,2025-08-06 14:00:00,29.0,88.99225887739404,
Kolkata,2025-08-06 15:00:00,28.4,87.90192756472376,1004.2
Kolkata,2025-08-06 16:00:00,28.0,88.91528354225218,
Kolkata,2025-08-06 17:00:00,27.0,94.27439081608838,
Kolkata,2025-08-06 18:00:00,27.4,92.08825670296545,1004.4
Kolkata,2025-08-06 19:00:00,27.0,94.27439081608838,
Kolkata,2025-08-06 20:00:00,27.0,94.27439081608838,
Kolkata,2025-08-06 21:00:00,27.0,92.06569807815053,1002.4
Kolkata,2025-08-06 22:00:00,27.0,94.27439081608838,
Kolkata,2025-08-06 23:00:00,27.0,94.27439081608838,
Kolkata,2025-08-07 00:00:00,26.8,95.38933139322062,1002.9
Kolkata,2025-08-07 01:00:00,27.0,94.27439081608838,
Kolkata,2025-08-07 02:00:00,28.0,88.91528354225218,
Kolkata,2025-08-07 03:00:00,28.0,87.34888747491027,1004.4
Kolkata,2025-08-07 04:00:00,29.0,83.89690993013956,
Kolkata,2025-08-07 05:00:00,29.0,79.0585121873896,
Kolkata,2025-08-07 06:00:00,30.0,79.66535824918688,1004.2
Kolkata,2025-08-07 07:00:00,30.0,79.1954670273341,
Kolkata,2025-08-07 08:00:00,30.0,79.1954670273341,
Kolkata,2025-08-07 09:00:00,30.6,79.74530566981048,1002.8
Kolkata,2025-08-07 10:00:00,30.0,84.00528111799692,
Kolkata,2025-08-07 11:00:00,29.0,88.99225887739404,
Kolkata,2025-08-07 12:00:00,29.0,84.89506306062921,1002.1
Kolkata,2025-08-07 13:00:00,29.0,88.99225887739404,
Kolkata,2025-08-07 14:00:00,28.0,94.3154156421007,
Kolkata,2025-08-07 15:00:00,28.0,88.39044450592984,1004.1
Kolkata,2025-08-07 16:00:00,26.0,94.23292497092102,
Kolkata,2025-08-07 17:00:00,26.0,94.23292497092102,
Kolkata,2025-08-07 18:00:00,26.2,93.68166338882529,1005.0
Kolkata,2025-08-07 19:00:00,26.0,94.23292497092102,
Kolkata,2025-08-07 20:00:00,26.0,94.23292497092102,
Kolkata,2025-08-07 21:00:00,26.0,93.67255110424425,1003.1
Kolkata,2025-08-07 22:00:00,26.0,94.23292497092102,
Kolkata,2025-08-07 23:00:00,26.0,100.0,
Kolkata,2025-08-08 00:00:00,26.0,93.67255110424425,1004.5
Kolkata,2025-08-08 01:00:00,26.0,94.23292497092102,
Kolkata,2025-08-08 02:00:00,26.0,88.7589455109383,
Kolkata,2025-08-08 03:00:00,25.5,92.53381128608261,1006.8
Kolkata,2025-08-08 04:00:00,26.0,88.7589455109383,
Kolkata,2025-08-08 05:00:00,26.0,88.7589455109383,
Kolkata,2025-08-08 06:00:00,26.4,92.03168153578638,1007.6
Kolkata,2025-08-08 07:00:00,27.0,83.67695517522091,
Kolkata,2025-08-08 08:00:00,28.0,83.78747242805218,
Kolkata,2025-08-08 09:00:00,28.0,87.34888747491027,1005.9
Kolkata,2025-08-08 10:00:00,28.0,88.91528354225218,
Kolkata,2025-08-08 11:00:00,30.0,79.1954670273341,
Kolkata,2025-08-08 12:00:00,29.4,83.44637781059491,1005.1
Kolkata,2025-08-08 13:00:00,28.0,88.91528354225218,
Kolkata,2025-08-08 14:00:00,28.0,94.3154156421007,
Kolkata,2025-08-08 15:00:00,27.6,93.74490804295253,1007.4
Kolkata,2025-08-08 16:00:00,27.0,100.0,
Kolkata,2025-08-08 17:00:00,28.0,94.3154156421007,
Kolkata,2025-08-08 18:00:00,27.6,92.09950049107172,1008.7
Kolkata,2025-08-08 19:00:00,27.0,100.0,
Kolkata,2025-08-08 20:00:00,27.0,100.0,
Kolkata,2025-08-08 21:00:00,27.4,92.08825670296545,1007.0
Kolkata,2025-08-08 22:00:00,27.0,94.27439081608838,
Kolkata,2025-08-08 23:00:00,27.0,94.27439081608838,
Kolkata,2025-08-09 00:00:00,27.0,96.5292760949642,1007.5
Kolkata,2025-08-09 01:00:00,28.0,94.3154156421007,
Kolkata,2025-08-09 02:00:00,29.0,88.99225887739404,
Kolkata,2025-08-09 03:00:00,30.6,84.06979751556185,1009.1
Kolkata,2025-08-09 04:00:00,31.0,79.33114757208126,
Kolkata,2025-08-09 05:00:00,31.0,79.33114757208126,
Kolkata,2025-08-09 06:00:00,32.6,71.60318423066752,1008.4
Kolkata,2025-08-09 07:00:00,33.0,66.78088716309055,
Kolkata,2025-08-09 08:00:00,31.0,79.33114757208126,
Kolkata,2025-08-09 09:00:00,32.0,72.34703340707203,1006.3
Kolkata,2025-08-09 10:00:00,32.0,70.6570356447408,
Kolkata,2025-08-09 11:00:00,31.0,74.7889561009917,
Kolkata,2025-08-09 12:00:00,31.0,76.1271052167908,1005.2
Kolkata,2025-08-09 13:00:00,29.0,83.89690993013956,
Kolkata,2025-08-09 14:00:00,29.0,79.0585121873896,
Kolkata,2025-08-09 15:00:00,28.7,82.87450647393747,1006.7
Kolkata,2025-08-09 16:00:00,28.0,94.3154156421007,
Kolkata,2025-08-09 17:00:00,28.0,94.3154156421007,
Kolkata,2025-08-09 18:00:00,28.6,90.54615869442738,1007.0
Kolkata,2025-08-09 19:00:00,28.0,94.3154156421007,
Kolkata,2025-08-09 20:00:00,28.0,94.3154156421007,
Kolkata,2025-08-09 21:00:00,28.4,92.14424033203443,1006.1
Kolkata,2025-08-09 22:00:00,28.0,94.3154156421007,
Kolkata,2025-08-09 23:00:00,28.0,94.3154156421007,
Kolkata,2025-08-10 00:00:00,28.1,92.67128668689465,1006.2
Kolkata,2025-08-10 01:00:00,29.0,94.35600561322181,
Kolkata,2025-08-10 02:00:00,29.0,94.35600561322181,
Kolkata,2025-08-10 03:00:00,31.8,77.60205183026918,1007.0
Kolkata,2025-08-10 04:00:00,32.0,74.94828132337592,
Kolkata,2025-08-10 05:00:00,33.0,70.83672096419855,
Kolkata,2025-08-10 06:00:00,34.0,65.03583657618948,1006.0
Kolkata,2025-08-10 07:00:00,33.0,66.78088716309055,
Kolkata,2025-08-10 08:00:00,34.0,63.14309255534474,
Kolkata,2025-08-10 09:00:00,34.0,61.663754542437346,1004.0
Kolkata,2025-08-10 10:00:00,33.0,62.92958329531054,
Kolkata,2025-08-10 11:00:00,32.0,70.6570356447408,
Kolkata,2025-08-10 12:00:00,32.2,71.53290094917851,1003.2
Kolkata,2025-08-10 13:00:00,31.0,74.7889561009917,
Kolkata,2025-08-10 14:00:00,30.0,79.1954670273341,
Kolkata,2025-08-10 15:00:00,30.0,78.26294962837345,1005.1
Kolkata,2025-08-10 16:00:00,30.0,84.00528111799692,
Kolkata,2025-08-10 17:00:00,29.0,88.99225887739404,
Kolkata,2025-08-10 18:00:00,29.2,86.43038313933076,1005.8
Kolkata,2025-08-10 19:00:00,29.0,88.99225887739404,
Kolkata,2025-08-10 20:00:00,29.0,88.99225887739404,
Kolkata,2025-08-10 21:00:00,28.4,88.94616815571688,1004.2
Kolkata,2025-08-10 22:00:00,28.0,100.0,
Kolkata,2025-08-10 23:00:00,28.0,100.0,
Kolkata,2025-08-11 00:00:00,28.2,93.77172585847173,1004.2
Kolkata,2025-08-11 01:00:00,29.0,94.35600561322181,
Kolkata,2025-08-11 02:00:00,30.0,89.06845243281573,
Kolkata,2025-08-11 03:00:00,32.2,76.30955739524246,1005.4
Kolkata,2025-08-11 04:00:00,32.0,74.94828132337592,
Kolkata,2025-08-11 05:00:00,33.0,66.78088716309055,
Kolkata,2025-08-11 06:00:00,33.6,68.49226741509385,1004.8
Kolkata,2025-08-11 07:00:00,33.0,66.78088716309055,
Kolkata,2025-08-11 08:00:00,30.0,84.00528111799692,
Kolkata,2025-08-11 09:00:00,31.1,77.95812007335357,1002.3
Kolkata,2025-08-11 10:00:00,28.0,88.91528354225218,
Kolkata,2025-08-11 11:00:00,31.0,79.33114757208126,
Kolkata,2025-08-11 12:00:00,31.2,78.89384535394599,1001.3
Kolkata,2025-08-11 13:00:00,30.0,74.62820502423824,
Kolkata,2025-08-11 14:00:00,29.0,83.89690993013956,
Kolkata,2025-08-11 15:00:00,29.2,86.43038313933076,1003.2
Kolkata,2025-08-11 16:00:00,29.0,88.99225887739404,
Kolkata,2025-08-11 17:00:00,29.0,94.35600561322181,
Kolkata,2025-08-11 18:00:00,29.0,87.95208930052544,1003.9
Kolkata,2025-08-11 19:00:00,29.0,94.35600561322181,
Kolkata,2025-08-11 20:00:00,28.0,94.3154156421007,
Kolkata,2025-08-11 21:00:00,28.6,88.96156313904507,1001.8
Kolkata,2025-08-11 22:00:00,28.0,94.3154156421007,
Kolkata,2025-08-11 23:00:00,28.0,94.3154156421007,
Kolkata,2025-08-12 00:00:00,28.4,90.53286192976505,1001.9
Kolkata,2025-08-12 01:00:00,29.0,88.99225887739404,
Kolkata,2025-08-12 02:00:00,30.0,89.06845243281573,
Kolkata,2025-08-12 03:00:00,31.8,81.78802115273777,1003.2
Kolkata,2025-08-12 04:00:00,32.0,79.46556860628449,
Kolkata,2025-08-12 05:00:00,33.0,70.83672096419855,
Kolkata,2025-08-12 06:00:00,35.2,63.76997746892072,1001.8
Kolkata,2025-08-12 07:00:00,35.0,59.72752203563765,
Kolkata,2025-08-12 08:00:00,34.0,66.97799053247137,
Kolkata,2025-08-12 09:00:00,33.8,62.727505384680136,1000.6
Kolkata,2025-08-12 10:00:00,31.0,79.33114757208126,
Kolkata,2025-08-12 11:00:00,31.0,74.7889561009917,
Kolkata,2025-08-12 12:00:00,31.0,81.21443360821415,999.8
Kolkata,2025-08-12 13:00:00,30.0,84.00528111799692,
Kolkata,2025-08-12 14:00:00,30.0,84.00528111799692,
Kolkata,2025-08-12 15:00:00,30.2,84.02682856635852,1002.7
Kolkata,2025-08-12 16:00:00,30.0,84.00528111799692,
Kolkata,2025-08-12 17:00:00,30.0,84.00528111799692,
Kolkata,2025-08-12 18:00:00,29.2,89.53097661456914,1003.1
Kolkata,2025-08-12 19:00:00,29.0,88.99225887739404,
Kolkata,2025-08-12 20:00:00,29.0,88.99225887739404,
Kolkata,2025-08-12 21:00:00,29.0,90.57266984744003,1002.4
Kolkata,2025-08-12 22:00:00,28.0,94.3154156421007,
Kolkata,2025-08-12 23:00:00,28.0,94.3154156421007,
Kolkata,2025-08-13 00:00:00,28.4,93.78062725022617,1002.3
Kolkata,2025-08-13 01:00:00,29.0,94.35600561322181,
Kolkata,2025-08-13 02:00:00,29.0,94.35600561322181,
Kolkata,2025-08-13 03:00:00,30.2,85.01762004491522,1004.2
Kolkata,2025-08-13 04:00:00,31.0,79.33114757208126,
Kolkata,2025-08-13 05:00:00,31.0,79.33114757208126,
Kolkata,2025-08-13 06:00:00,31.6,74.88472135092377,1004.2
Kolkata,2025-08-13 07:00:00,31.0,74.7889561009917,
Kolkata,2025-08-13 08:00:00,31.0,74.7889561009917,
Kolkata,2025-08-13 09:00:00,32.0,72.34703340707203,1003.0
Kolkata,2025-08-13 10:00:00,30.0,79.1954670273341,
Kolkata,2025-08-13 11:00:00,30.0,84.00528111799692,
Kolkata,2025-08-13 12:00:00,30.0,83.5130798716472,1002.8
Kolkata,2025-08-13 13:00:00,30.0,79.1954670273341,
Kolkata,2025-08-13 14:00:00,29.0,88.99225887739404,
Kolkata,2025-08-13 15:00:00,28.8,87.93540259721783,1004.9
Kolkata,2025-08-13 16:00:00,28.0,88.91528354225218,
Kolkata,2025-08-13 17:00:00,28.0,88.91528354225218,
Kolkata,2025-08-13 18:00:00,28.0,92.12191734434786,1004.8
Kolkata,2025-08-13 19:00:00,28.0,88.91528354225218,
Kolkata,2025-08-13 20:00:00,28.0,88.91528354225218,
Kolkata,2025-08-13 21:00:00,27.8,93.7538663078413,1003.8
Kolkata,2025-08-13 22:00:00,27.0,94.27439081608838,
Kolkata,2025-08-13 23:00:00,27.0,94.27439081608838,
Kolkata,2025-08-14 00:00:00,27.6,95.41595470562915,1004.5
Kolkata,2025-08-14 01:00:00,28.0,94.3154156421007,
Kolkata,2025-08-14 02:00:00,29.0,88.99225887739404,
Kolkata,2025-08-14 03:00:00,27.0,92.06569807815053,1005.9
Kolkata,2025-08-14 04:00:00,28.0,88.91528354225218,
Kolkata,2025-08-14 05:00:00,29.0,88.99225887739404,
Kolkata,2025-08-14 06:00:00,30.0,82.53623329490637,1004.9
Kolkata,2025-08-14 07:00:00,30.0,79.1954670273341,
Kolkata,2025-08-14 08:00:00,31.0,74.7889561009917,
Kolkata,2025-08-14 09:00:00,30.2,78.29124418971334,1003.4
Kolkata,2025-08-14 10:00:00,30.0,84.00528111799692,
Kolkata,2025-08-14 11:00:00,30.0,84.00528111799692,
Kolkata,2025-08-14 12:00:00,30.0,81.08968974474207,1002.2
Kolkata,2025-08-14 13:00:00,29.0,88.99225887739404,
Kolkata,2025-08-14 14:00:00,29.0,88.99225887739404,
Kolkata,2025-08-14 15:00:00,29.2,89.53097661456914,1003.8
Kolkata,2025-08-14 16:00:00,28.0,94.3154156421007,
Kolkata,2025-08-14 17:00:00,28.0,100.0,
Kolkata,2025-08-14 18:00:00,28.6,92.1553667873356,1003.8
Kolkata,2025-08-14 19:00:00,28.0,94.3154156421007,
Kolkata,2025-08-14 20:00:00,28.0,94.3154156421007,
Kolkata,2025-08-14 21:00:00,28.0,95.42918067606378,1002.7
Kolkata,2025-08-14 22:00:00,27.0,100.0,
Kolkata,2025-08-14 23:00:00,27.0,100.0,
Kolkata,2025-08-15 00:00:00,27.6,95.41595470562915,1002.5
Kolkata,2025-08-15 01:00:00,28.0,94.3154156421007,
Kolkata,2025-08-15 02:00:00,29.0,88.99225887739404,
Kolkata,2025-08-15 03:00:00,30.6,76.97150804274018,1003.4
Kolkata,2025-08-15 04:00:00,31.0,79.33114757208126,
Kolkata,2025-08-15 05:00:00,32.0,70.6570356447408,
Kolkata,2025-08-15 06:00:00,31.8,73.60449518826249,1003.1
Kolkata,2025-08-15 07:00:00,32.0,70.6570356447408,
Kolkata,2025-08-15 08:00:00,29.0,83.89690993013956,
Kolkata,2025-08-15 09:00:00,28.8,89.50172004038727,1001.3
Kolkata,2025-08-15 10:00:00,28.0,94.3154156421007,
Kolkata,2025-08-15 11:00:00,28.0,94.3154156421007,
Kolkata,2025-08-15 12:00:00,29.0,86.41175942849821,1000.5
Kolkata,2025-08-15 13:00:00,28.0,94.3154156421007,
Kolkata,2025-08-15 14:00:00,28.0,94.3154156421007,
Kolkata,2025-08-15 15:00:00,28.4,88.94616815571688,1002.2
Kolkata,2025-08-15 16:00:00,28.0,94.3154156421007,
Kolkata,2025-08-15 17:00:00,28.0,94.3154156421007,
Kolkata,2025-08-15 18:00:00,28.0,92.12191734434786,1002.7
Kolkata,2025-08-15 19:00:00,28.0,94.3154156421007,
Kolkata,2025-08-15 20:00:00,28.0,94.3154156421007,
Kolkata,2025-08-15 21:00:00,27.6,92.09950049107172,1001.8
Kolkata,2025-08-15 22:00:00,27.0,94.27439081608838,
Kolkata,2025-08-15 23:00:00,27.0,94.27439081608838,
Kolkata,2025-08-16 00:00:00,27.4,93.73593071403404,1001.2
Kolkata,2025-08-16 01:00:00,27.0,94.27439081608838,
Kolkata,2025-08-16 02:00:00,29.0,94.35600561322181,
Kolkata,2025-08-16 03:00:00,31.5,75.31136463537639,1002.6
Kolkata,2025-08-16 04:00:00,31.0,74.7889561009917,
Kolkata,2025-08-16 05:00:00,32.0,70.6570356447408,
Kolkata,2025-08-16 06:00:00,32.5,67.0788614157572,1001.7
Kolkata,2025-08-16 07:00:00,33.0,62.92958329531054,
Kolkata,2025-08-16 08:00:00,33.0,62.92958329531054,
Kolkata,2025-08-16 09:00:00,34.6,58.933037767250966,999.2
Kolkata,2025-08-16 10:00:00,33.0,62.92958329531054,
Kolkata,2025-08-16 11:00:00,34.0,59.50158303199722,
Kolkata,2025-08-16 12:00:00,33.0,66.78088716309055,998.6
Kolkata,2025-08-16 13:00:00,31.0,74.7889561009917,
Kolkata,2025-08-16 14:00:00,31.0,74.7889561009917,
Kolkata,2025-08-16 15:00:00,30.8,75.64766286638326,1001.2
Kolkata,2025-08-16 16:00:00,31.0,79.33114757208126,
Kolkata,2025-08-16 17:00:00,29.0,88.99225887739404,
Kolkata,2025-08-16 18:00:00,30.0,81.08968974474207,1002.2
Kolkata,2025-08-16 19:00:00,29.0,88.99225887739404,
Kolkata,2025-08-16 20:00:00,28.0,94.3154156421007,
Kolkata,2025-08-16 21:00:00,29.6,83.46865512129703,1001.8
Kolkata,2025-08-16 22:00:00,28.0,94.3154156421007,
Kolkata,2025-08-16 23:00:00,28.0,94.3154156421007,
Kolkata,2025-08-17 00:00:00,28.4,92.14424033203443,1001.5
Kolkata,2025-08-17 01:00:00,29.0,94.35600561322181,
Kolkata,2025-08-17 02:00:00,29.0,94.35600561322181,
Kolkata,2025-08-17 03:00:00,31.0,78.40390010984709,1003.5
Kolkata,2025-08-17 04:00:00,31.0,79.33114757208126,
Kolkata,2025-08-17 05:00:00,32.0,70.6570356447408,
Kolkata,2025-08-17 06:00:00,32.6,69.11441091335229,1003.2
Kolkata,2025-08-17 07:00:00,32.0,74.94828132337592,
Kolkata,2025-08-17 08:00:00,33.0,66.78088716309055,
Kolkata,2025-08-17 09:00:00,33.2,66.03479395995936,1000.6
Kolkata,2025-08-17 10:00:00,29.0,83.89690993013956,
Kolkata,2025-08-17 11:00:00,28.0,94.3154156421007,
Kolkata,2025-08-17 12:00:00,29.0,87.95208930052544,1000.8
Kolkata,2025-08-17 13:00:00,29.0,88.99225887739404,
Kolkata,2025-08-17 14:00:00,29.0,83.89690993013956,
Kolkata,2025-08-17 15:00:00,29.2,80.5095630310082,1003.7
Kolkata,2025-08-17 16:00:00,29.0,83.89690993013956,
Kolkata,2025-08-17 17:00:00,29.0,88.99225887739404,
Kolkata,2025-08-17 18:00:00,28.7,85.87461286726703,1003.7
Kolkata,2025-08-17 19:00:00,29.0,88.99225887739404,
Kolkata,2025-08-17 20:00:00,28.0,88.91528354225218,
Kolkata,2025-08-17 21:00:00,27.7,91.56265301883126,1003.3
Kolkata,2025-08-17 22:00:00,28.0,94.3154156421007,
Kolkata,2025-08-17 23:00:00,28.0,94.3154156421007,
Kolkata,2025-08-18 00:00:00,28.0,90.50618565208272,1003.6
Kolkata,2025-08-18 01:00:00,28.0,94.3154156421007,
Kolkata,2025-08-18 02:00:00,30.0,84.00528111799692,
Kolkata,2025-08-18 03:00:00,30.2,76.91200889831605,1004.7
Kolkata,2025-08-18 04:00:00,31.0,79.33114757208126,
Kolkata,2025-08-18 05:00:00,32.0,70.6570356447408,
Kolkata,2025-08-18 06:00:00,31.0,72.1742265807024,1003.9
Kolkata,2025-08-18 07:00:00,31.0,74.7889561009917,
Kolkata,2025-08-18 08:00:00,31.0,74.7889561009917,
Kolkata,2025-08-18 09:00:00,32.0,67.38029965170892,1001.6
Kolkata,2025-08-18 10:00:00,31.0,74.7889561009917,
Kolkata,2025-08-18 11:00:00,28.0,88.91528354225218,
Kolkata,2025-08-18 12:00:00,28.4,87.90192756472376,1001.8
Kolkata,2025-08-18 13:00:00,29.0,79.0585121873896,
Kolkata,2025-08-18 14:00:00,29.0,83.89690993013956,
Kolkata,2025-08-18 15:00:00,28.8,86.39309843177878,1003.3
Kolkata,2025-08-18 16:00:00,28.0,94.3154156421007,
Kolkata,2025-08-18 17:00:00,28.0,94.3154156421007,
Kolkata,2025-08-18 18:00:00,28.6,86.37440005285019,1004.0
Kolkata,2025-08-18 19:00:00,28.0,94.3154156421007,
Kolkata,2025-08-18 20:00:00,28.0,94.3154156421007,
Kolkata,2025-08-18 21:00:00,28.0,92.12191734434786,1002.5
Kolkata,2025-08-18 22:00:00,27.0,100.0,
Kolkata,2025-08-18 23:00:00,27.0,94.27439081608838,
Kolkata,2025-08-19 00:00:00,27.2,93.72693426762005,1002.4
Kolkata,2025-08-19 01:00:00,27.0,94.27439081608838,
Kolkata,2025-08-19 02:00:00,28.0,94.3154156421007,
Kolkata,2025-08-19 03:00:00,29.0,84.89506306062921,1003.5
Kolkata,2025-08-19 04:00:00,29.0,88.99225887739404,
Kolkata,2025-08-19 05:00:00,30.0,84.00528111799692,
Kolkata,2025-08-19 06:00:00,31.0,78.40390010984709,1003.2
Kolkata,2025-08-19 07:00:00,31.0,79.33114757208126,
Kolkata,2025-08-19 08:00:00,29.0,88.99225887739404,
Kolkata,2025-08-19 09:00:00,29.0,87.95208930052544,1001.8
Kolkata,2025-08-19 10:00:00,29.0,83.89690993013956,
Kolkata,2025-08-19 11:00:00,29.0,83.89690993013956,
Kolkata,2025-08-19 12:00:00,28.2,83.31179804309043,1001.8
Kolkata,2025-08-19 13:00:00,28.0,88.91528354225218,
Kolkata,2025-08-19 14:00:00,28.0,94.3154156421007,
Kolkata,2025-08-19 15:00:00,28.2,90.51953760720181,1003.1
Kolkata,2025-08-19 16:00:00,28.0,94.3154156421007,
Kolkata,2025-08-19 18:00:00,28.0,91.04198796527645,1004.0
Kolkata,2025-08-19 19:00:00,27.0,94.27439081608838,
Kolkata,2025-08-19 20:00:00,27.0,94.27439081608838,
Kolkata,2025-08-19 21:00:00,27.5,89.9378598335319,1002.5
Kolkata,2025-08-19 22:00:00,27.0,94.27439081608838,
Kolkata,2025-08-19 23:00:00,27.0,94.27439081608838,
Kolkata,2025-08-20 00:00:00,27.2,95.40267171979633,1002.5
Kolkata,2025-08-20 01:00:00,28.0,94.3154156421007,
Kolkata,2025-08-20 02:00:00,28.0,100.0,
Kolkata,2025-08-20 03:00:00,27.4,95.40932035991787,1004.5
Kolkata,2025-08-20 04:00:00,28.0,94.3154156421007,
Kolkata,2025-08-20 05:00:00,28.0,94.3154156421007,
Kolkata,2025-08-20 06:00:00,28.8,87.93540259721783,1004.4
Kolkata,2025-08-20 07:00:00,29.0,83.89690993013956,
Kolkata,2025-08-20 08:00:00,29.0,88.99225887739404,
Kolkata,2025-08-20 09:00:00,29.6,88.00194722290112,1001.8
Kolkata,2025-08-20 10:00:00,29.0,88.99225887739404,
Kolkata,2025-08-20 11:00:00,29.0,94.35600561322181,
Kolkata,2025-08-20 12:00:00,27.6,96.54439604252043,1001.7
Kolkata,2025-08-20 13:00:00,27.0,100.0,
Kolkata,2025-08-20 14:00:00,27.0,100.0,
Kolkata,2025-08-20 15:00:00,27.2,96.53432701791446,1004.0
Kolkata,2025-08-20 16:00:00,27.0,100.0,
Kolkata,2025-08-20 17:00:00,27.0,100.0,
Kolkata,2025-08-20 18:00:00,27.6,96.54439604252043,1004.7
Kolkata,2025-08-20 19:00:00,28.0,94.3154156421007,
Kolkata,2025-08-20 20:00:00,26.0,100.0,
Kolkata,2025-08-20 21:00:00,26.2,98.24092211346162,1003.5
Kolkata,2025-08-20 22:00:00,26.0,100.0,
Kolkata,2025-08-20 23:00:00,26.0,100.0,
Kolkata,2025-08-21 00:00:00,25.6,98.23312117951836,1003.1
Kolkata,2025-08-21 01:00:00,26.0,100.0,
Kolkata,2025-08-21 02:00:00,27.0,94.27439081608838,
Kolkata,2025-08-21 03:00:00,27.2,96.53432701791446,1005.1
Kolkata,2025-08-21 04:00:00,27.0,100.0,
Kolkata,2025-08-21 05:00:00,28.0,94.3154156421007,
Kolkata,2025-08-21 06:00:00,27.8,93.7538663078413,1003.8
Kolkata,2025-08-21 07:00:00,28.0,94.3154156421007,
Kolkata,2025-08-21 08:00:00,28.0,94.3154156421007,
Kolkata,2025-08-21 09:00:00,27.6,93.74490804295253,1002.3
Kolkata,2025-08-21 10:00:00,26.0,100.0,
Kolkata,2025-08-21 11:00:00,26.0,100.0,
Kolkata,2025-08-21 12:00:00,25.6,94.78110774663195,1002.4
Kolkata,2025-08-21 13:00:00,26.0,94.23292497092102,
Kolkata,2025-08-21 14:00:00,26.0,94.23292497092102,
Kolkata,2025-08-21 15:00:00,26.0,96.503856108436,1003.8
Kolkata,2025-08-21 16:00:00,26.0,100.0,
Kolkata,2025-08-21 17:00:00,27.0,100.0,
Kolkata,2025-08-21 18:00:00,26.6,98.24609415561163,1004.1
Kolkata,2025-08-21 19:00:00,27.0,100.0,
Kolkata,2025-08-21 20:00:00,27.0,94.27439081608838,
Kolkata,2025-08-21 21:00:00,26.8,96.52421418955653,1001.3
Kolkata,2025-08-21 22:00:00,27.0,94.27439081608838,
Kolkata,2025-08-21 23:00:00,27.0,94.27439081608838,
Kolkata,2025-08-22 00:00:00,26.3,97.66232425893402,1000.6
Kolkata,2025-08-22 01:00:00,26.0,100.0,
Kolkata,2025-08-22 02:00:00,27.0,100.0,
Kolkata,2025-08-22 03:00:00,27.0,95.39600874452509,1001.6
Kolkata,2025-08-22 04:00:00,27.0,100.0,
Kolkata,2025-08-22 05:00:00,28.0,94.3154156421007,
Kolkata,2025-08-22 06:00:00,27.2,98.25380968140279,1000.9
Kolkata,2025-08-22 07:00:00,28.0,88.91528354225218,
Kolkata,2025-08-22 08:00:00,28.0,88.91528354225218,
Kolkata,2025-08-22 09:00:00,28.0,92.12191734434786,998.4
Kolkata,2025-08-22 10:00:00,27.0,94.27439081608838,
Kolkata,2025-08-22 11:00:00,27.0,100.0,
Kolkata,2025-08-22 12:00:00,26.4,96.51405730461323,997.9
Kolkata,2025-08-22 13:00:00,27.0,94.27439081608838,
Kolkata,2025-08-22 14:00:00,27.0,94.27439081608838,
Kolkata,2025-08-22 15:00:00,26.6,94.8187901348208,1001.0
Kolkata,2025-08-22 16:00:00,27.0,94.27439081608838,
Kolkata,2025-08-22 17:00:00,27.0,94.27439081608838,
Kolkata,2025-08-22 18:00:00,26.6,94.8187901348208,1000.8
Kolkata,2025-08-22 19:00:00,27.0,94.27439081608838,
Kolkata,2025-08-22 20:00:00,27.0,94.27439081608838,
Kolkata,2025-08-22 21:00:00,26.4,96.51405730461323,998.9
Kolkata,2025-08-22 22:00:00,26.0,100.0,
Kolkata,2025-08-22 23:00:00,26.0,94.23292497092102,
Kolkata,2025-08-23 00:00:00,26.2,98.24092211346162,999.0
Kolkata,2025-08-23 01:00:00,26.0,100.0,
Kolkata,2025-08-23 02:00:00,27.0,100.0,
Kolkata,2025-08-23 03:00:00,27.4,93.73593071403404,1001.1
Kolkata,2025-08-23 04:00:00,28.0,88.91528354225218,
Kolkata,2025-08-23 05:00:00,28.0,83.78747242805218,
Kolkata,2025-08-23 06:00:00,28.2,90.51953760720181,1000.5
Kolkata,2025-08-23 07:00:00,27.0,94.27439081608838,
Kolkata,2025-08-23 08:00:00,27.0,94.27439081608838,
Kolkata,2025-08-23 09:00:00,26.8,95.95530582537604,999.1
Kolkata,2025-08-23 10:00:00,27.0,100.0,
Kolkata,2025-08-23 11:00:00,27.0,94.27439081608838,
Kolkata,2025-08-23 12:00:00,27.1,98.25252728970754,998.8
Kolkata,2025-08-23 13:00:00,27.0,94.27439081608838,
Kolkata,2025-08-23 14:00:00,27.0,94.27439081608838,
Kolkata,2025-08-23 15:00:00,26.7,95.95236402946144,1001.7
Kolkata,2025-08-23 16:00:00,27.0,94.27439081608838,
Kolkata,2025-08-23 17:00:00,27.0,94.27439081608838,
Kolkata,2025-08-23 18:00:00,26.8,95.38933139322062,1002.5
Kolkata,2025-08-23 19:00:00,27.0,94.27439081608838,
Kolkata,2025-08-23 20:00:00,27.0,94.27439081608838,
Kolkata,2025-08-23 21:00:00,27.2,93.72693426762005,1001.2
Kolkata,2025-08-23 22:00:00,27.0,94.27439081608838,
Kolkata,2025-08-23 23:00:00,27.0,94.27439081608838,
Kolkata,2025-08-24 00:00:00,26.6,94.8187901348208,1001.8
Kolkata,2025-08-24 01:00:00,27.0,94.27439081608838,
Kolkata,2025-08-24 04:00:00,27.0,94.27439081608838,
Kolkata,2025-08-24 05:00:00,28.0,88.91528354225218,
Kolkata,2025-08-24 06:00:00,28.2,90.51953760720181,1003.9
Kolkata,2025-08-24 07:00:00,27.0,88.83751596451742,
Kolkata,2025-08-24 08:00:00,27.0,94.27439081608838,
Kolkata,2025-08-24 09:00:00,28.7,95.45218990145385,1002.2
Kolkata,2025-08-24 10:00:00,28.0,88.91528354225218,
Kolkata,2025-08-24 11:00:00,28.0,88.91528354225218,
Kolkata,2025-08-24 12:00:00,28.1,88.92301655272075,1001.6
Kolkata,2025-08-24 13:00:00,28.0,88.91528354225218,
Kolkata,2025-08-24 14:00:00,27.0,100.0,
Kolkata,2025-08-24 15:00:00,27.0,92.06569807815053,1003.8
Kolkata,2025-08-24 16:00:00,27.0,94.27439081608838,
Kolkata,2025-08-24 17:00:00,27.0,94.27439081608838,
Kolkata,2025-08-24 18:00:00,26.8,95.38933139322062,1004.7
Kolkata,2025-08-24 19:00:00,27.0,94.27439081608838,
Kolkata,2025-08-24 20:00:00,27.0,94.27439081608838,
Kolkata,2025-08-24 21:00:00,26.4,94.81128607168019,1003.5
