Location,Time,Temperature_C,Humidity_Percent,Pressure_hPa
Mumbai,2025-01-01 00:00:00,22.0,85.73573371041086,1013.0
Mumbai,2025-01-01 01:00:00,25.0,65.14551045571683,
Mumbai,2025-01-01 02:00:00,25.0,65.14551045571683,
Mumbai,2025-01-01 03:00:00,22.6,85.795575729377,1014.9
Mumbai,2025-01-01 04:00:00,27.0,57.873653251263804,
Mumbai,2025-01-01 05:00:00,29.0,51.50307132317005,
Mumbai,2025-01-01 06:00:00,30.4,49.6455182941857,1015.4
Mumbai,2025-01-01 07:00:00,31.0,43.10411576643139,
Mumbai,2025-01-01 08:00:00,32.0,38.21370900066644,
Mumbai,2025-01-01 09:00:00,33.0,46.73192939565313,1012.1
Mumbai,2025-01-01 10:00:00,31.0,45.91183326611469,
Mumbai,2025-01-01 11:00:00,30.0,51.75880110114196,
Mumbai,2025-01-01 12:00:00,29.4,54.5893740362844,1011.3
Mumbai,2025-01-01 13:00:00,28.0,58.11126126861089,
Mumbai,2025-01-01 14:00:00,28.0,51.245730319258854,
Mumbai,2025-01-01 15:00:00,26.4,66.25782759838835,1013.4
Mumbai,2025-01-01 16:00:00,28.0,54.583776611197585,
Mumbai,2025-01-01 17:00:00,26.0,61.38851998965914,
Mumbai,2025-01-01 18:00:00,23.4,77.78185620897757,1014.4
Mumbai,2025-01-01 19:00:00,25.0,61.16156608407452,
Mumbai,2025-01-01 20:00:00,25.0,61.16156608407452,
Mumbai,2025-01-01 21:00:00,21.8,82.05179279343892,1013.2
Mumbai,2025-01-01 22:00:00,25.0,61.16156608407452,
Mumbai,2025-01-01 23:00:00,24.0,60.93287150821879,
Mumbai,2025-01-02 00:00:00,20.6,88.87450414906138,1012.6
Mumbai,2025-01-02 01:00:00,25.0,57.393288213137126,
Mumbai,2025-01-02 02:00:00,24.0,60.93287150821879,
Mumbai,2025-01-02 03:00:00,20.8,85.0794567259643,1014.6
Mumbai,2025-01-02 04:00:00,27.0,54.33441603408858,
Mumbai,2025-01-02 05:00:00,29.0,45.37427975672665,
Mumbai,2025-01-02 06:00:00,30.6,48.77428920867762,1014.9
Mumbai,2025-01-02 07:00:00,31.0,37.937587025645456,
Mumbai,2025-01-02 08:00:00,33.0,31.756769544913187,
Mumbai,2025-01-02 09:00:00,32.2,45.944408730541696,1012.2
Mumbai,2025-01-02 10:00:00,31.0,48.87889229893936,
Mumbai,2025-01-02 11:00:00,31.0,45.91183326611469,
Mumbai,2025-01-02 12:00:00,29.6,52.30674462542291,1011.6
Mumbai,2025-01-02 13:00:00,29.0,48.3534241765764,
Mumbai,2025-01-02 14:00:00,28.0,54.583776611197585,
Mumbai,2025-01-02 15:00:00,26.4,67.92169298232594,1013.5
Mumbai,2025-01-02 17:00:00,27.0,61.6137466743783,
Mumbai,2025-01-02 18:00:00,23.2,79.71231483560945,1014.3
Mumbai,2025-01-02 19:00:00,27.0,54.33441603408858,
Mumbai,2025-01-02 20:00:00,26.0,54.08337422022996,
Mumbai,2025-01-02 21:00:00,20.8,81.92785507473593,1013.4
Mumbai,2025-01-02 22:00:00,25.0,50.46397557709502,
Mumbai,2025-01-02 23:00:00,25.0,47.2840066651506,
Mumbai,2025-01-03 00:00:00,18.6,82.70406260968356,1013.2
Mumbai,2025-01-03 01:00:00,24.0,50.200126046479014,
Mumbai,2025-01-03 02:00:00,24.0,53.57621135443473,
Mumbai,2025-01-03 03:00:00,18.4,84.28418395334555,1015.4
Mumbai,2025-01-03 04:00:00,27.0,42.005936969816645,
Mumbai,2025-01-03 05:00:00,29.0,35.00854381788882,
Mumbai,2025-01-03 06:00:00,31.6,33.92774314269257,1015.4
Mumbai,2025-01-03 07:00:00,33.0,26.08357521491382,
Mumbai,2025-01-03 08:00:00,33.0,21.323336350435536,
Mumbai,2025-01-03 09:00:00,29.8,23.892435854638773,1008.4
Mumbai,2025-01-03 10:00:00,34.0,20.161777687620447,
Mumbai,2025-01-03 11:00:00,33.0,29.755628359706137,
Mumbai,2025-01-03 12:00:00,31.4,42.133189091390015,1010.9
Mumbai,2025-01-03 13:00:00,29.0,45.37427975672665,
Mumbai,2025-01-03 14:00:00,29.0,37.38203217205419,
Mumbai,2025-01-03 15:00:00,27.0,50.98677157890719,1012.3
Mumbai,2025-01-03 16:00:00,27.0,50.98677157890719,
Mumbai,2025-01-03 17:00:00,27.0,44.83094235963196,
Mumbai,2025-01-03 18:00:00,22.4,71.07373433061426,1012.7
Mumbai,2025-01-03 19:00:00,26.0,47.553680242907866,
Mumbai,2025-01-03 20:00:00,25.0,53.83064226424435,
Mumbai,2025-01-03 21:00:00,20.4,77.82585599299374,1012.0
Mumbai,2025-01-03 22:00:00,25.0,50.46397557709502,
Mumbai,2025-01-03 23:00:00,24.0,47.01278154897936,
Mumbai,2025-01-04 00:00:00,18.4,84.28418395334555,1011.9
Mumbai,2025-01-04 01:00:00,23.0,49.934634256058565,
Mumbai,2025-01-04 02:00:00,24.0,44.00507855867109,
Mumbai,2025-01-04 03:00:00,17.4,83.63156797114554,1013.7
Mumbai,2025-01-04 04:00:00,27.0,34.448362072935296,
Mumbai,2025-01-04 05:00:00,29.0,26.78853344421143,
Mumbai,2025-01-04 06:00:00,31.4,25.832230825144215,1013.7
Mumbai,2025-01-04 07:00:00,32.0,19.671874930986917,
Mumbai,2025-01-04 08:00:00,30.0,42.831580797851935,
Mumbai,2025-01-04 09:00:00,31.6,40.099872392856064,1011.3
Mumbai,2025-01-04 10:00:00,29.0,42.5577048750277,
Mumbai,2025-01-04 11:00:00,29.0,45.37427975672665,
Mumbai,2025-01-04 12:00:00,28.6,50.118163902781596,1010.4
Mumbai,2025-01-04 13:00:00,27.0,44.83094235963196,
Mumbai,2025-01-04 14:00:00,27.0,47.821805415300325,
Mumbai,2025-01-04 15:00:00,23.0,74.39041066627999,1012.7
Mumbai,2025-01-04 16:00:00,27.0,36.82210986035996,
Mumbai,2025-01-04 17:00:00,26.0,41.72804915823505,
Mumbai,2025-01-04 18:00:00,20.2,71.12017585620825,1013.0
Mumbai,2025-01-04 19:00:00,25.0,50.46397557709502,
Mumbai,2025-01-04 20:00:00,25.0,53.83064226424435,
Mumbai,2025-01-04 21:00:00,20.4,74.42596717658931,1011.7
Mumbai,2025-01-04 22:00:00,24.0,60.93287150821879,
Mumbai,2025-01-04 23:00:00,24.0,57.150508542239244,
Mumbai,2025-01-05 00:00:00,20.4,74.42596717658931,1011.5
Mumbai,2025-01-05 01:00:00,24.0,47.01278154897936,
Mumbai,2025-01-05 02:00:00,25.0,44.281814632318536,
Mumbai,2025-01-05 03:00:00,21.0,76.44675215115228,1013.3
Mumbai,2025-01-05 04:00:00,26.0,41.72804915823505,
Mumbai,2025-01-05 05:00:00,27.0,36.82210986035996,
Mumbai,2025-01-05 06:00:00,29.4,37.493494410674884,1013.7
Mumbai,2025-01-05 07:00:00,30.0,35.28720543774307,
Mumbai,2025-01-05 08:00:00,30.0,37.66035915705599,
Mumbai,2025-01-05 09:00:00,30.8,42.237153447307406,1010.6
Mumbai,2025-01-05 10:00:00,29.0,45.37427975672665,
Mumbai,2025-01-05 11:00:00,27.0,54.33441603408858,
Mumbai,2025-01-05 12:00:00,26.4,60.71246271379855,1010.5
Mumbai,2025-01-05 13:00:00,25.0,65.14551045571683,
Mumbai,2025-01-05 14:00:00,25.0,65.14551045571683,
Mumbai,2025-01-05 15:00:00,25.0,72.89363172362464,1012.8
Mumbai,2025-01-05 16:00:00,25.0,61.16156608407452,
Mumbai,2025-01-05 17:00:00,25.0,61.16156608407452,
Mumbai,2025-01-05 18:00:00,23.6,66.93757991376943,1013.1
Mumbai,2025-01-05 19:00:00,24.0,57.150508542239244,
Mumbai,2025-01-05 20:00:00,24.0,57.150508542239244,
Mumbai,2025-01-05 21:00:00,20.6,74.4596174181464,1011.8
Mumbai,2025-01-05 22:00:00,22.0,60.47020638316778,
Mumbai,2025-01-05 23:00:00,22.0,60.47020638316778,
Mumbai,2025-01-06 00:00:00,20.0,72.470856291407,1011.8
Mumbai,2025-01-06 01:00:00,22.0,56.659698507038094,
Mumbai,2025-01-06 02:00:00,22.0,56.659698507038094,
Mumbai,2025-01-06 03:00:00,19.2,73.74476286331554,1014.0
Mumbai,2025-01-06 04:00:00,23.0,53.3200727790885,
Mumbai,2025-01-06 05:00:00,25.0,47.2840066651506,
Mumbai,2025-01-06 06:00:00,27.2,46.06110405973983,1014.2
Mumbai,2025-01-06 07:00:00,28.0,39.61807404744141,
Mumbai,2025-01-06 08:00:00,29.0,37.38203217205419,
Mumbai,2025-01-06 09:00:00,29.2,43.71989435390604,1011.1
Mumbai,2025-01-06 10:00:00,28.0,45.103334544997125,
Mumbai,2025-01-06 11:00:00,27.0,44.83094235963196,
Mumbai,2025-01-06 12:00:00,25.8,51.001308914571254,1010.8
Mumbai,2025-01-06 13:00:00,25.0,57.393288213137126,
Mumbai,2025-01-06 14:00:00,24.0,57.150508542239244,
Mumbai,2025-01-06 15:00:00,23.4,62.372120309898094,1012.7
Mumbai,2025-01-06 16:00:00,23.0,60.70242277903299,
Mumbai,2025-01-06 17:00:00,23.0,60.70242277903299,
Mumbai,2025-01-06 18:00:00,20.8,69.87255673728518,1013.5
Mumbai,2025-01-06 19:00:00,22.0,60.47020638316778,
Mumbai,2025-01-06 20:00:00,22.0,60.47020638316778,
Mumbai,2025-01-06 21:00:00,20.2,71.12017585620825,1012.3
Mumbai,2025-01-06 22:00:00,21.0,64.28724600863578,
Mumbai,2025-01-06 23:00:00,21.0,60.23620878051111,
Mumbai,2025-01-07 00:00:00,16.8,83.56210204241829,1012.3
Mumbai,2025-01-07 01:00:00,21.0,60.23620878051111,
Mumbai,2025-01-07 02:00:00,21.0,56.41164570214274,
Mumbai,2025-01-07 03:00:00,17.4,82.0261957179648,1014.2
Mumbai,2025-01-07 04:00:00,24.0,47.01278154897936,
Mumbai,2025-01-07 05:00:00,26.0,39.05844369993647,
Mumbai,2025-01-07 06:00:00,28.4,42.66751391898363,1014.1
Mumbai,2025-01-07 08:00:00,30.0,33.04672341225981,
Mumbai,2025-01-07 09:00:00,32.4,38.81437277218495,1010.2
Mumbai,2025-01-07 10:00:00,30.0,45.6437789332581,
Mumbai,2025-01-07 11:00:00,29.0,48.3534241765764,
Mumbai,2025-01-07 12:00:00,28.0,50.60007897036122,1009.8
Mumbai,2025-01-07 13:00:00,27.0,54.33441603408858,
Mumbai,2025-01-07 14:00:00,27.0,54.33441603408858,
Mumbai,2025-01-07 15:00:00,24.6,73.73484030490799,1011.7
Mumbai,2025-01-07 16:00:00,27.0,54.33441603408858,
Mumbai,2025-01-07 17:00:00,27.0,44.83094235963196,
Mumbai,2025-01-07 18:00:00,22.0,79.04974656784833,1011.9
Mumbai,2025-01-07 19:00:00,26.0,44.557102524016656,
Mumbai,2025-01-07 20:00:00,25.0,47.2840066651506,
Mumbai,2025-01-07 21:00:00,24.4,57.616018760164046,1010.5
Mumbai,2025-01-07 22:00:00,24.0,50.200126046479014,
Mumbai,2025-01-07 23:00:00,24.0,47.01278154897936,
Mumbai,2025-01-08 00:00:00,21.4,61.92008126297963,1010.9
Mumbai,2025-01-08 01:00:00,23.0,53.3200727790885,
Mumbai,2025-01-08 02:00:00,23.0,53.3200727790885,
Mumbai,2025-01-08 03:00:00,21.0,68.1361982731892,1013.6
Mumbai,2025-01-08 04:00:00,25.0,47.2840066651506,
Mumbai,2025-01-08 05:00:00,27.0,42.005936969816645,
Mumbai,2025-01-08 06:00:00,29.4,41.58511230854061,1013.9
Mumbai,2025-01-08 07:00:00,30.0,35.28720543774307,
Mumbai,2025-01-08 08:00:00,31.0,33.32379184656068,
Mumbai,2025-01-08 09:00:00,31.8,43.321177350868766,1010.6
Mumbai,2025-01-08 10:00:00,30.0,45.6437789332581,
Mumbai,2025-01-08 11:00:00,29.0,45.37427975672665,
Mumbai,2025-01-08 12:00:00,28.6,47.63785276074488,1010.0
Mumbai,2025-01-08 13:00:00,28.0,45.103334544997125,
Mumbai,2025-01-08 14:00:00,27.0,50.98677157890719,
Mumbai,2025-01-08 15:00:00,25.8,59.06407540325651,1011.7
Mumbai,2025-01-08 16:00:00,27.0,50.98677157890719,
Mumbai,2025-01-08 17:00:00,27.0,44.83094235963196,
Mumbai,2025-01-08 18:00:00,21.8,72.32987810546678,1012.4
Mumbai,2025-01-08 19:00:00,25.0,47.2840066651506,
Mumbai,2025-01-08 20:00:00,25.0,47.2840066651506,
Mumbai,2025-01-08 21:00:00,21.6,65.25391544185001,1011.6
Mumbai,2025-01-08 22:00:00,24.0,50.200126046479014,
Mumbai,2025-01-08 23:00:00,24.0,50.200126046479014,
Mumbai,2025-01-09 00:00:00,19.4,71.8963196457012,1011.3
Mumbai,2025-01-09 01:00:00,23.0,49.934634256058565,
Mumbai,2025-01-09 02:00:00,23.0,49.934634256058565,
Mumbai,2025-01-09 03:00:00,21.0,64.70523940925912,1013.7
Mumbai,2025-01-09 04:00:00,25.0,41.44882875278398,
Mumbai,2025-01-09 05:00:00,27.0,34.448362072935296,
Mumbai,2025-01-09 06:00:00,29.4,37.24996780661884,1014.1
Mumbai,2025-01-09 07:00:00,30.0,30.932516901773045,
Mumbai,2025-01-09 08:00:00,31.0,29.211402312476043,
Mumbai,2025-01-09 09:00:00,33.0,39.47490249086487,1010.6
Mumbai,2025-01-09 10:00:00,32.0,24.1412924100428,
Mumbai,2025-01-09 11:00:00,30.0,35.28720543774307,
Mumbai,2025-01-09 12:00:00,29.2,50.591568433033885,1010.6
Mumbai,2025-01-09 13:00:00,27.0,54.33441603408858,
Mumbai,2025-01-09 14:00:00,26.0,61.38851998965914,
Mumbai,2025-01-09 15:00:00,25.4,72.96297423706713,1013.1
Mumbai,2025-01-09 16:00:00,26.0,57.63433267904622,
Mumbai,2025-01-09 17:00:00,25.0,65.14551045571683,
Mumbai,2025-01-09 18:00:00,22.2,77.11730791149994,1014.2
Mumbai,2025-01-09 19:00:00,26.0,41.72804915823505,
Mumbai,2025-01-09 20:00:00,25.0,47.2840066651506,
Mumbai,2025-01-09 21:00:00,19.8,77.73604009831854,1012.4
Mumbai,2025-01-09 22:00:00,24.0,44.00507855867109,
Mumbai,2025-01-09 23:00:00,24.0,44.00507855867109,
Mumbai,2025-01-10 00:00:00,18.6,77.05578821552338,1012.1
Mumbai,2025-01-10 01:00:00,23.0,49.934634256058565,
Mumbai,2025-01-10 02:00:00,22.0,56.659698507038094,
Mumbai,2025-01-10 03:00:00,18.4,78.53229749671034,1014.5
Mumbai,2025-01-10 04:00:00,26.0,39.05844369993647,
Mumbai,2025-01-10 05:00:00,26.0,36.540530015343805,
Mumbai,2025-01-10 06:00:00,29.6,44.109451071360205,1015.8
Mumbai,2025-01-10 07:00:00,29.0,32.76882733104996,
Mumbai,2025-01-10 08:00:00,31.0,31.20797236675265,
Mumbai,2025-01-10 09:00:00,31.4,46.01865075668593,1012.4
Mumbai,2025-01-10 10:00:00,29.0,39.89606828185898,
Mumbai,2025-01-10 11:00:00,29.0,32.76882733104996,
Mumbai,2025-01-10 12:00:00,28.2,49.697414479353036,1011.8
Mumbai,2025-01-10 13:00:00,27.0,47.821805415300325,
Mumbai,2025-01-10 14:00:00,27.0,50.98677157890719,
Mumbai,2025-01-10 15:00:00,24.0,73.63287364526842,1013.7
Mumbai,2025-01-10 16:00:00,26.0,61.38851998965914,
Mumbai,2025-01-10 17:00:00,25.0,69.35554872897104,
Mumbai,2025-01-10 18:00:00,22.0,82.07643342444838,1014.5
Mumbai,2025-01-10 19:00:00,25.0,61.16156608407452,
Mumbai,2025-01-10 20:00:00,25.0,61.16156608407452,
Mumbai,2025-01-10 21:00:00,20.8,79.8841909723908,1013.5
Mumbai,2025-01-10 22:00:00,24.0,64.9335482156484,
Mumbai,2025-01-10 23:00:00,23.0,68.96917974781988,
Mumbai,2025-01-11 00:00:00,19.6,84.95300821206541,1013.1
Mumbai,2025-01-11 01:00:00,23.0,68.96917974781988,
Mumbai,2025-01-11 02:00:00,23.0,68.96917974781988,
Mumbai,2025-01-11 03:00:00,20.0,86.61909675849209,1015.5
Mumbai,2025-01-11 04:00:00,25.0,69.35554872897104,
Mumbai,2025-01-11 05:00:00,26.0,57.63433267904622,
Mumbai,2025-01-11 06:00:00,28.0,50.60007897036122,1015.7
Mumbai,2025-01-11 07:00:00,29.0,37.38203217205419,
Mumbai,2025-01-11 08:00:00,28.0,54.583776611197585,
Mumbai,2025-01-11 09:00:00,29.6,51.0137619532381,1012.7
Mumbai,2025-01-11 10:00:00,27.0,57.873653251263804,
Mumbai,2025-01-11 11:00:00,27.0,61.6137466743783,
Mumbai,2025-01-11 12:00:00,26.6,59.62517376441938,1012.0
Mumbai,2025-01-11 13:00:00,25.0,57.393288213137126,
Mumbai,2025-01-11 14:00:00,24.0,64.9335482156484,
Mumbai,2025-01-11 15:00:00,24.4,67.94922933383891,1013.8
Mumbai,2025-01-11 16:00:00,25.0,47.2840066651506,
Mumbai,2025-01-11 17:00:00,24.0,50.200126046479014,
Mumbai,2025-01-11 18:00:00,22.6,58.68162414536218,1014.9
Mumbai,2025-01-11 19:00:00,24.0,50.200126046479014,
Mumbai,2025-01-11 20:00:00,24.0,50.200126046479014,
Mumbai,2025-01-11 21:00:00,19.4,71.8963196457012,1013.9
Mumbai,2025-01-11 22:00:00,23.0,56.905982387401856,
Mumbai,2025-01-11 23:00:00,23.0,56.905982387401856,
Mumbai,2025-01-12 00:00:00,20.8,78.38096858207,1013.7
Mumbai,2025-01-12 01:00:00,22.0,64.50443133407828,
Mumbai,2025-01-12 02:00:00,22.0,60.47020638316778,
Mumbai,2025-01-12 03:00:00,19.8,77.73604009831854,1015.6
Mumbai,2025-01-12 04:00:00,24.0,53.57621135443473,
Mumbai,2025-01-12 05:00:00,26.0,47.553680242907866,
Mumbai,2025-01-12 06:00:00,27.8,46.820447800043176,1015.6
Mumbai,2025-01-12 07:00:00,29.0,39.89606828185898,
Mumbai,2025-01-12 08:00:00,29.0,42.5577048750277,
Mumbai,2025-01-12 09:00:00,30.0,46.813294513259635,1012.2
Mumbai,2025-01-12 10:00:00,29.0,45.37427975672665,
Mumbai,2025-01-12 11:00:00,28.0,48.08838553713478,
Mumbai,2025-01-12 12:00:00,27.6,52.79005868609021,1011.6
Mumbai,2025-01-12 13:00:00,26.0,54.08337422022996,
Mumbai,2025-01-12 14:00:00,26.0,57.63433267904622,
Mumbai,2025-01-12 15:00:00,25.0,59.62894557326245,1013.1
Mumbai,2025-01-12 16:00:00,25.0,53.83064226424435,
Mumbai,2025-01-12 17:00:00,25.0,50.46397557709502,
Mumbai,2025-01-12 18:00:00,22.6,68.02047939216396,1013.7
Mumbai,2025-01-12 19:00:00,24.0,53.57621135443473,
Mumbai,2025-01-12 20:00:00,25.0,50.46397557709502,
Mumbai,2025-01-12 21:00:00,22.0,68.77349522244712,1012.4
Mumbai,2025-01-12 22:00:00,24.0,53.57621135443473,
Mumbai,2025-01-12 23:00:00,25.0,50.46397557709502,
Mumbai,2025-01-13 00:00:00,23.6,61.23159477777704,1011.9
Mumbai,2025-01-13 01:00:00,24.0,53.57621135443473,
Mumbai,2025-01-13 02:00:00,25.0,50.46397557709502,
Mumbai,2025-01-13 03:00:00,24.0,60.159267516551964,1013.7
Mumbai,2025-01-13 04:00:00,26.0,47.553680242907866,
Mumbai,2025-01-13 05:00:00,27.0,47.821805415300325,
Mumbai,2025-01-13 06:00:00,29.4,47.548518015880695,1013.1
Mumbai,2025-01-13 07:00:00,30.0,42.831580797851935,
Mumbai,2025-01-13 08:00:00,31.0,40.44839100350285,
Mumbai,2025-01-13 09:00:00,33.2,42.88904573295336,1009.8
Mumbai,2025-01-13 10:00:00,33.0,38.488718673594086,
Mumbai,2025-01-13 11:00:00,31.0,48.87889229893936,
Mumbai,2025-01-13 12:00:00,30.0,50.48129264923812,1009.2
Mumbai,2025-01-13 13:00:00,28.0,51.245730319258854,
Mumbai,2025-01-13 14:00:00,29.0,48.3534241765764,
Mumbai,2025-01-13 15:00:00,25.6,68.61205443506742,1010.9
Mumbai,2025-01-13 16:00:00,26.0,65.35576219694184,
Mumbai,2025-01-13 17:00:00,27.0,57.873653251263804,
Mumbai,2025-01-13 18:00:00,23.4,82.75736601112055,1012.1
Mumbai,2025-01-13 19:00:00,26.0,54.08337422022996,
Mumbai,2025-01-13 20:00:00,25.0,57.393288213137126,
Mumbai,2025-01-13 21:00:00,21.8,79.02146826646637,1011.5
Mumbai,2025-01-13 22:00:00,25.0,57.393288213137126,
Mumbai,2025-01-13 23:00:00,25.0,57.393288213137126,
Mumbai,2025-01-14 00:00:00,22.0,73.75452283587201,1011.4
Mumbai,2025-01-14 01:00:00,24.0,57.150508542239244,
Mumbai,2025-01-14 02:00:00,24.0,60.93287150821879,
Mumbai,2025-01-14 03:00:00,25.0,57.393288213137126,
Mumbai,2025-01-14 04:00:00,26.0,54.08337422022996,
Mumbai,2025-01-14 05:00:00,28.0,48.08838553713478,
Mumbai,2025-01-14 06:00:00,30.6,48.77428920867762,1013.3
Mumbai,2025-01-14 07:00:00,31.0,40.44839100350285,
Mumbai,2025-01-14 08:00:00,32.0,35.84162125657671,
Mumbai,2025-01-14 09:00:00,35.0,38.79252543220958,1010.3
Mumbai,2025-01-14 10:00:00,31.0,45.91183326611469,
Mumbai,2025-01-14 11:00:00,29.0,54.83146494452449,
Mumbai,2025-01-14 12:00:00,28.6,65.09275319702243,1010.4
Mumbai,2025-01-14 13:00:00,27.0,65.56431854728334,
Mumbai,2025-01-14 14:00:00,26.0,73.97062900551056,
Mumbai,2025-01-14 15:00:00,25.8,74.85200261699907,1012.5
Mumbai,2025-01-14 16:00:00,26.0,65.35576219694184,
Mumbai,2025-01-14 17:00:00,26.0,65.35576219694184,
Mumbai,2025-01-14 18:00:00,23.2,81.21067682976118,1013.6
Mumbai,2025-01-14 19:00:00,26.0,65.35576219694184,
Mumbai,2025-01-14 20:00:00,25.0,69.35554872897104,
Mumbai,2025-01-14 21:00:00,22.4,84.19427459892609,1012.5
Mumbai,2025-01-14 22:00:00,24.0,73.63287364526842,
Mumbai,2025-01-14 23:00:00,25.0,73.8025121880607,
Mumbai,2025-01-15 00:00:00,21.8,87.32939245060646,1012.1
Mumbai,2025-01-15 01:00:00,24.0,83.33878752130364,
Mumbai,2025-01-15 02:00:00,24.0,83.33878752130364,
Mumbai,2025-01-15 03:00:00,22.0,88.98541809305104,1014.5
Mumbai,2025-01-15 04:00:00,26.0,69.54626593683008,
Mumbai,2025-01-15 05:00:00,28.0,65.77119451823714,
Mumbai,2025-01-15 06:00:00,30.0,62.279197326402645,1014.9
Mumbai,2025-01-15 07:00:00,29.0,65.9764050234237,
Mumbai,2025-01-15 08:00:00,28.0,69.92284655824665,
Mumbai,2025-01-15 09:00:00,29.2,66.82547661101904,1012.4
Mumbai,2025-01-15 10:00:00,28.0,61.83725955078121,
Mumbai,2025-01-15 11:00:00,27.0,65.56431854728334,
Mumbai,2025-01-15 12:00:00,26.4,73.58514111197726,1012.2
Mumbai,2025-01-15 13:00:00,25.0,69.35554872897104,
Mumbai,2025-01-15 14:00:00,25.0,69.35554872897104,
Mumbai,2025-01-15 15:00:00,24.4,75.5545437025466,1014.2
Mumbai,2025-01-15 16:00:00,24.0,69.16319209999386,
Mumbai,2025-01-15 17:00:00,25.0,61.16156608407452,
Mumbai,2025-01-15 18:00:00,22.4,82.63851822798792,1015.2
Mumbai,2025-01-15 19:00:00,24.0,69.16319209999386,
Mumbai,2025-01-15 20:00:00,23.0,73.46169674935328,
Mumbai,2025-01-15 21:00:00,20.6,85.05848941378555,1014.0
Mumbai,2025-01-15 22:00:00,23.0,73.46169674935328,
Mumbai,2025-01-15 23:00:00,22.0,73.28896468276716,
Mumbai,2025-01-16 00:00:00,20.4,87.20286371169097,1013.2
Mumbai,2025-01-16 01:00:00,21.0,73.11466043664565,
Mumbai,2025-01-16 02:00:00,21.0,73.11466043664565,
Mumbai,2025-01-16 03:00:00,20.0,86.61909675849209,1015.1
Mumbai,2025-01-16 04:00:00,23.0,64.71986027383593,
Mumbai,2025-01-16 05:00:00,26.0,54.08337422022996,
Mumbai,2025-01-16 06:00:00,28.6,55.07601922060314,1015.5
Mumbai,2025-01-16 07:00:00,30.0,45.6437789332581,
Mumbai,2025-01-16 08:00:00,29.0,51.50307132317005,
Mumbai,2025-01-16 09:00:00,30.0,52.73546662209652,1012.6
Mumbai,2025-01-16 10:00:00,29.0,51.50307132317005,
Mumbai,2025-01-16 11:00:00,29.0,51.50307132317005,
Mumbai,2025-01-16 12:00:00,27.8,60.6525992163582,1012.2
Mumbai,2025-01-16 13:00:00,26.0,65.35576219694184,
Mumbai,2025-01-16 14:00:00,26.0,61.38851998965914,
Mumbai,2025-01-16 15:00:00,24.6,73.73484030490799,1014.5
Mumbai,2025-01-16 16:00:00,25.0,65.14551045571683,
Mumbai,2025-01-16 17:00:00,25.0,65.14551045571683,
Mumbai,2025-01-16 18:00:00,22.2,79.0779705442933,1015.1
Mumbai,2025-01-16 19:00:00,24.0,69.16319209999386,
Mumbai,2025-01-16 20:00:00,24.0,69.16319209999386,
Mumbai,2025-01-16 21:00:00,21.4,83.5592885796014,1013.4
Mumbai,2025-01-16 22:00:00,24.0,69.16319209999386,
Mumbai,2025-01-16 23:00:00,24.0,64.9335482156484,
Mumbai,2025-01-17 00:00:00,21.0,87.25731534029728,1012.5
Mumbai,2025-01-17 01:00:00,24.0,64.9335482156484,
Mumbai,2025-01-17 02:00:00,25.0,61.16156608407452,
Mumbai,2025-01-17 03:00:00,23.0,76.27881450654198,1013.9
Mumbai,2025-01-17 04:00:00,27.0,50.98677157890719,
Mumbai,2025-01-17 05:00:00,28.0,48.08838553713478,
Mumbai,2025-01-17 06:00:00,30.8,44.434536966576495,1013.8
Mumbai,2025-01-17 07:00:00,32.0,35.84162125657671,
Mumbai,2025-01-17 08:00:00,32.0,33.60002079961747,
Mumbai,2025-01-17 09:00:00,35.2,32.77188198042116,1009.9
Mumbai,2025-01-17 10:00:00,32.0,43.37530845087229,
Mumbai,2025-01-17 11:00:00,30.0,51.75880110114196,
Mumbai,2025-01-17 12:00:00,29.0,59.073562416700796,1009.4
Mumbai,2025-01-17 13:00:00,28.0,58.11126126861089,
Mumbai,2025-01-17 14:00:00,28.0,58.11126126861089,
Mumbai,2025-01-17 15:00:00,26.8,68.00051812091587,1011.6
Mumbai,2025-01-17 16:00:00,26.0,69.54626593683008,
Mumbai,2025-01-17 17:00:00,26.0,65.35576219694184,
Mumbai,2025-01-17 18:00:00,24.0,79.82128066340769,1012.5
Mumbai,2025-01-17 19:00:00,27.0,54.33441603408858,
Mumbai,2025-01-17 20:00:00,27.0,47.821805415300325,
Mumbai,2025-01-17 21:00:00,22.4,77.6333068665811,1011.7
Mumbai,2025-01-17 22:00:00,26.0,47.553680242907866,
Mumbai,2025-01-17 23:00:00,26.0,47.553680242907866,
Mumbai,2025-01-18 00:00:00,20.6,76.38391108279227,1011.3
Mumbai,2025-01-18 01:00:00,26.0,44.557102524016656,
Mumbai,2025-01-18 02:00:00,25.0,47.2840066651506,
Mumbai,2025-01-18 03:00:00,20.4,79.82930712381024,1013.5
Mumbai,2025-01-18 04:00:00,27.0,39.33886414336399,
Mumbai,2025-01-18 05:00:00,29.0,35.00854381788882,
Mumbai,2025-01-18 06:00:00,31.2,37.50756691261887,1013.9
Mumbai,2025-01-18 07:00:00,32.0,27.597538487345126,
Mumbai,2025-01-18 08:00:00,33.0,24.40209011834198,
Mumbai,2025-01-18 09:00:00,34.4,27.335214701078876,1010.0
Mumbai,2025-01-18 10:00:00,34.0,21.574013785652443,
Mumbai,2025-01-18 11:00:00,31.0,43.10411576643139,
Mumbai,2025-01-18 12:00:00,30.2,54.11245736689154,1009.7
Mumbai,2025-01-18 13:00:00,28.0,54.583776611197585,
Mumbai,2025-01-18 14:00:00,29.0,42.5577048750277,
Mumbai,2025-01-18 15:00:00,25.2,65.59798637911615,1011.7
Mumbai,2025-01-18 16:00:00,28.0,45.103334544997125,
Mumbai,2025-01-18 17:00:00,28.0,39.61807404744141,
Mumbai,2025-01-18 18:00:00,22.0,72.36558787435905,1012.7
Mumbai,2025-01-18 19:00:00,26.0,47.553680242907866,
Mumbai,2025-01-18 20:00:00,27.0,44.83094235963196,
Mumbai,2025-01-18 21:00:00,20.2,71.12017585620825,1011.9
Mumbai,2025-01-18 22:00:00,25.0,44.281814632318536,
Mumbai,2025-01-18 23:00:00,25.0,44.281814632318536,
Mumbai,2025-01-19 00:00:00,18.8,75.12081534970918,1011.9
Mumbai,2025-01-19 01:00:00,25.0,47.2840066651506,
Mumbai,2025-01-19 02:00:00,24.0,50.200126046479014,
Mumbai,2025-01-19 03:00:00,19.0,77.11756813613941,1014.2
Mumbai,2025-01-19 04:00:00,27.0,39.33886414336399,
Mumbai,2025-01-19 05:00:00,28.0,39.61807404744141,
Mumbai,2025-01-19 06:00:00,31.2,43.70745721912904,1014.9
Mumbai,2025-01-19 07:00:00,31.0,31.20797236675265,
Mumbai,2025-01-19 08:00:00,33.0,26.08357521491382,
Mumbai,2025-01-19 09:00:00,33.0,36.58107859246772,1011.6
Mumbai,2025-01-19 10:00:00,32.0,33.60002079961747,
Mumbai,2025-01-19 11:00:00,31.0,37.937587025645456,
Mumbai,2025-01-19 12:00:00,30.4,42.940755780776726,1009.1
Mumbai,2025-01-19 13:00:00,29.0,42.5577048750277,
Mumbai,2025-01-19 14:00:00,28.0,45.103334544997125,
Mumbai,2025-01-19 15:00:00,27.4,47.62210325150437,1012.3
Mumbai,2025-01-19 16:00:00,27.0,44.83094235963196,
Mumbai,2025-01-19 17:00:00,27.0,42.005936969816645,
Mumbai,2025-01-19 18:00:00,23.4,63.985292032244004,1013.1
Mumbai,2025-01-19 19:00:00,27.0,42.005936969816645,
Mumbai,2025-01-19 20:00:00,26.0,50.72618873623027,
Mumbai,2025-01-19 21:00:00,21.0,73.11466043664565,1011.7
Mumbai,2025-01-19 22:00:00,25.0,53.83064226424435,
Mumbai,2025-01-19 23:00:00,25.0,50.46397557709502,
Mumbai,2025-01-20 00:00:00,19.6,79.21141854904147,1011.6
Mumbai,2025-01-20 01:00:00,25.0,47.2840066651506,
Mumbai,2025-01-20 02:00:00,24.0,50.200126046479014,
Mumbai,2025-01-20 03:00:00,20.4,77.82585599299374,1013.5
Mumbai,2025-01-20 04:00:00,27.0,42.005936969816645,
Mumbai,2025-01-20 05:00:00,29.0,37.38203217205419,
Mumbai,2025-01-20 06:00:00,31.8,37.19359460976761,1014.0
Mumbai,2025-01-20 07:00:00,32.0,27.597538487345126,
Mumbai,2025-01-20 08:00:00,33.0,26.08357521491382,
Mumbai,2025-01-20 09:00:00,32.8,39.420117498916575,1010.9
Mumbai,2025-01-20 10:00:00,31.0,40.44839100350285,
Mumbai,2025-01-20 11:00:00,30.0,37.66035915705599,
Mumbai,2025-01-20 12:00:00,30.2,39.45939339276961,1009.9
Mumbai,2025-01-20 13:00:00,29.0,42.5577048750277,
Mumbai,2025-01-20 14:00:00,28.0,42.28248962275748,
Mumbai,2025-01-20 15:00:00,25.8,49.38256381356927,1011.6
Mumbai,2025-01-20 16:00:00,28.0,39.61807404744141,
Mumbai,2025-01-20 17:00:00,26.0,41.72804915823505,
Mumbai,2025-01-20 18:00:00,23.2,60.7486535053691,1012.5
Mumbai,2025-01-20 19:00:00,26.0,41.72804915823505,
Mumbai,2025-01-20 20:00:00,26.0,44.557102524016656,
Mumbai,2025-01-20 21:00:00,21.0,69.9109186693193,1011.0
Mumbai,2025-01-20 22:00:00,24.0,57.150508542239244,
Mumbai,2025-01-20 23:00:00,24.0,69.16319209999386,
Mumbai,2025-01-21 00:00:00,20.4,79.82930712381024,1010.4
Mumbai,2025-01-21 01:00:00,24.0,57.150508542239244,
Mumbai,2025-01-21 02:00:00,24.0,53.57621135443473,
Mumbai,2025-01-21 03:00:00,19.8,82.84809311244793,1012.4
Mumbai,2025-01-21 04:00:00,26.0,50.72618873623027,
Mumbai,2025-01-21 05:00:00,28.0,42.28248962275748,
Mumbai,2025-01-21 06:00:00,30.4,40.80283577060398,1012.9
Mumbai,2025-01-21 07:00:00,32.0,29.483802567589102,
Mumbai,2025-01-21 08:00:00,32.0,38.21370900066644,
Mumbai,2025-01-21 09:00:00,32.4,49.24307764278141,1009.6
Mumbai,2025-01-21 10:00:00,31.0,35.564901041274325,
Mumbai,2025-01-21 11:00:00,31.0,40.44839100350285,
Mumbai,2025-01-21 12:00:00,29.0,51.827728335121904,1009.3
Mumbai,2025-01-21 13:00:00,28.0,45.103334544997125,
Mumbai,2025-01-21 14:00:00,27.0,47.821805415300325,
Mumbai,2025-01-21 15:00:00,26.0,69.11686987087296,1010.6
Mumbai,2025-01-21 16:00:00,26.0,57.63433267904622,
Mumbai,2025-01-21 17:00:00,26.0,54.08337422022996,
Mumbai,2025-01-21 18:00:00,22.8,72.96625982394418,1011.4
Mumbai,2025-01-21 19:00:00,26.0,54.08337422022996,
Mumbai,2025-01-21 20:00:00,26.0,54.08337422022996,
Mumbai,2025-01-21 21:00:00,21.6,78.49717461310503,1009.8
Mumbai,2025-01-21 22:00:00,24.0,64.9335482156484,
Mumbai,2025-01-21 23:00:00,24.0,60.93287150821879,
Mumbai,2025-01-22 00:00:00,20.0,81.3101072483957,1009.5
Mumbai,2025-01-22 01:00:00,23.0,64.71986027383593,
Mumbai,2025-01-22 02:00:00,23.0,60.70242277903299,
Mumbai,2025-01-22 03:00:00,20.0,86.61909675849209,1011.9
Mumbai,2025-01-22 04:00:00,26.0,50.72618873623027,
Mumbai,2025-01-22 05:00:00,28.0,45.103334544997125,
Mumbai,2025-01-22 06:00:00,30.0,46.813294513259635,1012.5
Mumbai,2025-01-22 07:00:00,32.0,29.483802567589102,
Mumbai,2025-01-22 08:00:00,30.0,45.6437789332581,
Mumbai,2025-01-22 09:00:00,31.8,47.586079386321714,1009.0
Mumbai,2025-01-22 10:00:00,30.0,45.6437789332581,
Mumbai,2025-01-22 11:00:00,29.0,48.3534241765764,
Mumbai,2025-01-22 12:00:00,28.4,51.0254769121298,1008.8
Mumbai,2025-01-22 13:00:00,28.0,51.245730319258854,
Mumbai,2025-01-22 14:00:00,27.0,54.33441603408858,
Mumbai,2025-01-22 15:00:00,26.2,58.04818884609648,1010.8
Mumbai,2025-01-22 16:00:00,26.0,54.08337422022996,
Mumbai,2025-01-22 17:00:00,27.0,50.98677157890719,
Mumbai,2025-01-22 18:00:00,22.6,71.11065930748565,1012.1
Mumbai,2025-01-22 20:00:00,24.0,57.150508542239244,
Mumbai,2025-01-22 21:00:00,22.0,73.75452283587201,1010.8
Mumbai,2025-01-22 22:00:00,23.0,56.905982387401856,
Mumbai,2025-01-22 23:00:00,23.0,56.905982387401856,
Mumbai,2025-01-23 00:00:00,20.4,77.82585599299374,1010.2
Mumbai,2025-01-23 01:00:00,23.0,56.905982387401856,
Mumbai,2025-01-23 02:00:00,23.0,56.905982387401856,
Mumbai,2025-01-23 03:00:00,20.8,73.07960941553814,1012.3
Mumbai,2025-01-23 04:00:00,24.0,50.200126046479014,
Mumbai,2025-01-23 06:00:00,28.8,39.84056692267928,1012.9
Mumbai,2025-01-23 07:00:00,29.0,35.00854381788882,
Mumbai,2025-01-23 09:00:00,30.2,60.82123901758808,1009.6
Mumbai,2025-01-23 10:00:00,29.0,42.5577048750277,
Mumbai,2025-01-23 11:00:00,28.0,45.103334544997125,
Mumbai,2025-01-23 12:00:00,28.2,49.697414479353036,1008.8
Mumbai,2025-01-23 13:00:00,27.0,50.98677157890719,
Mumbai,2025-01-23 14:00:00,26.0,54.08337422022996,
Mumbai,2025-01-23 15:00:00,25.2,59.675662881987066,1010.6
Mumbai,2025-01-23 16:00:00,25.0,53.83064226424435,
Mumbai,2025-01-23 17:00:00,25.0,50.46397557709502,
Mumbai,2025-01-23 18:00:00,22.4,64.59081281252107,1010.9
Mumbai,2025-01-23 19:00:00,24.0,50.200126046479014,
Mumbai,2025-01-23 20:00:00,23.0,56.905982387401856,
Mumbai,2025-01-23 21:00:00,19.6,72.39905592806319,1009.0
Mumbai,2025-01-23 22:00:00,23.0,49.934634256058565,
Mumbai,2025-01-23 23:00:00,24.0,47.01278154897936,
Mumbai,2025-01-24 00:00:00,19.0,75.15390064047922,1008.8
Mumbai,2025-01-24 01:00:00,22.0,53.062217933001484,
Mumbai,2025-01-24 02:00:00,23.0,49.934634256058565,
Mumbai,2025-01-24 03:00:00,19.2,77.14836978029265,1010.7
Mumbai,2025-01-24 04:00:00,26.0,44.557102524016656,
Mumbai,2025-01-24 05:00:00,29.0,35.00854381788882,
Mumbai,2025-01-24 06:00:00,31.4,36.60859670025432,1011.0
Mumbai,2025-01-24 07:00:00,33.0,27.86636142371991,
Mumbai,2025-01-24 08:00:00,31.0,43.10411576643139,
Mumbai,2025-01-24 09:00:00,32.8,43.31968651645407,1008.4
Mumbai,2025-01-24 10:00:00,31.0,43.10411576643139,
Mumbai,2025-01-24 11:00:00,31.0,40.44839100350285,
Mumbai,2025-01-24 12:00:00,30.0,46.813294513259635,1008.1
Mumbai,2025-01-24 13:00:00,28.0,45.103334544997125,
Mumbai,2025-01-24 14:00:00,28.0,48.08838553713478,
Mumbai,2025-01-24 15:00:00,26.4,60.71246271379855,1010.4
Mumbai,2025-01-24 16:00:00,27.0,54.33441603408858,
Mumbai,2025-01-24 17:00:00,27.0,54.33441603408858,
Mumbai,2025-01-24 18:00:00,23.6,74.95700457694504,1011.4
Mumbai,2025-01-24 19:00:00,27.0,47.821805415300325,
Mumbai,2025-01-24 20:00:00,26.0,57.63433267904622,
Mumbai,2025-01-24 21:00:00,22.4,77.6333068665811,1009.7
Mumbai,2025-01-24 22:00:00,26.0,57.63433267904622,
Mumbai,2025-01-24 23:00:00,26.0,54.08337422022996,
Mumbai,2025-01-25 00:00:00,21.8,79.02146826646637,1009.5
Mumbai,2025-01-25 01:00:00,25.0,57.393288213137126,
Mumbai,2025-01-25 02:00:00,26.0,54.08337422022996,
Mumbai,2025-01-25 03:00:00,23.6,70.40357180300315,1011.4
Mumbai,2025-01-25 04:00:00,28.0,48.08838553713478,
Mumbai,2025-01-25 05:00:00,28.0,48.08838553713478,
Mumbai,2025-01-25 06:00:00,33.4,38.113587359392156,1012.2
Mumbai,2025-01-25 07:00:00,33.0,36.11735711200378,
Mumbai,2025-01-25 08:00:00,32.0,43.37530845087229,
Mumbai,2025-01-25 09:00:00,32.4,45.14572740311554,1009.8
Mumbai,2025-01-25 10:00:00,31.0,45.91183326611469,
Mumbai,2025-01-25 11:00:00,31.0,48.87889229893936,
Mumbai,2025-01-25 12:00:00,31.4,51.793336482077336,1008.9
Mumbai,2025-01-25 13:00:00,28.0,54.583776611197585,
Mumbai,2025-01-25 14:00:00,28.0,51.245730319258854,
Mumbai,2025-01-25 15:00:00,26.6,61.139934561733845,1011.0
Mumbai,2025-01-25 16:00:00,28.0,48.08838553713478,
Mumbai,2025-01-25 17:00:00,28.0,48.08838553713478,
Mumbai,2025-01-25 18:00:00,24.0,67.44315945194963,1011.9
Mumbai,2025-01-25 19:00:00,27.0,50.98677157890719,
Mumbai,2025-01-25 20:00:00,27.0,54.33441603408858,
Mumbai,2025-01-25 21:00:00,22.8,74.35698654323872,1010.1
Mumbai,2025-01-25 22:00:00,26.0,57.63433267904622,
Mumbai,2025-01-25 23:00:00,25.0,65.14551045571683,
Mumbai,2025-01-26 00:00:00,22.0,77.08681687030213,1010.0
Mumbai,2025-01-26 01:00:00,25.0,65.14551045571683,
Mumbai,2025-01-26 02:00:00,25.0,61.16156608407452,
Mumbai,2025-01-26 03:00:00,22.0,84.15029745167602,1012.2
Mumbai,2025-01-26 04:00:00,28.0,51.245730319258854,
Mumbai,2025-01-26 05:00:00,30.0,45.6437789332581,
Mumbai,2025-01-26 06:00:00,32.6,43.26569266618384,1012.6
Mumbai,2025-01-26 07:00:00,35.0,28.402634845839458,
Mumbai,2025-01-26 08:00:00,33.0,43.645157807317524,
Mumbai,2025-01-26 09:00:00,34.2,47.91980944869557,1008.8
Mumbai,2025-01-26 10:00:00,32.0,49.13932991257226,
Mumbai,2025-01-26 11:00:00,31.0,52.0129263013748,
Mumbai,2025-01-26 12:00:00,30.2,57.5576548506657,1008.1
Mumbai,2025-01-26 13:00:00,29.0,51.50307132317005,
Mumbai,2025-01-26 14:00:00,28.0,51.245730319258854,
Mumbai,2025-01-26 15:00:00,27.6,55.17515984155883,1009.8
Mumbai,2025-01-26 16:00:00,29.0,45.37427975672665,
Mumbai,2025-01-26 17:00:00,27.0,54.33441603408858,
Mumbai,2025-01-26 18:00:00,24.2,73.66692388726497,1011.6
Mumbai,2025-01-26 19:00:00,27.0,54.33441603408858,
Mumbai,2025-01-26 20:00:00,26.0,57.63433267904622,
Mumbai,2025-01-26 21:00:00,22.8,81.15946153199087,1010.5
Mumbai,2025-01-26 22:00:00,25.0,69.35554872897104,
Mumbai,2025-01-26 23:00:00,25.0,65.14551045571683,
Mumbai,2025-01-27 00:00:00,21.6,82.02710335531518,1009.6
Mumbai,2025-01-27 01:00:00,25.0,73.8025121880607,
Mumbai,2025-01-27 02:00:00,25.0,65.14551045571683,
Mumbai,2025-01-27 03:00:00,21.8,87.32939245060646,1011.4
Mumbai,2025-01-27 04:00:00,28.0,51.245730319258854,
Mumbai,2025-01-27 05:00:00,30.0,45.6437789332581,
Mumbai,2025-01-27 06:00:00,31.4,50.52742024257406,1011.3
Mumbai,2025-01-27 07:00:00,31.0,48.87889229893936,
Mumbai,2025-01-27 08:00:00,32.0,46.178444191385225,
Mumbai,2025-01-27 09:00:00,33.6,48.949928846638535,1008.1
Mumbai,2025-01-27 10:00:00,32.0,40.72271098464218,
Mumbai,2025-01-27 11:00:00,31.0,43.10411576643139,
Mumbai,2025-01-27 12:00:00,31.0,41.492900496462745,1007.2
Mumbai,2025-01-27 13:00:00,29.0,37.38203217205419,
Mumbai,2025-01-27 14:00:00,28.0,39.61807404744141,
Mumbai,2025-01-27 15:00:00,26.6,49.27635105646181,1009.1
Mumbai,2025-01-27 16:00:00,28.0,32.4901158709847,
Mumbai,2025-01-27 17:00:00,27.0,39.33886414336399,
Mumbai,2025-01-27 18:00:00,22.8,55.75870795491187,1010.2
Mumbai,2025-01-27 19:00:00,25.0,44.281814632318536,
Mumbai,2025-01-27 20:00:00,24.0,47.01278154897936,
Mumbai,2025-01-27 21:00:00,20.6,66.31767050651304,1009.1
Mumbai,2025-01-27 22:00:00,24.0,50.200126046479014,
Mumbai,2025-01-27 23:00:00,24.0,50.200126046479014,
Mumbai,2025-01-28 00:00:00,19.8,77.73604009831854,1008.2
Mumbai,2025-01-28 01:00:00,24.0,57.150508542239244,
Mumbai,2025-01-28 02:00:00,24.0,53.57621135443473,
Mumbai,2025-01-28 03:00:00,19.8,81.28433674432983,1010.6
Mumbai,2025-01-28 04:00:00,26.0,47.553680242907866,
Mumbai,2025-01-28 05:00:00,28.0,39.61807404744141,
Mumbai,2025-01-28 06:00:00,29.4,39.49270164196813,1011.7
Mumbai,2025-01-28 07:00:00,29.0,42.5577048750277,
Mumbai,2025-01-28 08:00:00,31.0,43.10411576643139,
Mumbai,2025-01-28 09:00:00,31.6,49.64767639109842,1009.3
Mumbai,2025-01-28 10:00:00,30.0,42.831580797851935,
Mumbai,2025-01-28 11:00:00,29.0,48.3534241765764,
Mumbai,2025-01-28 12:00:00,28.6,66.70492848245004,1009.1
Mumbai,2025-01-28 13:00:00,26.0,57.63433267904622,
Mumbai,2025-01-28 14:00:00,26.0,54.08337422022996,
Mumbai,2025-01-28 15:00:00,25.6,60.147977437432424,1011.3
Mumbai,2025-01-28 16:00:00,25.0,61.16156608407452,
Mumbai,2025-01-28 17:00:00,26.0,50.72618873623027,
Mumbai,2025-01-28 18:00:00,22.0,75.64284085753373,1012.1
Mumbai,2025-01-28 19:00:00,25.0,50.46397557709502,
Mumbai,2025-01-28 20:00:00,24.0,57.150508542239244,
Mumbai,2025-01-28 21:00:00,20.0,77.76603602176817,1011.2
Mumbai,2025-01-28 22:00:00,23.0,56.905982387401856,
Mumbai,2025-01-28 23:00:00,24.0,44.00507855867109,
Mumbai,2025-01-29 00:00:00,19.0,80.66276457451087,1010.9
Mumbai,2025-01-29 01:00:00,23.0,56.905982387401856,
Mumbai,2025-01-29 02:00:00,23.0,56.905982387401856,
Mumbai,2025-01-29 03:00:00,19.0,80.66276457451087,1013.4
Mumbai,2025-01-29 04:00:00,26.0,44.557102524016656,
Mumbai,2025-01-29 05:00:00,28.0,34.72892596298944,
Mumbai,2025-01-29 06:00:00,29.8,36.63912034977847,1014.1
Mumbai,2025-01-29 07:00:00,30.0,33.04672341225981,
Mumbai,2025-01-29 08:00:00,30.0,37.66035915705599,
Mumbai,2025-01-29 09:00:00,31.4,41.867029221285236,1011.4
Mumbai,2025-01-29 10:00:00,29.0,48.3534241765764,
Mumbai,2025-01-29 11:00:00,29.0,45.37427975672665,
Mumbai,2025-01-29 12:00:00,29.4,49.6968017663282,1010.2
Mumbai,2025-01-29 13:00:00,27.0,57.873653251263804,
Mumbai,2025-01-29 14:00:00,26.0,61.38851998965914,
Mumbai,2025-01-29 15:00:00,25.4,69.86503547584091,1011.4
Mumbai,2025-01-29 16:00:00,25.0,69.35554872897104,
Mumbai,2025-01-29 17:00:00,25.0,65.14551045571683,
Mumbai,2025-01-29 18:00:00,22.6,79.13425604294972,1012.1
Mumbai,2025-01-29 19:00:00,24.0,69.16319209999386,
Mumbai,2025-01-29 20:00:00,24.0,69.16319209999386,
Mumbai,2025-01-29 21:00:00,21.0,85.6351787342579,1010.8
Mumbai,2025-01-29 22:00:00,23.0,64.71986027383593,
Mumbai,2025-01-29 23:00:00,23.0,64.71986027383593,
Mumbai,2025-01-30 00:00:00,19.6,84.95300821206541,1010.3
Mumbai,2025-01-30 01:00:00,23.0,64.71986027383593,
Mumbai,2025-01-30 02:00:00,23.0,60.70242277903299,
Mumbai,2025-01-30 03:00:00,19.4,86.56190404346255,1012.0
Mumbai,2025-01-30 04:00:00,27.0,47.821805415300325,
Mumbai,2025-01-30 05:00:00,28.0,45.103334544997125,
Mumbai,2025-01-30 06:00:00,30.4,44.046168687958335,1012.6
Mumbai,2025-01-30 07:00:00,29.0,48.3534241765764,
Mumbai,2025-01-30 08:00:00,31.0,43.10411576643139,
Mumbai,2025-01-30 09:00:00,32.0,39.45068417949749,1009.8
Mumbai,2025-01-30 10:00:00,31.0,33.32379184656068,
Mumbai,2025-01-30 11:00:00,30.0,37.66035915705599,
Mumbai,2025-01-30 12:00:00,30.6,35.685180929600556,1008.4
Mumbai,2025-01-30 13:00:00,28.0,37.102613225695066,
Mumbai,2025-01-30 14:00:00,27.0,44.83094235963196,
Mumbai,2025-01-30 15:00:00,25.6,56.09190715788293,1009.9
Mumbai,2025-01-30 16:00:00,26.0,50.72618873623027,
Mumbai,2025-01-30 17:00:00,25.0,53.83064226424435,
Mumbai,2025-01-30 18:00:00,22.4,72.43681558289073,1010.7
Mumbai,2025-01-30 19:00:00,25.0,47.2840066651506,
Mumbai,2025-01-30 20:00:00,24.0,53.57621135443473,
Mumbai,2025-01-30 21:00:00,22.8,65.09159530734026,1009.7
Mumbai,2025-01-30 22:00:00,23.0,56.905982387401856,
Mumbai,2025-01-30 23:00:00,23.0,53.3200727790885,
Mumbai,2025-01-31 00:00:00,20.2,74.3922547674494,1009.8
Mumbai,2025-01-31 01:00:00,24.0,41.16827865067493,
Mumbai,2025-01-31 02:00:00,24.0,44.00507855867109,
Mumbai,2025-01-31 03:00:00,18.8,69.94020031223228,1012.1
Mumbai,2025-01-31 04:00:00,26.0,50.72618873623027,
Mumbai,2025-01-31 05:00:00,27.0,44.83094235963196,
Mumbai,2025-01-31 06:00:00,29.8,36.63912034977847,1012.9
Mumbai,2025-01-31 07:00:00,29.0,45.37427975672665,
Mumbai,2025-01-31 08:00:00,30.0,37.66035915705599,
Mumbai,2025-01-31 09:00:00,30.0,38.15149167807132,1009.6
Mumbai,2025-01-31 10:00:00,28.0,45.103334544997125,
Mumbai,2025-01-31 11:00:00,27.0,44.83094235963196,
Mumbai,2025-01-31 12:00:00,28.6,35.12801925911219,1009.1
Mumbai,2025-01-31 13:00:00,26.0,39.05844369993647,
Mumbai,2025-01-31 14:00:00,25.0,47.2840066651506,
Mumbai,2025-01-31 15:00:00,25.0,53.83064226424435,1011.0
Mumbai,2025-01-31 16:00:00,24.0,57.150508542239244,
Mumbai,2025-01-31 17:00:00,24.0,53.57621135443473,
Mumbai,2025-01-31 18:00:00,23.4,68.61214204484527,1012.1
Mumbai,2025-01-31 19:00:00,24.0,60.93287150821879,
Mumbai,2025-01-31 20:00:00,24.0,60.93287150821879,
Mumbai,2025-01-31 21:00:00,20.4,77.82585599299374,1010.9
Mumbai,2025-01-31 22:00:00,22.0,68.77349522244712,
Mumbai,2025-01-31 23:00:00,22.0,73.28896468276716,
Mumbai,2025-02-01 00:00:00,19.4,86.56190404346255,1010.3
Mumbai,2025-02-01 01:00:00,23.0,68.96917974781988,
Mumbai,2025-02-01 02:00:00,22.0,78.06286399643153,
Mumbai,2025-02-01 03:00:00,20.8,85.0794567259643,1012.9
Mumbai,2025-02-01 04:00:00,24.0,60.93287150821879,
Mumbai,2025-02-01 05:00:00,26.0,44.557102524016656,
Mumbai,2025-02-01 06:00:00,28.4,42.66751391898363,1013.6
Mumbai,2025-02-01 07:00:00,29.0,42.5577048750277,
Mumbai,2025-02-01 08:00:00,29.0,45.37427975672665,
Mumbai,2025-02-01 09:00:00,29.0,46.84304212720025,1010.7
Mumbai,2025-02-01 10:00:00,28.0,48.08838553713478,
Mumbai,2025-02-01 11:00:00,28.0,45.103334544997125,
Mumbai,2025-02-01 12:00:00,27.0,52.30341645916792,1010.0
Mumbai,2025-02-01 13:00:00,25.0,61.16156608407452,
Mumbai,2025-02-01 14:00:00,25.0,61.16156608407452,
Mumbai,2025-02-01 15:00:00,24.2,72.3015743251088,1012.0
Mumbai,2025-02-01 16:00:00,24.0,60.93287150821879,
Mumbai,2025-02-01 17:00:00,24.0,57.150508542239244,
Mumbai,2025-02-01 18:00:00,23.0,63.49078489906616,1013.1
Mumbai,2025-02-01 19:00:00,24.0,41.16827865067493,
Mumbai,2025-02-01 20:00:00,24.0,35.97417468665762,
Mumbai,2025-02-01 21:00:00,19.6,70.54987572913048,1011.8
Mumbai,2025-02-01 22:00:00,23.0,53.3200727790885,
Mumbai,2025-02-01 23:00:00,23.0,46.74000199173645,
Mumbai,2025-02-02 00:00:00,18.6,69.44611108171303,1010.6
Mumbai,2025-02-02 01:00:00,22.0,49.66749449203243,
Mumbai,2025-02-02 02:00:00,22.0,43.447262818608436,
Mumbai,2025-02-02 03:00:00,19.0,68.17624188935186,1012.9
Mumbai,2025-02-02 04:00:00,25.0,41.44882875278398,
Mumbai,2025-02-02 05:00:00,27.0,32.21060174266234,
Mumbai,2025-02-02 06:00:00,30.0,35.984923231294545,1013.5
Mumbai,2025-02-02 07:00:00,30.0,35.28720543774307,
Mumbai,2025-02-02 08:00:00,29.0,39.89606828185898,
Mumbai,2025-02-02 09:00:00,31.2,37.50756691261887,1010.3
Mumbai,2025-02-02 10:00:00,30.0,33.04672341225981,
Mumbai,2025-02-02 11:00:00,30.0,30.932516901773045,
Mumbai,2025-02-02 12:00:00,29.2,35.99732762728706,1009.7
Mumbai,2025-02-02 13:00:00,27.0,42.005936969816645,
Mumbai,2025-02-02 14:00:00,27.0,39.33886414336399,
Mumbai,2025-02-02 15:00:00,26.4,48.9074144216262,1011.3
Mumbai,2025-02-02 16:00:00,26.0,41.72804915823505,
Mumbai,2025-02-02 17:00:00,25.0,47.2840066651506,
Mumbai,2025-02-02 18:00:00,23.2,56.22183331014094,1012.4
Mumbai,2025-02-02 19:00:00,24.0,47.01278154897936,
Mumbai,2025-02-02 20:00:00,24.0,47.01278154897936,
Mumbai,2025-02-02 21:00:00,21.0,66.40122606049283,1011.1
Mumbai,2025-02-02 22:00:00,24.0,47.01278154897936,
Mumbai,2025-02-02 23:00:00,23.0,49.934634256058565,
Mumbai,2025-02-03 00:00:00,20.0,68.82162822950846,1010.3
Mumbai,2025-02-03 01:00:00,23.0,56.905982387401856,
Mumbai,2025-02-03 02:00:00,24.0,50.200126046479014,
Mumbai,2025-02-03 03:00:00,22.0,62.45866938263309,1012.3
Mumbai,2025-02-03 04:00:00,26.0,41.72804915823505,
Mumbai,2025-02-03 05:00:00,27.0,42.005936969816645,
Mumbai,2025-02-03 06:00:00,28.8,39.84056692267928,1013.5
Mumbai,2025-02-03 07:00:00,28.0,45.103334544997125,
Mumbai,2025-02-03 08:00:00,28.0,54.583776611197585,
Mumbai,2025-02-03 09:00:00,28.0,48.08838553713478,1010.4
Mumbai,2025-02-03 10:00:00,28.0,48.08838553713478,
Mumbai,2025-02-03 11:00:00,27.0,44.83094235963196,
Mumbai,2025-02-03 12:00:00,28.0,48.08838553713478,1010.4
Mumbai,2025-02-03 13:00:00,26.0,47.553680242907866,
Mumbai,2025-02-03 14:00:00,25.0,53.83064226424435,
Mumbai,2025-02-03 15:00:00,25.2,54.2284006146774,1013.1
Mumbai,2025-02-03 16:00:00,25.0,50.46397557709502,
Mumbai,2025-02-03 17:00:00,25.0,53.83064226424435,
Mumbai,2025-02-03 18:00:00,22.8,63.44677270636492,1013.9
Mumbai,2025-02-03 19:00:00,24.0,44.00507855867109,
Mumbai,2025-02-03 20:00:00,23.0,49.934634256058565,
Mumbai,2025-02-03 21:00:00,20.2,65.8046365225661,1012.0
Mumbai,2025-02-03 22:00:00,24.0,38.49399356753938,
Mumbai,2025-02-03 23:00:00,23.0,46.74000199173645,
Mumbai,2025-02-04 00:00:00,19.0,66.41470677414787,1011.6
Mumbai,2025-02-04 01:00:00,23.0,49.934634256058565,
Mumbai,2025-02-04 02:00:00,23.0,46.74000199173645,
Mumbai,2025-02-04 03:00:00,21.4,60.3300224339597,1014.3
Mumbai,2025-02-04 04:00:00,24.0,69.16319209999386,
Mumbai,2025-02-04 05:00:00,26.0,50.72618873623027,
Mumbai,2025-02-04 06:00:00,28.6,41.90302498177393,1015.3
Mumbai,2025-02-04 07:00:00,30.0,33.04672341225981,
Mumbai,2025-02-04 08:00:00,29.0,54.83146494452449,
Mumbai,2025-02-04 09:00:00,30.8,52.28529670371479,1012.2
Mumbai,2025-02-04 10:00:00,29.0,48.3534241765764,
Mumbai,2025-02-04 11:00:00,29.0,42.5577048750277,
Mumbai,2025-02-04 12:00:00,28.4,52.329838724842595,1011.3
Mumbai,2025-02-04 13:00:00,26.0,57.63433267904622,
Mumbai,2025-02-04 14:00:00,25.0,57.393288213137126,
Mumbai,2025-02-04 15:00:00,25.0,56.66462278579749,1012.9
Mumbai,2025-02-04 16:00:00,25.0,50.46397557709502,
Mumbai,2025-02-04 17:00:00,25.0,44.281814632318536,
Mumbai,2025-02-04 18:00:00,23.2,53.37143752203796,1013.4
Mumbai,2025-02-04 19:00:00,24.0,41.16827865067493,
Mumbai,2025-02-04 20:00:00,24.0,33.601102667515434,
Mumbai,2025-02-04 21:00:00,20.8,52.05324700160009,1012.4
Mumbai,2025-02-04 22:00:00,23.0,38.20997602046388,
Mumbai,2025-02-04 23:00:00,22.0,40.603202667227265,
Mumbai,2025-02-05 00:00:00,19.0,59.367300066939755,1011.5
Mumbai,2025-02-05 01:00:00,22.0,40.603202667227265,
Mumbai,2025-02-05 02:00:00,22.0,40.603202667227265,
Mumbai,2025-02-05 03:00:00,20.4,57.76849620084692,1013.8
Mumbai,2025-02-05 04:00:00,24.0,35.97417468665762,
Mumbai,2025-02-05 05:00:00,27.0,30.102094027210157,
Mumbai,2025-02-05 06:00:00,29.0,29.250026628318327,1013.7
Mumbai,2025-02-05 07:00:00,29.0,21.793154294903765,
Mumbai,2025-02-05 08:00:00,31.0,20.822257503627505,
Mumbai,2025-02-05 09:00:00,30.6,32.56559187447658,1010.0
Mumbai,2025-02-05 10:00:00,29.0,35.00854381788882,
Mumbai,2025-02-05 11:00:00,28.0,39.61807404744141,
Mumbai,2025-02-05 12:00:00,28.4,41.577721781983016,1009.4
Mumbai,2025-02-05 13:00:00,26.0,50.72618873623027,
Mumbai,2025-02-05 14:00:00,25.0,57.393288213137126,
Mumbai,2025-02-05 15:00:00,24.6,56.204948951375734,1011.3
Mumbai,2025-02-05 16:00:00,24.0,50.200126046479014,
Mumbai,2025-02-05 17:00:00,24.0,50.200126046479014,
Mumbai,2025-02-05 18:00:00,22.6,52.52351199435458,1012.4
Mumbai,2025-02-05 19:00:00,23.0,53.3200727790885,
Mumbai,2025-02-05 20:00:00,23.0,53.3200727790885,
Mumbai,2025-02-05 21:00:00,20.0,68.82162822950846,1010.6
Mumbai,2025-02-05 22:00:00,22.0,56.659698507038094,
Mumbai,2025-02-05 23:00:00,21.0,60.23620878051111,
Mumbai,2025-02-06 00:00:00,19.0,71.8231453434557,1009.7
Mumbai,2025-02-06 01:00:00,23.0,49.934634256058565,
Mumbai,2025-02-06 02:00:00,23.0,46.74000199173645,
Mumbai,2025-02-06 03:00:00,19.4,73.77930870906046,1011.8
Mumbai,2025-02-06 04:00:00,27.0,34.448362072935296,
Mumbai,2025-02-06 05:00:00,29.0,30.6563755549686,
Mumbai,2025-02-06 06:00:00,31.4,32.57316843526804,1012.1
Mumbai,2025-02-06 07:00:00,32.0,29.483802567589102,
Mumbai,2025-02-06 08:00:00,33.0,33.875398862078285,
Mumbai,2025-02-06 09:00:00,33.4,40.08553584334777,1009.2
Mumbai,2025-02-06 10:00:00,32.0,43.37530845087229,
Mumbai,2025-02-06 11:00:00,31.0,40.44839100350285,
Mumbai,2025-02-06 12:00:00,29.6,47.601613890075406,1008.8
Mumbai,2025-02-06 13:00:00,29.0,45.37427975672665,
Mumbai,2025-02-06 14:00:00,27.0,54.33441603408858,
Mumbai,2025-02-06 15:00:00,26.4,63.431976186978964,1010.2
Mumbai,2025-02-06 16:00:00,26.0,65.35576219694184,
Mumbai,2025-02-06 17:00:00,26.0,65.35576219694184,
Mumbai,2025-02-06 18:00:00,24.2,73.66692388726497,1011.4
Mumbai,2025-02-06 19:00:00,26.0,61.38851998965914,
Mumbai,2025-02-06 20:00:00,25.0,65.14551045571683,
Mumbai,2025-02-06 21:00:00,23.0,77.72260499738547,1010.3
Mumbai,2025-02-06 22:00:00,25.0,61.16156608407452,
Mumbai,2025-02-06 23:00:00,26.0,54.08337422022996,
Mumbai,2025-02-07 00:00:00,23.6,66.93757991376943,1010.1
Mumbai,2025-02-07 01:00:00,26.0,50.72618873623027,
Mumbai,2025-02-07 02:00:00,26.0,50.72618873623027,
Mumbai,2025-02-07 03:00:00,25.0,63.92706944237422,1012.6
Mumbai,2025-02-07 04:00:00,29.0,42.5577048750277,
Mumbai,2025-02-07 05:00:00,30.0,42.831580797851935,
Mumbai,2025-02-07 06:00:00,32.6,44.08524912530278,1013.9
Mumbai,2025-02-07 07:00:00,33.0,33.875398862078285,
Mumbai,2025-02-07 08:00:00,33.0,40.99579826538557,
Mumbai,2025-02-07 09:00:00,33.2,41.82966122972637,1010.9
Mumbai,2025-02-07 10:00:00,31.0,45.91183326611469,
Mumbai,2025-02-07 11:00:00,31.0,43.10411576643139,
Mumbai,2025-02-07 12:00:00,31.0,45.62401460732669,1010.4
Mumbai,2025-02-07 13:00:00,30.0,42.831580797851935,
Mumbai,2025-02-07 14:00:00,29.0,45.37427975672665,
Mumbai,2025-02-07 15:00:00,27.4,56.531617874228566,1011.8
Mumbai,2025-02-07 16:00:00,28.0,45.103334544997125,
Mumbai,2025-02-07 17:00:00,28.0,45.103334544997125,
Mumbai,2025-02-07 18:00:00,24.4,66.26066568163881,1013.1
Mumbai,2025-02-07 19:00:00,28.0,48.08838553713478,
Mumbai,2025-02-07 20:00:00,27.0,50.98677157890719,
Mumbai,2025-02-07 21:00:00,23.2,71.67103318664823,1011.3
Mumbai,2025-02-07 22:00:00,25.0,65.14551045571683,
Mumbai,2025-02-07 23:00:00,26.0,54.08337422022996,
Mumbai,2025-02-08 00:00:00,22.0,73.75452283587201,1010.7
Mumbai,2025-02-08 01:00:00,25.0,61.16156608407452,
Mumbai,2025-02-08 02:00:00,25.0,57.393288213137126,
Mumbai,2025-02-08 03:00:00,22.6,75.73900120222518,1012.9
Mumbai,2025-02-08 04:00:00,28.0,48.08838553713478,
Mumbai,2025-02-08 05:00:00,30.0,40.17284207482451,
Mumbai,2025-02-08 06:00:00,32.6,38.13566001710435,1013.7
Mumbai,2025-02-08 07:00:00,33.0,31.756769544913187,
Mumbai,2025-02-08 08:00:00,32.0,40.72271098464218,
Mumbai,2025-02-08 09:00:00,33.6,35.370369819266124,1010.7
Mumbai,2025-02-08 10:00:00,32.0,40.72271098464218,
Mumbai,2025-02-08 11:00:00,32.0,43.37530845087229,
Mumbai,2025-02-08 12:00:00,31.6,42.18771125473293,1009.9
Mumbai,2025-02-08 13:00:00,29.0,45.37427975672665,
Mumbai,2025-02-08 14:00:00,29.0,45.37427975672665,
Mumbai,2025-02-08 15:00:00,28.6,45.26607525457315,1012.0
Mumbai,2025-02-08 16:00:00,28.0,45.103334544997125,
Mumbai,2025-02-08 17:00:00,29.0,39.89606828185898,
Mumbai,2025-02-08 18:00:00,25.0,61.16156608407452,1012.9
Mumbai,2025-02-08 19:00:00,27.0,54.33441603408858,
Mumbai,2025-02-08 20:00:00,26.0,54.08337422022996,
Mumbai,2025-02-08 21:00:00,23.4,73.0708008953474,1011.1
Mumbai,2025-02-08 22:00:00,26.0,54.08337422022996,
Mumbai,2025-02-08 23:00:00,26.0,54.08337422022996,
Mumbai,2025-02-09 00:00:00,22.0,75.64284085753373,1010.4
Mumbai,2025-02-09 01:00:00,25.0,57.393288213137126,
Mumbai,2025-02-09 02:00:00,24.0,57.150508542239244,
Mumbai,2025-02-09 03:00:00,22.4,72.43681558289073,1012.5
Mumbai,2025-02-09 04:00:00,28.0,42.28248962275748,
Mumbai,2025-02-09 05:00:00,30.0,37.66035915705599,
Mumbai,2025-02-09 06:00:00,32.6,34.203626785255516,1013.1
Mumbai,2025-02-09 07:00:00,33.0,36.11735711200378,
Mumbai,2025-02-09 08:00:00,33.0,38.488718673594086,
Mumbai,2025-02-09 09:00:00,33.8,38.46489256998403,1009.8
Mumbai,2025-02-09 10:00:00,33.0,31.756769544913187,
Mumbai,2025-02-09 11:00:00,32.0,31.48272781265815,
Mumbai,2025-02-09 12:00:00,32.4,33.06218344132711,1009.1
Mumbai,2025-02-09 13:00:00,30.0,35.28720543774307,
Mumbai,2025-02-09 14:00:00,30.0,30.932516901773045,
Mumbai,2025-02-09 15:00:00,29.8,32.558519624110794,1011.0
Mumbai,2025-02-09 16:00:00,30.0,30.932516901773045,
Mumbai,2025-02-09 17:00:00,29.0,30.6563755549686,
Mumbai,2025-02-09 18:00:00,25.4,46.47387930481293,1012.2
Mumbai,2025-02-09 19:00:00,28.0,37.102613225695066,
Mumbai,2025-02-09 20:00:00,27.0,36.82210986035996,
Mumbai,2025-02-09 21:00:00,23.8,62.86092090496198,1011.6
Mumbai,2025-02-09 22:00:00,27.0,36.82210986035996,
Mumbai,2025-02-09 23:00:00,26.0,44.557102524016656,
Mumbai,2025-02-10 00:00:00,22.2,67.50796167415882,1011.5
Mumbai,2025-02-10 01:00:00,26.0,39.05844369993647,
Mumbai,2025-02-10 02:00:00,26.0,34.16686277559637,
Mumbai,2025-02-10 03:00:00,22.2,59.73774579082662,1013.9
Mumbai,2025-02-10 04:00:00,28.0,34.72892596298944,
Mumbai,2025-02-10 05:00:00,30.0,33.04672341225981,
Mumbai,2025-02-10 06:00:00,31.8,35.10046468745468,1014.8
Mumbai,2025-02-10 07:00:00,32.0,33.60002079961747,
Mumbai,2025-02-10 08:00:00,33.0,36.11735711200378,
Mumbai,2025-02-10 09:00:00,34.6,24.983424553692778,1011.5
Mumbai,2025-02-10 10:00:00,33.0,22.816934077339006,
Mumbai,2025-02-10 11:00:00,32.0,25.81845531771868,
Mumbai,2025-02-10 12:00:00,30.4,38.510044187358744,1010.9
Mumbai,2025-02-10 13:00:00,28.0,48.08838553713478,
Mumbai,2025-02-10 14:00:00,28.0,45.103334544997125,
Mumbai,2025-02-10 15:00:00,28.0,39.8776916383061,1013.0
Mumbai,2025-02-10 16:00:00,28.0,37.102613225695066,
Mumbai,2025-02-10 17:00:00,26.0,41.72804915823505,
Mumbai,2025-02-10 18:00:00,24.6,53.38332827081842,1014.0
Mumbai,2025-02-10 19:00:00,26.0,47.553680242907866,
Mumbai,2025-02-10 20:00:00,25.0,53.83064226424435,
Mumbai,2025-02-10 21:00:00,23.6,64.02874504928945,1012.6
Mumbai,2025-02-10 22:00:00,25.0,47.2840066651506,
Mumbai,2025-02-10 23:00:00,24.0,53.57621135443473,
Mumbai,2025-02-11 00:00:00,21.2,61.87448662932952,1012.1
Mumbai,2025-02-11 01:00:00,25.0,38.7768182157348,
Mumbai,2025-02-11 02:00:00,24.0,44.00507855867109,
Mumbai,2025-02-11 03:00:00,20.8,69.87255673728518,1014.5
Mumbai,2025-02-11 04:00:00,27.0,34.448362072935296,
Mumbai,2025-02-11 05:00:00,29.0,30.6563755549686,
Mumbai,2025-02-11 06:00:00,31.8,31.22274865260884,1015.3
Mumbai,2025-02-11 07:00:00,31.0,31.20797236675265,
Mumbai,2025-02-11 08:00:00,31.0,37.937587025645456,
Mumbai,2025-02-11 09:00:00,32.6,36.2384025408733,1012.8
Mumbai,2025-02-11 10:00:00,31.0,27.328280952245176,
Mumbai,2025-02-11 11:00:00,31.0,33.32379184656068,
Mumbai,2025-02-11 12:00:00,29.6,39.80447898053956,1011.8
Mumbai,2025-02-11 13:00:00,27.0,44.83094235963196,
Mumbai,2025-02-11 14:00:00,27.0,47.821805415300325,
Mumbai,2025-02-11 15:00:00,26.4,46.44284529340911,1013.6
Mumbai,2025-02-11 16:00:00,25.0,53.83064226424435,
Mumbai,2025-02-11 17:00:00,26.0,50.72618873623027,
Mumbai,2025-02-11 20:00:00,24.0,44.00507855867109,
Mumbai,2025-02-11 21:00:00,22.8,54.32355847500404,1012.8
Mumbai,2025-02-11 22:00:00,23.0,46.74000199173645,
Mumbai,2025-02-11 23:00:00,23.0,46.74000199173645,
Mumbai,2025-02-12 00:00:00,20.6,68.055920529955,1012.9
Mumbai,2025-02-12 01:00:00,23.0,40.88640209147293,
Mumbai,2025-02-12 02:00:00,22.0,46.46566533002917,
Mumbai,2025-02-12 03:00:00,18.6,69.44611108171303,1015.4
Mumbai,2025-02-12 04:00:00,26.0,34.16686277559637,
Mumbai,2025-02-12 05:00:00,29.0,30.6563755549686,
Mumbai,2025-02-12 06:00:00,30.6,31.5111523635299,1015.6
Mumbai,2025-02-12 07:00:00,32.0,27.597538487345126,
Mumbai,2025-02-12 08:00:00,31.0,37.937587025645456,
Mumbai,2025-02-12 09:00:00,31.6,44.09229390843783,1012.5
Mumbai,2025-02-12 10:00:00,30.0,42.831580797851935,
Mumbai,2025-02-12 11:00:00,30.0,40.17284207482451,
Mumbai,2025-02-12 12:00:00,30.0,48.00905079129811,1011.3
Mumbai,2025-02-12 13:00:00,28.0,48.08838553713478,
Mumbai,2025-02-12 14:00:00,27.0,54.33441603408858,
Mumbai,2025-02-12 15:00:00,26.2,69.15523439911932,1013.0
Mumbai,2025-02-12 16:00:00,26.0,57.63433267904622,
Mumbai,2025-02-12 17:00:00,26.0,57.63433267904622,
Mumbai,2025-02-12 18:00:00,23.2,69.88593045135374,1013.6
Mumbai,2025-02-12 19:00:00,25.0,61.16156608407452,
Mumbai,2025-02-12 20:00:00,24.0,60.93287150821879,
Mumbai,2025-02-12 21:00:00,21.0,81.95274097068757,1012.4
Mumbai,2025-02-12 22:00:00,23.0,64.71986027383593,
Mumbai,2025-02-12 23:00:00,23.0,60.70242277903299,
Mumbai,2025-02-13 00:00:00,19.2,81.20671827179753,1011.9
Mumbai,2025-02-13 01:00:00,23.0,53.3200727790885,
Mumbai,2025-02-13 02:00:00,24.0,50.200126046479014,
Mumbai,2025-02-13 03:00:00,20.6,71.19447449796581,1014.1
Mumbai,2025-02-13 04:00:00,28.0,34.72892596298944,
Mumbai,2025-02-13 05:00:00,29.0,30.6563755549686,
Mumbai,2025-02-13 06:00:00,32.6,32.27003646355763,1014.6
Mumbai,2025-02-13 07:00:00,33.0,24.40209011834198,
Mumbai,2025-02-13 08:00:00,35.0,23.328640567656677,
Mumbai,2025-02-13 09:00:00,34.2,32.49917507008969,1011.1
Mumbai,2025-02-13 10:00:00,33.0,31.756769544913187,
Mumbai,2025-02-13 11:00:00,31.0,31.20797236675265,
Mumbai,2025-02-13 12:00:00,31.6,33.92774314269257,1010.1
Mumbai,2025-02-13 13:00:00,30.0,37.66035915705599,
Mumbai,2025-02-13 14:00:00,28.0,48.08838553713478,
Mumbai,2025-02-13 15:00:00,28.0,51.89860867537005,1011.4
Mumbai,2025-02-13 16:00:00,28.0,48.08838553713478,
Mumbai,2025-02-13 17:00:00,28.0,45.103334544997125,
Mumbai,2025-02-13 18:00:00,24.6,59.15689306068407,1012.6
Mumbai,2025-02-13 19:00:00,26.0,44.557102524016656,
Mumbai,2025-02-13 20:00:00,27.0,44.83094235963196,
Mumbai,2025-02-13 21:00:00,22.4,66.26660576599681,1011.5
Mumbai,2025-02-13 22:00:00,25.0,53.83064226424435,
Mumbai,2025-02-13 23:00:00,26.0,41.72804915823505,
Mumbai,2025-02-14 00:00:00,20.6,71.19447449796581,1011.4
Mumbai,2025-02-14 01:00:00,24.0,53.57621135443473,
Mumbai,2025-02-14 02:00:00,27.0,32.21060174266234,
Mumbai,2025-02-14 03:00:00,21.4,63.54690629634292,1013.6
Mumbai,2025-02-14 04:00:00,29.0,26.78853344421143,
Mumbai,2025-02-14 05:00:00,31.0,23.880336635012753,
Mumbai,2025-02-14 06:00:00,34.4,22.264029531122954,1014.3
Mumbai,2025-02-14 07:00:00,34.0,18.831786078267353,
Mumbai,2025-02-14 08:00:00,35.0,23.328640567656677,
Mumbai,2025-02-14 09:00:00,35.2,30.94140122303174,1010.6
Mumbai,2025-02-14 10:00:00,34.0,24.6627092561281,
Mumbai,2025-02-14 11:00:00,33.0,27.86636142371991,
Mumbai,2025-02-14 12:00:00,32.8,31.49674785925165,1009.8
Mumbai,2025-02-14 13:00:00,31.0,31.20797236675265,
Mumbai,2025-02-14 14:00:00,29.0,42.5577048750277,
Mumbai,2025-02-14 15:00:00,28.8,49.22758668513023,1011.0
Mumbai,2025-02-14 16:00:00,29.0,39.89606828185898,
Mumbai,2025-02-14 17:00:00,29.0,37.38203217205419,
Mumbai,2025-02-14 18:00:00,24.8,55.1817788084762,1012.6
Mumbai,2025-02-14 19:00:00,27.0,42.005936969816645,
Mumbai,2025-02-14 20:00:00,27.0,44.83094235963196,
Mumbai,2025-02-14 21:00:00,22.4,62.95239911045817,1011.3
Mumbai,2025-02-14 22:00:00,26.0,44.557102524016656,
Mumbai,2025-02-14 23:00:00,26.0,41.72804915823505,
Mumbai,2025-02-15 00:00:00,20.8,69.87255673728518,1010.7
Mumbai,2025-02-15 01:00:00,25.0,44.281814632318536,
Mumbai,2025-02-15 02:00:00,24.0,47.01278154897936,
Mumbai,2025-02-15 03:00:00,21.6,65.25391544185001,1013.3
Mumbai,2025-02-15 04:00:00,29.0,35.00854381788882,
Mumbai,2025-02-15 05:00:00,31.0,23.880336635012753,
Mumbai,2025-02-15 06:00:00,34.0,32.236726877241026,1013.2
Mumbai,2025-02-15 07:00:00,34.0,26.348380701524103,
Mumbai,2025-02-15 08:00:00,34.0,30.026864329251996,
Mumbai,2025-02-15 09:00:00,36.0,22.075532265295646,1010.0
Mumbai,2025-02-15 10:00:00,34.0,21.574013785652443,
Mumbai,2025-02-15 11:00:00,33.0,27.86636142371991,
Mumbai,2025-02-15 12:00:00,32.6,28.501008134945057,1009.1
Mumbai,2025-02-15 13:00:00,31.0,25.553040002326842,
Mumbai,2025-02-15 14:00:00,30.0,28.938443399914725,
Mumbai,2025-02-15 15:00:00,29.0,31.277124913943023,1010.6
Mumbai,2025-02-15 16:00:00,29.0,28.664942088796465,
Mumbai,2025-02-15 17:00:00,29.0,23.35803510835265,
Mumbai,2025-02-15 18:00:00,23.2,44.96629978492457,1011.4
Mumbai,2025-02-15 19:00:00,28.0,28.390915098739228,
Mumbai,2025-02-15 20:00:00,26.0,36.540530015343805,
Mumbai,2025-02-15 21:00:00,21.4,60.3300224339597,1010.7
Mumbai,2025-02-15 22:00:00,25.0,44.281814632318536,
Mumbai,2025-02-15 23:00:00,24.0,44.00507855867109,
Mumbai,2025-02-16 00:00:00,19.8,67.01712979382484,1010.4
Mumbai,2025-02-16 01:00:00,24.0,44.00507855867109,
Mumbai,2025-02-16 02:00:00,24.0,41.16827865067493,
Mumbai,2025-02-16 03:00:00,23.0,51.60290780194083,1013.2
Mumbai,2025-02-16 04:00:00,28.0,32.4901158709847,
Mumbai,2025-02-16 05:00:00,31.0,27.328280952245176,
Mumbai,2025-02-16 06:00:00,34.2,30.67023122899543,1013.3
Mumbai,2025-02-16 07:00:00,34.0,26.348380701524103,
Mumbai,2025-02-16 08:00:00,34.0,30.026864329251996,
Mumbai,2025-02-16 09:00:00,34.7,23.720103316268837,1010.4
Mumbai,2025-02-16 11:00:00,32.0,27.597538487345126,
Mumbai,2025-02-16 12:00:00,31.7,27.516806061952316,1010.6
Mumbai,2025-02-16 13:00:00,30.0,28.938443399914725,
Mumbai,2025-02-16 14:00:00,29.0,30.6563755549686,
Mumbai,2025-02-16 15:00:00,27.4,39.19245073809359,1012.5
Mumbai,2025-02-16 16:00:00,27.0,32.21060174266234,
Mumbai,2025-02-16 17:00:00,27.0,36.82210986035996,
Mumbai,2025-02-16 18:00:00,25.4,55.685949687242655,1013.3
Mumbai,2025-02-16 19:00:00,25.0,53.83064226424435,
Mumbai,2025-02-16 20:00:00,25.0,57.393288213137126,
Mumbai,2025-02-16 21:00:00,23.0,69.84785753064332,1012.1
Mumbai,2025-02-16 22:00:00,25.0,47.2840066651506,
Mumbai,2025-02-16 23:00:00,24.0,53.57621135443473,
Mumbai,2025-02-17 00:00:00,20.2,71.12017585620825,1011.6
Mumbai,2025-02-17 01:00:00,24.0,41.16827865067493,
Mumbai,2025-02-17 02:00:00,24.0,47.01278154897936,
Mumbai,2025-02-17 03:00:00,24.0,58.63792089821904,1014.1
Mumbai,2025-02-17 04:00:00,29.0,30.6563755549686,
Mumbai,2025-02-17 05:00:00,31.0,27.328280952245176,
Mumbai,2025-02-17 06:00:00,33.0,31.756769544913187,1014.3
Mumbai,2025-02-17 07:00:00,31.0,37.937587025645456,
Mumbai,2025-02-17 08:00:00,31.0,43.10411576643139,
Mumbai,2025-02-17 09:00:00,32.6,37.176393851054854,1011.3
Mumbai,2025-02-17 10:00:00,32.0,38.21370900066644,
Mumbai,2025-02-17 11:00:00,32.0,31.48272781265815,
Mumbai,2025-02-17 12:00:00,30.8,43.323605963431596,1010.5
Mumbai,2025-02-17 13:00:00,29.0,45.37427975672665,
Mumbai,2025-02-17 14:00:00,28.0,48.08838553713478,
Mumbai,2025-02-17 15:00:00,28.2,52.27884179837241,1011.9
Mumbai,2025-02-17 16:00:00,28.0,48.08838553713478,
Mumbai,2025-02-17 17:00:00,28.0,42.28248962275748,
Mumbai,2025-02-17 18:00:00,23.8,61.27730375134291,1013.3
Mumbai,2025-02-17 19:00:00,27.0,50.98677157890719,
Mumbai,2025-02-17 20:00:00,27.0,47.821805415300325,
Mumbai,2025-02-17 21:00:00,23.6,64.02874504928945,1011.7
Mumbai,2025-02-17 22:00:00,25.0,57.393288213137126,
Mumbai,2025-02-17 23:00:00,26.0,47.553680242907866,
Mumbai,2025-02-18 00:00:00,22.2,69.25260054643807,1011.6
Mumbai,2025-02-18 01:00:00,25.0,50.46397557709502,
Mumbai,2025-02-18 02:00:00,25.0,47.2840066651506,
Mumbai,2025-02-18 03:00:00,22.8,68.0603877774896,1014.2
Mumbai,2025-02-18 04:00:00,29.0,39.89606828185898,
Mumbai,2025-02-18 05:00:00,32.0,29.483802567589102,
Mumbai,2025-02-18 06:00:00,34.6,31.17735383321994,1014.2
Mumbai,2025-02-18 07:00:00,34.0,,
Mumbai,2025-02-18 08:00:00,34.0,32.03008430351673,
Mumbai,2025-02-18 09:00:00,35.8,25.79681981312975,1010.9
Mumbai,2025-02-18 10:00:00,32.0,33.60002079961747,
Mumbai,2025-02-18 11:00:00,31.0,35.564901041274325,
Mumbai,2025-02-18 12:00:00,31.0,34.204854288884526,1010.7
Mumbai,2025-02-18 13:00:00,30.0,37.66035915705599,
Mumbai,2025-02-18 14:00:00,29.0,42.5577048750277,
Mumbai,2025-02-18 15:00:00,28.0,49.33018462848313,1011.9
Mumbai,2025-02-18 16:00:00,29.0,42.5577048750277,
Mumbai,2025-02-18 17:00:00,28.0,45.103334544997125,
Mumbai,2025-02-18 18:00:00,24.6,63.438007568137486,1012.5
Mumbai,2025-02-18 19:00:00,27.0,50.98677157890719,
Mumbai,2025-02-18 20:00:00,27.0,47.821805415300325,
Mumbai,2025-02-18 21:00:00,23.2,68.57285160352308,1011.2
Mumbai,2025-02-18 22:00:00,26.0,50.72618873623027,
Mumbai,2025-02-18 23:00:00,26.0,50.72618873623027,
Mumbai,2025-02-19 00:00:00,21.6,73.68598756326635,1010.9
Mumbai,2025-02-19 01:00:00,26.0,54.08337422022996,
Mumbai,2025-02-19 02:00:00,25.0,53.83064226424435,
Mumbai,2025-02-19 03:00:00,21.6,78.49717461310503,1012.7
Mumbai,2025-02-19 04:00:00,29.0,37.38203217205419,
Mumbai,2025-02-19 05:00:00,31.0,31.20797236675265,
Mumbai,2025-02-19 06:00:00,33.4,29.67022136496883,1013.0
Mumbai,2025-02-19 07:00:00,32.0,35.84162125657671,
Mumbai,2025-02-19 08:00:00,32.0,35.84162125657671,
Mumbai,2025-02-19 09:00:00,33.6,34.4786261295975,1010.0
Mumbai,2025-02-19 10:00:00,33.0,29.755628359706137,
Mumbai,2025-02-19 11:00:00,31.0,35.564901041274325,
Mumbai,2025-02-19 12:00:00,31.2,37.50756691261887,1009.3
Mumbai,2025-02-19 13:00:00,29.0,42.5577048750277,
Mumbai,2025-02-19 14:00:00,29.0,45.37427975672665,
Mumbai,2025-02-19 15:00:00,28.0,53.22632223446673,1010.8
Mumbai,2025-02-19 16:00:00,27.0,54.33441603408858,
Mumbai,2025-02-19 17:00:00,28.0,42.28248962275748,
Mumbai,2025-02-19 18:00:00,24.6,60.68332422098103,1011.5
Mumbai,2025-02-19 19:00:00,26.0,54.08337422022996,
Mumbai,2025-02-19 20:00:00,26.0,54.08337422022996,
Mumbai,2025-02-19 21:00:00,24.2,61.760459816300205,1010.7
Mumbai,2025-02-19 22:00:00,25.0,53.83064226424435,
Mumbai,2025-02-19 23:00:00,25.0,53.83064226424435,
Mumbai,2025-02-20 00:00:00,22.8,65.09159530734026,1010.6
Mumbai,2025-02-20 01:00:00,25.0,50.46397557709502,
Mumbai,2025-02-20 02:00:00,25.0,50.46397557709502,
Mumbai,2025-02-20 03:00:00,22.4,69.29137490376932,1013.1
Mumbai,2025-02-20 04:00:00,28.0,45.103334544997125,
Mumbai,2025-02-20 05:00:00,31.0,31.20797236675265,
Mumbai,2025-02-20 06:00:00,34.0,37.798615236203595,1013.2
Mumbai,2025-02-20 07:00:00,35.0,20.4070204931804,
Mumbai,2025-02-20 08:00:00,35.0,30.297495555271077,
Mumbai,2025-02-20 09:00:00,33.6,38.16841802933758,1010.4
Mumbai,2025-02-20 10:00:00,33.0,36.11735711200378,
Mumbai,2025-02-20 11:00:00,32.0,33.60002079961747,
Mumbai,2025-02-20 12:00:00,31.8,38.15857338999128,1009.7
Mumbai,2025-02-20 13:00:00,31.0,35.564901041274325,
Mumbai,2025-02-20 14:00:00,30.0,40.17284207482451,
Mumbai,2025-02-20 15:00:00,29.4,41.58511230854061,1011.6
Mumbai,2025-02-20 16:00:00,29.0,39.89606828185898,
Mumbai,2025-02-20 17:00:00,29.0,35.00854381788882,
Mumbai,2025-02-20 18:00:00,26.6,46.49696950037834,1013.1
Mumbai,2025-02-20 21:00:00,23.4,63.985292032244004,1011.6
Mumbai,2025-02-20 22:00:00,27.0,39.33886414336399,
Mumbai,2025-02-20 23:00:00,27.0,36.82210986035996,
Mumbai,2025-02-21 00:00:00,22.0,67.46743848720216,1011.9
Mumbai,2025-02-21 01:00:00,25.0,41.44882875278398,
Mumbai,2025-02-21 02:00:00,26.0,36.540530015343805,
Mumbai,2025-02-21 03:00:00,22.8,65.09159530734026,1014.3
Mumbai,2025-02-21 04:00:00,31.0,23.880336635012753,
Mumbai,2025-02-21 05:00:00,32.0,19.671874930986917,
Mumbai,2025-02-21 06:00:00,34.6,23.38142730852004,1014.6
Mumbai,2025-02-21 07:00:00,35.0,16.628950432203478,
Mumbai,2025-02-21 08:00:00,36.0,15.735718964827091,
Mumbai,2025-02-21 09:00:00,35.4,26.893084347345,1011.5
Mumbai,2025-02-21 10:00:00,34.0,26.348380701524103,
Mumbai,2025-02-21 11:00:00,34.0,28.13473248671968,
Mumbai,2025-02-21 12:00:00,33.4,33.336931410509116,1010.7
Mumbai,2025-02-21 13:00:00,31.0,40.44839100350285,
Mumbai,2025-02-21 14:00:00,31.0,37.937587025645456,
Mumbai,2025-02-21 15:00:00,30.2,41.538432027068275,1012.8
Mumbai,2025-02-21 16:00:00,30.0,35.28720543774307,
Mumbai,2025-02-21 17:00:00,30.0,33.04672341225981,
Mumbai,2025-02-21 18:00:00,26.4,46.44284529340911,1013.3
Mumbai,2025-02-21 19:00:00,29.0,28.664942088796465,
Mumbai,2025-02-21 20:00:00,29.0,28.664942088796465,
Mumbai,2025-02-21 21:00:00,24.0,52.885445858804225,1011.5
Mumbai,2025-02-21 22:00:00,27.0,34.448362072935296,
Mumbai,2025-02-21 23:00:00,27.0,39.33886414336399,
Mumbai,2025-02-22 00:00:00,22.4,61.35065070870822,1011.7
Mumbai,2025-02-22 01:00:00,26.0,36.540530015343805,
Mumbai,2025-02-22 02:00:00,27.0,34.448362072935296,
Mumbai,2025-02-22 03:00:00,23.0,57.64809901125625,1013.8
Mumbai,2025-02-22 04:00:00,30.0,27.05860654372192,
Mumbai,2025-02-22 05:00:00,32.0,24.1412924100428,
Mumbai,2025-02-22 06:00:00,34.8,22.068138545677773,1014.8
Mumbai,2025-02-22 07:00:00,35.0,19.07117583858422,
Mumbai,2025-02-22 08:00:00,36.0,23.584372757841322,
Mumbai,2025-02-22 09:00:00,35.2,32.77188198042116,1012.0
Mumbai,2025-02-22 10:00:00,33.0,31.756769544913187,
Mumbai,2025-02-22 11:00:00,32.0,31.48272781265815,
Mumbai,2025-02-22 12:00:00,32.4,33.06218344132711,1011.7
Mumbai,2025-02-22 13:00:00,30.0,37.66035915705599,
Mumbai,2025-02-22 14:00:00,29.0,45.37427975672665,
Mumbai,2025-02-22 15:00:00,28.2,58.521832010014805,1013.7
Mumbai,2025-02-22 16:00:00,28.0,54.583776611197585,
Mumbai,2025-02-22 17:00:00,28.0,51.245730319258854,
Mumbai,2025-02-22 18:00:00,26.0,61.77549134798711,1014.0
Mumbai,2025-02-22 19:00:00,28.0,48.08838553713478,
Mumbai,2025-02-22 20:00:00,28.0,48.08838553713478,
Mumbai,2025-02-22 21:00:00,24.0,70.47837778915957,1012.7
Mumbai,2025-02-22 22:00:00,27.0,47.821805415300325,
Mumbai,2025-02-22 23:00:00,27.0,44.83094235963196,
Mumbai,2025-02-23 00:00:00,22.8,71.14751921151326,1012.4
Mumbai,2025-02-23 01:00:00,26.0,39.05844369993647,
Mumbai,2025-02-23 02:00:00,27.0,36.82210986035996,
Mumbai,2025-02-23 03:00:00,23.2,65.17668373106751,1014.6
Mumbai,2025-02-23 04:00:00,31.0,27.328280952245176,
Mumbai,2025-02-23 05:00:00,33.0,26.08357521491382,
Mumbai,2025-02-23 06:00:00,35.0,28.03643575037328,1015.3
Mumbai,2025-02-23 07:00:00,36.0,16.856286828286688,
Mumbai,2025-02-23 08:00:00,35.0,28.402634845839458,
Mumbai,2025-02-23 09:00:00,36.0,26.876974684415604,1011.8
Mumbai,2025-02-23 10:00:00,35.0,24.923129756026547,
Mumbai,2025-02-23 11:00:00,34.0,24.6627092561281,
Mumbai,2025-02-23 12:00:00,34.4,25.59831145970019,1011.0
Mumbai,2025-02-23 13:00:00,32.0,27.597538487345126,
Mumbai,2025-02-23 14:00:00,31.0,33.32379184656068,
Mumbai,2025-02-23 15:00:00,30.8,33.92728508266713,1012.8
Mumbai,2025-02-23 16:00:00,31.0,33.32379184656068,
Mumbai,2025-02-23 17:00:00,30.0,35.28720543774307,
Mumbai,2025-02-23 18:00:00,26.8,48.07696175829726,1013.7
Mumbai,2025-02-23 19:00:00,29.0,32.76882733104996,
Mumbai,2025-02-23 20:00:00,28.0,37.102613225695066,
Mumbai,2025-02-23 21:00:00,27.0,47.821805415300325,
Mumbai,2025-02-23 22:00:00,27.0,36.82210986035996,
Mumbai,2025-02-23 23:00:00,27.0,34.448362072935296,
Mumbai,2025-02-24 00:00:00,22.2,61.304763090957,1012.3
Mumbai,2025-02-24 01:00:00,27.0,32.21060174266234,
Mumbai,2025-02-24 02:00:00,27.0,32.21060174266234,
Mumbai,2025-02-24 03:00:00,27.8,28.7241931887364,1013.9
Mumbai,2025-02-24 04:00:00,31.0,22.305046606267133,
Mumbai,2025-02-24 05:00:00,33.0,18.592702737458392,
Mumbai,2025-02-24 06:00:00,31.8,19.896092778467438,1013.4
Mumbai,2025-02-24 07:00:00,35.0,16.628950432203478,
Mumbai,2025-02-24 08:00:00,36.0,16.856286828286688,
Mumbai,2025-02-24 09:00:00,38.0,21.56501877218411,1011.8
Mumbai,2025-02-24 10:00:00,34.0,,
Mumbai,2025-02-24 11:00:00,34.0,23.07282068780206,
Mumbai,2025-02-24 12:00:00,33.4,26.890817771518165,1011.4
Mumbai,2025-02-24 13:00:00,32.0,29.483802567589102,
Mumbai,2025-02-24 14:00:00,32.0,31.48272781265815,
Mumbai,2025-02-24 15:00:00,29.8,47.956204800317984,1013.5
Mumbai,2025-02-24 16:00:00,30.0,40.17284207482451,
Mumbai,2025-02-24 17:00:00,30.0,40.17284207482451,
Mumbai,2025-02-24 18:00:00,26.6,54.23420155768275,1014.4
Mumbai,2025-02-24 19:00:00,29.0,42.5577048750277,
Mumbai,2025-02-24 20:00:00,29.0,42.5577048750277,
Mumbai,2025-02-24 21:00:00,24.2,69.20179535984853,1012.4
Mumbai,2025-02-24 22:00:00,28.0,39.61807404744141,
Mumbai,2025-02-24 23:00:00,28.0,34.72892596298944,
Mumbai,2025-02-25 00:00:00,22.4,59.78486476769296,1012.0
Mumbai,2025-02-25 01:00:00,27.0,30.102094027210157,
Mumbai,2025-02-25 02:00:00,27.0,30.102094027210157,
Mumbai,2025-02-25 03:00:00,25.4,41.286485844105634,1014.9
Mumbai,2025-02-25 04:00:00,31.0,23.880336635012753,
Mumbai,2025-02-25 05:00:00,32.0,22.561002115740607,
Mumbai,2025-02-25 06:00:00,35.0,21.534453303103152,1015.6
Mumbai,2025-02-25 07:00:00,35.0,19.07117583858422,
Mumbai,2025-02-25 08:00:00,37.0,15.95713477915279,
Mumbai,2025-02-25 09:00:00,34.2,28.744828645036964,1012.8
Mumbai,2025-02-25 10:00:00,33.0,27.86636142371991,
Mumbai,2025-02-25 11:00:00,32.0,31.48272781265815,
Mumbai,2025-02-25 12:00:00,33.0,31.756769544913187,1012.8
Mumbai,2025-02-25 13:00:00,31.0,31.20797236675265,
Mumbai,2025-02-25 14:00:00,30.0,33.04672341225981,
Mumbai,2025-02-25 15:00:00,28.6,46.43865509469921,1015.3
Mumbai,2025-02-25 16:00:00,30.0,35.28720543774307,
Mumbai,2025-02-25 17:00:00,29.0,37.38203217205419,
Mumbai,2025-02-25 18:00:00,25.2,54.2284006146774,1016.4
Mumbai,2025-02-25 19:00:00,28.0,42.28248962275748,
Mumbai,2025-02-25 20:00:00,29.0,35.00854381788882,
Mumbai,2025-02-25 21:00:00,23.6,62.41693601145195,1014.4
Mumbai,2025-02-25 22:00:00,27.0,42.005936969816645,
Mumbai,2025-02-25 23:00:00,27.0,42.005936969816645,
Mumbai,2025-02-26 00:00:00,22.4,66.26660576599681,1013.5
Mumbai,2025-02-26 01:00:00,27.0,36.82210986035996,
Mumbai,2025-02-26 02:00:00,27.0,36.82210986035996,
Mumbai,2025-02-26 03:00:00,24.8,51.06978658634824,1016.1
Mumbai,2025-02-26 04:00:00,31.0,29.211402312476043,
Mumbai,2025-02-26 05:00:00,33.0,26.08357521491382,
Mumbai,2025-02-26 06:00:00,35.6,22.26958135788291,1016.2
Mumbai,2025-02-26 07:00:00,36.0,20.652426797692357,
Mumbai,2025-02-26 08:00:00,37.0,18.280764462498105,
Mumbai,2025-02-26 09:00:00,36.2,29.659109830704644,1012.9
Mumbai,2025-02-26 10:00:00,34.0,32.03008430351673,
Mumbai,2025-02-26 11:00:00,33.0,31.756769544913187,
Mumbai,2025-02-26 12:00:00,32.8,35.3763918168052,1012.1
Mumbai,2025-02-26 13:00:00,31.0,35.564901041274325,
Mumbai,2025-02-26 14:00:00,30.0,40.17284207482451,
Mumbai,2025-02-26 15:00:00,29.0,51.827728335121904,1013.6
Mumbai,2025-02-26 16:00:00,30.0,42.831580797851935,
Mumbai,2025-02-26 17:00:00,30.0,37.66035915705599,
Mumbai,2025-02-26 18:00:00,26.0,63.34488035972379,1014.5
Mumbai,2025-02-26 19:00:00,28.0,45.103334544997125,
Mumbai,2025-02-26 20:00:00,29.0,39.89606828185898,
Mumbai,2025-02-26 21:00:00,24.4,64.60906720348359,1013.4
Mumbai,2025-02-26 22:00:00,27.0,50.98677157890719,
Mumbai,2025-02-26 23:00:00,27.0,47.821805415300325,
Mumbai,2025-02-27 00:00:00,23.4,63.985292032244004,1012.8
Mumbai,2025-02-27 01:00:00,27.0,44.83094235963196,
Mumbai,2025-02-27 02:00:00,28.0,37.102613225695066,
Mumbai,2025-02-27 03:00:00,23.2,65.17668373106751,1014.9
Mumbai,2025-02-27 04:00:00,31.0,31.20797236675265,
Mumbai,2025-02-27 05:00:00,33.0,27.86636142371991,
Mumbai,2025-02-27 06:00:00,35.0,28.959826043818847,1014.7
Mumbai,2025-02-27 07:00:00,35.0,23.328640567656677,
Mumbai,2025-02-27 08:00:00,36.0,25.183331982544292,
Mumbai,2025-02-27 09:00:00,35.2,31.74353999016848,1011.4
Mumbai,2025-02-27 10:00:00,33.0,38.488718673594086,
Mumbai,2025-02-27 11:00:00,32.0,40.72271098464218,
Mumbai,2025-02-27 12:00:00,32.8,44.415111894438276,1009.6
Mumbai,2025-02-27 13:00:00,31.0,40.44839100350285,
Mumbai,2025-02-27 14:00:00,30.0,40.17284207482451,
Mumbai,2025-02-27 15:00:00,29.4,48.45900885580284,1012.4
Mumbai,2025-02-27 16:00:00,30.0,37.66035915705599,
Mumbai,2025-02-27 17:00:00,30.0,40.17284207482451,
Mumbai,2025-02-27 18:00:00,26.2,58.04818884609648,1013.2
Mumbai,2025-02-27 19:00:00,29.0,45.37427975672665,
Mumbai,2025-02-27 20:00:00,29.0,42.5577048750277,
Mumbai,2025-02-27 21:00:00,24.8,65.10325533274633,1011.7
Mumbai,2025-02-27 22:00:00,27.0,47.821805415300325,
Mumbai,2025-02-27 23:00:00,27.0,54.33441603408858,
Mumbai,2025-02-28 00:00:00,24.6,72.37235517024858,1011.1
Mumbai,2025-02-28 01:00:00,27.0,54.33441603408858,
Mumbai,2025-02-28 02:00:00,27.0,50.98677157890719,
Mumbai,2025-02-28 03:00:00,25.2,69.82725085286098,1013.5
Mumbai,2025-02-28 04:00:00,30.0,42.831580797851935,
Mumbai,2025-02-28 05:00:00,32.0,31.48272781265815,
Mumbai,2025-02-28 06:00:00,32.6,44.08524912530278,1013.8
Mumbai,2025-02-28 07:00:00,32.0,43.37530845087229,
Mumbai,2025-02-28 08:00:00,33.0,43.645157807317524,
Mumbai,2025-02-28 09:00:00,33.6,42.20065213667368,1010.4
Mumbai,2025-02-28 10:00:00,34.0,38.76260999542678,
Mumbai,2025-02-28 11:00:00,33.0,40.99579826538557,
Mumbai,2025-02-28 20:00:00,28.0,58.11126126861089,
Mumbai,2025-02-28 21:00:00,26.8,66.75154657469582,1010.9
Mumbai,2025-02-28 22:00:00,27.0,42.005936969816645,
Mumbai,2025-02-28 23:00:00,27.0,39.33886414336399,
Mumbai,2025-03-01 00:00:00,25.8,49.38256381356927,1010.7
Mumbai,2025-03-01 01:00:00,27.0,36.82210986035996,
Mumbai,2025-03-01 02:00:00,26.0,47.553680242907866,
Mumbai,2025-03-01 03:00:00,27.0,57.51084662663192,1012.6
Mumbai,2025-03-01 04:00:00,29.0,32.76882733104996,
Mumbai,2025-03-01 05:00:00,31.0,29.211402312476043,
Mumbai,2025-03-01 06:00:00,32.0,41.50310192464845,1013.4
Mumbai,2025-03-01 07:00:00,32.0,43.37530845087229,
Mumbai,2025-03-01 08:00:00,33.0,43.645157807317524,
Mumbai,2025-03-01 09:00:00,34.0,40.755573338853395,1010.1
Mumbai,2025-03-01 10:00:00,34.0,32.03008430351673,
Mumbai,2025-03-01 11:00:00,32.0,38.21370900066644,
Mumbai,2025-03-01 12:00:00,31.8,44.42430274905143,1009.4
Mumbai,2025-03-01 13:00:00,31.0,37.937587025645456,
Mumbai,2025-03-01 14:00:00,31.0,37.937587025645456,
Mumbai,2025-03-01 15:00:00,30.0,42.28779086879617,1010.8
Mumbai,2025-03-01 16:00:00,29.0,42.5577048750277,
Mumbai,2025-03-01 17:00:00,29.0,39.89606828185898,
Mumbai,2025-03-01 18:00:00,25.6,57.53812239402571,1011.3
Mumbai,2025-03-01 19:00:00,30.0,35.28720543774307,
Mumbai,2025-03-01 20:00:00,27.0,47.821805415300325,
Mumbai,2025-03-01 21:00:00,24.4,66.26066568163881,1009.5
Mumbai,2025-03-01 22:00:00,27.0,47.821805415300325,
Mumbai,2025-03-01 23:00:00,26.0,61.38851998965914,
Mumbai,2025-03-02 00:00:00,25.4,65.63974012452589,1009.4
Mumbai,2025-03-02 01:00:00,26.0,57.63433267904622,
Mumbai,2025-03-02 02:00:00,26.0,54.08337422022996,
Mumbai,2025-03-02 03:00:00,26.4,56.64557967688834,1011.6
Mumbai,2025-03-02 04:00:00,30.0,35.28720543774307,
Mumbai,2025-03-02 05:00:00,32.0,25.81845531771868,
Mumbai,2025-03-02 06:00:00,34.4,28.241950602567222,1011.9
Mumbai,2025-03-02 07:00:00,34.0,36.39210002718546,
Mumbai,2025-03-02 08:00:00,34.0,38.76260999542678,
Mumbai,2025-03-02 09:00:00,33.0,44.74625811198047,1009.0
Mumbai,2025-03-02 10:00:00,32.0,38.21370900066644,
Mumbai,2025-03-02 11:00:00,31.0,40.44839100350285,
Mumbai,2025-03-02 12:00:00,30.6,46.385645157686106,1008.4
Mumbai,2025-03-02 13:00:00,30.0,40.17284207482451,
Mumbai,2025-03-02 14:00:00,29.0,42.5577048750277,
Mumbai,2025-03-02 15:00:00,29.0,43.38606734691948,1010.1
Mumbai,2025-03-02 16:00:00,29.0,35.00854381788882,
Mumbai,2025-03-02 17:00:00,28.0,39.61807404744141,
Mumbai,2025-03-02 18:00:00,26.0,48.48656876563434,1011.4
Mumbai,2025-03-02 20:00:00,28.0,34.72892596298944,
Mumbai,2025-03-02 21:00:00,27.0,44.25293082548733,1010.4
Mumbai,2025-03-02 22:00:00,26.0,36.540530015343805,
Mumbai,2025-03-02 23:00:00,26.0,39.05844369993647,
Mumbai,2025-03-03 00:00:00,22.8,65.09159530734026,1009.9
Mumbai,2025-03-03 01:00:00,26.0,44.557102524016656,
Mumbai,2025-03-03 02:00:00,26.0,41.72804915823505,
Mumbai,2025-03-03 03:00:00,24.0,60.159267516551964,1012.1
Mumbai,2025-03-03 04:00:00,30.0,33.04672341225981,
Mumbai,2025-03-03 05:00:00,31.0,31.20797236675265,
Mumbai,2025-03-03 06:00:00,33.4,41.10468724232743,1012.4
Mumbai,2025-03-03 07:00:00,35.0,30.297495555271077,
Mumbai,2025-03-03 08:00:00,33.0,40.99579826538557,
Mumbai,2025-03-03 09:00:00,34.0,41.52579848274434,1009.4
Mumbai,2025-03-03 10:00:00,34.0,38.76260999542678,
Mumbai,2025-03-03 11:00:00,32.0,38.21370900066644,
Mumbai,2025-03-03 12:00:00,32.6,35.09521658997688,1008.8
Mumbai,2025-03-03 13:00:00,32.0,35.84162125657671,
Mumbai,2025-03-03 14:00:00,30.0,40.17284207482451,
Mumbai,2025-03-03 15:00:00,29.4,47.548518015880695,1010.4
Mumbai,2025-03-03 16:00:00,29.0,42.5577048750277,
Mumbai,2025-03-03 17:00:00,29.0,39.89606828185898,
Mumbai,2025-03-03 18:00:00,26.8,54.62970896661447,1011.3
Mumbai,2025-03-03 19:00:00,28.0,39.61807404744141,
Mumbai,2025-03-03 20:00:00,28.0,42.28248962275748,
Mumbai,2025-03-03 21:00:00,24.6,64.65181927102982,1010.0
Mumbai,2025-03-03 22:00:00,27.0,44.83094235963196,
Mumbai,2025-03-03 23:00:00,26.0,47.553680242907866,
Mumbai,2025-03-04 00:00:00,22.4,72.43681558289073,1010.2
Mumbai,2025-03-04 01:00:00,26.0,47.553680242907866,
Mumbai,2025-03-04 02:00:00,27.0,44.83094235963196,
Mumbai,2025-03-04 03:00:00,25.6,49.32954197211858,1012.9
Mumbai,2025-03-04 04:00:00,30.0,33.04672341225981,
Mumbai,2025-03-04 05:00:00,32.0,24.1412924100428,
Mumbai,2025-03-04 06:00:00,34.8,22.817301652430373,1013.2
Mumbai,2025-03-04 07:00:00,35.0,17.813126859034732,
Mumbai,2025-03-04 08:00:00,37.0,17.084104641564394,
Mumbai,2025-03-04 09:00:00,34.2,38.09234124815685,1010.4
Mumbai,2025-03-04 10:00:00,32.0,40.72271098464218,
Mumbai,2025-03-04 11:00:00,32.0,43.37530845087229,
Mumbai,2025-03-04 12:00:00,31.6,45.21418435477139,1009.6
Mumbai,2025-03-04 13:00:00,30.0,48.61692510697891,
Mumbai,2025-03-04 14:00:00,30.0,45.6437789332581,
Mumbai,2025-03-04 15:00:00,29.2,44.85242167030182,1011.3
Mumbai,2025-03-04 16:00:00,29.0,45.37427975672665,
Mumbai,2025-03-04 17:00:00,29.0,39.89606828185898,
Mumbai,2025-03-04 18:00:00,26.6,52.87103005765299,1012.2
Mumbai,2025-03-04 19:00:00,29.0,35.00854381788882,
Mumbai,2025-03-04 20:00:00,28.0,34.72892596298944,
Mumbai,2025-03-04 21:00:00,24.0,55.69638229748551,1010.8
Mumbai,2025-03-04 22:00:00,27.0,36.82210986035996,
Mumbai,2025-03-04 23:00:00,26.0,36.540530015343805,
Mumbai,2025-03-05 00:00:00,22.2,58.20608486944994,1010.5
Mumbai,2025-03-05 01:00:00,25.0,38.7768182157348,
Mumbai,2025-03-05 02:00:00,25.0,41.44882875278398,
Mumbai,2025-03-05 03:00:00,24.0,50.200126046479014,1012.5
Mumbai,2025-03-05 04:00:00,30.0,25.28734870996165,
Mumbai,2025-03-05 06:00:00,34.4,23.021057791269424,1012.7
Mumbai,2025-03-05 07:00:00,35.0,20.4070204931804,
Mumbai,2025-03-05 08:00:00,36.0,23.584372757841322,
Mumbai,2025-03-05 09:00:00,37.0,26.45016408617501,1009.4
Mumbai,2025-03-05 10:00:00,35.0,24.923129756026547,
Mumbai,2025-03-05 11:00:00,34.0,23.07282068780206,
Mumbai,2025-03-05 12:00:00,33.6,28.027439373349992,1009.2
Mumbai,2025-03-05 13:00:00,32.0,29.483802567589102,
Mumbai,2025-03-05 14:00:00,30.0,37.66035915705599,
Mumbai,2025-03-05 15:00:00,28.8,47.99495141967471,1010.7
Mumbai,2025-03-05 16:00:00,29.0,39.89606828185898,
Mumbai,2025-03-05 17:00:00,28.0,42.28248962275748,
Mumbai,2025-03-05 18:00:00,24.4,59.10968227987573,1012.3
Mumbai,2025-03-05 19:00:00,27.0,47.821805415300325,
Mumbai,2025-03-05 20:00:00,28.0,34.72892596298944,
Mumbai,2025-03-05 21:00:00,22.6,31.847657467623268,1010.7
Mumbai,2025-03-05 22:00:00,27.0,28.116379617476845,
Mumbai,2025-03-05 23:00:00,28.0,20.071678745219934,
Mumbai,2025-03-06 00:00:00,21.0,35.11679049581159,1011.1
Mumbai,2025-03-06 01:00:00,26.0,22.573935487347295,
Mumbai,2025-03-06 02:00:00,27.0,28.116379617476845,
Mumbai,2025-03-06 03:00:00,21.6,49.89113866982209,1013.5
Mumbai,2025-03-06 04:00:00,30.0,30.932516901773045,
Mumbai,2025-03-06 05:00:00,32.0,17.11470870127638,
Mumbai,2025-03-06 06:00:00,34.8,18.765808836348626,1013.5
Mumbai,2025-03-06 07:00:00,34.0,23.07282068780206,
Mumbai,2025-03-06 08:00:00,35.0,19.07117583858422,
Mumbai,2025-03-06 09:00:00,35.0,25.587325241775638,1011.0
Mumbai,2025-03-06 10:00:00,34.0,24.6627092561281,
Mumbai,2025-03-06 11:00:00,32.0,25.81845531771868,
Mumbai,2025-03-06 12:00:00,32.4,24.573523244555258,1009.8
Mumbai,2025-03-06 13:00:00,31.0,25.553040002326842,
Mumbai,2025-03-06 14:00:00,29.0,37.38203217205419,
Mumbai,2025-03-06 15:00:00,29.0,37.38203217205419,
Mumbai,2025-03-06 16:00:00,28.0,37.102613225695066,
Mumbai,2025-03-06 17:00:00,28.0,32.4901158709847,
Mumbai,2025-03-06 18:00:00,23.6,55.237934002483236,1011.0
Mumbai,2025-03-06 19:00:00,27.0,30.102094027210157,
Mumbai,2025-03-06 20:00:00,27.0,34.448362072935296,
Mumbai,2025-03-06 21:00:00,21.6,59.20887562363495,1009.2
Mumbai,2025-03-06 22:00:00,26.0,36.540530015343805,
Mumbai,2025-03-06 23:00:00,26.0,36.540530015343805,
Mumbai,2025-03-07 00:00:00,20.2,64.11222275274461,1009.5
Mumbai,2025-03-07 01:00:00,24.0,41.16827865067493,
Mumbai,2025-03-07 02:00:00,25.0,38.7768182157348,
Mumbai,2025-03-07 03:00:00,22.2,56.70909643936152,1012.2
Mumbai,2025-03-07 04:00:00,30.0,23.619243737864608,
Mumbai,2025-03-07 05:00:00,33.0,14.041155011718079,
Mumbai,2025-03-07 06:00:00,35.4,13.565704235937503,1012.0
Mumbai,2025-03-07 07:00:00,34.0,23.07282068780206,
Mumbai,2025-03-07 08:00:00,34.0,18.831786078267353,
Mumbai,2025-03-07 09:00:00,35.6,24.75239845442901,1008.5
Mumbai,2025-03-07 10:00:00,34.0,21.574013785652443,
Mumbai,2025-03-07 11:00:00,34.0,18.831786078267353,
Mumbai,2025-03-07 12:00:00,33.8,23.96378093988558,1007.2
Mumbai,2025-03-07 13:00:00,32.0,24.1412924100428,
Mumbai,2025-03-07 14:00:00,30.0,30.932516901773045,
Mumbai,2025-03-07 15:00:00,30.0,33.70532303766758,1008.5
Mumbai,2025-03-07 16:00:00,29.0,35.00854381788882,
Mumbai,2025-03-07 17:00:00,29.0,32.76882733104996,
Mumbai,2025-03-07 18:00:00,25.0,62.33363766021803,1010.2
Mumbai,2025-03-07 19:00:00,28.0,37.102613225695066,
Mumbai,2025-03-07 20:00:00,28.0,32.4901158709847,
Mumbai,2025-03-07 21:00:00,22.6,57.17819771780525,1008.8
Mumbai,2025-03-07 22:00:00,26.0,34.16686277559637,
Mumbai,2025-03-07 23:00:00,26.0,34.16686277559637,
Mumbai,2025-03-08 00:00:00,21.0,58.679827935321086,1008.1
Mumbai,2025-03-08 01:00:00,25.0,47.2840066651506,
Mumbai,2025-03-08 02:00:00,26.0,44.557102524016656,
Mumbai,2025-03-08 03:00:00,21.2,73.14964788312554,1009.8
Mumbai,2025-03-08 04:00:00,30.0,27.05860654372192,
Mumbai,2025-03-08 05:00:00,33.0,21.323336350435536,
Mumbai,2025-03-08 06:00:00,34.8,,1009.8
Mumbai,2025-03-08 07:00:00,35.0,23.328640567656677,
Mumbai,2025-03-08 08:00:00,34.0,30.026864329251996,
Mumbai,2025-03-08 09:00:00,34.0,38.76260999542678,1007.3
Mumbai,2025-03-08 10:00:00,34.0,23.07282068780206,
Mumbai,2025-03-08 11:00:00,33.0,31.756769544913187,
Mumbai,2025-03-08 12:00:00,32.4,42.94137388427684,1006.2
Mumbai,2025-03-08 13:00:00,30.0,40.17284207482451,
Mumbai,2025-03-08 14:00:00,30.0,40.17284207482451,
Mumbai,2025-03-08 15:00:00,28.6,51.40032863646419,1007.6
Mumbai,2025-03-08 16:00:00,28.0,54.583776611197585,
Mumbai,2025-03-08 17:00:00,28.0,58.11126126861089,
Mumbai,2025-03-08 18:00:00,26.6,73.61894146789774,1008.8
Mumbai,2025-03-08 19:00:00,26.0,78.6398510724195,
Mumbai,2025-03-08 20:00:00,26.0,78.6398510724195,
Mumbai,2025-03-08 21:00:00,25.0,83.45262666598398,1007.8
Mumbai,2025-03-08 22:00:00,26.0,78.6398510724195,
Mumbai,2025-03-08 23:00:00,26.0,69.54626593683008,
Mumbai,2025-03-09 00:00:00,22.8,85.81544188377062,1007.7
Mumbai,2025-03-09 01:00:00,25.0,61.16156608407452,
Mumbai,2025-03-09 02:00:00,26.0,54.08337422022996,
Mumbai,2025-03-09 03:00:00,24.0,69.16319209999386,1009.6
Mumbai,2025-03-09 04:00:00,29.0,37.38203217205419,
Mumbai,2025-03-09 05:00:00,32.0,31.48272781265815,
Mumbai,2025-03-09 06:00:00,33.2,38.78805216331414,1010.2
Mumbai,2025-03-09 07:00:00,34.0,32.03008430351673,
Mumbai,2025-03-09 08:00:00,34.0,43.913663069278805,
Mumbai,2025-03-09 09:00:00,34.8,45.50365698828102,1007.1
Mumbai,2025-03-09 10:00:00,33.0,33.875398862078285,
Mumbai,2025-03-09 11:00:00,32.0,46.178444191385225,
Mumbai,2025-03-09 12:00:00,31.6,46.36105984341474,1006.5
Mumbai,2025-03-09 13:00:00,31.0,43.10411576643139,
Mumbai,2025-03-09 14:00:00,30.0,45.6437789332581,
Mumbai,2025-03-09 15:00:00,28.6,55.07601922060314,1008.9
Mumbai,2025-03-09 16:00:00,29.0,51.50307132317005,
Mumbai,2025-03-09 17:00:00,29.0,51.50307132317005,
Mumbai,2025-03-09 18:00:00,25.8,73.03206992350184,1010.5
Mumbai,2025-03-09 19:00:00,28.0,54.583776611197585,
Mumbai,2025-03-09 20:00:00,27.0,69.73535987777385,
Mumbai,2025-03-09 21:00:00,25.4,75.71358128252226,1009.4
Mumbai,2025-03-09 22:00:00,27.0,65.56431854728334,
Mumbai,2025-03-09 23:00:00,26.0,69.54626593683008,
Mumbai,2025-03-10 00:00:00,23.6,82.78099464458583,1008.9
Mumbai,2025-03-10 01:00:00,27.0,50.98677157890719,
Mumbai,2025-03-10 02:00:00,27.0,42.005936969816645,
Mumbai,2025-03-10 03:00:00,23.8,65.71895042604378,1010.8
Mumbai,2025-03-10 04:00:00,34.0,23.07282068780206,
Mumbai,2025-03-10 05:00:00,35.0,21.82475311685326,
Mumbai,2025-03-10 06:00:00,37.0,22.62210227870014,1011.4
Mumbai,2025-03-10 07:00:00,34.0,46.70734273672021,
Mumbai,2025-03-10 08:00:00,35.0,34.42355875097004,
Mumbai,2025-03-10 09:00:00,36.4,34.1561734852254,1008.9
Mumbai,2025-03-10 10:00:00,35.0,32.302659255004215,
Mumbai,2025-03-10 11:00:00,35.0,24.923129756026547,
Mumbai,2025-03-10 12:00:00,35.0,32.509449610483884,1008.0
Mumbai,2025-03-10 13:00:00,34.0,24.6627092561281,
Mumbai,2025-03-10 14:00:00,33.0,24.40209011834198,
Mumbai,2025-03-10 15:00:00,29.8,29.27316006977567,1010.3
Mumbai,2025-03-10 16:00:00,32.0,31.48272781265815,
Mumbai,2025-03-10 17:00:00,32.0,31.48272781265815,
Mumbai,2025-03-10 18:00:00,27.2,52.35462148724832,1011.3
Mumbai,2025-03-10 19:00:00,31.0,33.32379184656068,
Mumbai,2025-03-10 20:00:00,30.0,37.66035915705599,
Mumbai,2025-03-10 21:00:00,25.6,60.147977437432424,1010.1
Mumbai,2025-03-10 22:00:00,28.0,45.103334544997125,
Mumbai,2025-03-10 23:00:00,29.0,42.5577048750277,
Mumbai,2025-03-11 00:00:00,26.6,62.29807222676058,1009.8
Mumbai,2025-03-11 01:00:00,28.0,45.103334544997125,
Mumbai,2025-03-11 02:00:00,28.0,45.103334544997125,
Mumbai,2025-03-11 03:00:00,26.0,69.11686987087296,1013.0
Mumbai,2025-03-11 04:00:00,32.0,33.60002079961747,
Mumbai,2025-03-11 05:00:00,34.0,28.13473248671968,
Mumbai,2025-03-11 06:00:00,37.4,26.215250221231923,1013.1
Mumbai,2025-03-11 07:00:00,37.0,22.32632955361886,
Mumbai,2025-03-11 08:00:00,38.0,21.143639832442165,
Mumbai,2025-03-11 09:00:00,37.0,25.775105311976855,1009.8
Mumbai,2025-03-11 10:00:00,34.0,38.76260999542678,
Mumbai,2025-03-11 11:00:00,33.0,40.99579826538557,
Mumbai,2025-03-11 12:00:00,33.8,39.44511845228233,1009.1
Mumbai,2025-03-11 13:00:00,32.0,43.37530845087229,
Mumbai,2025-03-11 14:00:00,32.0,43.37530845087229,
Mumbai,2025-03-11 15:00:00,30.6,54.547295560496046,1011.1
Mumbai,2025-03-11 16:00:00,32.0,40.72271098464218,
Mumbai,2025-03-11 17:00:00,31.0,45.91183326611469,
Mumbai,2025-03-11 18:00:00,28.0,64.9673083542988,1012.1
Mumbai,2025-03-11 19:00:00,30.0,48.61692510697891,
Mumbai,2025-03-11 20:00:00,30.0,42.831580797851935,
Mumbai,2025-03-11 21:00:00,26.0,69.11686987087296,1010.3
Mumbai,2025-03-11 22:00:00,28.0,45.103334544997125,
Mumbai,2025-03-11 23:00:00,30.0,45.6437789332581,
Mumbai,2025-03-12 00:00:00,25.0,69.78940116671127,1009.7
Mumbai,2025-03-12 01:00:00,29.0,45.37427975672665,
Mumbai,2025-03-12 02:00:00,29.0,45.37427975672665,
Mumbai,2025-03-12 03:00:00,27.0,57.51084662663192,1011.2
Mumbai,2025-03-12 04:00:00,32.0,33.60002079961747,
Mumbai,2025-03-12 05:00:00,34.0,28.13473248671968,
Mumbai,2025-03-12 06:00:00,37.0,25.775105311976855,1011.7
Mumbai,2025-03-12 07:00:00,37.0,23.839996716195756,
Mumbai,2025-03-12 08:00:00,38.0,27.404094092667545,
Mumbai,2025-03-12 09:00:00,37.0,33.05258707259026,1008.5
Mumbai,2025-03-12 10:00:00,35.0,32.302659255004215,
Mumbai,2025-03-12 11:00:00,34.0,34.14991504093326,
Mumbai,2025-03-12 12:00:00,33.4,48.00543683508618,1006.9
Mumbai,2025-03-12 13:00:00,32.0,46.178444191385225,
Mumbai,2025-03-12 14:00:00,31.0,45.91183326611469,
Mumbai,2025-03-12 15:00:00,30.4,56.552501126573276,1009.4
Mumbai,2025-03-12 16:00:00,31.0,45.91183326611469,
Mumbai,2025-03-12 17:00:00,30.0,51.75880110114196,
Mumbai,2025-03-12 18:00:00,27.8,66.13551830732304,1010.3
Mumbai,2025-03-12 19:00:00,30.0,51.75880110114196,
Mumbai,2025-03-12 20:00:00,29.0,58.347168092797666,
Mumbai,2025-03-12 21:00:00,26.6,69.23176807489104,1009.0
Mumbai,2025-03-12 22:00:00,29.0,58.347168092797666,
Mumbai,2025-03-12 23:00:00,28.0,61.83725955078121,
Mumbai,2025-03-13 00:00:00,26.4,73.58514111197726,1009.0
Mumbai,2025-03-13 01:00:00,28.0,54.583776611197585,
Mumbai,2025-03-13 02:00:00,27.0,61.6137466743783,
Mumbai,2025-03-13 03:00:00,27.2,65.60582769317126,1010.5
Mumbai,2025-03-13 04:00:00,31.0,40.44839100350285,
Mumbai,2025-03-13 05:00:00,33.0,33.875398862078285,
Mumbai,2025-03-13 06:00:00,34.0,47.575273109543275,1011.1
Mumbai,2025-03-13 07:00:00,34.0,41.26764941426599,
Mumbai,2025-03-13 08:00:00,34.0,34.14991504093326,
Mumbai,2025-03-13 09:00:00,34.0,50.879846925795135,1008.5
Mumbai,2025-03-13 10:00:00,32.0,52.26545370306257,
Mumbai,2025-03-13 11:00:00,31.0,62.49764883972529,
Mumbai,2025-03-13 12:00:00,31.2,70.93306375697343,1007.2
Mumbai,2025-03-13 13:00:00,29.0,74.46601257025355,
Mumbai,2025-03-13 14:00:00,29.0,70.10874183711726,
Mumbai,2025-03-13 15:00:00,29.2,76.30480387190515,1008.2
Mumbai,2025-03-13 16:00:00,28.0,78.9202680701639,
Mumbai,2025-03-13 17:00:00,28.0,78.9202680701639,
Mumbai,2025-03-13 18:00:00,28.0,78.44744220055776,1009.9
Mumbai,2025-03-13 19:00:00,28.0,78.9202680701639,
Mumbai,2025-03-13 20:00:00,27.0,83.67695517522091,
Mumbai,2025-03-13 21:00:00,27.0,84.18092213796281,1008.6
Mumbai,2025-03-13 22:00:00,27.0,83.67695517522091,
Mumbai,2025-03-13 23:00:00,27.0,83.67695517522091,
Mumbai,2025-03-14 00:00:00,25.4,90.33006125111788,1008.9
Mumbai,2025-03-14 01:00:00,26.0,88.7589455109383,
Mumbai,2025-03-14 02:00:00,26.0,88.7589455109383,
Mumbai,2025-03-14 03:00:00,27.0,84.18092213796281,1011.5
Mumbai,2025-03-14 04:00:00,29.0,65.9764050234237,
Mumbai,2025-03-14 05:00:00,31.0,55.321861254558726,
Mumbai,2025-03-14 06:00:00,33.0,53.160307816284856,1011.8
Mumbai,2025-03-14 07:00:00,32.0,59.04479527455803,
Mumbai,2025-03-14 08:00:00,32.0,52.26545370306257,
Mumbai,2025-03-14 09:00:00,33.4,45.132001309945,1009.5
Mumbai,2025-03-14 10:00:00,33.0,38.488718673594086,
Mumbai,2025-03-14 11:00:00,34.0,32.03008430351673,
Mumbai,2025-03-14 12:00:00,33.4,33.336931410509116,1008.0
Mumbai,2025-03-14 13:00:00,32.0,35.84162125657671,
Mumbai,2025-03-14 14:00:00,31.0,40.44839100350285,
Mumbai,2025-03-14 15:00:00,29.8,47.956204800317984,1009.2
Mumbai,2025-03-14 16:00:00,29.0,54.83146494452449,
Mumbai,2025-03-14 17:00:00,29.0,51.50307132317005,
Mumbai,2025-03-14 18:00:00,27.0,65.56431854728334,1010.3
Mumbai,2025-03-14 19:00:00,28.0,69.92284655824665,
Mumbai,2025-03-14 20:00:00,28.0,74.30236303611937,
Mumbai,2025-03-14 21:00:00,27.0,78.30518483755301,1009.4
Mumbai,2025-03-14 22:00:00,27.0,74.13724053720264,
Mumbai,2025-03-14 23:00:00,27.0,69.73535987777385,
Mumbai,2025-03-15 00:00:00,25.2,83.47525948927431,1009.3
Mumbai,2025-03-15 01:00:00,27.0,61.6137466743783,
Mumbai,2025-03-15 02:00:00,27.0,57.873653251263804,
Mumbai,2025-03-15 03:00:00,25.6,74.36025581723416,1011.5
Mumbai,2025-03-15 04:00:00,31.0,33.32379184656068,
Mumbai,2025-03-15 05:00:00,33.0,24.40209011834198,
Mumbai,2025-03-15 06:00:00,35.0,22.266674291871812,1011.9
Mumbai,2025-03-15 07:00:00,32.0,52.26545370306257,
Mumbai,2025-03-15 08:00:00,33.0,46.44361338141738,
Mumbai,2025-03-15 09:00:00,34.0,45.57171219777677,1009.9
Mumbai,2025-03-15 10:00:00,33.0,46.44361338141738,
Mumbai,2025-03-15 11:00:00,32.0,46.178444191385225,
Mumbai,2025-03-15 12:00:00,32.0,39.45068417949749,1009.0
Mumbai,2025-03-15 13:00:00,31.0,43.10411576643139,
Mumbai,2025-03-15 14:00:00,30.0,55.07749010874436,
Mumbai,2025-03-15 15:00:00,28.8,62.782198156408256,1011.0
Mumbai,2025-03-15 16:00:00,29.0,48.3534241765764,
Mumbai,2025-03-15 17:00:00,29.0,42.5577048750277,
Mumbai,2025-03-15 18:00:00,27.8,63.34204232336771,1012.3
Mumbai,2025-03-15 19:00:00,28.0,61.83725955078121,
Mumbai,2025-03-15 20:00:00,27.0,65.56431854728334,
Mumbai,2025-03-15 21:00:00,26.2,71.76431122414668,1011.2
Mumbai,2025-03-15 22:00:00,27.0,61.6137466743783,
Mumbai,2025-03-15 23:00:00,27.0,57.873653251263804,
Mumbai,2025-03-16 00:00:00,23.6,78.29628816720248,1011.2
Mumbai,2025-03-16 01:00:00,27.0,50.98677157890719,
Mumbai,2025-03-16 02:00:00,27.0,50.98677157890719,
Mumbai,2025-03-16 03:00:00,24.8,74.2273526631688,1012.8
Mumbai,2025-03-16 04:00:00,29.0,42.5577048750277,
Mumbai,2025-03-16 05:00:00,31.0,40.44839100350285,
Mumbai,2025-03-16 06:00:00,33.4,39.08864098827481,1012.9
Mumbai,2025-03-16 07:00:00,33.0,46.44361338141738,
Mumbai,2025-03-16 08:00:00,33.0,46.44361338141738,
Mumbai,2025-03-16 09:00:00,34.0,47.575273109543275,1009.8
Mumbai,2025-03-16 10:00:00,32.0,49.13932991257226,
Mumbai,2025-03-16 11:00:00,31.0,55.321861254558726,
Mumbai,2025-03-16 12:00:00,31.0,53.64502413942176,1008.0
Mumbai,2025-03-16 13:00:00,30.0,55.07749010874436,
Mumbai,2025-03-16 14:00:00,30.0,48.61692510697891,
Mumbai,2025-03-16 15:00:00,29.4,55.617075987669494,1009.2
Mumbai,2025-03-16 16:00:00,30.0,48.61692510697891,
Mumbai,2025-03-16 17:00:00,30.0,48.61692510697891,
Mumbai,2025-03-16 18:00:00,27.4,55.125722260708386,1010.7
Mumbai,2025-03-16 19:00:00,28.0,74.30236303611937,
Mumbai,2025-03-16 20:00:00,27.0,74.13724053720264,
Mumbai,2025-03-16 21:00:00,27.0,69.73535987777385,1010.4
Mumbai,2025-03-16 22:00:00,27.0,69.73535987777385,
Mumbai,2025-03-16 23:00:00,26.0,73.97062900551056,
Mumbai,2025-03-17 00:00:00,25.2,72.92833389963405,1010.4
Mumbai,2025-03-17 01:00:00,26.0,69.54626593683008,
Mumbai,2025-03-17 02:00:00,26.0,65.35576219694184,
Mumbai,2025-03-17 03:00:00,27.0,71.03120402884956,1012.1
Mumbai,2025-03-17 04:00:00,30.0,42.831580797851935,
Mumbai,2025-03-17 05:00:00,32.0,33.60002079961747,
Mumbai,2025-03-17 06:00:00,32.4,47.15537254104221,1012.8
Mumbai,2025-03-17 07:00:00,32.0,49.13932991257226,
Mumbai,2025-03-17 08:00:00,32.0,46.178444191385225,
Mumbai,2025-03-17 09:00:00,33.6,40.140099313942,1009.9
Mumbai,2025-03-17 10:00:00,33.0,38.488718673594086,
Mumbai,2025-03-17 11:00:00,33.0,29.755628359706137,
Mumbai,2025-03-17 12:00:00,32.4,44.03144254531665,1009.2
Mumbai,2025-03-17 13:00:00,31.0,40.44839100350285,
Mumbai,2025-03-17 14:00:00,29.0,51.50307132317005,
Mumbai,2025-03-17 15:00:00,28.4,65.05100507166367,1010.7
Mumbai,2025-03-17 16:00:00,28.0,65.77119451823714,
Mumbai,2025-03-17 17:00:00,28.0,65.77119451823714,
Mumbai,2025-03-17 18:00:00,26.6,74.98174057282651,1011.2
Mumbai,2025-03-17 19:00:00,27.0,69.73535987777385,
Mumbai,2025-03-17 20:00:00,27.0,69.73535987777385,
Mumbai,2025-03-17 21:00:00,26.4,74.94939436271723,1010.3
Mumbai,2025-03-17 22:00:00,26.0,73.97062900551056,
Mumbai,2025-03-17 23:00:00,26.0,73.97062900551056,
Mumbai,2025-03-18 00:00:00,25.2,79.00924587469251,1009.6
Mumbai,2025-03-18 01:00:00,25.0,78.49764721655077,
Mumbai,2025-03-18 02:00:00,25.0,78.49764721655077,
Mumbai,2025-03-18 03:00:00,26.2,64.9913672688916,1011.1
Mumbai,2025-03-18 04:00:00,29.0,37.38203217205419,
Mumbai,2025-03-18 05:00:00,30.0,30.932516901773045,
Mumbai,2025-03-18 06:00:00,32.4,38.81437277218495,1011.6
Mumbai,2025-03-18 07:00:00,31.0,48.87889229893936,
Mumbai,2025-03-18 08:00:00,31.0,48.87889229893936,
Mumbai,2025-03-18 09:00:00,32.4,45.14572740311554,1009.3
Mumbai,2025-03-18 10:00:00,31.0,43.10411576643139,
Mumbai,2025-03-18 11:00:00,31.0,45.91183326611469,
Mumbai,2025-03-18 12:00:00,31.2,45.96527087361078,1008.6
Mumbai,2025-03-18 13:00:00,29.0,51.50307132317005,
Mumbai,2025-03-18 14:00:00,28.0,58.11126126861089,
Mumbai,2025-03-18 15:00:00,28.0,63.385341541150645,1010.2
Mumbai,2025-03-18 16:00:00,28.0,61.83725955078121,
Mumbai,2025-03-18 17:00:00,27.0,65.56431854728334,
Mumbai,2025-03-18 18:00:00,26.4,73.58514111197726,1011.5
Mumbai,2025-03-18 19:00:00,27.0,69.73535987777385,
Mumbai,2025-03-18 20:00:00,27.0,69.73535987777385,
Mumbai,2025-03-18 21:00:00,26.2,77.71524355462877,1010.9
Mumbai,2025-03-18 22:00:00,26.0,73.97062900551056,
Mumbai,2025-03-18 23:00:00,25.0,78.49764721655077,
Mumbai,2025-03-19 00:00:00,24.6,84.95004486909127,1010.8
Mumbai,2025-03-19 01:00:00,25.0,73.8025121880607,
Mumbai,2025-03-19 02:00:00,25.0,78.49764721655077,
Mumbai,2025-03-19 03:00:00,25.0,69.78940116671127,1012.8
Mumbai,2025-03-19 04:00:00,29.0,45.37427975672665,
Mumbai,2025-03-19 05:00:00,30.0,42.831580797851935,
Mumbai,2025-03-19 06:00:00,31.8,53.1868368284505,1013.3
Mumbai,2025-03-19 07:00:00,31.0,52.0129263013748,
Mumbai,2025-03-19 08:00:00,30.0,55.07749010874436,
Mumbai,2025-03-19 09:00:00,31.4,52.76094443060454,1011.1
Mumbai,2025-03-19 10:00:00,31.0,52.0129263013748,
Mumbai,2025-03-19 11:00:00,30.0,48.61692510697891,
Mumbai,2025-03-19 12:00:00,32.0,42.56404372344561,1010.2
Mumbai,2025-03-19 13:00:00,31.0,37.937587025645456,
Mumbai,2025-03-19 14:00:00,29.0,48.3534241765764,
Mumbai,2025-03-19 15:00:00,28.4,61.16586545008611,1012.2
Mumbai,2025-03-19 16:00:00,29.0,54.83146494452449,
Mumbai,2025-03-19 17:00:00,28.0,58.11126126861089,
Mumbai,2025-03-19 18:00:00,27.2,66.83242139369942,1013.1
Mumbai,2025-03-19 19:00:00,27.0,65.56431854728334,
Mumbai,2025-03-19 20:00:00,27.0,69.73535987777385,
Mumbai,2025-03-19 21:00:00,26.2,71.76431122414668,1012.4
Mumbai,2025-03-19 22:00:00,26.0,65.35576219694184,
Mumbai,2025-03-19 23:00:00,26.0,65.35576219694184,
Mumbai,2025-03-20 00:00:00,23.4,73.0708008953474,1012.1
Mumbai,2025-03-20 01:00:00,26.0,65.35576219694184,
Mumbai,2025-03-20 02:00:00,26.0,65.35576219694184,
Mumbai,2025-03-20 03:00:00,25.6,76.21186522133068,1014.4
Mumbai,2025-03-20 04:00:00,30.0,37.66035915705599,
Mumbai,2025-03-20 05:00:00,32.0,,
Mumbai,2025-03-20 06:00:00,33.4,29.094940399329676,1014.4
Mumbai,2025-03-20 07:00:00,33.0,40.99579826538557,
Mumbai,2025-03-20 08:00:00,35.0,24.923129756026547,
Mumbai,2025-03-20 09:00:00,35.6,38.47417925779759,1012.1
Mumbai,2025-03-20 10:00:00,33.0,33.875398862078285,
Mumbai,2025-03-20 11:00:00,33.0,31.756769544913187,
Mumbai,2025-03-20 12:00:00,32.2,40.77742717120105,1011.6
Mumbai,2025-03-20 13:00:00,30.0,45.6437789332581,
Mumbai,2025-03-20 14:00:00,30.0,40.17284207482451,
Mumbai,2025-03-20 15:00:00,28.4,60.0407336708837,1013.1
Mumbai,2025-03-20 16:00:00,29.0,42.5577048750277,
Mumbai,2025-03-20 17:00:00,28.0,54.583776611197585,
Mumbai,2025-03-20 18:00:00,27.8,68.61530293019021,1014.2
Mumbai,2025-03-20 19:00:00,28.0,51.245730319258854,
Mumbai,2025-03-20 20:00:00,27.0,69.73535987777385,
Mumbai,2025-03-20 21:00:00,27.0,76.8936310454662,1012.4
Mumbai,2025-03-20 22:00:00,27.0,65.56431854728334,
Mumbai,2025-03-20 23:00:00,26.0,65.35576219694184,
Mumbai,2025-03-21 00:00:00,25.6,74.36025581723416,1013.5
Mumbai,2025-03-21 01:00:00,26.0,65.35576219694184,
Mumbai,2025-03-21 02:00:00,26.0,65.35576219694184,
Mumbai,2025-03-21 03:00:00,26.0,71.7285371211518,1015.5
Mumbai,2025-03-21 04:00:00,29.0,39.89606828185898,
Mumbai,2025-03-21 05:00:00,31.0,31.20797236675265,
Mumbai,2025-03-21 06:00:00,33.2,32.01800578264064,1015.6
Mumbai,2025-03-21 07:00:00,33.0,29.755628359706137,
Mumbai,2025-03-21 08:00:00,32.0,27.597538487345126,
Mumbai,2025-03-21 09:00:00,33.2,28.47562138126054,1012.7
Mumbai,2025-03-21 10:00:00,32.0,27.597538487345126,
Mumbai,2025-03-21 11:00:00,31.0,31.20797236675265,
Mumbai,2025-03-21 12:00:00,31.2,40.50335344032537,1011.9
Mumbai,2025-03-21 13:00:00,29.0,45.37427975672665,
Mumbai,2025-03-21 14:00:00,28.0,51.245730319258854,
Mumbai,2025-03-21 15:00:00,27.8,62.17688027991124,1013.2
Mumbai,2025-03-21 16:00:00,27.0,65.56431854728334,
Mumbai,2025-03-21 17:00:00,26.0,73.97062900551056,
Mumbai,2025-03-21 18:00:00,26.2,77.71524355462877,1013.5
Mumbai,2025-03-21 19:00:00,26.0,73.97062900551056,
Mumbai,2025-03-21 20:00:00,26.0,73.97062900551056,
Mumbai,2025-03-21 21:00:00,26.0,77.68587617563927,1012.9
Mumbai,2025-03-21 22:00:00,26.0,69.54626593683008,
Mumbai,2025-03-21 23:00:00,26.0,69.54626593683008,
Mumbai,2025-03-22 00:00:00,24.0,83.33878752130364,1012.4
Mumbai,2025-03-22 01:00:00,24.0,78.3540921272656,
Mumbai,2025-03-22 02:00:00,24.0,78.3540921272656,
Mumbai,2025-03-22 03:00:00,25.0,81.93813716288261,1014.8
Mumbai,2025-03-22 04:00:00,28.0,48.08838553713478,
Mumbai,2025-03-22 05:00:00,30.0,40.17284207482451,
Mumbai,2025-03-22 06:00:00,32.2,42.618341933892076,1014.4
Mumbai,2025-03-22 07:00:00,32.0,33.60002079961747,
Mumbai,2025-03-22 08:00:00,32.0,38.21370900066644,
Mumbai,2025-03-22 09:00:00,32.6,46.337718597018466,1011.2
Mumbai,2025-03-22 10:00:00,31.0,48.87889229893936,
Mumbai,2025-03-22 11:00:00,30.0,55.07749010874436,
Mumbai,2025-03-22 12:00:00,31.2,53.6947284534463,1009.8
Mumbai,2025-03-22 13:00:00,29.0,58.347168092797666,
Mumbai,2025-03-22 14:00:00,28.0,69.92284655824665,
Mumbai,2025-03-22 15:00:00,28.0,77.50922415182016,1011.6
Mumbai,2025-03-22 16:00:00,28.0,69.92284655824665,
Mumbai,2025-03-22 17:00:00,27.0,74.13724053720264,
Mumbai,2025-03-22 18:00:00,26.4,84.11596226208941,1012.0
Mumbai,2025-03-22 19:00:00,27.0,74.13724053720264,
Mumbai,2025-03-22 20:00:00,27.0,78.78071949348664,
Mumbai,2025-03-22 21:00:00,26.4,87.207659213301,1010.9
Mumbai,2025-03-22 22:00:00,26.0,78.6398510724195,
Mumbai,2025-03-22 23:00:00,26.0,83.5653445347348,
Mumbai,2025-03-23 00:00:00,25.0,91.39891921824884,1011.4
Mumbai,2025-03-23 01:00:00,26.0,83.5653445347348,
Mumbai,2025-03-23 02:00:00,26.0,83.5653445347348,
Mumbai,2025-03-23 03:00:00,26.8,85.68910507577876,1013.5
Mumbai,2025-03-23 04:00:00,29.0,62.05907199151088,
Mumbai,2025-03-23 05:00:00,32.0,52.26545370306257,
Mumbai,2025-03-23 06:00:00,32.0,63.85356133058713,1013.0
Mumbai,2025-03-23 07:00:00,32.0,55.56458760321053,
Mumbai,2025-03-23 08:00:00,32.0,52.26545370306257,
Mumbai,2025-03-23 09:00:00,33.4,53.583679198134604,1010.4
Mumbai,2025-03-23 10:00:00,33.0,46.44361338141738,
Mumbai,2025-03-23 11:00:00,32.0,49.13932991257226,
Mumbai,2025-03-23 12:00:00,32.0,62.71443976755974,1009.8
Mumbai,2025-03-23 13:00:00,29.0,70.10874183711726,
Mumbai,2025-03-23 14:00:00,29.0,70.10874183711726,
Mumbai,2025-03-23 15:00:00,29.2,76.30480387190515,1012.0
Mumbai,2025-03-23 16:00:00,29.0,65.9764050234237,
Mumbai,2025-03-23 17:00:00,29.0,65.9764050234237,
Mumbai,2025-03-23 18:00:00,26.6,82.62997382431229,1013.3
Mumbai,2025-03-23 19:00:00,28.0,74.30236303611937,
Mumbai,2025-03-23 20:00:00,27.0,78.78071949348664,
Mumbai,2025-03-23 21:00:00,27.4,84.22401507730588,1012.0
Mumbai,2025-03-23 22:00:00,27.0,78.78071949348664,
Mumbai,2025-03-23 23:00:00,27.0,78.78071949348664,
Mumbai,2025-03-24 00:00:00,25.6,90.34377933678581,1011.7
Mumbai,2025-03-24 01:00:00,27.0,78.78071949348664,
Mumbai,2025-03-24 02:00:00,26.0,83.5653445347348,
Mumbai,2025-03-24 03:00:00,27.4,84.22401507730588,1014.3
Mumbai,2025-03-24 04:00:00,29.0,70.10874183711726,
Mumbai,2025-03-24 05:00:00,30.0,66.17996487728405,
Mumbai,2025-03-24 06:00:00,31.6,67.30181208332723,1013.6
Mumbai,2025-03-24 07:00:00,32.0,59.04479527455803,
Mumbai,2025-03-24 08:00:00,31.0,62.49764883972529,
Mumbai,2025-03-24 09:00:00,30.4,73.3709976155314,1009.4
Mumbai,2025-03-24 10:00:00,31.0,62.49764883972529,
Mumbai,2025-03-24 11:00:00,31.0,58.81392369643709,
Mumbai,2025-03-24 12:00:00,32.0,57.981228496846505,1008.9
Mumbai,2025-03-24 13:00:00,30.0,58.58138510397075,
Mumbai,2025-03-24 14:00:00,30.0,58.58138510397075,
Mumbai,2025-03-24 15:00:00,29.2,70.99802751141195,1011.1
Mumbai,2025-03-24 16:00:00,30.0,51.75880110114196,
Mumbai,2025-03-24 17:00:00,29.0,58.347168092797666,
Mumbai,2025-03-24 18:00:00,26.8,81.17128800561531,1011.5
Mumbai,2025-03-24 19:00:00,28.0,61.83725955078121,
Mumbai,2025-03-24 20:00:00,28.0,58.11126126861089,
Mumbai,2025-03-24 21:00:00,25.2,85.01229874539116,1009.2
Mumbai,2025-03-24 22:00:00,27.0,65.56431854728334,
Mumbai,2025-03-24 23:00:00,28.0,58.11126126861089,
Mumbai,2025-03-25 00:00:00,24.0,84.88741479671322,1008.8
Mumbai,2025-03-25 01:00:00,27.0,65.56431854728334,
Mumbai,2025-03-25 02:00:00,28.0,65.77119451823714,
Mumbai,2025-03-25 03:00:00,27.4,74.20346731676847,1010.9
Mumbai,2025-03-25 04:00:00,30.0,55.07749010874436,
Mumbai,2025-03-25 05:00:00,31.0,58.81392369643709,
Mumbai,2025-03-25 06:00:00,32.4,61.68118591242464,1010.7
Mumbai,2025-03-25 07:00:00,32.0,59.04479527455803,
Mumbai,2025-03-25 08:00:00,32.0,59.04479527455803,
Mumbai,2025-03-25 09:00:00,33.2,55.51706303841751,1007.3
Mumbai,2025-03-25 10:00:00,32.0,52.26545370306257,
Mumbai,2025-03-25 11:00:00,31.0,55.321861254558726,
Mumbai,2025-03-25 12:00:00,31.8,58.99875377243572,1006.1
Mumbai,2025-03-25 13:00:00,29.0,62.05907199151088,
Mumbai,2025-03-25 14:00:00,29.0,65.9764050234237,
Mumbai,2025-03-25 15:00:00,28.8,77.62630156297041,1008.3
Mumbai,2025-03-25 16:00:00,28.0,74.30236303611937,
Mumbai,2025-03-25 17:00:00,28.0,74.30236303611937,
Mumbai,2025-03-25 18:00:00,27.4,85.74806761675889,1009.1
Mumbai,2025-03-25 19:00:00,27.0,78.78071949348664,
Mumbai,2025-03-25 20:00:00,27.0,78.78071949348664,
Mumbai,2025-03-25 21:00:00,26.0,90.37112970835472,1007.7
Mumbai,2025-03-25 22:00:00,26.0,83.5653445347348,
Mumbai,2025-03-25 23:00:00,26.0,83.5653445347348,
Mumbai,2025-03-26 00:00:00,25.0,93.06534216930645,1007.7
Mumbai,2025-03-26 01:00:00,26.0,83.5653445347348,
Mumbai,2025-03-26 03:00:00,27.0,87.26088849314073,1009.7
Mumbai,2025-03-26 04:00:00,29.0,65.9764050234237,
Mumbai,2025-03-26 05:00:00,29.0,65.9764050234237,
Mumbai,2025-03-26 06:00:00,30.8,67.95498445600064,1010.0
Mumbai,2025-03-26 09:00:00,31.6,60.03485302219658,1007.5
Mumbai,2025-03-26 12:00:00,30.4,61.61247622848766,1007.0
Mumbai,2025-03-26 15:00:00,27.6,76.98390463811192,1008.9
Mumbai,2025-03-26 18:00:00,26.8,79.71242342812477,1009.9
Mumbai,2025-03-26 21:00:00,25.4,86.59275173505719,1009.0
Mumbai,2025-03-27 00:00:00,25.0,86.5553591977721,1009.2
Mumbai,2025-03-27 03:00:00,26.4,81.1206589392812,1011.3
Mumbai,2025-03-27 06:00:00,30.4,66.66180868247822,1011.5
Mumbai,2025-03-27 09:00:00,31.2,62.164195185628046,1009.1
Mumbai,2025-03-27 12:00:00,29.4,67.27251207661499,1007.7
Mumbai,2025-03-27 13:00:00,27.0,61.6137466743783,
Mumbai,2025-03-27 14:00:00,27.0,61.6137466743783,
Mumbai,2025-03-27 15:00:00,27.0,69.73535987777385,1009.2
Mumbai,2025-03-27 16:00:00,26.0,65.35576219694184,
Mumbai,2025-03-27 17:00:00,26.0,69.54626593683008,
Mumbai,2025-03-27 18:00:00,25.6,79.0650667975322,1009.8
Mumbai,2025-03-27 21:00:00,25.7,79.56323178868395,1008.7
Mumbai,2025-03-28 00:00:00,23.7,86.96406149787475,1008.8
Mumbai,2025-03-28 03:00:00,26.0,80.57864267765963,1010.9
Mumbai,2025-03-28 06:00:00,32.0,52.26545370306257,1010.5
Mumbai,2025-03-28 07:00:00,32.0,52.26545370306257,
Mumbai,2025-03-28 08:00:00,32.0,49.13932991257226,
Mumbai,2025-03-28 09:00:00,32.6,57.422989250564385,1007.2
Mumbai,2025-03-28 10:00:00,32.0,49.13932991257226,
Mumbai,2025-03-28 11:00:00,33.0,46.44361338141738,
Mumbai,2025-03-28 12:00:00,32.0,55.56458760321053,1005.9
Mumbai,2025-03-28 13:00:00,30.0,51.75880110114196,
Mumbai,2025-03-28 15:00:00,30.2,52.78587755627143,1007.2
Mumbai,2025-03-28 16:00:00,30.0,40.17284207482451,
Mumbai,2025-03-28 17:00:00,30.0,35.28720543774307,
Mumbai,2025-03-28 18:00:00,26.2,63.38846253625371,1008.1
Mumbai,2025-03-28 19:00:00,29.0,30.6563755549686,
Mumbai,2025-03-28 20:00:00,29.0,32.76882733104996,
Mumbai,2025-03-28 21:00:00,24.6,59.15689306068407,1006.6
Mumbai,2025-03-28 22:00:00,28.0,32.4901158709847,
Mumbai,2025-03-28 23:00:00,28.0,30.379562914413725,
Mumbai,2025-03-29 00:00:00,23.2,59.20534118595157,1006.4
Mumbai,2025-03-29 01:00:00,28.0,26.51808029973417,
Mumbai,2025-03-29 02:00:00,28.0,28.390915098739228,
Mumbai,2025-03-29 03:00:00,25.4,52.90301503946089,1008.6
Mumbai,2025-03-29 04:00:00,32.0,21.072743293654874,
Mumbai,2025-03-29 05:00:00,33.0,18.592702737458392,
Mumbai,2025-03-29 06:00:00,36.0,27.76077966696984,1008.1
Mumbai,2025-03-29 07:00:00,34.0,28.13473248671968,
Mumbai,2025-03-29 08:00:00,34.0,34.14991504093326,
Mumbai,2025-03-29 09:00:00,35.2,43.96344994864194,1006.0
Mumbai,2025-03-29 10:00:00,34.0,38.76260999542678,
Mumbai,2025-03-29 11:00:00,33.0,38.488718673594086,
Mumbai,2025-03-29 12:00:00,32.4,58.42677310946739,1004.8
Mumbai,2025-03-29 13:00:00,31.0,45.91183326611469,
Mumbai,2025-03-29 14:00:00,31.0,43.10411576643139,
Mumbai,2025-03-29 15:00:00,30.0,64.98787314987105,1007.0
Mumbai,2025-03-29 16:00:00,31.0,45.91183326611469,
Mumbai,2025-03-29 17:00:00,29.0,58.347168092797666,
Mumbai,2025-03-29 18:00:00,27.6,72.89528290675949,1007.9
Mumbai,2025-03-29 19:00:00,29.0,48.3534241765764,
Mumbai,2025-03-29 20:00:00,28.0,61.83725955078121,
Mumbai,2025-03-29 21:00:00,28.0,77.50922415182016,1006.5
Mumbai,2025-03-29 22:00:00,27.0,74.13724053720264,
Mumbai,2025-03-29 23:00:00,27.0,74.13724053720264,
Mumbai,2025-03-30 00:00:00,26.0,85.60993471040011,1006.9
Mumbai,2025-03-30 01:00:00,27.0,74.13724053720264,
Mumbai,2025-03-30 02:00:00,28.0,69.92284655824665,
Mumbai,2025-03-30 03:00:00,27.6,79.81995065848324,1009.0
Mumbai,2025-03-30 04:00:00,29.0,51.50307132317005,
Mumbai,2025-03-30 05:00:00,33.0,40.99579826538557,
Mumbai,2025-03-30 06:00:00,34.8,45.50365698828102,1008.9
Mumbai,2025-03-30 07:00:00,33.0,46.44361338141738,
Mumbai,2025-03-30 08:00:00,34.0,43.913663069278805,
Mumbai,2025-03-30 09:00:00,34.6,57.54622405958298,1006.4
Mumbai,2025-03-30 10:00:00,34.0,34.14991504093326,
Mumbai,2025-03-30 11:00:00,33.0,36.11735711200378,
Mumbai,2025-03-30 12:00:00,33.2,43.69896640701049,1005.2
Mumbai,2025-03-30 13:00:00,33.0,31.756769544913187,
Mumbai,2025-03-30 14:00:00,33.0,24.40209011834198,
Mumbai,2025-03-30 15:00:00,31.0,,1007.4
Mumbai,2025-03-30 16:00:00,31.0,40.44839100350285,
Mumbai,2025-03-30 17:00:00,30.0,51.75880110114196,
Mumbai,2025-03-30 18:00:00,29.8,72.83270468535767,1009.1
Mumbai,2025-03-30 19:00:00,28.0,74.30236303611937,
Mumbai,2025-03-30 20:00:00,28.0,74.30236303611937,
Mumbai,2025-03-30 21:00:00,28.4,80.40588280898815,1007.8
Mumbai,2025-03-30 22:00:00,28.0,69.92284655824665,
Mumbai,2025-03-30 23:00:00,28.0,65.77119451823714,
Mumbai,2025-03-31 00:00:00,26.4,77.7445561070048,1007.4
Mumbai,2025-03-31 01:00:00,28.0,65.77119451823714,
Mumbai,2025-03-31 02:00:00,28.0,69.92284655824665,
Mumbai,2025-03-31 03:00:00,28.4,77.56787120852722,1009.6
Mumbai,2025-03-31 04:00:00,30.0,62.279197326402645,
Mumbai,2025-03-31 05:00:00,31.0,58.81392369643709,
Mumbai,2025-03-31 06:00:00,32.4,63.9379440059793,1009.3
Mumbai,2025-03-31 07:00:00,32.0,55.56458760321053,
Mumbai,2025-03-31 08:00:00,32.0,55.56458760321053,
Mumbai,2025-03-31 09:00:00,33.0,65.60442666205464,1006.6
Mumbai,2025-03-31 10:00:00,31.0,58.81392369643709,
Mumbai,2025-03-31 11:00:00,31.0,55.321861254558726,
Mumbai,2025-03-31 12:00:00,32.0,57.981228496846505,1005.1
Mumbai,2025-03-31 13:00:00,31.0,45.91183326611469,
Mumbai,2025-03-31 14:00:00,31.0,40.44839100350285,
Mumbai,2025-03-31 15:00:00,29.6,66.09873806993735,1006.9
Mumbai,2025-03-31 17:00:00,29.0,62.05907199151088,
Mumbai,2025-03-31 18:00:00,28.6,83.35683314726084,1007.9
Mumbai,2025-03-31 19:00:00,29.0,62.05907199151088,
Mumbai,2025-03-31 20:00:00,28.0,61.83725955078121,
Mumbai,2025-03-31 21:00:00,27.6,82.7470419948832,1006.5
Mumbai,2025-03-31 22:00:00,27.0,74.13724053720264,
Mumbai,2025-03-31 23:00:00,28.0,69.92284655824665,
Mumbai,2025-04-01 00:00:00,27.0,84.18092213796281,1006.5
Mumbai,2025-04-01 01:00:00,28.0,65.77119451823714,
Mumbai,2025-04-01 02:00:00,28.0,65.77119451823714,
Mumbai,2025-04-01 03:00:00,28.6,79.00337009946395,1008.4
Mumbai,2025-04-01 04:00:00,29.0,65.9764050234237,
Mumbai,2025-04-01 05:00:00,31.0,48.87889229893936,
Mumbai,2025-04-01 06:00:00,33.4,52.2972859735491,1008.4
Mumbai,2025-04-01 07:00:00,34.0,32.03008430351673,
Mumbai,2025-04-01 08:00:00,36.0,26.876974684415604,
Mumbai,2025-04-01 09:00:00,37.6,33.63256917880905,1005.8
Mumbai,2025-04-01 10:00:00,31.0,66.3818887938788,
Mumbai,2025-04-01 11:00:00,30.0,62.279197326402645,
Mumbai,2025-04-01 12:00:00,30.2,72.90096632227306,1005.1
Mumbai,2025-04-01 13:00:00,30.0,55.07749010874436,
Mumbai,2025-04-01 14:00:00,29.0,62.05907199151088,
Mumbai,2025-04-01 15:00:00,29.6,71.07014207384191,1006.3
Mumbai,2025-04-01 16:00:00,29.0,65.9764050234237,
Mumbai,2025-04-01 17:00:00,29.0,65.9764050234237,
Mumbai,2025-04-01 18:00:00,29.2,76.30480387190515,1008.2
Mumbai,2025-04-01 19:00:00,29.0,65.9764050234237,
Mumbai,2025-04-01 20:00:00,28.0,74.30236303611937,
Mumbai,2025-04-01 21:00:00,28.0,77.50922415182016,1006.4
Mumbai,2025-04-01 22:00:00,28.0,78.9202680701639,
Mumbai,2025-04-01 23:00:00,28.0,74.30236303611937,
Mumbai,2025-04-02 00:00:00,27.8,85.78717977072007,1005.8
Mumbai,2025-04-02 01:00:00,28.0,69.92284655824665,
Mumbai,2025-04-02 02:00:00,29.0,65.9764050234237,
Mumbai,2025-04-02 03:00:00,28.8,76.24353220041739,1007.9
Mumbai,2025-04-02 04:00:00,31.0,48.87889229893936,
Mumbai,2025-04-02 05:00:00,33.0,36.11735711200378,
Mumbai,2025-04-02 06:00:00,36.6,42.226041971973615,1008.8
Mumbai,2025-04-02 07:00:00,35.0,44.180823739166094,
Mumbai,2025-04-02 08:00:00,34.0,41.26764941426599,
Mumbai,2025-04-02 09:00:00,35.0,51.75303582520855,1006.7
Mumbai,2025-04-02 10:00:00,33.0,49.398242289998336,
Mumbai,2025-04-02 11:00:00,32.0,59.04479527455803,
Mumbai,2025-04-02 12:00:00,32.0,68.5931528079531,1005.9
Mumbai,2025-04-02 13:00:00,30.0,66.17996487728405,
Mumbai,2025-04-02 14:00:00,30.0,62.279197326402645,
Mumbai,2025-04-02 15:00:00,29.6,74.118773297339,1009.2
Mumbai,2025-04-02 16:00:00,30.0,58.58138510397075,
Mumbai,2025-04-02 17:00:00,30.0,58.58138510397075,
Mumbai,2025-04-02 18:00:00,29.2,72.29347307388345,1009.6
Mumbai,2025-04-02 19:00:00,30.0,66.17996487728405,
Mumbai,2025-04-02 20:00:00,29.0,74.46601257025355,
Mumbai,2025-04-02 21:00:00,29.0,84.89506306062921,1008.6
Mumbai,2025-04-02 22:00:00,28.0,78.9202680701639,
Mumbai,2025-04-02 23:00:00,28.0,69.92284655824665,
Mumbai,2025-04-03 00:00:00,28.0,77.50922415182016,1009.4
Mumbai,2025-04-03 01:00:00,29.0,65.9764050234237,
Mumbai,2025-04-03 02:00:00,29.0,62.05907199151088,
Mumbai,2025-04-03 03:00:00,29.4,72.32825969825754,1012.1
Mumbai,2025-04-03 04:00:00,30.0,66.17996487728405,
Mumbai,2025-04-03 05:00:00,31.0,62.49764883972529,
Mumbai,2025-04-03 06:00:00,34.0,59.50158303199722,1012.0
Mumbai,2025-04-03 07:00:00,33.0,55.80567844118911,
Mumbai,2025-04-03 08:00:00,32.0,62.71443976755974,
Mumbai,2025-04-03 09:00:00,33.4,66.07497389595794,1010.0
Mumbai,2025-04-03 10:00:00,32.0,62.71443976755974,
Mumbai,2025-04-03 11:00:00,31.0,70.47582088918256,
Mumbai,2025-04-03 12:00:00,31.4,78.92130681911149,1008.5
Mumbai,2025-04-03 13:00:00,29.0,79.0585121873896,
Mumbai,2025-04-03 14:00:00,29.0,79.0585121873896,
Mumbai,2025-04-03 15:00:00,30.0,82.53623329490637,1010.7
Mumbai,2025-04-03 17:00:00,29.0,74.46601257025355,
Mumbai,2025-04-03 18:00:00,29.6,82.00361602371757,1012.8
Mumbai,2025-04-03 19:00:00,29.0,79.0585121873896,
Mumbai,2025-04-03 20:00:00,29.0,79.0585121873896,
Mumbai,2025-04-03 21:00:00,29.2,84.91559008084812,1011.5
Mumbai,2025-04-03 22:00:00,28.0,83.78747242805218,
Mumbai,2025-04-03 23:00:00,28.0,83.78747242805218,
Mumbai,2025-04-04 00:00:00,28.8,87.93540259721783,1011.9
Mumbai,2025-04-04 01:00:00,28.0,83.78747242805218,
Mumbai,2025-04-04 02:00:00,28.0,83.78747242805218,
Mumbai,2025-04-04 03:00:00,29.6,78.20620296447258,1013.8
Mumbai,2025-04-04 04:00:00,30.0,70.29306142592459,
Mumbai,2025-04-04 05:00:00,31.0,66.3818887938788,
Mumbai,2025-04-04 06:00:00,32.8,65.56377770296238,1013.6
Mumbai,2025-04-04 07:00:00,32.0,66.5821913857855,
Mumbai,2025-04-04 08:00:00,33.0,59.27401124880875,
Mumbai,2025-04-04 09:00:00,33.6,66.11508991681715,1010.5
Mumbai,2025-04-04 10:00:00,32.0,66.5821913857855,
Mumbai,2025-04-04 11:00:00,31.0,66.3818887938788,
Mumbai,2025-04-04 12:00:00,32.8,37.46924482044774,1009.8
Mumbai,2025-04-04 13:00:00,29.0,48.3534241765764,
Mumbai,2025-04-04 14:00:00,29.0,48.3534241765764,
Mumbai,2025-04-04 15:00:00,29.4,54.5893740362844,1010.8
Mumbai,2025-04-04 16:00:00,30.0,48.61692510697891,
Mumbai,2025-04-04 17:00:00,29.0,62.05907199151088,
Mumbai,2025-04-04 18:00:00,28.6,79.00337009946395,1011.5
Mumbai,2025-04-04 19:00:00,28.0,61.83725955078121,
Mumbai,2025-04-04 20:00:00,28.0,61.83725955078121,
Mumbai,2025-04-04 21:00:00,26.0,77.68587617563927,1010.1
Mumbai,2025-04-04 22:00:00,27.0,69.73535987777385,
Mumbai,2025-04-04 23:00:00,27.0,74.13724053720264,
Mumbai,2025-04-05 00:00:00,26.0,77.68587617563927,1010.1
Mumbai,2025-04-05 01:00:00,27.0,74.13724053720264,
Mumbai,2025-04-05 02:00:00,27.0,61.6137466743783,
Mumbai,2025-04-05 03:00:00,27.2,71.06754970374743,1012.1
Mumbai,2025-04-05 04:00:00,31.0,48.87889229893936,
Mumbai,2025-04-05 05:00:00,34.0,36.39210002718546,
Mumbai,2025-04-05 06:00:00,35.6,32.26012319959513,1011.7
Mumbai,2025-04-05 07:00:00,34.0,41.26764941426599,
Mumbai,2025-04-05 08:00:00,34.0,41.26764941426599,
Mumbai,2025-04-05 09:00:00,35.0,41.7961255281048,1009.0
Mumbai,2025-04-05 10:00:00,32.0,59.04479527455803,
Mumbai,2025-04-05 11:00:00,33.0,55.80567844118911,
Mumbai,2025-04-05 12:00:00,33.0,53.160307816284856,1006.9
Mumbai,2025-04-05 13:00:00,31.0,58.81392369643709,
Mumbai,2025-04-05 14:00:00,31.0,58.81392369643709,
Mumbai,2025-04-05 15:00:00,30.6,67.91613145039247,1008.3
Mumbai,2025-04-05 16:00:00,30.0,62.279197326402645,
Mumbai,2025-04-05 17:00:00,29.0,70.10874183711726,
Mumbai,2025-04-05 18:00:00,27.6,76.98390463811192,1009.1
Mumbai,2025-04-05 19:00:00,28.0,78.9202680701639,
Mumbai,2025-04-05 20:00:00,28.0,83.78747242805218,
Mumbai,2025-04-05 21:00:00,28.4,87.90192756472376,1008.2
Mumbai,2025-04-05 22:00:00,28.0,83.78747242805218,
Mumbai,2025-04-05 23:00:00,27.0,83.67695517522091,
Mumbai,2025-04-06 00:00:00,26.0,88.7589455109383,1008.1
Mumbai,2025-04-06 01:00:00,26.0,88.7589455109383,
Mumbai,2025-04-06 02:00:00,27.0,83.67695517522091,
Mumbai,2025-04-06 03:00:00,28.0,85.80667728802291,1010.4
Mumbai,2025-04-06 04:00:00,31.0,55.321861254558726,
Mumbai,2025-04-06 05:00:00,34.0,41.26764941426599,
Mumbai,2025-04-06 06:00:00,33.4,66.07497389595794,1010.8
Mumbai,2025-04-06 07:00:00,32.0,66.5821913857855,
Mumbai,2025-04-06 08:00:00,32.0,66.5821913857855,
Mumbai,2025-04-06 09:00:00,33.0,66.78088716309055,1007.6
Mumbai,2025-04-06 10:00:00,32.0,62.71443976755974,
Mumbai,2025-04-06 11:00:00,31.0,70.47582088918256,
Mumbai,2025-04-06 12:00:00,31.8,72.31259150236149,1006.6
Mumbai,2025-04-06 13:00:00,30.0,74.62820502423824,
Mumbai,2025-04-06 14:00:00,29.0,79.0585121873896,
Mumbai,2025-04-06 15:00:00,29.8,82.51286135002354,1008.1
Mumbai,2025-04-06 16:00:00,29.0,79.0585121873896,
Mumbai,2025-04-06 17:00:00,29.0,79.0585121873896,
Mumbai,2025-04-06 18:00:00,28.8,86.39309843177878,1009.3
Mumbai,2025-04-06 19:00:00,28.0,83.78747242805218,
Mumbai,2025-04-06 20:00:00,28.0,78.9202680701639,
Mumbai,2025-04-06 21:00:00,26.4,87.207659213301,1008.2
Mumbai,2025-04-06 22:00:00,28.0,83.78747242805218,
Mumbai,2025-04-06 23:00:00,27.0,88.83751596451742,
Mumbai,2025-04-07 00:00:00,26.6,93.69982968596882,1008.1
Mumbai,2025-04-07 01:00:00,26.0,88.7589455109383,
Mumbai,2025-04-07 03:00:00,27.6,79.81995065848324,1010.5
Mumbai,2025-04-07 04:00:00,32.0,59.04479527455803,
Mumbai,2025-04-07 05:00:00,33.0,59.27401124880875,
Mumbai,2025-04-07 06:00:00,33.4,61.166394066179166,1010.3
Mumbai,2025-04-07 07:00:00,33.0,59.27401124880875,
Mumbai,2025-04-07 08:00:00,33.0,55.80567844118911,
Mumbai,2025-04-07 09:00:00,35.0,55.948293602131415,1006.8
Mumbai,2025-04-07 10:00:00,35.0,36.665841804175486,
Mumbai,2025-04-07 11:00:00,36.0,32.574481984471326,
Mumbai,2025-04-07 12:00:00,35.0,41.7961255281048,1005.2
Mumbai,2025-04-07 13:00:00,33.0,43.645157807317524,
Mumbai,2025-04-07 14:00:00,32.0,46.178444191385225,
Mumbai,2025-04-07 15:00:00,31.8,54.17441650106471,1007.3
Mumbai,2025-04-07 16:00:00,30.0,62.279197326402645,
Mumbai,2025-04-07 17:00:00,30.0,62.279197326402645,
Mumbai,2025-04-07 18:00:00,30.0,57.5102579017241,1009.2
Mumbai,2025-04-07 19:00:00,29.0,51.50307132317005,
Mumbai,2025-04-07 20:00:00,29.0,51.50307132317005,
Mumbai,2025-04-07 21:00:00,26.8,68.00051812091587,1007.9
Mumbai,2025-04-07 22:00:00,28.0,58.11126126861089,
Mumbai,2025-04-07 23:00:00,27.0,61.6137466743783,
Mumbai,2025-04-08 00:00:00,25.2,77.56785584692332,1008.5
Mumbai,2025-04-08 01:00:00,28.0,69.92284655824665,
Mumbai,2025-04-08 02:00:00,27.0,74.13724053720264,
Mumbai,2025-04-08 03:00:00,28.8,74.88236905493878,1010.6
Mumbai,2025-04-08 04:00:00,32.0,52.26545370306257,
Mumbai,2025-04-08 05:00:00,34.0,43.913663069278805,
Mumbai,2025-04-08 06:00:00,33.4,61.166394066179166,1010.8
Mumbai,2025-04-08 07:00:00,33.0,59.27401124880875,
Mumbai,2025-04-08 08:00:00,33.0,55.80567844118911,
Mumbai,2025-04-08 09:00:00,34.4,56.47758336128222,1008.3
Mumbai,2025-04-08 10:00:00,33.0,43.645157807317524,
Mumbai,2025-04-08 11:00:00,32.0,55.56458760321053,
Mumbai,2025-04-08 12:00:00,33.4,51.35032689190111,1006.2
Mumbai,2025-04-08 13:00:00,32.0,46.178444191385225,
Mumbai,2025-04-08 14:00:00,32.0,49.13932991257226,
Mumbai,2025-04-08 15:00:00,31.4,59.989475281496674,1008.2
Mumbai,2025-04-08 16:00:00,31.0,55.321861254558726,
Mumbai,2025-04-08 17:00:00,30.0,58.58138510397075,
Mumbai,2025-04-08 18:00:00,30.4,63.899688803812836,1009.7
Mumbai,2025-04-08 19:00:00,30.0,62.279197326402645,
Mumbai,2025-04-08 20:00:00,29.0,65.9764050234237,
Mumbai,2025-04-08 21:00:00,27.8,79.84670514036797,1008.2
Mumbai,2025-04-08 22:00:00,29.0,70.10874183711726,
Mumbai,2025-04-08 23:00:00,29.0,70.10874183711726,
Mumbai,2025-04-09 00:00:00,28.6,77.59711341151534,1009.6
Mumbai,2025-04-09 01:00:00,28.0,69.92284655824665,
Mumbai,2025-04-09 02:00:00,28.0,74.30236303611937,
Mumbai,2025-04-09 03:00:00,29.8,78.23460259362332,1011.0
Mumbai,2025-04-09 04:00:00,30.0,70.29306142592459,
Mumbai,2025-04-09 05:00:00,32.0,62.71443976755974,
Mumbai,2025-04-09 06:00:00,33.2,68.41626758283552,1010.2
Mumbai,2025-04-09 07:00:00,33.0,62.92958329531054,
Mumbai,2025-04-09 08:00:00,33.0,62.92958329531054,
Mumbai,2025-04-09 09:00:00,33.4,70.9081702429426,1007.3
Mumbai,2025-04-09 10:00:00,32.0,66.5821913857855,
Mumbai,2025-04-09 11:00:00,31.0,70.47582088918256,
Mumbai,2025-04-09 12:00:00,32.0,73.63761837389029,1005.5
Mumbai,2025-04-09 13:00:00,30.0,66.17996487728405,
Mumbai,2025-04-09 14:00:00,30.0,66.17996487728405,
Mumbai,2025-04-09 15:00:00,30.0,81.08968974474207,1006.8
Mumbai,2025-04-09 16:00:00,29.0,79.0585121873896,
Mumbai,2025-04-09 17:00:00,29.0,79.0585121873896,
Mumbai,2025-04-09 18:00:00,29.6,83.46865512129703,1008.3
Mumbai,2025-04-09 19:00:00,29.0,74.46601257025355,
Mumbai,2025-04-09 20:00:00,29.0,74.46601257025355,
Mumbai,2025-04-09 21:00:00,28.6,83.35683314726084,1006.7
Mumbai,2025-04-09 22:00:00,29.0,79.0585121873896,
Mumbai,2025-04-09 23:00:00,29.0,79.0585121873896,
Mumbai,2025-04-10 00:00:00,29.0,84.89506306062921,1007.5
Mumbai,2025-04-10 01:00:00,28.0,83.78747242805218,
Mumbai,2025-04-10 02:00:00,29.0,79.0585121873896,
Mumbai,2025-04-10 03:00:00,30.2,79.69205742002245,1009.8
Mumbai,2025-04-10 04:00:00,30.0,70.29306142592459,
Mumbai,2025-04-10 05:00:00,31.0,66.3818887938788,
Mumbai,2025-04-10 06:00:00,33.2,64.48770817549526,1008.9
Mumbai,2025-04-10 07:00:00,32.0,62.71443976755974,
Mumbai,2025-04-10 08:00:00,33.0,59.27401124880875,
Mumbai,2025-04-10 09:00:00,32.4,70.31283604150148,1006.3
Mumbai,2025-04-10 10:00:00,32.0,62.71443976755974,
Mumbai,2025-04-10 11:00:00,31.0,66.3818887938788,
Mumbai,2025-04-10 12:00:00,31.4,70.96895584191402,1004.7
Mumbai,2025-04-10 13:00:00,30.0,66.17996487728405,
Mumbai,2025-04-10 14:00:00,29.0,70.10874183711726,
Mumbai,2025-04-10 15:00:00,29.6,75.45996920875774,1005.8
Mumbai,2025-04-10 16:00:00,29.0,70.10874183711726,
Mumbai,2025-04-10 17:00:00,28.0,74.30236303611937,
Mumbai,2025-04-10 18:00:00,28.8,79.03096698905824,1007.5
Mumbai,2025-04-10 19:00:00,28.0,74.30236303611937,
Mumbai,2025-04-10 20:00:00,28.0,74.30236303611937,
Mumbai,2025-04-10 21:00:00,28.4,78.97572139747378,1006.8
Mumbai,2025-04-10 22:00:00,28.0,74.30236303611937,
Mumbai,2025-04-10 23:00:00,28.0,74.30236303611937,
Mumbai,2025-04-11 00:00:00,27.0,87.26088849314073,1006.5
Mumbai,2025-04-11 01:00:00,27.0,83.67695517522091,
Mumbai,2025-04-11 02:00:00,27.0,83.67695517522091,
Mumbai,2025-04-11 03:00:00,29.0,80.48371679996085,1008.1
Mumbai,2025-04-11 04:00:00,29.0,74.46601257025355,
Mumbai,2025-04-11 05:00:00,31.0,55.321861254558726,
Mumbai,2025-04-11 06:00:00,34.0,59.50158303199722,1008.0
Mumbai,2025-04-11 07:00:00,33.0,52.516390209894936,
Mumbai,2025-04-11 08:00:00,33.0,49.398242289998336,
Mumbai,2025-04-11 09:00:00,33.8,60.52964398250845,1006.0
Mumbai,2025-04-11 10:00:00,32.0,52.26545370306257,
Mumbai,2025-04-11 11:00:00,31.0,62.49764883972529,
Mumbai,2025-04-11 12:00:00,31.4,69.71409411644107,1005.3
Mumbai,2025-04-11 13:00:00,29.0,70.10874183711726,
Mumbai,2025-04-11 15:00:00,29.4,76.33535606218936,1007.3
Mumbai,2025-04-11 18:00:00,29.0,76.27419595958764,1008.2
Mumbai,2025-04-11 21:00:00,28.4,77.56787120852722,1007.2
Mumbai,2025-04-12 00:00:00,27.0,82.67693820709039,1007.8
Mumbai,2025-04-12 03:00:00,29.4,73.6429959001216,1009.8
Mumbai,2025-04-12 06:00:00,33.0,58.56563201949948,1009.9
Mumbai,2025-04-12 09:00:00,32.8,63.26317222090716,1008.4
Mumbai,2025-04-12 12:00:00,32.0,66.1862478230639,1007.8
Mumbai,2025-04-12 15:00:00,29.6,75.45996920875774,1009.2
Mumbai,2025-04-12 18:00:00,28.8,76.24353220041739,1010.3
Mumbai,2025-04-12 19:00:00,28.0,69.92284655824665,
Mumbai,2025-04-12 20:00:00,28.0,69.92284655824665,
Mumbai,2025-04-12 21:00:00,28.0,77.50922415182016,1009.2
Mumbai,2025-04-12 22:00:00,28.0,69.92284655824665,
Mumbai,2025-04-12 23:00:00,27.0,69.73535987777385,
Mumbai,2025-04-13 00:00:00,26.0,85.60993471040011,1009.4
Mumbai,2025-04-13 01:00:00,27.0,74.13724053720264,
Mumbai,2025-04-13 02:00:00,27.0,78.78071949348664,
Mumbai,2025-04-13 03:00:00,28.4,78.97572139747378,1011.9
Mumbai,2025-04-13 04:00:00,29.0,65.9764050234237,
Mumbai,2025-04-13 05:00:00,31.0,58.81392369643709,
Mumbai,2025-04-13 06:00:00,32.2,62.75759984410254,1011.8
Mumbai,2025-04-13 07:00:00,32.0,59.04479527455803,
Mumbai,2025-04-13 08:00:00,31.0,62.49764883972529,
Mumbai,2025-04-13 09:00:00,32.4,70.31283604150148,1006.3
Mumbai,2025-04-13 10:00:00,31.0,62.49764883972529,
Mumbai,2025-04-13 11:00:00,31.0,62.49764883972529,
Mumbai,2025-04-13 12:00:00,31.6,71.00478678077775,1008.1
Mumbai,2025-04-13 13:00:00,29.0,70.10874183711726,
Mumbai,2025-04-13 14:00:00,29.0,70.10874183711726,
Mumbai,2025-04-13 15:00:00,29.0,80.48371679996085,1010.0
Mumbai,2025-04-13 16:00:00,28.0,74.30236303611937,
Mumbai,2025-04-13 17:00:00,28.0,78.9202680701639,
Mumbai,2025-04-13 18:00:00,28.6,83.35683314726084,1010.0
Mumbai,2025-04-13 19:00:00,28.0,74.30236303611937,
Mumbai,2025-04-13 20:00:00,27.0,78.78071949348664,
Mumbai,2025-04-13 21:00:00,26.8,88.82186644716782,1008.5
Mumbai,2025-04-13 22:00:00,27.0,78.78071949348664,
Mumbai,2025-04-13 23:00:00,27.0,78.78071949348664,
Mumbai,2025-04-14 00:00:00,26.2,90.38476214988123,1008.6
Mumbai,2025-04-14 01:00:00,27.0,78.78071949348664,
Mumbai,2025-04-14 02:00:00,27.0,78.78071949348664,
Mumbai,2025-04-14 03:00:00,28.0,75.66221487345534,1010.9
Mumbai,2025-04-14 04:00:00,31.0,55.321861254558726,
Mumbai,2025-04-14 05:00:00,34.0,41.26764941426599,
Mumbai,2025-04-14 06:00:00,36.0,37.169643234561036,1010.3
Mumbai,2025-04-14 07:00:00,35.0,49.91150957114025,
Mumbai,2025-04-14 08:00:00,36.0,41.80763114476111,
Mumbai,2025-04-14 09:00:00,36.6,45.97749152844388,1007.5
Mumbai,2025-04-14 10:00:00,36.0,23.584372757841322,
Mumbai,2025-04-14 11:00:00,36.0,23.584372757841322,
Mumbai,2025-04-14 12:00:00,35.6,30.655174972735665,1006.3
Mumbai,2025-04-14 13:00:00,33.0,36.11735711200378,
Mumbai,2025-04-14 14:00:00,32.0,38.21370900066644,
Mumbai,2025-04-14 15:00:00,30.6,67.91613145039247,1007.8
Mumbai,2025-04-14 16:00:00,29.0,70.10874183711726,
Mumbai,2025-04-14 17:00:00,29.0,74.46601257025355,
Mumbai,2025-04-14 18:00:00,29.0,80.48371679996085,1009.2
Mumbai,2025-04-14 19:00:00,28.0,78.9202680701639,
Mumbai,2025-04-14 20:00:00,28.0,74.30236303611937,
Mumbai,2025-04-14 21:00:00,27.8,82.77031896665545,1007.9
Mumbai,2025-04-14 22:00:00,28.0,74.30236303611937,
Mumbai,2025-04-14 23:00:00,28.0,74.30236303611937,
Mumbai,2025-04-15 00:00:00,26.2,90.38476214988123,1008.1
Mumbai,2025-04-15 01:00:00,28.0,74.30236303611937,
Mumbai,2025-04-15 02:00:00,29.0,74.46601257025355,
Mumbai,2025-04-15 03:00:00,29.6,74.118773297339,1009.7
Mumbai,2025-04-15 04:00:00,32.0,49.13932991257226,
Mumbai,2025-04-15 05:00:00,34.0,38.76260999542678,
Mumbai,2025-04-15 06:00:00,35.2,51.80309518672777,1009.6
Mumbai,2025-04-15 07:00:00,34.0,49.65563394804311,
Mumbai,2025-04-15 08:00:00,34.0,38.76260999542678,
Mumbai,2025-04-15 09:00:00,36.2,38.39843004146409,1007.3
Mumbai,2025-04-15 10:00:00,34.0,36.39210002718546,
Mumbai,2025-04-15 11:00:00,33.0,43.645157807317524,
Mumbai,2025-04-15 12:00:00,32.8,56.43711760467723,1006.0
Mumbai,2025-04-15 13:00:00,30.0,62.279197326402645,
Mumbai,2025-04-15 14:00:00,29.0,70.10874183711726,
Mumbai,2025-04-15 15:00:00,29.4,74.97860136800087,1007.6
Mumbai,2025-04-15 16:00:00,29.0,74.46601257025355,
Mumbai,2025-04-15 17:00:00,29.0,70.10874183711726,
Mumbai,2025-04-15 18:00:00,28.8,76.24353220041739,1008.6
Mumbai,2025-04-15 19:00:00,28.0,69.92284655824665,
Mumbai,2025-04-15 20:00:00,28.0,65.77119451823714,
Mumbai,2025-04-15 21:00:00,27.4,78.36224761821416,1007.4
Mumbai,2025-04-15 22:00:00,27.0,69.73535987777385,
Mumbai,2025-04-15 23:00:00,28.0,69.92284655824665,
Mumbai,2025-04-16 00:00:00,25.8,85.59004257177266,1007.6
Mumbai,2025-04-16 01:00:00,28.0,69.92284655824665,
Mumbai,2025-04-16 02:00:00,28.0,69.92284655824665,
Mumbai,2025-04-16 03:00:00,29.0,73.57607488115697,1009.1
Mumbai,2025-04-16 04:00:00,30.0,62.279197326402645,
Mumbai,2025-04-16 05:00:00,32.0,55.56458760321053,
Mumbai,2025-04-16 06:00:00,33.2,63.34828851792842,1009.1
Mumbai,2025-04-16 07:00:00,32.0,59.04479527455803,
Mumbai,2025-04-16 08:00:00,32.0,59.04479527455803,
Mumbai,2025-04-16 09:00:00,32.8,64.40448947276589,1007.9
Mumbai,2025-04-16 10:00:00,32.0,55.56458760321053,
Mumbai,2025-04-16 11:00:00,31.0,58.81392369643709,
Mumbai,2025-04-16 12:00:00,31.6,68.51690400466761,1006.9
Mumbai,2025-04-16 15:00:00,29.0,81.9313443709877,1008.2
Mumbai,2025-04-16 18:00:00,28.4,83.33433758376981,1009.4
Mumbai,2025-04-16 21:00:00,27.8,81.29701074620921,1008.1
Mumbai,2025-04-17 00:00:00,26.2,87.18984390567529,1007.9
Mumbai,2025-04-17 03:00:00,28.6,77.59711341151534,1009.7
Mumbai,2025-04-17 04:00:00,30.0,62.279197326402645,
Mumbai,2025-04-17 05:00:00,31.0,62.49764883972529,
Mumbai,2025-04-17 06:00:00,32.4,65.48228630790443,1009.3
Mumbai,2025-04-17 07:00:00,32.0,59.04479527455803,
Mumbai,2025-04-17 08:00:00,32.0,59.04479527455803,
Mumbai,2025-04-17 09:00:00,32.0,65.01074996458017,1007.5
Mumbai,2025-04-17 10:00:00,31.0,62.49764883972529,
Mumbai,2025-04-17 12:00:00,31.0,69.22506422320274,1005.9
Mumbai,2025-04-17 15:00:00,29.0,80.48371679996085,1007.2
Mumbai,2025-04-17 18:00:00,28.6,80.43187680667027,1008.4
Mumbai,2025-04-17 21:00:00,27.4,84.22401507730588,1007.1
Mumbai,2025-04-18 00:00:00,26.4,87.207659213301,1006.9
Mumbai,2025-04-18 03:00:00,28.8,77.62630156297041,1008.9
Mumbai,2025-04-18 06:00:00,32.2,65.05199403084112,1009.1
Mumbai,2025-04-18 09:00:00,32.6,63.22051607138405,1006.7
Mumbai,2025-04-18 10:00:00,31.0,62.49764883972529,
Mumbai,2025-04-18 11:00:00,31.0,62.49764883972529,
Mumbai,2025-04-18 12:00:00,31.4,68.47868492425357,1005.3
Mumbai,2025-04-18 13:00:00,29.0,70.10874183711726,
Mumbai,2025-04-18 15:00:00,29.4,77.71354294293734,1006.7
Mumbai,2025-04-18 18:00:00,28.6,81.88293095675748,1007.8
Mumbai,2025-04-18 21:00:00,28.4,80.40588280898815,1006.9
Mumbai,2025-04-19 00:00:00,28.0,80.3537462205201,1007.6
Mumbai,2025-04-19 03:00:00,29.8,76.85229197010862,1009.5
Mumbai,2025-04-19 06:00:00,32.4,63.9379440059793,1009.4
Mumbai,2025-04-19 09:00:00,32.6,64.36278271700262,1007.2
Mumbai,2025-04-19 12:00:00,31.8,64.96944081021161,1005.9
Mumbai,2025-04-19 15:00:00,29.4,74.97860136800087,1007.3
Mumbai,2025-04-19 18:00:00,29.0,76.27419595958764,1008.1
Mumbai,2025-04-19 21:00:00,27.0,85.7087986323302,1006.7
Mumbai,2025-04-20 00:00:00,26.0,90.37112970835472,1006.8
Mumbai,2025-04-20 03:00:00,28.8,74.88236905493878,1008.8
Mumbai,2025-04-20 06:00:00,33.4,57.95790307855285,1009.4
Mumbai,2025-04-20 09:00:00,32.6,63.22051607138405,1007.9
Mumbai,2025-04-20 12:00:00,31.6,66.9009929053849,1007.1
Mumbai,2025-04-20 15:00:00,29.6,72.36298568854065,1008.3
Mumbai,2025-04-20 18:00:00,28.6,80.43187680667027,1009.4
Mumbai,2025-04-20 21:00:00,27.8,85.78717977072007,1008.4
Mumbai,2025-04-21 00:00:00,26.6,88.80618472944694,1008.1
Mumbai,2025-04-21 03:00:00,29.0,77.65543578652992,1010.4
Mumbai,2025-04-21 06:00:00,33.0,62.18308645409979,1011.2
Mumbai,2025-04-21 09:00:00,32.4,66.6618617053601,1009.6
Mumbai,2025-04-21 12:00:00,31.6,67.30181208332723,1008.9
Mumbai,2025-04-21 15:00:00,29.4,79.11344799319119,1010.6
Mumbai,2025-04-21 18:00:00,28.8,81.90716097068722,1010.1
Mumbai,2025-04-21 21:00:00,27.4,85.74806761675889,1009.4
Mumbai,2025-04-22 00:00:00,25.6,90.34377933678581,1009.1
Mumbai,2025-04-22 03:00:00,28.6,65.09275319702243,1011.2
Mumbai,2025-04-22 06:00:00,34.8,50.4681130797898,1010.9
Mumbai,2025-04-22 09:00:00,33.8,66.15514213531858,1008.9
Mumbai,2025-04-22 12:00:00,33.0,63.305763001067604,1007.5
Mumbai,2025-04-22 15:00:00,31.4,64.49787905022467,1008.7
Mumbai,2025-04-22 18:00:00,30.0,79.66535824918688,1010.1
Mumbai,2025-04-22 21:00:00,28.8,83.37928484286573,1008.8
Mumbai,2025-04-23 00:00:00,27.0,85.7087986323302,1007.8
Mumbai,2025-04-23 03:00:00,29.4,84.9360766224706,1010.4
Mumbai,2025-04-23 06:00:00,33.2,67.21631066718778,1009.9
Mumbai,2025-04-23 09:00:00,33.0,65.60442666205464,1007.3
Mumbai,2025-04-23 11:00:00,32.0,59.04479527455803,
Mumbai,2025-04-23 12:00:00,32.6,66.70160074556692,1005.6
Mumbai,2025-04-23 13:00:00,31.0,62.49764883972529,
Mumbai,2025-04-23 15:00:00,30.4,78.31948639832048,1006.8
Mumbai,2025-04-23 16:00:00,30.0,74.62820502423824,
Mumbai,2025-04-23 17:00:00,29.0,79.0585121873896,
Mumbai,2025-04-23 18:00:00,29.6,81.03945906223336,1008.2
Mumbai,2025-04-23 19:00:00,29.0,70.10874183711726,
Mumbai,2025-04-23 21:00:00,27.6,79.81995065848324,1007.2
Mumbai,2025-04-24 00:00:00,26.2,85.62978692730046,1006.9
Mumbai,2025-04-24 01:00:00,28.0,78.9202680701639,
Mumbai,2025-04-24 02:00:00,28.0,78.9202680701639,
Mumbai,2025-04-24 03:00:00,29.6,79.6118092261478,1009.2
Mumbai,2025-04-24 04:00:00,31.0,58.81392369643709,
Mumbai,2025-04-24 05:00:00,32.0,59.04479527455803,
Mumbai,2025-04-24 06:00:00,33.4,63.76827162149033,1009.2
Mumbai,2025-04-24 09:00:00,33.2,63.34828851792842,1006.6
Mumbai,2025-04-24 12:00:00,32.2,63.89578539017188,1005.6
Mumbai,2025-04-24 15:00:00,29.8,71.53436216643706,1007.0
Mumbai,2025-04-24 18:00:00,28.8,80.45782143103412,1008.3
Mumbai,2025-04-24 21:00:00,28.4,78.97572139747378,1006.8
Mumbai,2025-04-25 00:00:00,26.8,85.68910507577876,1007.0
Mumbai,2025-04-25 03:00:00,29.4,73.6429959001216,1009.4
Mumbai,2025-04-25 06:00:00,32.8,53.110611200120836,1010.1
Mumbai,2025-04-25 09:00:00,33.6,47.17954352157042,1007.1
Mumbai,2025-04-25 12:00:00,32.8,46.39069479422688,1006.1
Mumbai,2025-04-25 15:00:00,30.0,57.5102579017241,1007.7
Mumbai,2025-04-25 18:00:00,28.6,74.85017612547131,1008.4
Mumbai,2025-04-25 21:00:00,28.6,76.21281246926864,1007.0
Mumbai,2025-04-26 00:00:00,28.0,75.66221487345534,1007.1
Mumbai,2025-04-26 03:00:00,29.8,67.3516781237725,1009.1
Mumbai,2025-04-26 06:00:00,33.2,50.059858025093185,1008.9
Mumbai,2025-04-26 09:00:00,33.6,53.632996598820334,1006.6
Mumbai,2025-04-26 12:00:00,31.6,60.03485302219658,1006.1
Mumbai,2025-04-26 15:00:00,29.6,69.7975639784289,1007.4
Mumbai,2025-04-26 18:00:00,29.0,74.91450415439337,1008.9
Mumbai,2025-04-26 21:00:00,28.4,77.56787120852722,1007.9
Mumbai,2025-04-27 00:00:00,26.8,84.15931168305403,1008.1
Mumbai,2025-04-27 03:00:00,29.2,73.60956501820533,1009.3
Mumbai,2025-04-27 06:00:00,33.0,61.07786865205016,1009.5
Mumbai,2025-04-27 09:00:00,33.2,56.53234399526844,1006.9
Mumbai,2025-04-27 12:00:00,32.6,58.47312526786792,1005.4
Mumbai,2025-04-27 15:00:00,29.6,71.07014207384191,1007.3
Mumbai,2025-04-27 18:00:00,28.8,80.45782143103412,1009.1
Mumbai,2025-04-27 21:00:00,28.4,77.56787120852722,1007.5
Mumbai,2025-04-28 00:00:00,27.8,77.0138849054383,1007.5
Mumbai,2025-04-28 03:00:00,30.4,67.87721438855921,1009.1
Mumbai,2025-04-28 06:00:00,32.8,57.470006935954075,1008.6
Mumbai,2025-04-28 08:00:00,33.0,52.516390209894936,
Mumbai,2025-04-28 09:00:00,33.0,57.5169590004615,1006.4
Mumbai,2025-04-28 10:00:00,32.0,55.56458760321053,
Mumbai,2025-04-28 11:00:00,31.0,58.81392369643709,
Mumbai,2025-04-28 12:00:00,32.2,59.090770552518066,1004.7
Mumbai,2025-04-28 13:00:00,30.0,70.29306142592459,
Mumbai,2025-04-28 14:00:00,29.0,74.46601257025355,
Mumbai,2025-04-28 15:00:00,29.6,76.82235153000387,1006.0
Mumbai,2025-04-28 16:00:00,29.0,74.46601257025355,
Mumbai,2025-04-28 17:00:00,29.0,74.46601257025355,
Mumbai,2025-04-28 18:00:00,29.0,77.65543578652992,1007.2
Mumbai,2025-04-28 19:00:00,28.0,78.9202680701639,
Mumbai,2025-04-28 20:00:00,28.0,78.9202680701639,
Mumbai,2025-04-28 21:00:00,28.6,77.59711341151534,1006.2
Mumbai,2025-04-28 23:00:00,28.0,78.9202680701639,
Mumbai,2025-04-29 00:00:00,26.4,85.64959932544602,1006.2
Mumbai,2025-04-29 01:00:00,28.0,78.9202680701639,
Mumbai,2025-04-29 02:00:00,28.0,78.9202680701639,
Mumbai,2025-04-29 03:00:00,29.8,72.83270468535767,1008.1
Mumbai,2025-04-29 04:00:00,30.0,66.17996487728405,
Mumbai,2025-04-29 05:00:00,32.0,62.71443976755974,
Mumbai,2025-04-29 06:00:00,32.8,61.03350741643827,1008.2
Mumbai,2025-04-29 07:00:00,32.0,62.71443976755974,
Mumbai,2025-04-29 08:00:00,32.0,59.04479527455803,
Mumbai,2025-04-29 09:00:00,33.4,59.010628693089586,1006.1
Mumbai,2025-04-29 10:00:00,32.0,59.04479527455803,
Mumbai,2025-04-29 11:00:00,31.0,66.3818887938788,
Mumbai,2025-04-29 12:00:00,32.0,66.1862478230639,1005.0
Mumbai,2025-04-29 13:00:00,30.0,70.29306142592459,
Mumbai,2025-04-29 14:00:00,29.0,74.46601257025355,
Mumbai,2025-04-29 15:00:00,29.8,76.85229197010862,1006.4
Mumbai,2025-04-29 16:00:00,29.0,74.46601257025355,
Mumbai,2025-04-29 17:00:00,29.0,74.46601257025355,
Mumbai,2025-04-29 18:00:00,29.4,76.33535606218936,1007.4
Mumbai,2025-04-29 19:00:00,28.0,78.9202680701639,
Mumbai,2025-04-29 20:00:00,28.0,78.9202680701639,
Mumbai,2025-04-29 21:00:00,28.6,84.8538871735531,1006.6
Mumbai,2025-04-29 22:00:00,28.0,74.30236303611937,
Mumbai,2025-04-29 23:00:00,28.0,74.30236303611937,
Mumbai,2025-04-30 00:00:00,27.0,81.19652945190819,1006.5
Mumbai,2025-04-30 01:00:00,28.0,74.30236303611937,
Mumbai,2025-04-30 02:00:00,29.0,74.46601257025355,
Mumbai,2025-04-30 03:00:00,31.4,69.71409411644107,1009.5
Mumbai,2025-04-30 04:00:00,31.0,66.3818887938788,
Mumbai,2025-04-30 05:00:00,32.0,62.71443976755974,
Mumbai,2025-04-30 06:00:00,33.4,60.08005109311657,1009.0
Mumbai,2025-04-30 07:00:00,32.0,62.71443976755974,
Mumbai,2025-04-30 08:00:00,32.0,62.71443976755974,
Mumbai,2025-04-30 09:00:00,33.6,60.48499185110832,1007.1
Mumbai,2025-04-30 10:00:00,32.0,62.71443976755974,
Mumbai,2025-04-30 11:00:00,31.0,66.3818887938788,
Mumbai,2025-04-30 12:00:00,31.8,68.55505992605102,1006.4
Mumbai,2025-04-30 13:00:00,30.0,70.29306142592459,
Mumbai,2025-04-30 14:00:00,29.0,74.46601257025355,
Mumbai,2025-04-30 15:00:00,29.8,76.85229197010862,1007.0
Mumbai,2025-04-30 16:00:00,29.0,79.0585121873896,
Mumbai,2025-04-30 17:00:00,29.0,79.0585121873896,
Mumbai,2025-04-30 18:00:00,29.2,80.5095630310082,1008.4
Mumbai,2025-04-30 19:00:00,28.0,78.9202680701639,
Mumbai,2025-04-30 20:00:00,29.0,74.46601257025355,
Mumbai,2025-04-30 21:00:00,28.6,81.88293095675748,1007.2
Mumbai,2025-04-30 22:00:00,28.0,78.9202680701639,
Mumbai,2025-04-30 23:00:00,28.0,74.30236303611937,
Mumbai,2025-05-01 00:00:00,27.8,84.2669381064797,1008.1
Mumbai,2025-05-01 01:00:00,28.0,78.9202680701639,
Mumbai,2025-05-01 02:00:00,29.0,74.46601257025355,
Mumbai,2025-05-01 03:00:00,30.0,74.18441432342445,1009.4
Mumbai,2025-05-01 04:00:00,31.0,62.49764883972529,
Mumbai,2025-05-01 05:00:00,32.0,62.71443976755974,
Mumbai,2025-05-01 06:00:00,33.4,61.166394066179166,1009.5
Mumbai,2025-05-01 07:00:00,32.0,66.5821913857855,
Mumbai,2025-05-01 08:00:00,32.0,66.5821913857855,
Mumbai,2025-05-01 09:00:00,33.6,64.95378562281357,1008.1
Mumbai,2025-05-01 10:00:00,33.0,59.27401124880875,
Mumbai,2025-05-01 11:00:00,32.0,62.71443976755974,
Mumbai,2025-05-01 12:00:00,32.6,64.36278271700262,1006.9
Mumbai,2025-05-01 13:00:00,30.0,70.29306142592459,
Mumbai,2025-05-01 14:00:00,30.0,70.29306142592459,
Mumbai,2025-05-01 15:00:00,30.2,75.55406963834521,1007.8
Mumbai,2025-05-01 16:00:00,29.0,79.0585121873896,
Mumbai,2025-05-01 17:00:00,29.0,79.0585121873896,
Mumbai,2025-05-01 18:00:00,29.4,81.97957178446406,1008.6
Mumbai,2025-05-01 19:00:00,29.0,79.0585121873896,
Mumbai,2025-05-01 20:00:00,29.0,74.46601257025355,
Mumbai,2025-05-01 21:00:00,28.0,80.3537462205201,1008.1
Mumbai,2025-05-01 22:00:00,29.0,70.10874183711726,
Mumbai,2025-05-01 23:00:00,28.0,78.9202680701639,
Mumbai,2025-05-02 00:00:00,26.8,88.82186644716782,1008.6
Mumbai,2025-05-02 01:00:00,28.0,74.30236303611937,
Mumbai,2025-05-02 02:00:00,29.0,74.46601257025355,
Mumbai,2025-05-02 03:00:00,29.6,76.82235153000387,1009.8
Mumbai,2025-05-02 04:00:00,31.0,58.81392369643709,
Mumbai,2025-05-02 05:00:00,33.0,52.516390209894936,
Mumbai,2025-05-02 06:00:00,33.4,59.010628693089586,1009.1
Mumbai,2025-05-02 07:00:00,33.0,59.27401124880875,
Mumbai,2025-05-02 08:00:00,33.0,59.27401124880875,
Mumbai,2025-05-02 09:00:00,33.6,60.48499185110832,1007.7
Mumbai,2025-05-02 10:00:00,32.0,55.56458760321053,
Mumbai,2025-05-02 11:00:00,32.0,59.04479527455803,
Mumbai,2025-05-02 12:00:00,33.0,57.5169590004615,1006.3
Mumbai,2025-05-02 13:00:00,30.0,66.17996487728405,
Mumbai,2025-05-02 14:00:00,30.0,62.279197326402645,
Mumbai,2025-05-02 15:00:00,30.4,67.87721438855921,1007.7
Mumbai,2025-05-02 16:00:00,30.0,62.279197326402645,
Mumbai,2025-05-02 17:00:00,30.0,66.17996487728405,
Mumbai,2025-05-02 18:00:00,29.6,75.45996920875774,1008.6
Mumbai,2025-05-02 19:00:00,29.0,74.46601257025355,
Mumbai,2025-05-02 20:00:00,29.0,74.46601257025355,
Mumbai,2025-05-02 21:00:00,28.8,77.62630156297041,1007.6
Mumbai,2025-05-02 22:00:00,28.0,78.9202680701639,
Mumbai,2025-05-02 23:00:00,29.0,74.46601257025355,
Mumbai,2025-05-03 00:00:00,27.2,87.27855968744687,1007.6
Mumbai,2025-05-03 01:00:00,28.0,78.9202680701639,
Mumbai,2025-05-03 02:00:00,28.0,78.9202680701639,
Mumbai,2025-05-03 03:00:00,29.4,74.97860136800087,1009.2
Mumbai,2025-05-03 04:00:00,32.0,59.04479527455803,
Mumbai,2025-05-03 05:00:00,33.0,52.516390209894936,
Mumbai,2025-05-03 06:00:00,34.2,50.93053928782519,1009.6
Mumbai,2025-05-03 07:00:00,34.0,41.26764941426599,
Mumbai,2025-05-03 08:00:00,33.0,49.398242289998336,
Mumbai,2025-05-03 09:00:00,34.0,55.04309180081118,1008.0
Mumbai,2025-05-03 10:00:00,32.0,55.56458760321053,
Mumbai,2025-05-03 11:00:00,32.0,59.04479527455803,
Mumbai,2025-05-03 12:00:00,33.0,57.5169590004615,1006.6
Mumbai,2025-05-03 13:00:00,30.0,66.17996487728405,
Mumbai,2025-05-03 14:00:00,30.0,66.17996487728405,
Mumbai,2025-05-03 15:00:00,30.4,66.66180868247822,1007.5
Mumbai,2025-05-03 16:00:00,29.0,65.9764050234237,
Mumbai,2025-05-03 17:00:00,29.0,70.10874183711726,
Mumbai,2025-05-03 18:00:00,29.6,71.07014207384191,1008.1
Mumbai,2025-05-03 19:00:00,29.0,70.10874183711726,
Mumbai,2025-05-03 20:00:00,29.0,65.9764050234237,
Mumbai,2025-05-03 21:00:00,29.0,70.96187714437761,1007.1
Mumbai,2025-05-03 22:00:00,28.0,74.30236303611937,
Mumbai,2025-05-03 23:00:00,28.0,69.92284655824665,
Mumbai,2025-05-04 00:00:00,28.8,72.2237174181299,1007.2
Mumbai,2025-05-04 01:00:00,28.0,69.92284655824665,
Mumbai,2025-05-04 02:00:00,29.0,65.9764050234237,
Mumbai,2025-05-04 03:00:00,31.0,63.258166707380134,1009.2
Mumbai,2025-05-04 04:00:00,31.0,58.81392369643709,
Mumbai,2025-05-04 05:00:00,32.0,55.56458760321053,
Mumbai,2025-05-04 06:00:00,33.0,55.468825283877344,1010.0
Mumbai,2025-05-04 07:00:00,32.0,55.56458760321053,
Mumbai,2025-05-04 08:00:00,32.0,55.56458760321053,
Mumbai,2025-05-04 09:00:00,33.4,55.56523594731952,1007.4
Mumbai,2025-05-04 10:00:00,32.0,55.56458760321053,
Mumbai,2025-05-04 11:00:00,31.0,62.49764883972529,
Mumbai,2025-05-04 12:00:00,32.4,61.68118591242464,1005.9
Mumbai,2025-05-04 13:00:00,30.0,66.17996487728405,
Mumbai,2025-05-04 14:00:00,30.0,66.17996487728405,
Mumbai,2025-05-04 15:00:00,30.2,71.60525312499601,1006.5
Mumbai,2025-05-04 16:00:00,29.0,70.10874183711726,
Mumbai,2025-05-04 17:00:00,29.0,70.10874183711726,
Mumbai,2025-05-04 18:00:00,30.0,72.866865390855,1007.6
Mumbai,2025-05-04 19:00:00,29.0,70.10874183711726,
Mumbai,2025-05-04 20:00:00,29.0,70.10874183711726,
Mumbai,2025-05-04 21:00:00,29.0,77.65543578652992,1006.2
Mumbai,2025-05-04 22:00:00,28.0,74.30236303611937,
Mumbai,2025-05-04 23:00:00,28.0,74.30236303611937,
Mumbai,2025-05-05 00:00:00,28.2,80.37983931978188,1006.1
Mumbai,2025-05-05 01:00:00,28.0,74.30236303611937,
Mumbai,2025-05-05 02:00:00,29.0,70.10874183711726,
Mumbai,2025-05-05 03:00:00,31.0,67.99377352527183,1008.0
Mumbai,2025-05-05 04:00:00,30.0,62.279197326402645,
Mumbai,2025-05-05 05:00:00,31.0,62.49764883972529,
Mumbai,2025-05-05 06:00:00,33.0,57.5169590004615,1008.2
Mumbai,2025-05-05 07:00:00,32.0,59.04479527455803,
Mumbai,2025-05-05 08:00:00,32.0,59.04479527455803,
Mumbai,2025-05-05 09:00:00,33.4,57.95790307855285,1006.4
Mumbai,2025-05-05 10:00:00,32.0,59.04479527455803,
Mumbai,2025-05-05 11:00:00,31.0,62.49764883972529,
Mumbai,2025-05-05 12:00:00,32.2,62.75759984410254,1005.4
Mumbai,2025-05-05 13:00:00,30.0,70.29306142592459,
Mumbai,2025-05-05 14:00:00,30.0,70.29306142592459,
Mumbai,2025-05-05 15:00:00,30.6,70.40290332892224,1008.2
Mumbai,2025-05-05 16:00:00,29.0,70.10874183711726,
Mumbai,2025-05-05 17:00:00,29.0,70.10874183711726,
Mumbai,2025-05-05 18:00:00,30.2,71.60525312499601,1008.9
Mumbai,2025-05-05 19:00:00,29.0,70.10874183711726,
Mumbai,2025-05-05 20:00:00,29.0,70.10874183711726,
Mumbai,2025-05-05 21:00:00,29.6,74.118773297339,1007.6
Mumbai,2025-05-05 22:00:00,29.0,70.10874183711726,
Mumbai,2025-05-05 23:00:00,29.0,70.10874183711726,
Mumbai,2025-05-06 00:00:00,29.4,73.6429959001216,1008.1
Mumbai,2025-05-06 01:00:00,29.0,70.10874183711726,
Mumbai,2025-05-06 02:00:00,29.0,70.10874183711726,
Mumbai,2025-05-06 03:00:00,31.0,66.78169156880611,1009.3
Mumbai,2025-05-06 04:00:00,31.0,58.81392369643709,
Mumbai,2025-05-06 05:00:00,32.0,59.04479527455803,
Mumbai,2025-05-06 06:00:00,33.4,57.95790307855285,1009.1
Mumbai,2025-05-06 07:00:00,32.0,59.04479527455803,
Mumbai,2025-05-06 08:00:00,32.0,59.04479527455803,
Mumbai,2025-05-06 09:00:00,33.6,59.056399786976336,1006.9
Mumbai,2025-05-06 10:00:00,32.0,55.56458760321053,
Mumbai,2025-05-06 11:00:00,32.0,62.71443976755974,
Mumbai,2025-05-06 12:00:00,32.0,63.85356133058713,1005.6
Mumbai,2025-05-06 13:00:00,30.0,70.29306142592459,
Mumbai,2025-05-06 14:00:00,30.0,70.29306142592459,
Mumbai,2025-05-06 15:00:00,30.8,71.71113203855039,1007.5
Mumbai,2025-05-06 16:00:00,30.0,70.29306142592459,
Mumbai,2025-05-06 17:00:00,25.0,78.49764721655077,
Mumbai,2025-05-06 18:00:00,24.8,77.03212588839541,1010.3
Mumbai,2025-05-06 19:00:00,23.0,83.22381284256232,
Mumbai,2025-05-06 21:00:00,25.0,77.06236252506079,1006.6
Mumbai,2025-05-06 22:00:00,25.0,69.35554872897104,
Mumbai,2025-05-06 23:00:00,26.0,65.35576219694184,
Mumbai,2025-05-07 00:00:00,25.4,77.59744380650201,1007.3
Mumbai,2025-05-07 01:00:00,26.0,69.54626593683008,
Mumbai,2025-05-07 02:00:00,27.0,65.56431854728334,
Mumbai,2025-05-07 03:00:00,28.0,72.96396353006286,1008.0
Mumbai,2025-05-07 04:00:00,30.0,62.279197326402645,
Mumbai,2025-05-07 05:00:00,29.0,70.10874183711726,
Mumbai,2025-05-07 06:00:00,26.6,74.98174057282651,1008.3
Mumbai,2025-05-07 07:00:00,25.0,69.35554872897104,
Mumbai,2025-05-07 08:00:00,30.0,51.75880110114196,
Mumbai,2025-05-07 09:00:00,32.8,57.470006935954075,1005.8
Mumbai,2025-05-07 11:00:00,26.0,61.38851998965914,
Mumbai,2025-05-07 12:00:00,23.2,89.62675163391533,1006.9
Mumbai,2025-05-07 13:00:00,24.0,83.33878752130364,
Mumbai,2025-05-07 14:00:00,23.0,83.22381284256232,
Mumbai,2025-05-07 15:00:00,22.8,92.95399507508202,1008.5
Mumbai,2025-05-07 16:00:00,23.0,94.10581804007526,
Mumbai,2025-05-07 17:00:00,24.0,88.59935257199315,
Mumbai,2025-05-07 18:00:00,24.4,93.03523459227986,1007.6
Mumbai,2025-05-07 19:00:00,24.0,83.33878752130364,
Mumbai,2025-05-07 20:00:00,25.0,83.45262666598398,
Mumbai,2025-05-07 21:00:00,24.6,91.37426421535667,1005.9
Mumbai,2025-05-07 22:00:00,24.0,88.59935257199315,
Mumbai,2025-05-07 23:00:00,24.0,88.59935257199315,
Mumbai,2025-05-08 00:00:00,24.6,91.37426421535667,1005.7
Mumbai,2025-05-08 01:00:00,25.0,83.45262666598398,
Mumbai,2025-05-08 02:00:00,25.0,83.45262666598398,
Mumbai,2025-05-08 03:00:00,26.2,81.09527108176809,1008.1
Mumbai,2025-05-08 04:00:00,27.0,78.78071949348664,
Mumbai,2025-05-08 05:00:00,28.0,74.30236303611937,
Mumbai,2025-05-08 06:00:00,31.4,66.06520314217083,1008.2
Mumbai,2025-05-08 07:00:00,29.0,65.9764050234237,
Mumbai,2025-05-08 08:00:00,30.0,66.17996487728405,
Mumbai,2025-05-08 09:00:00,27.6,71.57535111923292,1007.7
Mumbai,2025-05-08 10:00:00,27.0,69.73535987777385,
Mumbai,2025-05-08 11:00:00,30.0,62.279197326402645,
Mumbai,2025-05-08 12:00:00,30.2,61.19367991310041,1006.1
Mumbai,2025-05-08 13:00:00,28.0,69.92284655824665,
Mumbai,2025-05-08 14:00:00,28.0,69.92284655824665,
Mumbai,2025-05-08 15:00:00,28.2,72.99821296932988,1007.0
Mumbai,2025-05-08 16:00:00,28.0,69.92284655824665,
Mumbai,2025-05-08 17:00:00,28.0,69.92284655824665,
Mumbai,2025-05-08 18:00:00,28.0,77.50922415182016,1008.3
Mumbai,2025-05-08 19:00:00,27.0,78.78071949348664,
Mumbai,2025-05-08 20:00:00,27.0,78.78071949348664,
Mumbai,2025-05-08 21:00:00,27.8,79.84670514036797,1006.9
Mumbai,2025-05-08 22:00:00,25.0,83.45262666598398,
Mumbai,2025-05-08 23:00:00,26.0,78.6398510724195,
Mumbai,2025-05-09 00:00:00,26.4,84.11596226208941,1007.3
Mumbai,2025-05-09 01:00:00,26.0,78.6398510724195,
Mumbai,2025-05-09 02:00:00,27.0,74.13724053720264,
Mumbai,2025-05-09 03:00:00,28.8,73.54252536250394,1009.4
Mumbai,2025-05-09 04:00:00,29.0,65.9764050234237,
Mumbai,2025-05-09 05:00:00,30.0,62.279197326402645,
Mumbai,2025-05-09 06:00:00,31.6,62.25158297844957,1009.8
Mumbai,2025-05-09 07:00:00,28.0,78.9202680701639,
Mumbai,2025-05-09 08:00:00,31.0,62.49764883972529,
Mumbai,2025-05-09 09:00:00,33.0,53.160307816284856,1006.8
Mumbai,2025-05-09 11:00:00,31.0,62.49764883972529,
Mumbai,2025-05-09 12:00:00,32.0,62.71443976755974,1006.4
Mumbai,2025-05-09 13:00:00,30.0,66.17996487728405,
Mumbai,2025-05-09 14:00:00,29.0,70.10874183711726,
Mumbai,2025-05-09 15:00:00,30.0,71.5698382304094,1008.4
Mumbai,2025-05-09 16:00:00,29.0,70.10874183711726,
Mumbai,2025-05-09 17:00:00,27.0,74.13724053720264,
Mumbai,2025-05-09 18:00:00,26.2,90.38476214988123,1008.9
Mumbai,2025-05-09 19:00:00,27.0,78.78071949348664,
Mumbai,2025-05-09 20:00:00,27.0,78.78071949348664,
Mumbai,2025-05-09 21:00:00,26.4,92.03168153578638,1007.1
Mumbai,2025-05-09 22:00:00,27.0,83.67695517522091,
Mumbai,2025-05-09 23:00:00,27.0,78.78071949348664,
Mumbai,2025-05-10 00:00:00,26.4,88.79047072518293,1007.6
Mumbai,2025-05-10 01:00:00,27.0,78.78071949348664,
Mumbai,2025-05-10 02:00:00,28.0,69.92284655824665,
Mumbai,2025-05-10 03:00:00,29.0,70.96187714437761,1009.2
Mumbai,2025-05-10 04:00:00,30.0,62.279197326402645,
Mumbai,2025-05-10 05:00:00,31.0,58.81392369643709,
Mumbai,2025-05-10 06:00:00,32.6,59.54003872035679,1009.4
Mumbai,2025-05-10 07:00:00,32.0,55.56458760321053,
Mumbai,2025-05-10 08:00:00,32.0,59.04479527455803,
Mumbai,2025-05-10 09:00:00,32.8,61.03350741643827,1007.9
Mumbai,2025-05-10 10:00:00,32.0,55.56458760321053,
Mumbai,2025-05-10 11:00:00,32.0,55.56458760321053,
Mumbai,2025-05-10 12:00:00,32.8,62.13958951433999,1006.0
Mumbai,2025-05-10 13:00:00,31.0,62.49764883972529,
Mumbai,2025-05-10 14:00:00,29.0,70.10874183711726,
Mumbai,2025-05-10 15:00:00,30.0,71.5698382304094,1008.5
Mumbai,2025-05-10 16:00:00,29.0,74.46601257025355,
Mumbai,2025-05-10 17:00:00,29.0,74.46601257025355,
Mumbai,2025-05-10 18:00:00,29.6,72.36298568854065,1008.9
Mumbai,2025-05-10 19:00:00,29.0,74.46601257025355,
Mumbai,2025-05-10 20:00:00,29.0,74.46601257025355,
Mumbai,2025-05-10 21:00:00,28.8,79.03096698905824,1007.5
Mumbai,2025-05-10 22:00:00,29.0,70.10874183711726,
Mumbai,2025-05-10 23:00:00,28.0,78.9202680701639,
Mumbai,2025-05-11 00:00:00,27.8,81.29701074620921,1007.8
Mumbai,2025-05-11 01:00:00,28.0,78.9202680701639,
Mumbai,2025-05-11 02:00:00,28.0,78.9202680701639,
Mumbai,2025-05-11 03:00:00,29.8,74.15162297941144,1009.2
Mumbai,2025-05-11 04:00:00,31.0,66.3818887938788,
Mumbai,2025-05-11 05:00:00,32.0,59.04479527455803,
Mumbai,2025-05-11 06:00:00,34.6,52.28033074523809,1008.4
Mumbai,2025-05-11 07:00:00,33.0,59.27401124880875,
Mumbai,2025-05-11 08:00:00,32.0,62.71443976755974,
Mumbai,2025-05-11 09:00:00,34.0,57.40603103345707,1006.4
Mumbai,2025-05-11 10:00:00,32.0,55.56458760321053,
Mumbai,2025-05-11 11:00:00,32.0,55.56458760321053,
Mumbai,2025-05-11 12:00:00,33.2,60.03499793790983,1004.7
Mumbai,2025-05-11 13:00:00,31.0,66.3818887938788,
Mumbai,2025-05-11 14:00:00,30.0,70.29306142592459,
Mumbai,2025-05-11 15:00:00,30.6,71.67589990470815,1006.7
Mumbai,2025-05-11 16:00:00,30.0,70.29306142592459,
Mumbai,2025-05-11 17:00:00,30.0,70.29306142592459,
Mumbai,2025-05-11 18:00:00,30.0,75.5227593496699,1007.7
Mumbai,2025-05-11 19:00:00,29.0,70.10874183711726,
Mumbai,2025-05-11 20:00:00,29.0,74.46601257025355,
Mumbai,2025-05-11 21:00:00,28.6,81.88293095675748,1006.4
Mumbai,2025-05-11 22:00:00,29.0,74.46601257025355,
Mumbai,2025-05-11 23:00:00,29.0,74.46601257025355,
Mumbai,2025-05-12 00:00:00,28.0,85.80667728802291,1006.2
Mumbai,2025-05-12 01:00:00,28.0,78.9202680701639,
Mumbai,2025-05-12 02:00:00,29.0,74.46601257025355,
Mumbai,2025-05-12 03:00:00,30.2,71.60525312499601,1007.8
Mumbai,2025-05-12 04:00:00,31.0,62.49764883972529,
Mumbai,2025-05-12 05:00:00,32.0,59.04479527455803,
Mumbai,2025-05-12 06:00:00,33.6,52.66619140083634,1007.6
Mumbai,2025-05-12 07:00:00,34.0,52.76574284376031,
Mumbai,2025-05-12 08:00:00,32.0,62.71443976755974,
Mumbai,2025-05-12 09:00:00,33.4,55.56523594731952,1005.5
Mumbai,2025-05-12 10:00:00,32.0,62.71443976755974,
Mumbai,2025-05-12 11:00:00,32.0,62.71443976755974,
Mumbai,2025-05-12 12:00:00,32.6,61.72510709079442,1003.7
Mumbai,2025-05-12 13:00:00,31.0,66.3818887938788,
Mumbai,2025-05-12 14:00:00,30.0,66.17996487728405,
Mumbai,2025-05-12 15:00:00,30.6,70.40290332892224,1006.0
Mumbai,2025-05-12 16:00:00,30.0,70.29306142592459,
Mumbai,2025-05-12 17:00:00,30.0,66.17996487728405,
Mumbai,2025-05-12 19:00:00,30.0,70.29306142592459,
Mumbai,2025-05-12 20:00:00,29.0,74.46601257025355,
Mumbai,2025-05-12 21:00:00,28.6,81.88293095675748,1005.3
Mumbai,2025-05-12 22:00:00,29.0,74.46601257025355,
Mumbai,2025-05-12 23:00:00,29.0,74.46601257025355,
Mumbai,2025-05-13 00:00:00,28.4,84.83323810049623,1005.8
Mumbai,2025-05-13 01:00:00,29.0,74.46601257025355,
Mumbai,2025-05-13 02:00:00,30.0,70.29306142592459,
Mumbai,2025-05-13 03:00:00,30.2,78.29124418971334,1007.8
Mumbai,2025-05-13 04:00:00,28.0,83.78747242805218,
Mumbai,2025-05-13 05:00:00,29.0,70.10874183711726,
Mumbai,2025-05-13 06:00:00,32.8,63.26317222090716,1008.1
Mumbai,2025-05-13 07:00:00,33.0,55.80567844118911,
Mumbai,2025-05-13 08:00:00,33.0,55.80567844118911,
Mumbai,2025-05-13 09:00:00,33.8,58.050869508005654,1005.7
Mumbai,2025-05-13 10:00:00,33.0,59.27401124880875,
Mumbai,2025-05-13 11:00:00,32.0,59.04479527455803,
Mumbai,2025-05-13 12:00:00,32.4,62.800694130044874,1004.8
Mumbai,2025-05-13 13:00:00,31.0,66.3818887938788,
Mumbai,2025-05-13 14:00:00,30.0,70.29306142592459,
Mumbai,2025-05-13 15:00:00,30.8,69.18743090524858,1006.5
Mumbai,2025-05-13 16:00:00,30.0,70.29306142592459,
Mumbai,2025-05-13 17:00:00,30.0,70.29306142592459,
Mumbai,2025-05-13 18:00:00,30.0,74.18441432342445,1007.2
Mumbai,2025-05-13 19:00:00,29.0,74.46601257025355,
Mumbai,2025-05-13 20:00:00,29.0,70.10874183711726,
Mumbai,2025-05-13 21:00:00,29.4,76.33535606218936,1006.0
Mumbai,2025-05-13 22:00:00,28.0,74.30236303611937,
Mumbai,2025-05-14 00:00:00,28.6,80.43187680667027,1007.0
Mumbai,2025-05-14 01:00:00,28.0,78.9202680701639,
Mumbai,2025-05-14 02:00:00,29.0,70.10874183711726,
Mumbai,2025-05-14 03:00:00,30.2,74.2171474546091,1008.0
Mumbai,2025-05-14 04:00:00,32.0,55.56458760321053,
Mumbai,2025-05-14 05:00:00,32.0,62.71443976755974,
Mumbai,2025-05-14 06:00:00,33.6,60.48499185110832,1008.0
Mumbai,2025-05-14 07:00:00,33.0,59.27401124880875,
Mumbai,2025-05-14 08:00:00,33.0,59.27401124880875,
Mumbai,2025-05-14 09:00:00,34.4,61.02394829813572,1005.8
Mumbai,2025-05-14 10:00:00,32.0,62.71443976755974,
Mumbai,2025-05-14 11:00:00,32.0,66.5821913857855,
Mumbai,2025-05-14 12:00:00,31.6,71.00478678077775,1005.2
Mumbai,2025-05-14 13:00:00,31.0,66.3818887938788,
Mumbai,2025-05-14 14:00:00,30.0,66.17996487728405,
Mumbai,2025-05-14 15:00:00,30.4,69.11197515651446,1006.8
Mumbai,2025-05-14 16:00:00,29.0,70.10874183711726,
Mumbai,2025-05-14 17:00:00,28.0,74.30236303611937,
Mumbai,2025-05-14 18:00:00,28.8,79.03096698905824,1007.5
Mumbai,2025-05-14 19:00:00,28.0,69.92284655824665,
Mumbai,2025-05-14 20:00:00,28.0,69.92284655824665,
Mumbai,2025-05-14 21:00:00,28.4,78.97572139747378,1006.4
Mumbai,2025-05-14 22:00:00,28.0,74.30236303611937,
Mumbai,2025-05-14 23:00:00,28.0,74.30236303611937,
Mumbai,2025-05-15 00:00:00,28.0,80.3537462205201,1006.6
Mumbai,2025-05-15 01:00:00,28.0,74.30236303611937,
Mumbai,2025-05-15 02:00:00,28.0,74.30236303611937,
Mumbai,2025-05-15 03:00:00,30.6,74.28243957799879,1008.1
Mumbai,2025-05-15 04:00:00,30.0,70.29306142592459,
Mumbai,2025-05-15 05:00:00,32.0,62.71443976755974,
Mumbai,2025-05-15 06:00:00,33.6,63.81035576931347,1008.2
Mumbai,2025-05-15 07:00:00,32.0,62.71443976755974,
Mumbai,2025-05-15 08:00:00,32.0,66.5821913857855,
Mumbai,2025-05-15 09:00:00,34.0,61.663754542437346,1006.4
Mumbai,2025-05-15 10:00:00,32.0,62.71443976755974,
Mumbai,2025-05-15 11:00:00,32.0,62.71443976755974,
Mumbai,2025-05-15 12:00:00,32.4,65.48228630790443,1005.6
Mumbai,2025-05-15 13:00:00,31.0,66.3818887938788,
Mumbai,2025-05-15 14:00:00,31.0,62.49764883972529,
Mumbai,2025-05-15 15:00:00,31.0,72.1742265807024,1006.4
Mumbai,2025-05-15 16:00:00,30.0,70.29306142592459,
Mumbai,2025-05-15 17:00:00,30.0,70.29306142592459,
Mumbai,2025-05-15 18:00:00,30.6,72.96898936310727,1007.5
Mumbai,2025-05-15 19:00:00,30.0,70.29306142592459,
Mumbai,2025-05-15 20:00:00,30.0,70.29306142592459,
Mumbai,2025-05-15 21:00:00,30.2,76.91200889831605,1006.3
Mumbai,2025-05-15 22:00:00,30.0,70.29306142592459,
Mumbai,2025-05-15 23:00:00,29.0,74.46601257025355,
Mumbai,2025-05-16 00:00:00,30.2,78.29124418971334,1006.2
Mumbai,2025-05-16 01:00:00,29.0,74.46601257025355,
Mumbai,2025-05-16 02:00:00,30.0,70.29306142592459,
Mumbai,2025-05-16 03:00:00,31.2,69.67698198453844,1007.5
Mumbai,2025-05-16 04:00:00,31.0,66.3818887938788,
Mumbai,2025-05-16 05:00:00,32.0,62.71443976755974,
Mumbai,2025-05-16 06:00:00,33.8,62.727505384680136,1008.2
Mumbai,2025-05-16 07:00:00,33.0,59.27401124880875,
Mumbai,2025-05-16 08:00:00,33.0,59.27401124880875,
Mumbai,2025-05-16 09:00:00,32.2,67.82126335429727,1005.9
Mumbai,2025-05-16 10:00:00,32.0,59.04479527455803,
Mumbai,2025-05-16 11:00:00,31.0,66.3818887938788,
Mumbai,2025-05-16 12:00:00,31.6,68.51690400466761,1005.5
Mumbai,2025-05-16 13:00:00,30.0,70.29306142592459,
Mumbai,2025-05-16 14:00:00,30.0,70.29306142592459,
Mumbai,2025-05-16 15:00:00,30.8,71.71113203855039,1007.4
Mumbai,2025-05-16 16:00:00,30.0,70.29306142592459,
Mumbai,2025-05-16 17:00:00,30.0,66.17996487728405,
Mumbai,2025-05-16 18:00:00,30.4,72.93500760473812,1007.1
Mumbai,2025-05-16 19:00:00,30.0,70.29306142592459,
Mumbai,2025-05-16 20:00:00,30.0,70.29306142592459,
Mumbai,2025-05-16 21:00:00,30.4,72.93500760473812,1006.0
Mumbai,2025-05-16 22:00:00,29.0,70.10874183711726,
Mumbai,2025-05-16 23:00:00,30.0,70.29306142592459,
Mumbai,2025-05-17 00:00:00,30.2,74.2171474546091,1005.7
Mumbai,2025-05-17 01:00:00,30.0,70.29306142592459,
Mumbai,2025-05-17 02:00:00,29.0,74.46601257025355,
Mumbai,2025-05-17 03:00:00,30.4,78.31948639832048,1007.4
Mumbai,2025-05-17 04:00:00,28.0,83.78747242805218,
Mumbai,2025-05-17 05:00:00,31.0,70.47582088918256,
Mumbai,2025-05-17 06:00:00,30.4,85.53649748682237,1008.1
Mumbai,2025-05-17 07:00:00,31.0,70.47582088918256,
Mumbai,2025-05-17 08:00:00,31.0,66.3818887938788,
Mumbai,2025-05-17 09:00:00,32.8,67.93722542562669,1006.4
Mumbai,2025-05-17 10:00:00,32.0,62.71443976755974,
Mumbai,2025-05-17 11:00:00,32.0,59.04479527455803,
Mumbai,2025-05-17 12:00:00,32.4,63.9379440059793,1004.9
Mumbai,2025-05-17 13:00:00,30.0,66.17996487728405,
Mumbai,2025-05-17 14:00:00,30.0,66.17996487728405,
Mumbai,2025-05-17 15:00:00,30.4,75.58532357148971,1006.1
Mumbai,2025-05-17 16:00:00,30.0,66.17996487728405,
Mumbai,2025-05-17 17:00:00,30.0,66.17996487728405,
Mumbai,2025-05-17 18:00:00,30.0,75.5227593496699,1006.6
Mumbai,2025-05-17 19:00:00,29.0,70.10874183711726,
Mumbai,2025-05-17 20:00:00,29.0,70.10874183711726,
Mumbai,2025-05-17 21:00:00,29.4,76.33535606218936,1005.5
Mumbai,2025-05-17 22:00:00,29.0,70.10874183711726,
Mumbai,2025-05-17 23:00:00,29.0,70.10874183711726,
Mumbai,2025-05-18 00:00:00,28.8,81.90716097068722,1006.0
Mumbai,2025-05-18 01:00:00,29.0,70.10874183711726,
Mumbai,2025-05-18 02:00:00,30.0,66.17996487728405,
Mumbai,2025-05-18 03:00:00,31.0,65.58856385714532,1007.4
Mumbai,2025-05-18 04:00:00,31.0,66.3818887938788,
Mumbai,2025-05-18 05:00:00,32.0,62.71443976755974,
Mumbai,2025-05-18 06:00:00,33.8,62.727505384680136,1007.1
Mumbai,2025-05-18 07:00:00,32.0,62.71443976755974,
Mumbai,2025-05-18 08:00:00,32.0,59.04479527455803,
Mumbai,2025-05-18 09:00:00,34.0,58.445589633486186,1004.8
Mumbai,2025-05-18 10:00:00,32.0,52.26545370306257,
Mumbai,2025-05-18 11:00:00,31.0,62.49764883972529,
Mumbai,2025-05-18 12:00:00,31.8,66.14596424716504,1003.6
Mumbai,2025-05-18 13:00:00,30.0,66.17996487728405,
Mumbai,2025-05-18 14:00:00,30.0,66.17996487728405,
Mumbai,2025-05-18 15:00:00,30.8,70.43939306440934,1004.6
Mumbai,2025-05-18 16:00:00,30.0,70.29306142592459,
Mumbai,2025-05-18 17:00:00,30.0,66.17996487728405,
Mumbai,2025-05-18 18:00:00,30.4,72.93500760473812,1005.3
Mumbai,2025-05-18 19:00:00,30.0,66.17996487728405,
Mumbai,2025-05-18 20:00:00,30.0,70.29306142592459,
Mumbai,2025-05-18 21:00:00,30.4,75.58532357148971,1004.0
Mumbai,2025-05-18 22:00:00,30.0,70.29306142592459,
Mumbai,2025-05-18 23:00:00,30.0,70.29306142592459,
Mumbai,2025-05-19 00:00:00,28.6,90.54615869442738,1004.4
Mumbai,2025-05-19 01:00:00,29.0,74.46601257025355,
Mumbai,2025-05-19 02:00:00,29.0,79.0585121873896,
Mumbai,2025-05-19 03:00:00,29.6,88.00194722290112,1005.9
Mumbai,2025-05-19 04:00:00,30.0,70.29306142592459,
Mumbai,2025-05-19 05:00:00,31.0,66.3818887938788,
Mumbai,2025-05-19 06:00:00,32.6,63.22051607138405,1006.2
Mumbai,2025-05-19 07:00:00,32.0,62.71443976755974,
Mumbai,2025-05-19 08:00:00,32.0,62.71443976755974,
Mumbai,2025-05-19 09:00:00,33.6,63.81035576931347,1004.5
Mumbai,2025-05-19 10:00:00,32.0,66.5821913857855,
Mumbai,2025-05-19 11:00:00,32.0,62.71443976755974,
Mumbai,2025-05-19 12:00:00,31.8,69.78813164326573,1002.8
Mumbai,2025-05-19 13:00:00,31.0,66.3818887938788,
Mumbai,2025-05-19 14:00:00,30.0,70.29306142592459,
Mumbai,2025-05-19 15:00:00,29.4,86.44896966030107,1004.6
Mumbai,2025-05-19 16:00:00,29.0,79.0585121873896,
Mumbai,2025-05-19 17:00:00,30.0,74.62820502423824,
Mumbai,2025-05-19 18:00:00,29.0,87.95208930052544,1005.5
Mumbai,2025-05-19 19:00:00,30.0,74.62820502423824,
Mumbai,2025-05-19 20:00:00,30.0,74.62820502423824,
Mumbai,2025-05-19 21:00:00,29.0,84.89506306062921,1003.1
Mumbai,2025-05-19 22:00:00,29.0,74.46601257025355,
Mumbai,2025-05-19 23:00:00,29.0,74.46601257025355,
Mumbai,2025-05-20 00:00:00,29.0,84.89506306062921,1003.6
Mumbai,2025-05-20 01:00:00,29.0,74.46601257025355,
Mumbai,2025-05-20 02:00:00,29.0,79.0585121873896,
Mumbai,2025-05-20 03:00:00,30.4,79.71870652103674,1004.7
Mumbai,2025-05-20 04:00:00,30.0,74.62820502423824,
Mumbai,2025-05-20 05:00:00,31.0,70.47582088918256,
Mumbai,2025-05-20 06:00:00,33.0,70.42167655411042,1004.7
Mumbai,2025-05-20 07:00:00,32.0,62.71443976755974,
Mumbai,2025-05-20 08:00:00,32.0,66.5821913857855,
Mumbai,2025-05-20 09:00:00,33.8,64.9948432310438,1002.2
Mumbai,2025-05-20 10:00:00,32.0,62.71443976755974,
Mumbai,2025-05-20 11:00:00,32.0,62.71443976755974,
Mumbai,2025-05-20 12:00:00,32.0,68.5931528079531,1001.3
Mumbai,2025-05-20 13:00:00,31.0,66.3818887938788,
Mumbai,2025-05-20 14:00:00,29.0,74.46601257025355,
Mumbai,2025-05-20 15:00:00,26.4,87.207659213301,1005.3
Mumbai,2025-05-20 16:00:00,25.0,88.67956137467019,
Mumbai,2025-05-20 17:00:00,25.0,94.19101183405704,
Mumbai,2025-05-20 18:00:00,25.4,88.17753730223563,1006.0
Mumbai,2025-05-20 19:00:00,27.0,78.78071949348664,
Mumbai,2025-05-20 20:00:00,27.0,83.67695517522091,
Mumbai,2025-05-20 21:00:00,25.2,91.41120774609278,1001.9
Mumbai,2025-05-20 22:00:00,26.0,83.5653445347348,
Mumbai,2025-05-20 23:00:00,26.0,83.5653445347348,
Mumbai,2025-05-21 00:00:00,25.6,90.34377933678581,1004.3
Mumbai,2025-05-21 01:00:00,26.0,83.5653445347348,
Mumbai,2025-05-21 02:00:00,28.0,74.30236303611937,
Mumbai,2025-05-21 03:00:00,27.8,82.77031896665545,1004.4
Mumbai,2025-05-21 04:00:00,29.0,70.10874183711726,
Mumbai,2025-05-21 05:00:00,30.0,66.17996487728405,
Mumbai,2025-05-21 06:00:00,30.2,71.60525312499601,1005.2
Mumbai,2025-05-21 07:00:00,30.0,74.62820502423824,
Mumbai,2025-05-21 08:00:00,31.0,70.47582088918256,
Mumbai,2025-05-21 09:00:00,32.2,66.22646690114202,1002.6
Mumbai,2025-05-21 10:00:00,32.0,59.04479527455803,
Mumbai,2025-05-21 11:00:00,31.0,62.49764883972529,
Mumbai,2025-05-21 12:00:00,32.0,66.1862478230639,1000.8
Mumbai,2025-05-21 13:00:00,30.0,70.29306142592459,
Mumbai,2025-05-21 14:00:00,30.0,70.29306142592459,
Mumbai,2025-05-21 15:00:00,30.4,78.31948639832048,1003.1
Mumbai,2025-05-21 16:00:00,30.0,74.62820502423824,
Mumbai,2025-05-21 17:00:00,29.0,79.0585121873896,
Mumbai,2025-05-21 18:00:00,29.2,76.30480387190515,1004.0
Mumbai,2025-05-21 19:00:00,24.0,94.1486450224181,
Mumbai,2025-05-21 20:00:00,25.0,88.67956137467019,
Mumbai,2025-05-21 21:00:00,25.6,91.43570721258781,1002.2
Mumbai,2025-05-21 22:00:00,25.0,94.19101183405704,
Mumbai,2025-05-21 23:00:00,25.0,94.19101183405704,
Mumbai,2025-05-22 00:00:00,25.2,91.41120774609278,1001.8
Mumbai,2025-05-22 01:00:00,25.0,83.45262666598398,
Mumbai,2025-05-22 02:00:00,27.0,83.67695517522091,
Mumbai,2025-05-22 03:00:00,27.6,84.24549777703992,1002.9
Mumbai,2025-05-22 04:00:00,30.0,66.17996487728405,
Mumbai,2025-05-22 05:00:00,30.0,62.279197326402645,
Mumbai,2025-05-22 06:00:00,31.0,65.58856385714532,1003.1
Mumbai,2025-05-22 07:00:00,32.0,55.56458760321053,
Mumbai,2025-05-22 08:00:00,32.0,55.56458760321053,
Mumbai,2025-05-22 09:00:00,33.2,58.9647920354539,1000.4
Mumbai,2025-05-22 10:00:00,32.0,59.04479527455803,
Mumbai,2025-05-22 11:00:00,31.0,66.3818887938788,
Mumbai,2025-05-22 12:00:00,31.0,73.47141965449843,1000.4
Mumbai,2025-05-22 13:00:00,31.0,70.47582088918256,
Mumbai,2025-05-22 14:00:00,30.0,74.62820502423824,
Mumbai,2025-05-22 15:00:00,30.4,75.58532357148971,1001.5
Mumbai,2025-05-22 16:00:00,30.0,74.62820502423824,
Mumbai,2025-05-22 17:00:00,30.0,74.62820502423824,
Mumbai,2025-05-22 18:00:00,30.0,81.08968974474207,1001.9
Mumbai,2025-05-22 19:00:00,29.0,79.0585121873896,
Mumbai,2025-05-22 20:00:00,29.0,79.0585121873896,
Mumbai,2025-05-22 21:00:00,29.0,86.92256150044042,999.5
Mumbai,2025-05-22 22:00:00,29.0,74.46601257025355,
Mumbai,2025-05-22 23:00:00,28.0,83.78747242805218,
Mumbai,2025-05-23 00:00:00,28.6,86.37440005285019,999.5
Mumbai,2025-05-23 01:00:00,29.0,79.0585121873896,
Mumbai,2025-05-23 02:00:00,29.0,79.0585121873896,
Mumbai,2025-05-23 03:00:00,29.4,87.98536152503398,1000.7
Mumbai,2025-05-23 04:00:00,30.0,79.1954670273341,
Mumbai,2025-05-23 05:00:00,32.0,66.5821913857855,
Mumbai,2025-05-23 06:00:00,32.0,77.63089769639963,1000.0
Mumbai,2025-05-23 07:00:00,31.0,74.7889561009917,
Mumbai,2025-05-23 08:00:00,32.0,66.5821913857855,
Mumbai,2025-05-23 09:00:00,33.0,71.67322751398581,998.1
Mumbai,2025-05-23 10:00:00,31.0,74.7889561009917,
Mumbai,2025-05-23 11:00:00,29.0,65.9764050234237,
Mumbai,2025-05-23 12:00:00,28.6,76.21281246926864,997.1
Mumbai,2025-05-23 13:00:00,28.0,74.30236303611937,
Mumbai,2025-05-23 14:00:00,29.0,70.10874183711726,
Mumbai,2025-05-23 15:00:00,28.6,83.35683314726084,998.6
Mumbai,2025-05-23 16:00:00,29.0,74.46601257025355,
Mumbai,2025-05-23 17:00:00,29.0,74.46601257025355,
Mumbai,2025-05-23 18:00:00,28.4,88.94616815571688,999.8
Mumbai,2025-05-23 19:00:00,30.0,74.62820502423824,
Mumbai,2025-05-23 20:00:00,29.0,70.10874183711726,
Mumbai,2025-05-23 21:00:00,28.6,81.88293095675748,999.7
Mumbai,2025-05-23 22:00:00,29.0,70.10874183711726,
Mumbai,2025-05-23 23:00:00,29.0,74.46601257025355,
Mumbai,2025-05-24 00:00:00,28.0,84.79181717750924,998.3
Mumbai,2025-05-24 01:00:00,29.0,70.10874183711726,
Mumbai,2025-05-24 02:00:00,29.0,74.46601257025355,
Mumbai,2025-05-24 03:00:00,30.0,82.53623329490637,999.9
Mumbai,2025-05-24 04:00:00,31.0,66.3818887938788,
Mumbai,2025-05-24 05:00:00,32.0,59.04479527455803,
Mumbai,2025-05-24 06:00:00,32.0,74.94828132337592,1000.1
Mumbai,2025-05-24 07:00:00,33.0,52.516390209894936,
Mumbai,2025-05-24 08:00:00,32.0,66.5821913857855,
Mumbai,2025-05-24 09:00:00,32.6,66.70160074556692,998.4
Mumbai,2025-05-24 10:00:00,33.0,49.398242289998336,
Mumbai,2025-05-24 11:00:00,33.0,52.516390209894936,
Mumbai,2025-05-24 12:00:00,31.8,68.55505992605102,997.1
Mumbai,2025-05-24 13:00:00,31.0,66.3818887938788,
Mumbai,2025-05-24 14:00:00,31.0,62.49764883972529,
Mumbai,2025-05-24 15:00:00,30.6,78.34767637456054,999.7
Mumbai,2025-05-24 16:00:00,30.0,74.62820502423824,
Mumbai,2025-05-24 17:00:00,31.0,66.3818887938788,
Mumbai,2025-05-24 18:00:00,28.4,88.94616815571688,1001.5
Mumbai,2025-05-24 19:00:00,27.0,83.67695517522091,
Mumbai,2025-05-24 20:00:00,28.0,83.78747242805218,
Mumbai,2025-05-24 21:00:00,28.0,92.12191734434786,
Mumbai,2025-05-24 22:00:00,27.0,88.83751596451742,
Mumbai,2025-05-24 23:00:00,26.0,88.7589455109383,
Mumbai,2025-05-25 00:00:00,26.8,93.70888380751718,999.6
Mumbai,2025-05-25 01:00:00,27.0,83.67695517522091,
Mumbai,2025-05-25 02:00:00,27.0,88.83751596451742,
Mumbai,2025-05-25 03:00:00,27.0,92.06569807815053,1001.5
Mumbai,2025-05-25 04:00:00,27.0,88.83751596451742,
Mumbai,2025-05-25 05:00:00,29.0,79.0585121873896,
Mumbai,2025-05-25 06:00:00,29.0,89.51636332080271,1002.8
Mumbai,2025-05-25 07:00:00,30.0,79.1954670273341,
Mumbai,2025-05-25 08:00:00,30.0,79.1954670273341,
Mumbai,2025-05-25 09:00:00,30.4,85.53649748682237,1001.1
Mumbai,2025-05-25 10:00:00,30.0,79.1954670273341,
Mumbai,2025-05-25 11:00:00,30.0,79.1954670273341,
Mumbai,2025-05-25 12:00:00,30.2,84.02682856635852,1000.5
Mumbai,2025-05-25 13:00:00,30.0,79.1954670273341,
Mumbai,2025-05-25 14:00:00,30.0,79.1954670273341,
Mumbai,2025-05-25 15:00:00,30.0,86.50450703984572,1002.1
Mumbai,2025-05-25 16:00:00,30.0,79.1954670273341,
Mumbai,2025-05-25 17:00:00,28.0,94.3154156421007,
Mumbai,2025-05-25 18:00:00,28.6,95.44891343392182,1003.9
Mumbai,2025-05-25 19:00:00,29.0,88.99225887739404,
Mumbai,2025-05-25 20:00:00,29.0,83.89690993013956,
Mumbai,2025-05-25 21:00:00,28.8,93.7983735302794,1001.9
Mumbai,2025-05-25 22:00:00,29.0,83.89690993013956,
Mumbai,2025-05-25 23:00:00,29.0,83.89690993013956,
Mumbai,2025-05-26 00:00:00,29.2,87.96874224697314,1000.8
Mumbai,2025-05-26 01:00:00,28.0,88.91528354225218,
Mumbai,2025-05-26 02:00:00,28.0,88.91528354225218,
Mumbai,2025-05-26 03:00:00,28.6,95.44891343392182,1002.0
Mumbai,2025-05-26 04:00:00,25.0,94.19101183405704,
Mumbai,2025-05-26 05:00:00,25.0,94.19101183405704,
Mumbai,2025-05-26 06:00:00,25.8,93.10518672866101,1003.8
Mumbai,2025-05-26 07:00:00,26.0,94.23292497092102,
Mumbai,2025-05-26 08:00:00,26.0,88.7589455109383,
Mumbai,2025-05-26 09:00:00,26.8,92.05438311051279,1002.1
Mumbai,2025-05-26 10:00:00,26.0,88.7589455109383,
Mumbai,2025-05-26 11:00:00,27.0,94.27439081608838,
Mumbai,2025-05-26 12:00:00,28.4,93.78062725022617,1000.4
Mumbai,2025-05-26 13:00:00,26.0,94.23292497092102,
Mumbai,2025-05-26 14:00:00,26.0,94.23292497092102,
Mumbai,2025-05-26 15:00:00,27.4,93.73593071403404,1001.4
Mumbai,2025-05-26 16:00:00,27.0,88.83751596451742,
Mumbai,2025-05-26 17:00:00,26.0,94.23292497092102,
Mumbai,2025-05-26 18:00:00,27.0,95.39600874452509,1002.6
Mumbai,2025-05-26 19:00:00,28.0,94.3154156421007,
Mumbai,2025-05-26 20:00:00,26.0,94.23292497092102,
Mumbai,2025-05-26 21:00:00,27.4,93.73593071403404,1001.3
Mumbai,2025-05-26 22:00:00,25.0,88.67956137467019,
Mumbai,2025-05-26 23:00:00,25.0,83.45262666598398,
Mumbai,2025-05-27 00:00:00,25.0,94.75830253018951,1001.6
Mumbai,2025-05-27 01:00:00,25.0,88.67956137467019,
Mumbai,2025-05-27 02:00:00,26.0,88.7589455109383,
Mumbai,2025-05-27 03:00:00,27.0,83.67695517522091,
Mumbai,2025-05-27 04:00:00,27.0,83.67695517522091,
Mumbai,2025-05-27 05:00:00,28.0,78.9202680701639,
Mumbai,2025-05-27 06:00:00,27.6,87.31379479213656,1003.7
Mumbai,2025-05-27 07:00:00,28.0,78.9202680701639,
Mumbai,2025-05-27 08:00:00,27.0,83.67695517522091,
Mumbai,2025-05-27 09:00:00,27.4,88.86871874139695,1001.6
Mumbai,2025-05-27 11:00:00,26.0,83.5653445347348,
Mumbai,2025-05-27 12:00:00,27.0,88.83751596451742,1000.2
Mumbai,2025-05-27 13:00:00,26.0,83.5653445347348,
Mumbai,2025-05-27 15:00:00,26.6,88.80618472944694,1002.1
Mumbai,2025-05-27 16:00:00,26.0,83.5653445347348,
Mumbai,2025-05-27 17:00:00,26.0,83.5653445347348,
Mumbai,2025-05-27 18:00:00,26.6,90.41194193154737,1003.3
Mumbai,2025-05-27 19:00:00,26.0,83.5653445347348,
Mumbai,2025-05-27 20:00:00,26.0,83.5653445347348,
Mumbai,2025-05-27 21:00:00,26.4,92.03168153578638,1002.3
Mumbai,2025-05-27 22:00:00,26.0,83.5653445347348,
Mumbai,2025-05-27 23:00:00,26.0,83.5653445347348,
Mumbai,2025-05-28 00:00:00,26.0,93.67255110424425,1001.4
Mumbai,2025-05-28 01:00:00,26.0,88.7589455109383,
Mumbai,2025-05-28 02:00:00,26.0,88.7589455109383,
Mumbai,2025-05-28 03:00:00,27.8,88.89979374390309,1002.9
Mumbai,2025-05-28 04:00:00,27.0,83.67695517522091,
Mumbai,2025-05-28 05:00:00,28.0,78.9202680701639,
Mumbai,2025-05-28 06:00:00,31.0,77.48613913975385,1003.1
Mumbai,2025-05-28 07:00:00,30.0,74.62820502423824,
Mumbai,2025-05-28 08:00:00,30.0,74.62820502423824,
Mumbai,2025-05-28 09:00:00,31.6,76.21857827105511,1001.5
Mumbai,2025-05-28 10:00:00,24.0,94.1486450224181,
Mumbai,2025-05-28 11:00:00,24.0,94.1486450224181,
Mumbai,2025-05-28 12:00:00,25.6,90.34377933678581,1000.2
Mumbai,2025-05-28 13:00:00,26.0,83.5653445347348,
Mumbai,2025-05-28 14:00:00,26.0,83.5653445347348,
Mumbai,2025-05-28 15:00:00,25.8,91.99744908137737,1001.6
Mumbai,2025-05-28 16:00:00,26.0,83.5653445347348,
Mumbai,2025-05-28 17:00:00,26.0,83.5653445347348,
Mumbai,2025-05-28 18:00:00,25.6,93.09525743190015,1001.9
Mumbai,2025-05-28 19:00:00,26.0,83.5653445347348,
Mumbai,2025-05-28 20:00:00,26.0,83.5653445347348,
Mumbai,2025-05-28 21:00:00,25.8,91.99744908137737,1001.1
Mumbai,2025-05-28 22:00:00,26.0,83.5653445347348,
Mumbai,2025-05-28 23:00:00,26.0,88.7589455109383,
Mumbai,2025-05-29 00:00:00,25.8,94.78867673105134,1000.7
Mumbai,2025-05-29 01:00:00,26.0,88.7589455109383,
Mumbai,2025-05-29 02:00:00,27.0,83.67695517522091,
Mumbai,2025-05-29 03:00:00,28.6,80.43187680667027,1002.0
Mumbai,2025-05-29 04:00:00,29.0,79.0585121873896,
Mumbai,2025-05-29 05:00:00,30.0,79.1954670273341,
Mumbai,2025-05-29 06:00:00,31.0,74.7889561009917,
Mumbai,2025-05-29 07:00:00,32.0,74.94828132337592,
Mumbai,2025-05-29 08:00:00,32.0,74.94828132337592,
Mumbai,2025-05-29 09:00:00,32.8,75.51424951083074,999.8
Mumbai,2025-05-29 10:00:00,32.0,74.94828132337592,
Mumbai,2025-05-29 11:00:00,31.0,70.47582088918256,
Mumbai,2025-05-29 12:00:00,32.2,74.979976618763,999.2
Mumbai,2025-05-29 13:00:00,30.0,79.1954670273341,
Mumbai,2025-05-29 14:00:00,30.0,79.1954670273341,
Mumbai,2025-05-29 15:00:00,30.2,86.52294575570109,1000.7
Mumbai,2025-05-29 16:00:00,30.0,79.1954670273341,
Mumbai,2025-05-29 17:00:00,29.0,83.89690993013956,
Mumbai,2025-05-29 18:00:00,30.0,86.50450703984572,1002.2
Mumbai,2025-05-29 19:00:00,29.0,83.89690993013956,
Mumbai,2025-05-29 21:00:00,30.0,84.99729439748566,1000.7
Mumbai,2025-05-29 22:00:00,29.0,83.89690993013956,
Mumbai,2025-05-29 23:00:00,29.0,83.89690993013956,
Mumbai,2025-05-30 00:00:00,29.8,88.01849942848882,1000.6
Mumbai,2025-05-30 01:00:00,29.0,83.89690993013956,
Mumbai,2025-05-30 02:00:00,30.0,79.1954670273341,
Mumbai,2025-05-30 03:00:00,30.8,81.1895795616241,1002.4
Mumbai,2025-05-30 04:00:00,31.0,74.7889561009917,
Mumbai,2025-05-30 05:00:00,31.0,74.7889561009917,
Mumbai,2025-05-30 06:00:00,32.4,74.13743365834232,1003.0
Mumbai,2025-05-30 07:00:00,32.0,66.5821913857855,
Mumbai,2025-05-30 08:00:00,32.0,66.5821913857855,
Mumbai,2025-05-30 09:00:00,33.6,72.19806731088487,1002.2
Mumbai,2025-05-30 10:00:00,32.0,66.5821913857855,
Mumbai,2025-05-30 11:00:00,31.0,70.47582088918256,
Mumbai,2025-05-30 12:00:00,32.2,74.10487661671202,1001.4
Mumbai,2025-05-30 13:00:00,30.0,79.1954670273341,
Mumbai,2025-05-30 14:00:00,30.0,79.1954670273341,
Mumbai,2025-05-30 15:00:00,30.6,82.60607945629376,1003.1
Mumbai,2025-05-30 16:00:00,30.0,79.1954670273341,
Mumbai,2025-05-30 17:00:00,30.0,79.1954670273341,
Mumbai,2025-05-30 18:00:00,30.4,82.58284223811447,1005.0
Mumbai,2025-05-30 19:00:00,29.0,79.0585121873896,
Mumbai,2025-05-30 20:00:00,29.0,79.0585121873896,
Mumbai,2025-05-30 21:00:00,30.0,83.5130798716472,1003.7
Mumbai,2025-05-30 22:00:00,29.0,83.89690993013956,
Mumbai,2025-05-30 23:00:00,29.0,79.0585121873896,
Mumbai,2025-05-31 00:00:00,29.8,82.51286135002354,1004.4
Mumbai,2025-05-31 01:00:00,29.0,79.0585121873896,
Mumbai,2025-05-31 02:00:00,30.0,74.62820502423824,
Mumbai,2025-05-31 03:00:00,30.6,79.74530566981048,1006.0
Mumbai,2025-05-31 04:00:00,31.0,74.7889561009917,
Mumbai,2025-05-31 05:00:00,31.0,70.47582088918256,
Mumbai,2025-05-31 06:00:00,33.0,72.94417143512577,1006.9
Mumbai,2025-05-31 07:00:00,31.0,70.47582088918256,
Mumbai,2025-05-31 08:00:00,32.0,66.5821913857855,
Mumbai,2025-05-31 09:00:00,32.8,74.20237605491754,1006.0
Mumbai,2025-05-31 10:00:00,32.0,66.5821913857855,
Mumbai,2025-05-31 11:00:00,31.0,70.47582088918256,
Mumbai,2025-05-31 12:00:00,32.0,71.07626571001893,1004.6
Mumbai,2025-05-31 13:00:00,30.0,70.29306142592459,
Mumbai,2025-05-31 14:00:00,30.0,74.62820502423824,
Mumbai,2025-05-31 15:00:00,30.4,78.31948639832048,1005.6
Mumbai,2025-05-31 16:00:00,30.0,74.62820502423824,
Mumbai,2025-05-31 17:00:00,30.0,70.29306142592459,
Mumbai,2025-05-31 18:00:00,30.0,79.66535824918688,1007.2
Mumbai,2025-05-31 19:00:00,29.0,79.0585121873896,
Mumbai,2025-05-31 20:00:00,27.0,83.67695517522091,
Mumbai,2025-05-31 21:00:00,28.2,90.51953760720181,1005.2
Mumbai,2025-05-31 22:00:00,28.0,83.78747242805218,
Mumbai,2025-05-31 23:00:00,26.0,73.97062900551056,
Mumbai,2025-06-01 00:00:00,26.4,87.207659213301,1005.3
Mumbai,2025-06-01 01:00:00,27.0,83.67695517522091,
Mumbai,2025-06-01 02:00:00,28.0,83.78747242805218,
Mumbai,2025-06-01 03:00:00,28.8,87.93540259721783,1006.6
Mumbai,2025-06-01 04:00:00,30.0,74.62820502423824,
Mumbai,2025-06-01 05:00:00,28.0,78.9202680701639,
Mumbai,2025-06-01 06:00:00,31.0,82.65241993308152,1006.9
Mumbai,2025-06-01 07:00:00,31.0,70.47582088918256,
Mumbai,2025-06-01 08:00:00,31.0,66.3818887938788,
Mumbai,2025-06-01 09:00:00,32.6,67.89863459456423,1005.5
Mumbai,2025-06-01 10:00:00,31.0,66.3818887938788,
Mumbai,2025-06-01 11:00:00,31.0,70.47582088918256,
Mumbai,2025-06-01 12:00:00,32.0,69.82505728068918,1004.8
Mumbai,2025-06-01 13:00:00,30.0,70.29306142592459,
Mumbai,2025-06-01 14:00:00,29.0,74.46601257025355,
Mumbai,2025-06-01 15:00:00,30.2,78.29124418971334,1005.4
Mumbai,2025-06-01 16:00:00,29.0,74.46601257025355,
Mumbai,2025-06-01 17:00:00,29.0,74.46601257025355,
Mumbai,2025-06-01 18:00:00,29.8,78.23460259362332,1005.8
Mumbai,2025-06-01 19:00:00,29.0,79.0585121873896,
Mumbai,2025-06-01 20:00:00,29.0,79.0585121873896,
Mumbai,2025-06-01 21:00:00,28.2,90.51953760720181,1004.1
Mumbai,2025-06-01 22:00:00,27.0,88.83751596451742,
Mumbai,2025-06-01 23:00:00,28.0,83.78747242805218,
Mumbai,2025-06-02 00:00:00,28.0,92.12191734434786,1004.1
Mumbai,2025-06-02 01:00:00,28.0,78.9202680701639,
Mumbai,2025-06-02 02:00:00,28.0,78.9202680701639,
Mumbai,2025-06-02 03:00:00,29.0,87.95208930052544,1005.5
Mumbai,2025-06-02 04:00:00,29.0,79.0585121873896,
Mumbai,2025-06-02 05:00:00,31.0,70.47582088918256,
Mumbai,2025-06-02 06:00:00,32.0,69.82505728068918,1005.5
Mumbai,2025-06-02 07:00:00,31.0,70.47582088918256,
Mumbai,2025-06-02 08:00:00,32.0,66.5821913857855,
Mumbai,2025-06-02 09:00:00,33.0,69.1892678326449,1004.0
Mumbai,2025-06-02 12:00:00,32.8,69.15187043596707,1003.5
Mumbai,2025-06-02 13:00:00,30.0,74.62820502423824,
Mumbai,2025-06-02 14:00:00,30.0,70.29306142592459,
Mumbai,2025-06-02 15:00:00,30.4,79.71870652103674,1004.7
Mumbai,2025-06-02 16:00:00,30.0,70.29306142592459,
Mumbai,2025-06-02 18:00:00,30.0,78.26294962837345,1005.8
Mumbai,2025-06-02 20:00:00,29.0,74.46601257025355,
Mumbai,2025-06-02 21:00:00,29.4,83.44637781059491,1004.2
Mumbai,2025-06-02 22:00:00,29.0,79.0585121873896,
Mumbai,2025-06-02 23:00:00,29.0,79.0585121873896,
Mumbai,2025-06-03 00:00:00,29.8,79.63860889063328,1004.3
Mumbai,2025-06-03 01:00:00,29.0,74.46601257025355,
Mumbai,2025-06-03 02:00:00,29.0,79.0585121873896,
Mumbai,2025-06-03 03:00:00,30.8,79.77185498360923,1006.1
Mumbai,2025-06-03 04:00:00,29.0,70.10874183711726,
Mumbai,2025-06-03 05:00:00,31.0,70.47582088918256,
Mumbai,2025-06-03 06:00:00,32.4,70.31283604150148,1006.2
Mumbai,2025-06-03 07:00:00,32.0,62.71443976755974,
Mumbai,2025-06-03 08:00:00,31.0,70.47582088918256,
Mumbai,2025-06-03 09:00:00,33.4,67.25543915862544,1004.5
Mumbai,2025-06-03 10:00:00,30.0,70.29306142592459,
Mumbai,2025-06-03 11:00:00,31.0,70.47582088918256,
Mumbai,2025-06-03 12:00:00,28.2,86.33689076158295,1003.7
Mumbai,2025-06-03 13:00:00,30.0,74.62820502423824,
Mumbai,2025-06-03 14:00:00,30.0,74.62820502423824,
Mumbai,2025-06-03 15:00:00,30.2,82.5595602209085,1005.0
Mumbai,2025-06-03 16:00:00,28.0,74.30236303611937,
Mumbai,2025-06-03 17:00:00,29.0,79.0585121873896,
Mumbai,2025-06-03 18:00:00,30.0,84.99729439748566,1005.5
Mumbai,2025-06-03 19:00:00,27.0,83.67695517522091,
Mumbai,2025-06-03 20:00:00,27.0,88.83751596451742,
Mumbai,2025-06-03 21:00:00,28.2,90.51953760720181,1004.1
Mumbai,2025-06-03 22:00:00,26.0,88.7589455109383,
Mumbai,2025-06-03 23:00:00,24.0,88.59935257199315,
Mumbai,2025-06-04 00:00:00,25.0,96.47815756865955,1004.5
Mumbai,2025-06-04 01:00:00,25.0,94.19101183405704,
Mumbai,2025-06-04 02:00:00,25.0,88.67956137467019,
Mumbai,2025-06-04 03:00:00,26.2,90.38476214988123,1006.4
Mumbai,2025-06-04 04:00:00,27.0,78.78071949348664,
Mumbai,2025-06-04 05:00:00,28.0,74.30236303611937,
Mumbai,2025-06-04 06:00:00,26.6,92.04304428506519,1007.3
Mumbai,2025-06-04 07:00:00,25.0,88.67956137467019,
Mumbai,2025-06-04 08:00:00,27.0,78.78071949348664,
Mumbai,2025-06-04 09:00:00,28.6,81.88293095675748,1007.0
Mumbai,2025-06-04 10:00:00,26.0,83.5653445347348,
Mumbai,2025-06-04 11:00:00,27.0,78.78071949348664,
Mumbai,2025-06-04 12:00:00,28.8,79.03096698905824,1005.8
Mumbai,2025-06-04 13:00:00,27.0,74.13724053720264,
Mumbai,2025-06-04 14:00:00,27.0,74.13724053720264,
Mumbai,2025-06-04 15:00:00,27.0,84.18092213796281,1007.3
Mumbai,2025-06-04 16:00:00,27.0,78.78071949348664,
Mumbai,2025-06-04 17:00:00,27.0,78.78071949348664,
Mumbai,2025-06-04 18:00:00,26.4,90.39836619855579,1008.0
Mumbai,2025-06-04 19:00:00,26.0,83.5653445347348,
Mumbai,2025-06-04 20:00:00,26.0,83.5653445347348,
Mumbai,2025-06-04 21:00:00,26.2,90.38476214988123,1006.6
Mumbai,2025-06-04 22:00:00,26.0,78.6398510724195,
Mumbai,2025-06-04 23:00:00,26.0,83.5653445347348,
Mumbai,2025-06-05 00:00:00,26.2,88.7747243479242,1007.3
Mumbai,2025-06-05 01:00:00,26.0,83.5653445347348,
Mumbai,2025-06-05 02:00:00,27.0,78.78071949348664,
Mumbai,2025-06-05 03:00:00,29.2,80.5095630310082,1009.3
Mumbai,2025-06-05 04:00:00,29.0,74.46601257025355,
Mumbai,2025-06-05 05:00:00,30.0,70.29306142592459,
Mumbai,2025-06-05 06:00:00,31.8,68.55505992605102,1009.3
Mumbai,2025-06-05 07:00:00,31.0,62.49764883972529,
Mumbai,2025-06-05 08:00:00,32.0,62.71443976755974,
Mumbai,2025-06-05 09:00:00,32.8,61.03350741643827,1007.9
Mumbai,2025-06-05 10:00:00,28.0,74.30236303611937,
Mumbai,2025-06-05 11:00:00,28.0,78.9202680701639,
Mumbai,2025-06-05 12:00:00,30.2,79.69205742002245,1007.1
Mumbai,2025-06-05 13:00:00,28.0,78.9202680701639,
Mumbai,2025-06-05 14:00:00,28.0,74.30236303611937,
Mumbai,2025-06-05 15:00:00,28.8,81.90716097068722,1009.1
Mumbai,2025-06-05 16:00:00,28.0,74.30236303611937,
Mumbai,2025-06-05 17:00:00,28.0,78.9202680701639,
Mumbai,2025-06-05 18:00:00,27.4,87.29619508920601,1009.9
Mumbai,2025-06-05 19:00:00,27.0,78.78071949348664,
Mumbai,2025-06-05 20:00:00,27.0,78.78071949348664,
Mumbai,2025-06-05 21:00:00,27.2,90.45250000428203,1008.0
Mumbai,2025-06-05 22:00:00,27.0,83.67695517522091,
Mumbai,2025-06-05 23:00:00,27.0,83.67695517522091,
Mumbai,2025-06-06 00:00:00,27.4,92.08825670296545,1004.5
Mumbai,2025-06-06 01:00:00,27.0,83.67695517522091,
Mumbai,2025-06-06 02:00:00,27.0,83.67695517522091,
Mumbai,2025-06-06 03:00:00,29.4,83.44637781059491,1009.8
Mumbai,2025-06-06 04:00:00,30.0,70.29306142592459,
Mumbai,2025-06-06 05:00:00,30.0,66.17996487728405,
Mumbai,2025-06-06 06:00:00,29.6,75.45996920875774,1010.3
Mumbai,2025-06-06 07:00:00,30.0,79.1954670273341,
Mumbai,2025-06-06 08:00:00,30.0,74.62820502423824,
Mumbai,2025-06-06 09:00:00,30.0,82.53623329490637,1009.1
Mumbai,2025-06-06 10:00:00,30.0,70.29306142592459,
Mumbai,2025-06-06 11:00:00,29.0,74.46601257025355,
Mumbai,2025-06-06 12:00:00,30.2,79.69205742002245,1007.9
Mumbai,2025-06-06 13:00:00,29.0,79.0585121873896,
Mumbai,2025-06-06 14:00:00,29.0,79.0585121873896,
Mumbai,2025-06-06 15:00:00,29.8,83.49088910584811,1009.0
Mumbai,2025-06-06 16:00:00,29.0,79.0585121873896,
Mumbai,2025-06-06 17:00:00,29.0,79.0585121873896,
Mumbai,2025-06-06 18:00:00,29.2,84.91559008084812,1009.5
Mumbai,2025-06-06 19:00:00,29.0,79.0585121873896,
Mumbai,2025-06-06 20:00:00,28.0,83.78747242805218,
Mumbai,2025-06-06 21:00:00,28.0,81.80996009312997,1008.6
Mumbai,2025-06-06 22:00:00,28.0,78.9202680701639,
Mumbai,2025-06-06 23:00:00,27.0,83.67695517522091,
Mumbai,2025-06-07 00:00:00,26.4,92.03168153578638,1008.6
Mumbai,2025-06-07 01:00:00,27.0,83.67695517522091,
Mumbai,2025-06-07 02:00:00,26.0,88.7589455109383,
Mumbai,2025-06-07 03:00:00,27.8,92.11072068322818,1010.5
Mumbai,2025-06-07 04:00:00,28.0,83.78747242805218,
Mumbai,2025-06-07 05:00:00,29.0,79.0585121873896,
Mumbai,2025-06-07 06:00:00,31.0,76.1271052167908,1010.5
Mumbai,2025-06-07 07:00:00,31.0,70.47582088918256,
Mumbai,2025-06-07 09:00:00,28.2,87.36638064071765,1010.1
Mumbai,2025-06-07 10:00:00,26.0,88.7589455109383,
Mumbai,2025-06-07 11:00:00,27.0,83.67695517522091,
Mumbai,2025-06-07 12:00:00,28.0,84.79181717750924,1008.5
Mumbai,2025-06-07 13:00:00,27.0,78.78071949348664,
Mumbai,2025-06-07 14:00:00,27.0,74.13724053720264,
Mumbai,2025-06-07 15:00:00,27.0,84.18092213796281,1009.1
Mumbai,2025-06-07 16:00:00,26.0,83.5653445347348,
Mumbai,2025-06-07 17:00:00,26.0,83.5653445347348,
Mumbai,2025-06-07 18:00:00,26.2,88.7747243479242,1009.9
Mumbai,2025-06-07 19:00:00,26.0,78.6398510724195,
Mumbai,2025-06-07 20:00:00,26.0,83.5653445347348,
Mumbai,2025-06-07 21:00:00,26.0,90.37112970835472,1008.3
Mumbai,2025-06-07 22:00:00,26.0,83.5653445347348,
Mumbai,2025-06-07 23:00:00,26.0,83.5653445347348,
Mumbai,2025-06-08 00:00:00,26.0,93.67255110424425,1008.6
Mumbai,2025-06-08 01:00:00,26.0,83.5653445347348,
Mumbai,2025-06-08 02:00:00,27.0,78.78071949348664,
Mumbai,2025-06-08 03:00:00,28.6,83.35683314726084,1009.7
Mumbai,2025-06-08 05:00:00,30.0,74.62820502423824,
Mumbai,2025-06-08 06:00:00,31.4,73.53807422593974,1009.5
Mumbai,2025-06-08 07:00:00,31.0,70.47582088918256,
Mumbai,2025-06-08 08:00:00,32.0,66.5821913857855,
Mumbai,2025-06-08 09:00:00,32.6,69.11441091335229,1008.1
Mumbai,2025-06-08 10:00:00,31.0,70.47582088918256,
Mumbai,2025-06-08 15:00:00,30.4,79.71870652103674,1008.6
Mumbai,2025-06-08 16:00:00,30.0,74.62820502423824,
Mumbai,2025-06-08 17:00:00,30.0,70.29306142592459,
Mumbai,2025-06-08 18:00:00,30.2,79.69205742002245,1008.9
Mumbai,2025-06-08 19:00:00,30.0,70.29306142592459,
Mumbai,2025-06-08 21:00:00,30.0,82.53623329490637,1007.6
Mumbai,2025-06-08 22:00:00,29.0,74.46601257025355,
Mumbai,2025-06-08 23:00:00,29.0,70.10874183711726,
Mumbai,2025-06-09 00:00:00,29.4,79.11344799319119,1007.0
Mumbai,2025-06-09 01:00:00,29.0,74.46601257025355,
Mumbai,2025-06-09 02:00:00,29.0,74.46601257025355,
Mumbai,2025-06-09 03:00:00,30.6,76.97150804274018,1009.2
Mumbai,2025-06-09 05:00:00,31.0,66.3818887938788,
Mumbai,2025-06-09 06:00:00,31.6,71.00478678077775,1009.3
Mumbai,2025-06-09 08:00:00,32.0,62.71443976755974,
Mumbai,2025-06-09 09:00:00,33.2,64.48770817549526,1007.2
Mumbai,2025-06-09 11:00:00,30.0,70.29306142592459,
Mumbai,2025-06-09 12:00:00,31.2,74.82093472023674,1005.8
Mumbai,2025-06-09 13:00:00,31.0,66.3818887938788,
Mumbai,2025-06-09 14:00:00,30.0,70.29306142592459,
Mumbai,2025-06-09 15:00:00,30.2,75.55406963834521,1006.7
Mumbai,2025-06-09 16:00:00,29.0,74.46601257025355,
Mumbai,2025-06-09 17:00:00,29.0,74.46601257025355,
Mumbai,2025-06-09 18:00:00,29.6,78.20620296447258,1007.8
Mumbai,2025-06-09 21:00:00,29.0,81.9313443709877,1005.4
Mumbai,2025-06-09 22:00:00,29.0,74.46601257025355,
Mumbai,2025-06-09 23:00:00,29.0,70.10874183711726,
Mumbai,2025-06-10 00:00:00,29.0,80.48371679996085,1004.9
Mumbai,2025-06-10 01:00:00,29.0,70.10874183711726,
Mumbai,2025-06-10 02:00:00,28.0,78.9202680701639,
Mumbai,2025-06-10 03:00:00,29.8,83.49088910584811,1006.9
Mumbai,2025-06-10 04:00:00,30.0,66.17996487728405,
Mumbai,2025-06-10 05:00:00,32.0,55.56458760321053,
Mumbai,2025-06-10 06:00:00,31.6,72.27808999036708,1006.9
Mumbai,2025-06-10 07:00:00,32.0,59.04479527455803,
Mumbai,2025-06-10 08:00:00,31.0,62.49764883972529,
Mumbai,2025-06-10 09:00:00,33.4,68.4542986966963,1005.2
Mumbai,2025-06-10 10:00:00,32.0,62.71443976755974,
Mumbai,2025-06-10 12:00:00,32.6,67.89863459456423,1004.5
Mumbai,2025-06-10 13:00:00,30.0,74.62820502423824,
Mumbai,2025-06-10 14:00:00,30.0,74.62820502423824,
Mumbai,2025-06-10 15:00:00,30.6,76.97150804274018,1005.4
Mumbai,2025-06-10 16:00:00,30.0,62.279197326402645,
Mumbai,2025-06-10 17:00:00,30.0,70.29306142592459,
Mumbai,2025-06-10 18:00:00,30.0,78.26294962837345,1005.5
Mumbai,2025-06-10 19:00:00,29.0,74.46601257025355,
Mumbai,2025-06-10 20:00:00,29.0,79.0585121873896,
Mumbai,2025-06-10 21:00:00,29.8,83.49088910584811,1003.8
Mumbai,2025-06-10 22:00:00,29.0,74.46601257025355,
Mumbai,2025-06-10 23:00:00,29.0,79.0585121873896,
Mumbai,2025-06-11 00:00:00,29.4,81.97957178446406,
Mumbai,2025-06-11 01:00:00,30.0,70.29306142592459,
Mumbai,2025-06-11 02:00:00,30.0,70.29306142592459,
Mumbai,2025-06-11 03:00:00,30.6,76.97150804274018,1005.3
Mumbai,2025-06-11 04:00:00,31.0,66.3818887938788,
Mumbai,2025-06-11 05:00:00,31.0,66.3818887938788,
Mumbai,2025-06-11 06:00:00,32.4,71.56807265043355,1005.2
Mumbai,2025-06-11 07:00:00,32.0,62.71443976755974,
Mumbai,2025-06-11 08:00:00,32.0,62.71443976755974,
Mumbai,2025-06-11 09:00:00,33.4,67.25543915862544,1003.7
Mumbai,2025-06-11 10:00:00,32.0,62.71443976755974,
Mumbai,2025-06-11 11:00:00,32.0,66.5821913857855,
Mumbai,2025-06-11 12:00:00,31.6,74.88472135092377,1002.1
Mumbai,2025-06-11 13:00:00,30.0,74.62820502423824,
Mumbai,2025-06-11 14:00:00,30.0,74.62820502423824,
Mumbai,2025-06-11 15:00:00,30.8,78.37581423848806,1003.1
Mumbai,2025-06-11 16:00:00,31.0,70.47582088918256,
Mumbai,2025-06-11 17:00:00,30.0,74.62820502423824,
Mumbai,2025-06-11 18:00:00,30.6,79.74530566981048,1004.8
Mumbai,2025-06-11 19:00:00,30.0,74.62820502423824,
Mumbai,2025-06-11 20:00:00,30.0,74.62820502423824,
Mumbai,2025-06-12 03:00:00,30.2,91.17952811176471,1002.7
Mumbai,2025-06-12 04:00:00,30.0,79.1954670273341,
Mumbai,2025-06-12 05:00:00,30.0,79.1954670273341,
Mumbai,2025-06-12 06:00:00,32.0,71.07626571001893,1003.5
Mumbai,2025-06-12 07:00:00,33.0,59.27401124880875,
Mumbai,2025-06-12 08:00:00,33.0,55.80567844118911,
Mumbai,2025-06-12 09:00:00,32.6,67.89863459456423,1001.5
Mumbai,2025-06-12 10:00:00,33.0,62.92958329531054,
Mumbai,2025-06-12 11:00:00,31.0,70.47582088918256,
Mumbai,2025-06-12 12:00:00,32.2,71.53290094917851,1000.2
Mumbai,2025-06-12 13:00:00,31.0,66.3818887938788,
Mumbai,2025-06-12 14:00:00,30.0,74.62820502423824,
Mumbai,2025-06-12 15:00:00,30.6,78.34767637456054,1001.0
Mumbai,2025-06-12 16:00:00,30.0,79.1954670273341,
Mumbai,2025-06-12 17:00:00,30.0,79.1954670273341,
Mumbai,2025-06-12 18:00:00,30.6,78.34767637456054,1002.6
Mumbai,2025-06-12 19:00:00,26.0,88.7589455109383,
Mumbai,2025-06-12 20:00:00,26.0,83.5653445347348,
Mumbai,2025-06-12 21:00:00,26.4,92.03168153578638,1001.8
Mumbai,2025-06-12 22:00:00,26.0,83.5653445347348,
Mumbai,2025-06-12 23:00:00,26.0,83.5653445347348,
Mumbai,2025-06-13 00:00:00,26.0,92.00888400052642,1001.5
Mumbai,2025-06-13 01:00:00,27.0,83.67695517522091,
Mumbai,2025-06-13 02:00:00,26.0,83.5653445347348,
Mumbai,2025-06-13 03:00:00,27.0,92.06569807815053,1003.1
Mumbai,2025-06-13 04:00:00,26.0,88.7589455109383,
Mumbai,2025-06-13 05:00:00,28.0,78.9202680701639,
Mumbai,2025-06-13 06:00:00,29.8,81.06459831337503,1003.0
Mumbai,2025-06-13 07:00:00,29.0,74.46601257025355,
Mumbai,2025-06-13 08:00:00,30.0,74.62820502423824,
Mumbai,2025-06-13 09:00:00,30.0,81.08968974474207,1001.4
Mumbai,2025-06-13 10:00:00,29.0,79.0585121873896,
Mumbai,2025-06-13 11:00:00,29.0,83.89690993013956,
Mumbai,2025-06-13 12:00:00,29.8,84.97692867892383,999.8
Mumbai,2025-06-13 13:00:00,30.0,79.1954670273341,
Mumbai,2025-06-13 14:00:00,29.0,83.89690993013956,
Mumbai,2025-06-13 15:00:00,30.0,81.08968974474207,1001.1
Mumbai,2025-06-13 16:00:00,30.0,74.62820502423824,
Mumbai,2025-06-13 17:00:00,29.0,79.0585121873896,
Mumbai,2025-06-13 18:00:00,29.4,86.44896966030107,1002.0
Mumbai,2025-06-13 19:00:00,29.0,83.89690993013956,
Mumbai,2025-06-13 20:00:00,28.0,88.91528354225218,
Mumbai,2025-06-13 21:00:00,28.4,95.44234995416194,1000.5
Mumbai,2025-06-13 22:00:00,27.0,94.27439081608838,
Mumbai,2025-06-13 23:00:00,28.0,88.91528354225218,
Mumbai,2025-06-14 00:00:00,28.2,95.43577238155224,1000.1
Mumbai,2025-06-14 01:00:00,27.0,88.83751596451742,
Mumbai,2025-06-14 02:00:00,28.0,88.91528354225218,
Mumbai,2025-06-14 03:00:00,29.2,92.18860676693177,1001.1
Mumbai,2025-06-14 04:00:00,30.0,79.1954670273341,
Mumbai,2025-06-14 05:00:00,31.0,66.3818887938788,
Mumbai,2025-06-14 06:00:00,32.2,74.979976618763,1001.2
Mumbai,2025-06-14 07:00:00,31.0,70.47582088918256,
Mumbai,2025-06-14 08:00:00,32.0,66.5821913857855,
Mumbai,2025-06-14 09:00:00,32.4,71.56807265043355,999.0
Mumbai,2025-06-14 10:00:00,32.0,66.5821913857855,
Mumbai,2025-06-14 11:00:00,32.0,70.6570356447408,
Mumbai,2025-06-14 12:00:00,31.8,74.91652960815853,997.7
Mumbai,2025-06-14 13:00:00,30.0,79.1954670273341,
Mumbai,2025-06-14 14:00:00,30.0,79.1954670273341,
Mumbai,2025-06-14 15:00:00,29.6,91.14232765587903,999.2
Mumbai,2025-06-14 16:00:00,28.0,83.78747242805218,
Mumbai,2025-06-14 17:00:00,27.0,88.83751596451742,
Mumbai,2025-06-14 18:00:00,27.4,95.40932035991787,999.6
Mumbai,2025-06-14 19:00:00,27.0,88.83751596451742,
Mumbai,2025-06-14 20:00:00,26.0,94.23292497092102,
Mumbai,2025-06-14 21:00:00,27.2,92.07698925377626,997.6
Mumbai,2025-06-14 22:00:00,27.0,88.83751596451742,
Mumbai,2025-06-14 23:00:00,27.0,88.83751596451742,
Mumbai,2025-06-15 00:00:00,27.0,95.39600874452509,997.9
Mumbai,2025-06-15 01:00:00,26.0,94.23292497092102,
Mumbai,2025-06-15 02:00:00,26.0,94.23292497092102,
Mumbai,2025-06-15 03:00:00,27.0,95.39600874452509,998.2
Mumbai,2025-06-15 04:00:00,26.0,94.23292497092102,
Mumbai,2025-06-15 05:00:00,27.0,88.83751596451742,
Mumbai,2025-06-15 06:00:00,28.2,93.77172585847173,998.3
Mumbai,2025-06-15 07:00:00,28.0,83.78747242805218,
Mumbai,2025-06-15 08:00:00,29.0,79.0585121873896,
Mumbai,2025-06-15 09:00:00,30.6,79.74530566981048,996.4
Mumbai,2025-06-15 11:00:00,27.0,88.83751596451742,
Mumbai,2025-06-15 12:00:00,28.2,90.51953760720181,995.7
Mumbai,2025-06-15 13:00:00,27.0,88.83751596451742,
Mumbai,2025-06-15 14:00:00,27.0,88.83751596451742,
Mumbai,2025-06-15 15:00:00,27.4,90.46596324112937,996.9
Mumbai,2025-06-15 16:00:00,27.0,88.83751596451742,
Mumbai,2025-06-15 17:00:00,27.0,88.83751596451742,
Mumbai,2025-06-15 18:00:00,27.0,92.06569807815053,997.7
Mumbai,2025-06-15 19:00:00,26.0,94.23292497092102,
Mumbai,2025-06-15 20:00:00,26.0,94.23292497092102,
Mumbai,2025-06-15 21:00:00,26.6,93.69982968596882,995.8
Mumbai,2025-06-15 22:00:00,26.0,94.23292497092102,
Mumbai,2025-06-15 23:00:00,26.0,94.23292497092102,
Mumbai,2025-06-16 00:00:00,26.4,93.69075623120435,995.8
Mumbai,2025-06-16 01:00:00,26.0,88.7589455109383,
Mumbai,2025-06-16 02:00:00,26.0,94.23292497092102,
Mumbai,2025-06-16 03:00:00,26.4,92.03168153578638,997.8
Mumbai,2025-06-16 04:00:00,27.0,88.83751596451742,
Mumbai,2025-06-16 05:00:00,27.0,88.83751596451742,
Mumbai,2025-06-16 06:00:00,28.2,90.51953760720181,998.4
Mumbai,2025-06-16 07:00:00,27.0,88.83751596451742,
Mumbai,2025-06-16 08:00:00,26.0,94.23292497092102,
Mumbai,2025-06-16 09:00:00,26.8,93.70888380751718,998.2
Mumbai,2025-06-16 10:00:00,26.0,94.23292497092102,
Mumbai,2025-06-16 11:00:00,25.0,94.19101183405704,
Mumbai,2025-06-16 12:00:00,26.2,94.80376584735212,998.5
Mumbai,2025-06-16 13:00:00,25.0,94.19101183405704,
Mumbai,2025-06-16 14:00:00,25.0,100.0,
Mumbai,2025-06-16 15:00:00,26.8,93.70888380751718,999.7
Mumbai,2025-06-16 16:00:00,27.0,88.83751596451742,
Mumbai,2025-06-16 17:00:00,28.0,83.78747242805218,
Mumbai,2025-06-16 18:00:00,27.8,90.49280598950578,1000.9
Mumbai,2025-06-16 19:00:00,27.0,88.83751596451742,
Mumbai,2025-06-16 20:00:00,29.0,83.89690993013956,
Mumbai,2025-06-16 21:00:00,28.6,87.91868204829599,999.7
Mumbai,2025-06-16 22:00:00,28.0,83.78747242805218,
Mumbai,2025-06-16 23:00:00,28.0,83.78747242805218,
Mumbai,2025-06-17 00:00:00,29.0,84.89506306062921,1000.1
Mumbai,2025-06-17 01:00:00,28.0,83.78747242805218,
Mumbai,2025-06-17 02:00:00,29.0,79.0585121873896,
Mumbai,2025-06-17 03:00:00,30.2,81.1147334710309,1001.5
Mumbai,2025-06-17 04:00:00,30.0,74.62820502423824,
Mumbai,2025-06-17 05:00:00,31.0,70.47582088918256,
Mumbai,2025-06-17 06:00:00,32.0,76.27928569930424,1002.5
Mumbai,2025-06-17 07:00:00,31.0,70.47582088918256,
Mumbai,2025-06-17 08:00:00,31.0,74.7889561009917,
Mumbai,2025-06-17 09:00:00,32.2,74.10487661671202,1001.8
Mumbai,2025-06-17 10:00:00,31.0,70.47582088918256,
Mumbai,2025-06-17 11:00:00,31.0,70.47582088918256,
Mumbai,2025-06-17 12:00:00,31.4,74.85285642920122,1000.6
Mumbai,2025-06-17 13:00:00,29.0,79.0585121873896,
Mumbai,2025-06-17 14:00:00,29.0,79.0585121873896,
Mumbai,2025-06-17 15:00:00,30.0,81.08968974474207,1001.7
Mumbai,2025-06-17 16:00:00,29.0,79.0585121873896,
Mumbai,2025-06-17 17:00:00,28.0,78.9202680701639,
Mumbai,2025-06-17 18:00:00,28.6,84.8538871735531,1002.0
Mumbai,2025-06-17 19:00:00,28.0,83.78747242805218,
Mumbai,2025-06-17 20:00:00,26.0,94.23292497092102,
Mumbai,2025-06-17 21:00:00,27.6,92.09950049107172,1000.6
Mumbai,2025-06-17 22:00:00,28.0,88.91528354225218,
Mumbai,2025-06-17 23:00:00,28.0,83.78747242805218,
Mumbai,2025-06-18 00:00:00,27.6,93.74490804295253,1000.7
Mumbai,2025-06-18 01:00:00,28.0,83.78747242805218,
Mumbai,2025-06-18 02:00:00,29.0,79.0585121873896,
Mumbai,2025-06-18 03:00:00,29.8,83.49088910584811,1002.5
Mumbai,2025-06-18 04:00:00,27.0,88.83751596451742,
Mumbai,2025-06-18 05:00:00,28.0,83.78747242805218,
Mumbai,2025-06-18 06:00:00,27.8,90.49280598950578,1003.0
Mumbai,2025-06-18 07:00:00,26.0,94.23292497092102,
Mumbai,2025-06-18 08:00:00,27.0,88.83751596451742,
Mumbai,2025-06-18 09:00:00,28.0,88.91528354225218,1002.2
Mumbai,2025-06-18 10:00:00,27.0,88.83751596451742,
Mumbai,2025-06-18 11:00:00,28.0,88.91528354225218,
Mumbai,2025-06-18 12:00:00,28.4,88.94616815571688,1001.0
Mumbai,2025-06-18 13:00:00,26.0,94.23292497092102,
Mumbai,2025-06-18 14:00:00,27.0,88.83751596451742,
Mumbai,2025-06-18 15:00:00,27.0,92.06569807815053,1002.4
Mumbai,2025-06-18 16:00:00,27.0,94.27439081608838,
Mumbai,2025-06-18 17:00:00,27.0,94.27439081608838,
Mumbai,2025-06-18 18:00:00,27.6,95.41595470562915,1002.4
Mumbai,2025-06-18 19:00:00,27.0,94.27439081608838,
Mumbai,2025-06-18 20:00:00,28.0,88.91528354225218,
Mumbai,2025-06-18 21:00:00,28.6,87.91868204829599,1000.6
Mumbai,2025-06-18 22:00:00,27.0,88.83751596451742,
Mumbai,2025-06-18 23:00:00,27.0,88.83751596451742,
Mumbai,2025-06-19 00:00:00,27.4,93.73593071403404,1007.0
Mumbai,2025-06-19 01:00:00,26.0,94.23292497092102,
Mumbai,2025-06-19 02:00:00,27.0,88.83751596451742,
Mumbai,2025-06-19 03:00:00,27.8,92.11072068322818,1002.5
Mumbai,2025-06-19 04:00:00,29.0,83.89690993013956,
Mumbai,2025-06-19 05:00:00,29.0,83.89690993013956,
Mumbai,2025-06-19 06:00:00,29.6,86.46751908713752,1003.1
Mumbai,2025-06-19 07:00:00,26.0,88.7589455109383,
Mumbai,2025-06-19 08:00:00,28.0,88.91528354225218,
Mumbai,2025-06-19 09:00:00,28.8,90.55942797559786,1002.9
Mumbai,2025-06-19 10:00:00,28.0,88.91528354225218,
Mumbai,2025-06-19 12:00:00,29.4,86.44896966030107,1002.4
Mumbai,2025-06-19 13:00:00,29.0,83.89690993013956,
Mumbai,2025-06-19 14:00:00,28.0,88.91528354225218,
Mumbai,2025-06-19 15:00:00,28.8,89.50172004038727,1003.9
Mumbai,2025-06-19 16:00:00,28.0,88.91528354225218,
Mumbai,2025-06-19 17:00:00,28.0,83.78747242805218,
Mumbai,2025-06-19 18:00:00,29.0,87.95208930052544,1004.5
Mumbai,2025-06-19 19:00:00,28.0,88.91528354225218,
Mumbai,2025-06-19 20:00:00,26.0,88.7589455109383,
Mumbai,2025-06-19 21:00:00,28.2,92.13309053912468,1003.0
Mumbai,2025-06-19 22:00:00,28.0,83.78747242805218,
Mumbai,2025-06-19 23:00:00,28.0,83.78747242805218,
Mumbai,2025-06-20 00:00:00,28.4,88.94616815571688,1003.4
Mumbai,2025-06-20 01:00:00,28.0,83.78747242805218,
Mumbai,2025-06-20 02:00:00,29.0,79.0585121873896,
Mumbai,2025-06-20 03:00:00,29.6,83.46865512129703,1005.3
Mumbai,2025-06-20 04:00:00,30.0,79.1954670273341,
Mumbai,2025-06-20 05:00:00,27.0,83.67695517522091,
Mumbai,2025-06-20 06:00:00,30.0,86.50450703984572,1005.6
Mumbai,2025-06-20 07:00:00,30.0,79.1954670273341,
Mumbai,2025-06-20 08:00:00,30.0,74.62820502423824,
Mumbai,2025-06-20 09:00:00,31.8,77.60205183026918,1004.6
Mumbai,2025-06-20 10:00:00,29.0,79.0585121873896,
Mumbai,2025-06-20 11:00:00,30.0,74.62820502423824,
Mumbai,2025-06-20 12:00:00,30.6,79.74530566981048,1003.6
Mumbai,2025-06-20 13:00:00,29.0,83.89690993013956,
Mumbai,2025-06-20 14:00:00,29.0,79.0585121873896,
Mumbai,2025-06-20 15:00:00,29.8,82.51286135002354,1004.5
Mumbai,2025-06-20 16:00:00,29.0,79.0585121873896,
Mumbai,2025-06-20 17:00:00,29.0,79.0585121873896,
Mumbai,2025-06-20 18:00:00,29.6,83.46865512129703,1005.6
Mumbai,2025-06-20 19:00:00,29.0,83.89690993013956,
Mumbai,2025-06-20 20:00:00,29.0,83.89690993013956,
Mumbai,2025-06-20 21:00:00,29.4,83.44637781059491,1004.0
Mumbai,2025-06-20 22:00:00,28.0,83.78747242805218,
Mumbai,2025-06-20 23:00:00,28.0,83.78747242805218,
Mumbai,2025-06-21 00:00:00,29.0,84.89506306062921,1003.9
Mumbai,2025-06-21 01:00:00,29.0,74.46601257025355,
Mumbai,2025-06-21 02:00:00,29.0,79.0585121873896,
Mumbai,2025-06-21 03:00:00,30.0,82.53623329490637,1005.9
Mumbai,2025-06-21 04:00:00,30.0,70.29306142592459,
Mumbai,2025-06-21 05:00:00,30.0,74.62820502423824,
Mumbai,2025-06-21 06:00:00,31.8,74.91652960815853,1006.0
Mumbai,2025-06-21 07:00:00,31.0,70.47582088918256,
Mumbai,2025-06-21 08:00:00,31.0,66.3818887938788,
Mumbai,2025-06-21 09:00:00,32.0,71.07626571001893,1005.1
Mumbai,2025-06-21 10:00:00,31.0,70.47582088918256,
Mumbai,2025-06-21 11:00:00,31.0,70.47582088918256,
Mumbai,2025-06-21 12:00:00,30.8,74.31499881924898,1003.8
Mumbai,2025-06-21 13:00:00,29.0,79.0585121873896,
Mumbai,2025-06-21 14:00:00,29.0,79.0585121873896,
Mumbai,2025-06-21 15:00:00,29.4,80.53536024141098,1005.0
Mumbai,2025-06-21 16:00:00,29.0,79.0585121873896,
Mumbai,2025-06-21 17:00:00,29.0,79.0585121873896,
Mumbai,2025-06-21 18:00:00,29.2,84.91559008084812,1005.9
Mumbai,2025-06-21 19:00:00,28.0,83.78747242805218,
Mumbai,2025-06-21 20:00:00,28.0,83.78747242805218,
Mumbai,2025-06-21 21:00:00,29.0,83.40169277956687,1004.0
Mumbai,2025-06-21 22:00:00,28.0,83.78747242805218,
Mumbai,2025-06-21 23:00:00,28.0,78.9202680701639,
Mumbai,2025-06-22 00:00:00,25.6,91.43570721258781,1004.2
Mumbai,2025-06-22 01:00:00,27.0,88.83751596451742,
Mumbai,2025-06-22 02:00:00,28.0,83.78747242805218,
Mumbai,2025-06-22 03:00:00,29.0,76.27419595958764,1005.3
Mumbai,2025-06-22 04:00:00,29.0,79.0585121873896,
Mumbai,2025-06-22 05:00:00,29.0,74.46601257025355,
Mumbai,2025-06-22 06:00:00,31.0,76.1271052167908,1005.4
Mumbai,2025-06-22 07:00:00,30.0,74.62820502423824,
Mumbai,2025-06-22 08:00:00,31.0,70.47582088918256,
Mumbai,2025-06-22 09:00:00,31.4,73.53807422593974,1003.4
Mumbai,2025-06-22 10:00:00,30.0,74.62820502423824,
Mumbai,2025-06-22 11:00:00,30.0,74.62820502423824,
Mumbai,2025-06-22 12:00:00,31.0,73.47141965449843,1002.1
Mumbai,2025-06-22 13:00:00,29.0,74.46601257025355,
Mumbai,2025-06-22 14:00:00,29.0,74.46601257025355,
Mumbai,2025-06-22 15:00:00,29.2,81.95548127118022,1003.4
Mumbai,2025-06-22 16:00:00,29.0,74.46601257025355,
Mumbai,2025-06-22 17:00:00,29.0,79.0585121873896,
Mumbai,2025-06-22 18:00:00,29.6,83.46865512129703,1004.2
Mumbai,2025-06-22 19:00:00,28.0,83.78747242805218,
Mumbai,2025-06-22 20:00:00,28.0,78.9202680701639,
Mumbai,2025-06-22 21:00:00,28.0,87.34888747491027,1001.9
Mumbai,2025-06-22 22:00:00,28.0,83.78747242805218,
Mumbai,2025-06-22 23:00:00,28.0,83.78747242805218,
Mumbai,2025-06-23 00:00:00,29.2,79.08600581526997,1002.0
Mumbai,2025-06-23 01:00:00,28.0,83.78747242805218,
Mumbai,2025-06-23 02:00:00,27.0,88.83751596451742,
Mumbai,2025-06-23 03:00:00,29.2,83.42405706602797,1003.3
Mumbai,2025-06-23 04:00:00,29.0,79.0585121873896,
Mumbai,2025-06-23 05:00:00,29.0,79.0585121873896,
Mumbai,2025-06-23 06:00:00,29.2,84.91559008084812,1003.6
Mumbai,2025-06-23 07:00:00,29.0,79.0585121873896,
Mumbai,2025-06-23 08:00:00,29.0,79.0585121873896,
Mumbai,2025-06-23 09:00:00,30.6,76.97150804274018,1001.8
Mumbai,2025-06-23 10:00:00,30.0,74.62820502423824,
Mumbai,2025-06-23 11:00:00,30.0,74.62820502423824,
Mumbai,2025-06-23 12:00:00,30.2,76.91200889831605,1000.5
Mumbai,2025-06-23 13:00:00,29.0,79.0585121873896,
Mumbai,2025-06-23 14:00:00,27.0,88.83751596451742,
Mumbai,2025-06-23 15:00:00,27.6,84.24549777703992,1001.7
Mumbai,2025-06-23 16:00:00,26.0,88.7589455109383,
Mumbai,2025-06-23 17:00:00,26.0,88.7589455109383,
Mumbai,2025-06-23 18:00:00,26.6,90.41194193154737,1002.1
Mumbai,2025-06-23 19:00:00,26.0,88.7589455109383,
Mumbai,2025-06-23 20:00:00,26.0,94.23292497092102,
Mumbai,2025-06-23 21:00:00,27.4,92.08825670296545,999.9
Mumbai,2025-06-23 22:00:00,24.0,83.33878752130364,
Mumbai,2025-06-23 23:00:00,25.0,88.67956137467019,
Mumbai,2025-06-24 00:00:00,26.0,94.79622941585653,1000.2
Mumbai,2025-06-24 01:00:00,26.0,78.6398510724195,
Mumbai,2025-06-24 02:00:00,28.0,74.30236303611937,
Mumbai,2025-06-24 03:00:00,28.6,87.91868204829599,1002.5
Mumbai,2025-06-24 04:00:00,29.0,79.0585121873896,
Mumbai,2025-06-24 05:00:00,29.0,79.0585121873896,
Mumbai,2025-06-24 06:00:00,30.2,81.1147334710309,1002.0
Mumbai,2025-06-24 07:00:00,30.0,74.62820502423824,
Mumbai,2025-06-24 08:00:00,29.0,79.0585121873896,
Mumbai,2025-06-24 09:00:00,30.4,78.31948639832048,1001.5
Mumbai,2025-06-24 10:00:00,29.0,79.0585121873896,
Mumbai,2025-06-24 11:00:00,29.0,79.0585121873896,
Mumbai,2025-06-24 12:00:00,30.0,78.26294962837345,1000.6
Mumbai,2025-06-24 13:00:00,29.0,79.0585121873896,
Mumbai,2025-06-24 14:00:00,29.0,79.0585121873896,
Mumbai,2025-06-24 15:00:00,29.2,83.42405706602797,1001.7
Mumbai,2025-06-24 16:00:00,28.0,83.78747242805218,
Mumbai,2025-06-24 17:00:00,29.0,79.0585121873896,
Mumbai,2025-06-24 18:00:00,29.4,81.97957178446406,1002.5
Mumbai,2025-06-24 19:00:00,28.0,83.78747242805218,
Mumbai,2025-06-24 20:00:00,28.0,88.91528354225218,
Mumbai,2025-06-24 21:00:00,28.8,84.87449545917907,1000.6
Mumbai,2025-06-24 22:00:00,28.0,83.78747242805218,
Mumbai,2025-06-24 23:00:00,28.0,83.78747242805218,
Mumbai,2025-06-25 00:00:00,29.0,83.40169277956687,1000.0
Mumbai,2025-06-25 01:00:00,28.0,83.78747242805218,
Mumbai,2025-06-25 02:00:00,28.0,83.78747242805218,
Mumbai,2025-06-25 03:00:00,29.4,81.97957178446406,1001.9
Mumbai,2025-06-25 04:00:00,29.0,79.0585121873896,
Mumbai,2025-06-25 05:00:00,29.0,79.0585121873896,
Mumbai,2025-06-25 06:00:00,30.6,79.74530566981048,1002.2
Mumbai,2025-06-25 07:00:00,30.0,74.62820502423824,
Mumbai,2025-06-25 08:00:00,30.0,74.62820502423824,
Mumbai,2025-06-25 09:00:00,31.4,74.85285642920122,1000.9
Mumbai,2025-06-25 10:00:00,30.0,74.62820502423824,
Mumbai,2025-06-25 11:00:00,29.0,79.0585121873896,
Mumbai,2025-06-25 12:00:00,30.4,78.31948639832048,999.8
Mumbai,2025-06-25 13:00:00,29.0,79.0585121873896,
Mumbai,2025-06-25 14:00:00,29.0,74.46601257025355,
Mumbai,2025-06-25 15:00:00,28.6,86.37440005285019,1001.4
Mumbai,2025-06-25 16:00:00,28.0,88.91528354225218,
Mumbai,2025-06-25 17:00:00,28.0,88.91528354225218,
Mumbai,2025-06-25 18:00:00,29.4,84.9360766224706,1001.8
Mumbai,2025-06-25 19:00:00,28.0,83.78747242805218,
Mumbai,2025-06-25 20:00:00,28.0,83.78747242805218,
Mumbai,2025-06-25 21:00:00,29.2,83.42405706602797,1000.4
Mumbai,2025-06-25 22:00:00,28.0,83.78747242805218,
Mumbai,2025-06-25 23:00:00,28.0,83.78747242805218,
Mumbai,2025-06-26 00:00:00,29.2,86.43038313933076,1000.3
Mumbai,2025-06-26 01:00:00,28.0,83.78747242805218,
Mumbai,2025-06-26 02:00:00,28.0,78.9202680701639,
Mumbai,2025-06-26 03:00:00,29.8,82.51286135002354,1001.8
Mumbai,2025-06-26 04:00:00,30.0,74.62820502423824,
Mumbai,2025-06-26 05:00:00,28.0,83.78747242805218,
Mumbai,2025-06-26 06:00:00,26.4,93.69075623120435,1002.8
Mumbai,2025-06-26 07:00:00,28.0,83.78747242805218,
Mumbai,2025-06-26 08:00:00,28.0,78.9202680701639,
Mumbai,2025-06-26 09:00:00,28.4,83.33433758376981,1001.6
Mumbai,2025-06-26 10:00:00,28.0,78.9202680701639,
Mumbai,2025-06-26 11:00:00,26.0,83.5653445347348,
Mumbai,2025-06-26 12:00:00,28.0,84.79181717750924,1000.4
Mumbai,2025-06-26 13:00:00,28.0,83.78747242805218,
Mumbai,2025-06-26 14:00:00,26.0,83.5653445347348,
Mumbai,2025-06-26 15:00:00,28.6,83.35683314726084,1001.5
Mumbai,2025-06-26 16:00:00,28.0,78.9202680701639,
Mumbai,2025-06-26 17:00:00,28.0,78.9202680701639,
Mumbai,2025-06-26 18:00:00,28.6,81.88293095675748,1002.0
Mumbai,2025-06-26 19:00:00,28.0,83.78747242805218,
Mumbai,2025-06-26 20:00:00,28.0,83.78747242805218,
Mumbai,2025-06-26 21:00:00,29.0,80.48371679996085,1000.6
Mumbai,2025-06-26 22:00:00,28.0,83.78747242805218,
Mumbai,2025-06-26 23:00:00,28.0,83.78747242805218,
Mumbai,2025-06-27 00:00:00,28.6,84.8538871735531,1000.4
Mumbai,2025-06-27 01:00:00,28.0,83.78747242805218,
Mumbai,2025-06-27 02:00:00,28.0,83.78747242805218,
Mumbai,2025-06-27 03:00:00,29.4,83.44637781059491,1001.6
Mumbai,2025-06-27 04:00:00,29.0,79.0585121873896,
Mumbai,2025-06-27 05:00:00,30.0,74.62820502423824,
Mumbai,2025-06-27 06:00:00,31.2,74.82093472023674,1002.5
Mumbai,2025-06-27 07:00:00,27.0,88.83751596451742,
Mumbai,2025-06-27 08:00:00,28.0,78.9202680701639,
Mumbai,2025-06-27 09:00:00,29.2,83.42405706602797,1002.7
Mumbai,2025-06-27 10:00:00,29.0,74.46601257025355,
Mumbai,2025-06-27 11:00:00,29.0,79.0585121873896,
Mumbai,2025-06-27 12:00:00,30.0,82.53623329490637,1001.3
Mumbai,2025-06-27 13:00:00,29.0,79.0585121873896,
Mumbai,2025-06-27 14:00:00,28.0,83.78747242805218,
Mumbai,2025-06-27 15:00:00,29.2,80.5095630310082,1002.4
Mumbai,2025-06-27 16:00:00,27.0,83.67695517522091,
Mumbai,2025-06-27 17:00:00,28.0,78.9202680701639,
Mumbai,2025-06-27 18:00:00,28.8,79.03096698905824,1004.4
Mumbai,2025-06-27 19:00:00,28.0,78.9202680701639,
Mumbai,2025-06-27 20:00:00,28.0,74.30236303611937,
Mumbai,2025-06-27 21:00:00,28.8,80.45782143103412,1002.8
Mumbai,2025-06-27 22:00:00,28.0,78.9202680701639,
Mumbai,2025-06-27 23:00:00,28.0,78.9202680701639,
Mumbai,2025-06-28 00:00:00,28.6,79.00337009946395,1002.9
Mumbai,2025-06-28 01:00:00,28.0,78.9202680701639,
Mumbai,2025-06-28 02:00:00,28.0,78.9202680701639,
Mumbai,2025-06-28 03:00:00,29.8,75.49139258129554,1003.9
Mumbai,2025-06-28 04:00:00,29.0,74.46601257025355,
Mumbai,2025-06-28 05:00:00,30.0,70.29306142592459,
Mumbai,2025-06-28 06:00:00,31.2,73.50477620307173,1004.5
Mumbai,2025-06-28 07:00:00,30.0,74.62820502423824,
Mumbai,2025-06-28 08:00:00,31.0,66.3818887938788,
Mumbai,2025-06-28 09:00:00,32.0,68.5931528079531,1003.6
Mumbai,2025-06-28 10:00:00,30.0,74.62820502423824,
Mumbai,2025-06-28 11:00:00,30.0,74.62820502423824,
Mumbai,2025-06-28 12:00:00,30.8,71.71113203855039,1002.5
Mumbai,2025-06-28 13:00:00,29.0,79.0585121873896,
Mumbai,2025-06-28 14:00:00,28.0,78.9202680701639,
Mumbai,2025-06-28 15:00:00,27.0,82.67693820709039,1003.9
Mumbai,2025-06-28 16:00:00,27.0,83.67695517522091,
Mumbai,2025-06-28 17:00:00,25.0,88.67956137467019,
Mumbai,2025-06-28 18:00:00,26.4,87.207659213301,1005.0
Mumbai,2025-06-28 19:00:00,26.0,83.5653445347348,
Mumbai,2025-06-28 20:00:00,26.0,83.5653445347348,
Mumbai,2025-06-28 21:00:00,26.6,84.13765842724912,1004.0
Mumbai,2025-06-28 22:00:00,26.0,83.5653445347348,
Mumbai,2025-06-28 23:00:00,27.0,83.67695517522091,
Mumbai,2025-06-29 00:00:00,28.4,84.83323810049623,1002.9
Mumbai,2025-06-29 01:00:00,28.0,83.78747242805218,
Mumbai,2025-06-29 02:00:00,28.0,78.9202680701639,
Mumbai,2025-06-29 03:00:00,29.8,79.63860889063328,1004.4
Mumbai,2025-06-29 04:00:00,29.0,79.0585121873896,
Mumbai,2025-06-29 05:00:00,30.0,74.62820502423824,
Mumbai,2025-06-29 06:00:00,31.0,73.47141965449843,1005.0
Mumbai,2025-06-29 07:00:00,30.0,74.62820502423824,
Mumbai,2025-06-29 08:00:00,30.0,74.62820502423824,
Mumbai,2025-06-29 09:00:00,30.6,74.28243957799879,1004.2
Mumbai,2025-06-29 10:00:00,29.0,79.0585121873896,
Mumbai,2025-06-29 11:00:00,29.0,74.46601257025355,
Mumbai,2025-06-29 12:00:00,30.2,75.55406963834521,1002.8
Mumbai,2025-06-29 13:00:00,29.0,79.0585121873896,
Mumbai,2025-06-29 14:00:00,28.0,78.9202680701639,
Mumbai,2025-06-29 15:00:00,29.2,79.08600581526997,1003.5
Mumbai,2025-06-29 16:00:00,28.0,78.9202680701639,
Mumbai,2025-06-29 17:00:00,28.0,83.78747242805218,
Mumbai,2025-06-29 18:00:00,29.0,80.48371679996085,1004.3
Mumbai,2025-06-29 19:00:00,28.0,78.9202680701639,
Mumbai,2025-06-29 20:00:00,28.0,83.78747242805218,
Mumbai,2025-06-29 21:00:00,28.8,83.37928484286573,1002.1
Mumbai,2025-06-29 22:00:00,28.0,78.9202680701639,
Mumbai,2025-06-29 23:00:00,28.0,78.9202680701639,
Mumbai,2025-06-30 00:00:00,28.8,81.90716097068722,1002.4
Mumbai,2025-06-30 01:00:00,28.0,78.9202680701639,
Mumbai,2025-06-30 02:00:00,28.0,78.9202680701639,
Mumbai,2025-06-30 03:00:00,29.4,79.11344799319119,1003.8
Mumbai,2025-06-30 04:00:00,30.0,74.62820502423824,
Mumbai,2025-06-30 05:00:00,29.0,74.46601257025355,
Mumbai,2025-06-30 06:00:00,31.2,72.20890765279174,1004.2
Mumbai,2025-06-30 07:00:00,29.0,79.0585121873896,
Mumbai,2025-06-30 08:00:00,30.0,74.62820502423824,
Mumbai,2025-06-30 09:00:00,29.4,79.11344799319119,1003.0
Mumbai,2025-06-30 10:00:00,29.0,79.0585121873896,
Mumbai,2025-06-30 11:00:00,28.0,83.78747242805218,
Mumbai,2025-06-30 12:00:00,27.8,82.77031896665545,1001.9
Mumbai,2025-06-30 13:00:00,28.0,83.78747242805218,
Mumbai,2025-06-30 14:00:00,28.0,78.9202680701639,
Mumbai,2025-06-30 15:00:00,28.4,83.33433758376981,1003.6
Mumbai,2025-06-30 16:00:00,28.0,78.9202680701639,
Mumbai,2025-06-30 17:00:00,28.0,78.9202680701639,
Mumbai,2025-06-30 18:00:00,29.0,79.0585121873896,1004.6
Mumbai,2025-06-30 19:00:00,28.0,78.9202680701639,
Mumbai,2025-06-30 20:00:00,28.0,78.9202680701639,
Mumbai,2025-06-30 21:00:00,28.6,83.35683314726084,1003.1
Mumbai,2025-06-30 22:00:00,28.0,83.78747242805218,
Mumbai,2025-06-30 23:00:00,28.0,78.9202680701639,
Mumbai,2025-07-01 00:00:00,28.4,83.33433758376981,1002.7
Mumbai,2025-07-01 01:00:00,28.0,78.9202680701639,
Mumbai,2025-07-01 02:00:00,28.0,78.9202680701639,
Mumbai,2025-07-01 03:00:00,29.2,80.5095630310082,1004.3
Mumbai,2025-07-01 04:00:00,28.0,78.9202680701639,
Mumbai,2025-07-01 05:00:00,30.0,74.62820502423824,
Mumbai,2025-07-01 06:00:00,30.2,74.2171474546091,1004.9
Mumbai,2025-07-01 07:00:00,30.0,70.29306142592459,
Mumbai,2025-07-01 08:00:00,30.0,70.29306142592459,
Mumbai,2025-07-01 09:00:00,30.8,74.31499881924898,1003.8
Mumbai,2025-07-01 10:00:00,29.0,74.46601257025355,
Mumbai,2025-07-01 11:00:00,30.0,74.62820502423824,
Mumbai,2025-07-01 12:00:00,30.0,74.18441432342445,1002.6
Mumbai,2025-07-01 13:00:00,29.0,74.46601257025355,
Mumbai,2025-07-01 14:00:00,29.0,79.0585121873896,
Mumbai,2025-07-01 15:00:00,29.0,80.48371679996085,1003.5
Mumbai,2025-07-01 16:00:00,28.0,78.9202680701639,
Mumbai,2025-07-01 17:00:00,26.0,88.7589455109383,
Mumbai,2025-07-01 18:00:00,27.6,88.88427217188078,1004.2
Mumbai,2025-07-01 19:00:00,28.0,83.78747242805218,
Mumbai,2025-07-01 20:00:00,28.0,83.78747242805218,
Mumbai,2025-07-01 21:00:00,29.0,81.9313443709877,1002.8
Mumbai,2025-07-01 22:00:00,28.0,83.78747242805218,
Mumbai,2025-07-01 23:00:00,28.0,83.78747242805218,
Mumbai,2025-07-02 00:00:00,28.6,84.8538871735531,1002.6
Mumbai,2025-07-02 01:00:00,28.0,83.78747242805218,
Mumbai,2025-07-02 02:00:00,28.0,83.78747242805218,
Mumbai,2025-07-02 03:00:00,29.2,81.95548127118022,1003.3
Mumbai,2025-07-02 04:00:00,29.0,79.0585121873896,
Mumbai,2025-07-02 05:00:00,29.0,83.89690993013956,
Mumbai,2025-07-02 06:00:00,27.2,88.85313336738866,1003.9
Mumbai,2025-07-02 07:00:00,28.0,83.78747242805218,
Mumbai,2025-07-02 08:00:00,28.0,78.9202680701639,
Mumbai,2025-07-02 09:00:00,29.4,81.97957178446406,1002.8
Mumbai,2025-07-02 10:00:00,27.0,83.67695517522091,
Mumbai,2025-07-02 11:00:00,28.0,83.78747242805218,
Mumbai,2025-07-02 12:00:00,28.0,81.80996009312997,1001.8
Mumbai,2025-07-02 13:00:00,28.0,83.78747242805218,
Mumbai,2025-07-02 14:00:00,27.0,88.83751596451742,
Mumbai,2025-07-02 15:00:00,26.2,88.7747243479242,1002.5
Mumbai,2025-07-02 16:00:00,26.0,94.23292497092102,
Mumbai,2025-07-02 17:00:00,25.0,94.19101183405704,
Mumbai,2025-07-02 18:00:00,26.4,92.03168153578638,1003.7
Mumbai,2025-07-02 19:00:00,25.0,94.19101183405704,
Mumbai,2025-07-02 21:00:00,27.6,90.47939854432097,1001.7
Mumbai,2025-07-02 22:00:00,28.0,83.78747242805218,
Mumbai,2025-07-02 23:00:00,27.0,88.83751596451742,
Mumbai,2025-07-03 00:00:00,27.8,87.33135888966177,1001.7
Mumbai,2025-07-03 01:00:00,28.0,83.78747242805218,
Mumbai,2025-07-03 02:00:00,28.0,78.9202680701639,
Mumbai,2025-07-03 03:00:00,29.0,81.9313443709877,1003.4
Mumbai,2025-07-03 04:00:00,30.0,79.1954670273341,
Mumbai,2025-07-03 05:00:00,30.0,79.1954670273341,
Mumbai,2025-07-03 06:00:00,30.6,76.97150804274018,1003.8
Mumbai,2025-07-03 07:00:00,30.0,84.00528111799692,
Mumbai,2025-07-03 09:00:00,31.4,72.24352874821913,1002.8
Mumbai,2025-07-03 11:00:00,30.0,74.62820502423824,
Mumbai,2025-07-03 12:00:00,30.0,78.26294962837345,1002.0
Mumbai,2025-07-03 14:00:00,27.0,83.67695517522091,
Mumbai,2025-07-03 15:00:00,28.8,81.90716097068722,1003.7
Mumbai,2025-07-03 16:00:00,27.0,88.83751596451742,
Mumbai,2025-07-03 17:00:00,26.0,88.7589455109383,
Mumbai,2025-07-03 18:00:00,27.6,90.47939854432097,1004.1
Mumbai,2025-07-03 19:00:00,26.0,100.0,
Mumbai,2025-07-03 20:00:00,27.0,88.83751596451742,
Mumbai,2025-07-03 21:00:00,27.6,87.31379479213656,1002.7
Mumbai,2025-07-03 22:00:00,28.0,83.78747242805218,
Mumbai,2025-07-03 23:00:00,27.0,94.27439081608838,
Mumbai,2025-07-04 00:00:00,27.8,85.78717977072007,1002.8
Mumbai,2025-07-04 01:00:00,29.0,79.0585121873896,
Mumbai,2025-07-04 02:00:00,29.0,79.0585121873896,
Mumbai,2025-07-04 03:00:00,29.2,80.5095630310082,1004.8
Mumbai,2025-07-04 04:00:00,29.0,83.89690993013956,
Mumbai,2025-07-04 05:00:00,27.0,94.27439081608838,
Mumbai,2025-07-04 06:00:00,30.2,81.1147334710309,1005.1
Mumbai,2025-07-04 07:00:00,30.0,79.1954670273341,
Mumbai,2025-07-04 08:00:00,29.0,79.0585121873896,
Mumbai,2025-07-04 09:00:00,30.2,79.69205742002245,1003.8
Mumbai,2025-07-04 10:00:00,27.0,83.67695517522091,
Mumbai,2025-07-04 11:00:00,30.0,79.1954670273341,
Mumbai,2025-07-04 12:00:00,29.6,79.6118092261478,1002.9
Mumbai,2025-07-04 13:00:00,29.0,83.89690993013956,
Mumbai,2025-07-04 14:00:00,29.0,79.0585121873896,
Mumbai,2025-07-04 15:00:00,28.8,80.45782143103412,1004.3
Mumbai,2025-07-04 16:00:00,27.0,83.67695517522091,
Mumbai,2025-07-04 17:00:00,28.0,78.9202680701639,
Mumbai,2025-07-04 18:00:00,26.4,92.03168153578638,1004.6
Mumbai,2025-07-04 19:00:00,26.0,88.7589455109383,
Mumbai,2025-07-04 20:00:00,27.0,88.83751596451742,
Mumbai,2025-07-04 21:00:00,26.4,90.39836619855579,1003.7
Mumbai,2025-07-04 22:00:00,27.0,88.83751596451742,
Mumbai,2025-07-04 23:00:00,28.0,83.78747242805218,
Mumbai,2025-07-05 00:00:00,27.0,88.83751596451742,1002.8
Mumbai,2025-07-05 01:00:00,28.0,83.78747242805218,
Mumbai,2025-07-05 02:00:00,28.0,83.78747242805218,
Mumbai,2025-07-05 03:00:00,28.6,81.88293095675748,1003.9
Mumbai,2025-07-05 04:00:00,29.0,83.89690993013956,
Mumbai,2025-07-05 05:00:00,28.0,88.91528354225218,
Mumbai,2025-07-05 06:00:00,28.6,84.8538871735531,1004.7
Mumbai,2025-07-05 07:00:00,29.0,83.89690993013956,
Mumbai,2025-07-05 08:00:00,30.0,79.1954670273341,
Mumbai,2025-07-05 09:00:00,30.8,73.00291172196927,1003.5
Mumbai,2025-07-05 10:00:00,30.0,74.62820502423824,
Mumbai,2025-07-05 11:00:00,29.0,88.99225887739404,
Mumbai,2025-07-05 12:00:00,28.8,79.03096698905824,1002.3
Mumbai,2025-07-05 13:00:00,28.0,88.91528354225218,
Mumbai,2025-07-05 14:00:00,27.0,88.83751596451742,
Mumbai,2025-07-05 15:00:00,26.8,87.24318141227258,1003.7
Mumbai,2025-07-05 16:00:00,27.0,88.83751596451742,
Mumbai,2025-07-05 17:00:00,28.0,83.78747242805218,
Mumbai,2025-07-05 18:00:00,28.2,83.31179804309043,1003.8
Mumbai,2025-07-05 19:00:00,28.0,88.91528354225218,
Mumbai,2025-07-05 20:00:00,28.0,83.78747242805218,
Mumbai,2025-07-05 21:00:00,28.0,85.80667728802291,1003.6
Mumbai,2025-07-05 22:00:00,28.0,83.78747242805218,
Mumbai,2025-07-05 23:00:00,26.0,94.23292497092102,
Mumbai,2025-07-06 00:00:00,26.8,87.24318141227258,1001.9
Mumbai,2025-07-06 01:00:00,28.0,83.78747242805218,
Mumbai,2025-07-06 02:00:00,28.0,83.78747242805218,
Mumbai,2025-07-06 03:00:00,26.6,92.04304428506519,1003.0
Mumbai,2025-07-06 04:00:00,28.0,83.78747242805218,
Mumbai,2025-07-06 05:00:00,29.0,79.0585121873896,
Mumbai,2025-07-06 06:00:00,29.0,81.9313443709877,1003.8
Mumbai,2025-07-06 07:00:00,29.0,79.0585121873896,
Mumbai,2025-07-06 08:00:00,30.0,74.62820502423824,
Mumbai,2025-07-06 09:00:00,29.4,81.97957178446406,1002.8
Mumbai,2025-07-06 10:00:00,30.0,74.62820502423824,
Mumbai,2025-07-06 11:00:00,26.0,94.23292497092102,
Mumbai,2025-07-06 12:00:00,26.0,93.67255110424425,1002.1
Mumbai,2025-07-06 13:00:00,28.0,88.91528354225218,
Mumbai,2025-07-06 14:00:00,28.0,88.91528354225218,
Mumbai,2025-07-06 15:00:00,28.2,84.81254813644145,1003.0
Mumbai,2025-07-06 16:00:00,29.0,83.89690993013956,
Mumbai,2025-07-06 17:00:00,28.0,88.91528354225218,
Mumbai,2025-07-06 18:00:00,28.6,84.8538871735531,1003.8
Mumbai,2025-07-06 19:00:00,28.0,88.91528354225218,
Mumbai,2025-07-06 20:00:00,28.0,83.78747242805218,
Mumbai,2025-07-06 21:00:00,28.0,85.80667728802291,1002.6
Mumbai,2025-07-06 22:00:00,28.0,83.78747242805218,
Mumbai,2025-07-06 23:00:00,28.0,83.78747242805218,
Mumbai,2025-07-07 00:00:00,28.4,81.85865421535438,1002.6
Mumbai,2025-07-07 01:00:00,28.0,83.78747242805218,
Mumbai,2025-07-07 02:00:00,28.0,78.9202680701639,
Mumbai,2025-07-07 03:00:00,28.8,80.45782143103412,1004.1
Mumbai,2025-07-07 04:00:00,29.0,79.0585121873896,
Mumbai,2025-07-07 05:00:00,29.0,83.89690993013956,
Mumbai,2025-07-07 06:00:00,30.2,76.91200889831605,1004.5
Mumbai,2025-07-07 07:00:00,29.0,83.89690993013956,
Mumbai,2025-07-07 08:00:00,30.0,79.1954670273341,
Mumbai,2025-07-07 09:00:00,29.2,79.08600581526997,1003.8
Mumbai,2025-07-07 10:00:00,29.0,83.89690993013956,
Mumbai,2025-07-07 11:00:00,29.0,79.0585121873896,
Mumbai,2025-07-07 12:00:00,29.0,80.48371679996085,1003.6
Mumbai,2025-07-07 13:00:00,29.0,79.0585121873896,
Mumbai,2025-07-07 14:00:00,28.0,88.91528354225218,
Mumbai,2025-07-07 15:00:00,28.6,83.35683314726084,1004.4
Mumbai,2025-07-07 16:00:00,28.0,83.78747242805218,
Mumbai,2025-07-07 17:00:00,28.0,88.91528354225218,
Mumbai,2025-07-07 18:00:00,28.4,84.83323810049623,1005.3
Mumbai,2025-07-07 19:00:00,28.0,83.78747242805218,
Mumbai,2025-07-07 20:00:00,28.0,83.78747242805218,
Mumbai,2025-07-07 21:00:00,28.4,83.33433758376981,1003.5
Mumbai,2025-07-07 22:00:00,28.0,83.78747242805218,
Mumbai,2025-07-07 23:00:00,28.0,88.91528354225218,
Mumbai,2025-07-08 00:00:00,28.4,84.83323810049623,1003.3
Mumbai,2025-07-08 01:00:00,28.0,83.78747242805218,
Mumbai,2025-07-08 02:00:00,28.0,83.78747242805218,
Mumbai,2025-07-08 03:00:00,29.0,80.48371679996085,1005.2
Mumbai,2025-07-08 04:00:00,29.0,83.89690993013956,
Mumbai,2025-07-08 05:00:00,30.0,79.1954670273341,
Mumbai,2025-07-08 06:00:00,29.8,79.63860889063328,1005.8
Mumbai,2025-07-08 07:00:00,30.0,79.1954670273341,
Mumbai,2025-07-08 08:00:00,30.0,79.1954670273341,
Mumbai,2025-07-08 09:00:00,30.2,78.29124418971334,1004.8
Mumbai,2025-07-08 10:00:00,30.0,79.1954670273341,
Mumbai,2025-07-08 11:00:00,29.0,83.89690993013956,
Mumbai,2025-07-08 12:00:00,29.6,78.20620296447258,1003.6
Mumbai,2025-07-08 13:00:00,29.0,79.0585121873896,
Mumbai,2025-07-08 14:00:00,29.0,79.0585121873896,
Mumbai,2025-07-08 15:00:00,28.8,83.37928484286573,1005.0
Mumbai,2025-07-08 16:00:00,29.0,79.0585121873896,
Mumbai,2025-07-08 17:00:00,29.0,79.0585121873896,
Mumbai,2025-07-08 18:00:00,28.4,84.83323810049623,1005.5
Mumbai,2025-07-08 19:00:00,28.0,88.91528354225218,
Mumbai,2025-07-08 20:00:00,28.0,83.78747242805218,
Mumbai,2025-07-08 21:00:00,28.0,87.34888747491027,1004.1
Mumbai,2025-07-08 22:00:00,28.0,83.78747242805218,
Mumbai,2025-07-08 23:00:00,28.0,83.78747242805218,
Mumbai,2025-07-09 00:00:00,28.0,85.80667728802291,1003.5
Mumbai,2025-07-09 01:00:00,28.0,83.78747242805218,
Mumbai,2025-07-09 02:00:00,28.0,88.91528354225218,
Mumbai,2025-07-09 03:00:00,29.0,83.40169277956687,1004.8
Mumbai,2025-07-09 04:00:00,29.0,83.89690993013956,
Mumbai,2025-07-09 05:00:00,28.0,83.78747242805218,
Mumbai,2025-07-09 06:00:00,26.4,92.03168153578638,1005.6
Mumbai,2025-07-09 07:00:00,28.0,88.91528354225218,
Mumbai,2025-07-09 08:00:00,29.0,83.89690993013956,
Mumbai,2025-07-09 09:00:00,29.6,78.20620296447258,1004.5
Mumbai,2025-07-09 10:00:00,29.0,83.89690993013956,
Mumbai,2025-07-09 11:00:00,29.0,79.0585121873896,
Mumbai,2025-07-09 12:00:00,30.0,81.08968974474207,1003.9
Mumbai,2025-07-09 13:00:00,29.0,83.89690993013956,
Mumbai,2025-07-09 14:00:00,28.0,88.91528354225218,
Mumbai,2025-07-09 15:00:00,28.6,84.8538871735531,1005.2
Mumbai,2025-07-09 16:00:00,28.0,88.91528354225218,
Mumbai,2025-07-09 17:00:00,28.0,88.91528354225218,
Mumbai,2025-07-09 18:00:00,28.4,86.35566419509173,1005.7
Mumbai,2025-07-09 19:00:00,28.0,88.91528354225218,
Mumbai,2025-07-09 20:00:00,28.0,83.78747242805218,
Mumbai,2025-07-09 21:00:00,28.2,84.81254813644145,1004.8
Mumbai,2025-07-09 22:00:00,28.0,83.78747242805218,
Mumbai,2025-07-09 23:00:00,28.0,83.78747242805218,
Mumbai,2025-07-10 00:00:00,28.0,84.79181717750924,1004.5
Mumbai,2025-07-10 01:00:00,28.0,83.78747242805218,
Mumbai,2025-07-10 02:00:00,29.0,83.89690993013956,
Mumbai,2025-07-10 03:00:00,29.2,80.5095630310082,1005.4
Mumbai,2025-07-10 04:00:00,29.0,79.0585121873896,
Mumbai,2025-07-10 05:00:00,30.0,74.62820502423824,
Mumbai,2025-07-10 06:00:00,30.6,75.61652127297627,1006.3
Mumbai,2025-07-10 07:00:00,30.0,79.1954670273341,
Mumbai,2025-07-10 08:00:00,30.0,79.1954670273341,
Mumbai,2025-07-10 09:00:00,31.6,72.27808999036708,1004.9
Mumbai,2025-07-10 10:00:00,30.0,79.1954670273341,
Mumbai,2025-07-10 11:00:00,30.0,74.62820502423824,
Mumbai,2025-07-10 12:00:00,29.6,81.03945906223336,1003.6
Mumbai,2025-07-10 13:00:00,29.0,79.0585121873896,
Mumbai,2025-07-10 14:00:00,29.0,83.89690993013956,
Mumbai,2025-07-10 15:00:00,28.0,83.28921441559984,1004.7
Mumbai,2025-07-10 16:00:00,28.0,88.91528354225218,
Mumbai,2025-07-10 17:00:00,28.0,88.91528354225218,
Mumbai,2025-07-10 18:00:00,28.6,83.35683314726084,1005.5
Mumbai,2025-07-10 19:00:00,28.0,88.91528354225218,
Mumbai,2025-07-10 20:00:00,27.0,94.27439081608838,
Mumbai,2025-07-10 21:00:00,28.4,83.33433758376981,1004.2
Mumbai,2025-07-10 22:00:00,28.0,88.91528354225218,
Mumbai,2025-07-10 23:00:00,28.0,88.91528354225218,
Mumbai,2025-07-11 00:00:00,28.2,84.81254813644145,1003.9
Mumbai,2025-07-11 01:00:00,28.0,78.9202680701639,
Mumbai,2025-07-11 02:00:00,28.0,88.91528354225218,
Mumbai,2025-07-11 03:00:00,28.6,84.8538871735531,1005.5
Mumbai,2025-07-11 04:00:00,29.0,83.89690993013956,
Mumbai,2025-07-11 05:00:00,30.0,79.1954670273341,
Mumbai,2025-07-11 06:00:00,30.8,78.37581423848806,1006.1
Mumbai,2025-07-11 07:00:00,30.0,79.1954670273341,
Mumbai,2025-07-11 08:00:00,31.0,74.7889561009917,
Mumbai,2025-07-11 09:00:00,31.4,76.18814229624397,1005.3
Mumbai,2025-07-11 10:00:00,30.0,74.62820502423824,
Mumbai,2025-07-11 11:00:00,28.0,88.91528354225218,
Mumbai,2025-07-11 12:00:00,31.2,72.20890765279174,1004.1
Mumbai,2025-07-11 13:00:00,29.0,74.46601257025355,
Mumbai,2025-07-11 14:00:00,29.0,83.89690993013956,
Mumbai,2025-07-11 15:00:00,28.5,82.85143243314499,1005.0
Mumbai,2025-07-11 16:00:00,28.0,83.78747242805218,
Mumbai,2025-07-11 17:00:00,28.0,78.9202680701639,
Mumbai,2025-07-11 18:00:00,28.6,83.35683314726084,1006.5
Mumbai,2025-07-11 19:00:00,28.0,83.78747242805218,
Mumbai,2025-07-11 20:00:00,28.0,83.78747242805218,
Mumbai,2025-07-11 21:00:00,28.4,83.33433758376981,1005.1
Mumbai,2025-07-11 22:00:00,28.0,83.78747242805218,
Mumbai,2025-07-11 23:00:00,28.0,83.78747242805218,
Mumbai,2025-07-12 00:00:00,28.2,84.81254813644145,1005.1
Mumbai,2025-07-12 01:00:00,28.0,83.78747242805218,
Mumbai,2025-07-12 02:00:00,28.0,83.78747242805218,
Mumbai,2025-07-12 03:00:00,29.2,80.5095630310082,1006.1
Mumbai,2025-07-12 04:00:00,28.0,83.78747242805218,
Mumbai,2025-07-12 05:00:00,30.0,84.00528111799692,
Mumbai,2025-07-12 06:00:00,31.0,77.48613913975385,1006.6
Mumbai,2025-07-12 07:00:00,31.0,70.47582088918256,
Mumbai,2025-07-12 08:00:00,31.0,74.7889561009917,
Mumbai,2025-07-12 09:00:00,31.4,72.24352874821913,1005.5
Mumbai,2025-07-12 10:00:00,30.0,79.1954670273341,
Mumbai,2025-07-12 11:00:00,30.0,74.62820502423824,
Mumbai,2025-07-12 12:00:00,30.0,75.5227593496699,1004.7
Mumbai,2025-07-12 13:00:00,29.0,79.0585121873896,
Mumbai,2025-07-12 14:00:00,29.0,79.0585121873896,
Mumbai,2025-07-12 15:00:00,29.0,80.48371679996085,1006.3
Mumbai,2025-07-12 16:00:00,29.0,79.0585121873896,
Mumbai,2025-07-12 17:00:00,29.0,79.0585121873896,
Mumbai,2025-07-12 18:00:00,28.8,79.03096698905824,1006.6
Mumbai,2025-07-12 19:00:00,28.0,83.78747242805218,
Mumbai,2025-07-12 20:00:00,29.0,79.0585121873896,
Mumbai,2025-07-12 21:00:00,28.2,83.31179804309043,1005.1
Mumbai,2025-07-12 22:00:00,28.0,83.78747242805218,
Mumbai,2025-07-12 23:00:00,27.0,83.67695517522091,
Mumbai,2025-07-13 00:00:00,27.8,82.77031896665545,1004.9
Mumbai,2025-07-13 01:00:00,26.0,88.7589455109383,
Mumbai,2025-07-13 02:00:00,27.0,88.83751596451742,
Mumbai,2025-07-13 03:00:00,27.8,90.49280598950578,1006.2
Mumbai,2025-07-13 04:00:00,29.0,83.89690993013956,
Mumbai,2025-07-13 05:00:00,29.0,83.89690993013956,
Mumbai,2025-07-13 06:00:00,30.0,75.5227593496699,1006.3
Mumbai,2025-07-13 07:00:00,29.0,88.99225887739404,
Mumbai,2025-07-13 08:00:00,30.0,74.62820502423824,
Mumbai,2025-07-13 09:00:00,30.4,76.94178563223718,1004.6
Mumbai,2025-07-13 10:00:00,29.0,83.89690993013956,
Mumbai,2025-07-13 11:00:00,29.0,88.99225887739404,
Mumbai,2025-07-13 12:00:00,29.4,79.11344799319119,1003.4
Mumbai,2025-07-13 13:00:00,28.0,83.78747242805218,
Mumbai,2025-07-13 14:00:00,29.0,79.0585121873896,
Mumbai,2025-07-13 15:00:00,28.8,80.45782143103412,1004.8
Mumbai,2025-07-13 16:00:00,27.0,88.83751596451742,
Mumbai,2025-07-13 17:00:00,26.0,94.23292497092102,
Mumbai,2025-07-13 18:00:00,26.4,93.69075623120435,1005.5
Mumbai,2025-07-13 19:00:00,28.0,83.78747242805218,
Mumbai,2025-07-13 20:00:00,28.0,83.78747242805218,
Mumbai,2025-07-13 21:00:00,27.2,90.45250000428203,1003.7
Mumbai,2025-07-13 22:00:00,27.0,83.67695517522091,
Mumbai,2025-07-13 23:00:00,27.0,88.83751596451742,
Mumbai,2025-07-14 00:00:00,27.0,88.83751596451742,
Mumbai,2025-07-14 01:00:00,27.0,88.83751596451742,
Mumbai,2025-07-14 03:00:00,27.4,88.86871874139695,1004.1
Mumbai,2025-07-14 04:00:00,28.0,88.91528354225218,
Mumbai,2025-07-14 05:00:00,27.0,88.83751596451742,
Mumbai,2025-07-14 06:00:00,29.0,84.89506306062921,1004.3
Mumbai,2025-07-14 07:00:00,29.0,83.89690993013956,
Mumbai,2025-07-14 08:00:00,29.0,79.0585121873896,
Mumbai,2025-07-14 09:00:00,29.2,80.5095630310082,1003.1
Mumbai,2025-07-14 10:00:00,26.0,88.7589455109383,
Mumbai,2025-07-14 11:00:00,27.0,94.27439081608838,
Mumbai,2025-07-14 12:00:00,26.8,92.05438311051279,1003.0
Mumbai,2025-07-14 13:00:00,26.0,88.7589455109383,
Mumbai,2025-07-14 14:00:00,25.0,100.0,
Mumbai,2025-07-14 15:00:00,25.8,96.49873881355717,1003.7
Mumbai,2025-07-14 16:00:00,26.0,100.0,
Mumbai,2025-07-14 17:00:00,28.0,83.78747242805218,
Mumbai,2025-07-14 19:00:00,28.0,83.78747242805218,
Mumbai,2025-07-14 20:00:00,28.0,88.91528354225218,
Mumbai,2025-07-14 21:00:00,28.0,84.79181717750924,1002.4
Mumbai,2025-07-14 22:00:00,26.0,94.23292497092102,
Mumbai,2025-07-14 23:00:00,27.0,94.27439081608838,
Mumbai,2025-07-15 00:00:00,27.0,93.71791865005993,1001.8
Mumbai,2025-07-15 01:00:00,28.0,88.91528354225218,
Mumbai,2025-07-15 02:00:00,28.0,88.91528354225218,
Mumbai,2025-07-15 03:00:00,28.8,86.39309843177878,1003.3
Mumbai,2025-07-15 04:00:00,28.0,88.91528354225218,
Mumbai,2025-07-15 05:00:00,26.0,94.23292497092102,
Mumbai,2025-07-15 06:00:00,26.4,94.81128607168019,1004.1
Mumbai,2025-07-15 07:00:00,26.0,94.23292497092102,
Mumbai,2025-07-15 08:00:00,27.0,94.27439081608838,
Mumbai,2025-07-15 09:00:00,28.4,88.94616815571688,1003.3
Mumbai,2025-07-15 10:00:00,28.0,83.78747242805218,
Mumbai,2025-07-15 11:00:00,29.0,83.89690993013956,
Mumbai,2025-07-15 12:00:00,28.8,84.87449545917907,1001.9
Mumbai,2025-07-15 13:00:00,28.0,83.78747242805218,
Mumbai,2025-07-15 14:00:00,28.0,83.78747242805218,
Mumbai,2025-07-15 15:00:00,28.0,84.79181717750924,1003.0
Mumbai,2025-07-15 16:00:00,28.0,83.78747242805218,
Mumbai,2025-07-15 17:00:00,28.0,88.91528354225218,
Mumbai,2025-07-15 18:00:00,28.2,86.33689076158295,1004.2
Mumbai,2025-07-15 19:00:00,28.0,88.91528354225218,
Mumbai,2025-07-15 20:00:00,27.0,94.27439081608838,
Mumbai,2025-07-15 21:00:00,27.6,90.47939854432097,1003.0
Mumbai,2025-07-15 22:00:00,28.0,88.91528354225218,
Mumbai,2025-07-15 23:00:00,28.0,88.91528354225218,
Mumbai,2025-07-16 00:00:00,27.6,90.47939854432097,1002.8
Mumbai,2025-07-16 01:00:00,28.0,88.91528354225218,
Mumbai,2025-07-16 02:00:00,28.0,88.91528354225218,
Mumbai,2025-07-16 03:00:00,29.0,84.89506306062921,1004.4
Mumbai,2025-07-16 04:00:00,30.0,84.00528111799692,
Mumbai,2025-07-16 05:00:00,30.0,79.1954670273341,
Mumbai,2025-07-16 06:00:00,31.0,77.48613913975385,1004.5
Mumbai,2025-07-16 07:00:00,30.0,79.1954670273341,
Mumbai,2025-07-16 08:00:00,30.0,79.1954670273341,
Mumbai,2025-07-16 09:00:00,31.4,76.18814229624397,1003.6
Mumbai,2025-07-16 10:00:00,31.0,74.7889561009917,
Mumbai,2025-07-16 11:00:00,30.0,79.1954670273341,
Mumbai,2025-07-16 12:00:00,30.6,75.61652127297627,1002.3
Mumbai,2025-07-16 13:00:00,29.0,83.89690993013956,
Mumbai,2025-07-16 14:00:00,29.0,83.89690993013956,
Mumbai,2025-07-16 15:00:00,28.8,81.90716097068722,1004.0
Mumbai,2025-07-16 16:00:00,29.0,83.89690993013956,
Mumbai,2025-07-16 17:00:00,29.0,83.89690993013956,
Mumbai,2025-07-16 18:00:00,28.6,84.8538871735531,1004.8
Mumbai,2025-07-16 19:00:00,29.0,83.89690993013956,
Mumbai,2025-07-16 20:00:00,28.0,88.91528354225218,
Mumbai,2025-07-16 21:00:00,28.4,84.83323810049623,1003.8
Mumbai,2025-07-16 22:00:00,27.0,83.67695517522091,
Mumbai,2025-07-16 23:00:00,27.0,83.67695517522091,
Mumbai,2025-07-17 00:00:00,28.2,84.81254813644145,1003.5
Mumbai,2025-07-17 01:00:00,28.0,78.9202680701639,
Mumbai,2025-07-17 02:00:00,28.0,83.78747242805218,
Mumbai,2025-07-17 03:00:00,28.8,83.37928484286573,1005.2
Mumbai,2025-07-17 04:00:00,29.0,83.89690993013956,
Mumbai,2025-07-17 05:00:00,30.0,79.1954670273341,
Mumbai,2025-07-17 06:00:00,30.2,78.29124418971334,1005.2
Mumbai,2025-07-17 07:00:00,31.0,70.47582088918256,
Mumbai,2025-07-17 08:00:00,31.0,70.47582088918256,
Mumbai,2025-07-17 09:00:00,31.4,76.18814229624397,1003.9
Mumbai,2025-07-17 10:00:00,30.0,79.1954670273341,
Mumbai,2025-07-17 11:00:00,31.0,70.47582088918256,
Mumbai,2025-07-17 12:00:00,30.2,75.55406963834521,1002.7
Mumbai,2025-07-17 13:00:00,29.0,79.0585121873896,
Mumbai,2025-07-17 14:00:00,29.0,79.0585121873896,
Mumbai,2025-07-17 15:00:00,29.0,81.9313443709877,1004.6
Mumbai,2025-07-17 16:00:00,29.0,83.89690993013956,
Mumbai,2025-07-17 17:00:00,29.0,79.0585121873896,
Mumbai,2025-07-17 18:00:00,28.8,81.90716097068722,1005.9
Mumbai,2025-07-17 19:00:00,29.0,79.0585121873896,
Mumbai,2025-07-17 20:00:00,29.0,79.0585121873896,
Mumbai,2025-07-17 21:00:00,28.4,81.85865421535438,1004.6
Mumbai,2025-07-17 22:00:00,28.0,83.78747242805218,
Mumbai,2025-07-17 23:00:00,29.0,79.0585121873896,
Mumbai,2025-07-18 00:00:00,28.2,83.31179804309043,1004.1
Mumbai,2025-07-18 01:00:00,29.0,79.0585121873896,
Mumbai,2025-07-18 02:00:00,29.0,79.0585121873896,
Mumbai,2025-07-18 03:00:00,29.4,80.53536024141098,1005.6
Mumbai,2025-07-18 04:00:00,30.0,79.1954670273341,
Mumbai,2025-07-18 05:00:00,30.0,74.62820502423824,
Mumbai,2025-07-18 06:00:00,31.2,74.82093472023674,1006.0
Mumbai,2025-07-18 07:00:00,31.0,74.7889561009917,
Mumbai,2025-07-18 08:00:00,31.0,70.47582088918256,
Mumbai,2025-07-18 09:00:00,32.0,71.07626571001893,1004.5
Mumbai,2025-07-18 10:00:00,30.0,66.17996487728405,
Mumbai,2025-07-18 11:00:00,31.0,70.47582088918256,
Mumbai,2025-07-18 12:00:00,31.0,72.1742265807024,1002.9
Mumbai,2025-07-18 13:00:00,29.0,74.46601257025355,
Mumbai,2025-07-18 14:00:00,29.0,83.89690993013956,
Mumbai,2025-07-18 15:00:00,29.2,77.68451620551635,1004.4
Mumbai,2025-07-18 16:00:00,29.0,79.0585121873896,
Mumbai,2025-07-18 17:00:00,29.0,79.0585121873896,
Mumbai,2025-07-18 18:00:00,28.8,79.03096698905824,1004.7
Mumbai,2025-07-18 19:00:00,29.0,79.0585121873896,
Mumbai,2025-07-18 20:00:00,29.0,79.0585121873896,
Mumbai,2025-07-18 21:00:00,28.6,79.00337009946395,1002.6
Mumbai,2025-07-18 22:00:00,28.0,83.78747242805218,
Mumbai,2025-07-18 23:00:00,28.0,83.78747242805218,
Mumbai,2025-07-19 00:00:00,28.0,84.79181717750924,1002.0
Mumbai,2025-07-19 01:00:00,28.0,83.78747242805218,
Mumbai,2025-07-19 02:00:00,29.0,79.0585121873896,
Mumbai,2025-07-19 03:00:00,29.0,81.9313443709877,1003.4
Mumbai,2025-07-19 04:00:00,29.0,74.46601257025355,
Mumbai,2025-07-19 05:00:00,30.0,74.62820502423824,
Mumbai,2025-07-19 06:00:00,30.8,74.31499881924898,1003.9
Mumbai,2025-07-19 07:00:00,30.0,70.29306142592459,
Mumbai,2025-07-19 08:00:00,29.0,79.0585121873896,
Mumbai,2025-07-19 09:00:00,31.8,72.31259150236149,1002.0
Mumbai,2025-07-19 10:00:00,31.0,70.47582088918256,
Mumbai,2025-07-19 11:00:00,31.0,74.7889561009917,
Mumbai,2025-07-19 12:00:00,31.6,73.57131384659597,1000.8
Mumbai,2025-07-19 13:00:00,30.0,74.62820502423824,
Mumbai,2025-07-19 14:00:00,29.0,79.0585121873896,
Mumbai,2025-07-19 15:00:00,29.2,80.5095630310082,1002.2
Mumbai,2025-07-19 16:00:00,29.0,79.0585121873896,
Mumbai,2025-07-19 17:00:00,28.0,83.78747242805218,
Mumbai,2025-07-19 18:00:00,29.0,80.48371679996085,1003.2
Mumbai,2025-07-19 19:00:00,28.0,83.78747242805218,
Mumbai,2025-07-19 20:00:00,28.0,83.78747242805218,
Mumbai,2025-07-19 21:00:00,28.4,83.33433758376981,1001.1
Mumbai,2025-07-19 22:00:00,28.0,83.78747242805218,
Mumbai,2025-07-19 23:00:00,28.0,83.78747242805218,
Mumbai,2025-07-20 00:00:00,28.2,83.31179804309043,1000.8
Mumbai,2025-07-20 01:00:00,28.0,83.78747242805218,
Mumbai,2025-07-20 02:00:00,28.0,83.78747242805218,
Mumbai,2025-07-20 03:00:00,27.8,88.89979374390309,1002.2
Mumbai,2025-07-20 04:00:00,29.0,79.0585121873896,
Mumbai,2025-07-20 05:00:00,29.0,79.0585121873896,
Mumbai,2025-07-20 06:00:00,27.4,90.46596324112937,1002.6
Mumbai,2025-07-20 07:00:00,26.0,94.23292497092102,
Mumbai,2025-07-20 08:00:00,28.0,88.91528354225218,
Mumbai,2025-07-20 09:00:00,26.6,93.69982968596882,1001.4
Mumbai,2025-07-20 10:00:00,29.0,79.0585121873896,
Mumbai,2025-07-20 11:00:00,28.0,83.78747242805218,
Mumbai,2025-07-20 12:00:00,27.6,88.88427217188078,1000.3
Mumbai,2025-07-20 13:00:00,28.0,83.78747242805218,
Mumbai,2025-07-20 14:00:00,28.0,83.78747242805218,
Mumbai,2025-07-20 15:00:00,26.2,94.80376584735212,1001.7
Mumbai,2025-07-20 16:00:00,26.0,94.23292497092102,
Mumbai,2025-07-20 17:00:00,26.0,88.7589455109383,
Mumbai,2025-07-20 18:00:00,26.4,94.81128607168019,1003.2
Mumbai,2025-07-20 19:00:00,26.0,88.7589455109383,
Mumbai,2025-07-20 20:00:00,26.0,88.7589455109383,
Mumbai,2025-07-20 21:00:00,26.4,94.81128607168019,1001.6
Mumbai,2025-07-20 22:00:00,26.0,94.23292497092102,
Mumbai,2025-07-20 23:00:00,26.0,94.23292497092102,
Mumbai,2025-07-21 00:00:00,26.0,94.79622941585653,1001.6
Mumbai,2025-07-21 01:00:00,26.0,94.23292497092102,
Mumbai,2025-07-21 02:00:00,26.0,94.23292497092102,
Mumbai,2025-07-21 03:00:00,25.8,96.49873881355717,1003.6
Mumbai,2025-07-21 04:00:00,25.0,100.0,
Mumbai,2025-07-21 05:00:00,26.0,94.23292497092102,
Mumbai,2025-07-21 06:00:00,26.4,94.81128607168019,1003.9
Mumbai,2025-07-21 07:00:00,27.0,94.27439081608838,
Mumbai,2025-07-21 08:00:00,26.0,94.23292497092102,
Mumbai,2025-07-21 09:00:00,26.2,96.5089622614157,1002.9
Mumbai,2025-07-21 10:00:00,27.0,88.83751596451742,
Mumbai,2025-07-21 11:00:00,27.0,94.27439081608838,
Mumbai,2025-07-21 12:00:00,26.8,93.70888380751718,1002.4
Mumbai,2025-07-21 13:00:00,27.0,94.27439081608838,
Mumbai,2025-07-21 14:00:00,27.0,88.83751596451742,
Mumbai,2025-07-21 15:00:00,25.6,94.78110774663195,1004.5
Mumbai,2025-07-21 16:00:00,26.0,88.7589455109383,
Mumbai,2025-07-21 17:00:00,26.0,88.7589455109383,
Mumbai,2025-07-21 18:00:00,25.8,94.78867673105134,1005.1
Mumbai,2025-07-21 19:00:00,26.0,88.7589455109383,
Mumbai,2025-07-21 20:00:00,26.0,94.23292497092102,
Mumbai,2025-07-21 21:00:00,26.4,93.69075623120435,1003.5
Mumbai,2025-07-21 23:00:00,26.0,94.23292497092102,
Mumbai,2025-07-22 00:00:00,26.2,93.68166338882529,1003.6
Mumbai,2025-07-22 01:00:00,26.0,94.23292497092102,
Mumbai,2025-07-22 02:00:00,25.0,94.19101183405704,
Mumbai,2025-07-22 03:00:00,26.4,94.81128607168019,1004.8
Mumbai,2025-07-22 04:00:00,26.0,94.23292497092102,
Mumbai,2025-07-22 05:00:00,27.0,83.67695517522091,
Mumbai,2025-07-22 06:00:00,27.6,92.09950049107172,1004.7
Mumbai,2025-07-22 07:00:00,29.0,83.89690993013956,
Mumbai,2025-07-22 08:00:00,28.0,88.91528354225218,
Mumbai,2025-07-22 09:00:00,28.6,83.35683314726084,1003.3
Mumbai,2025-07-22 10:00:00,27.0,88.83751596451742,
Mumbai,2025-07-22 11:00:00,28.0,83.78747242805218,
Mumbai,2025-07-22 12:00:00,27.8,82.77031896665545,1002.2
Mumbai,2025-07-22 13:00:00,27.0,83.67695517522091,
Mumbai,2025-07-22 14:00:00,26.0,94.23292497092102,
Mumbai,2025-07-22 15:00:00,25.6,94.78110774663195,1003.9
Mumbai,2025-07-22 16:00:00,26.0,94.23292497092102,
Mumbai,2025-07-22 17:00:00,26.0,88.7589455109383,
Mumbai,2025-07-22 18:00:00,25.4,94.77352241613059,1005.0
Mumbai,2025-07-22 19:00:00,26.0,88.7589455109383,
Mumbai,2025-07-22 20:00:00,27.0,83.67695517522091,
Mumbai,2025-07-22 21:00:00,25.0,94.75830253018951,1003.4
Mumbai,2025-07-22 22:00:00,25.0,94.19101183405704,
Mumbai,2025-07-22 23:00:00,25.0,94.19101183405704,
Mumbai,2025-07-23 00:00:00,25.0,96.47815756865955,1002.5
Mumbai,2025-07-23 01:00:00,25.0,94.19101183405704,
Mumbai,2025-07-23 02:00:00,25.0,94.19101183405704,
Mumbai,2025-07-23 03:00:00,25.2,94.76592069291524,1003.7
Mumbai,2025-07-23 04:00:00,26.0,94.23292497092102,
Mumbai,2025-07-23 05:00:00,26.0,94.23292497092102,
Mumbai,2025-07-23 06:00:00,26.8,95.38933139322062,1003.5
Mumbai,2025-07-23 07:00:00,28.0,88.91528354225218,
Mumbai,2025-07-23 08:00:00,26.0,94.23292497092102,
Mumbai,2025-07-23 09:00:00,27.2,92.07698925377626,1001.9
Mumbai,2025-07-23 10:00:00,27.0,83.67695517522091,
Mumbai,2025-07-23 11:00:00,28.0,83.78747242805218,
Mumbai,2025-07-23 12:00:00,27.8,85.78717977072007,1001.0
Mumbai,2025-07-23 13:00:00,29.0,79.0585121873896,
Mumbai,2025-07-23 14:00:00,27.0,88.83751596451742,
Mumbai,2025-07-23 15:00:00,26.2,94.80376584735212,1002.0
Mumbai,2025-07-23 16:00:00,28.0,83.78747242805218,
Mumbai,2025-07-23 17:00:00,28.0,83.78747242805218,
Mumbai,2025-07-23 18:00:00,27.6,85.767643247121,1002.7
Mumbai,2025-07-23 19:00:00,28.0,83.78747242805218,
Mumbai,2025-07-23 20:00:00,28.0,83.78747242805218,
Mumbai,2025-07-23 21:00:00,27.8,84.2669381064797,1001.0
Mumbai,2025-07-23 22:00:00,27.0,88.83751596451742,
Mumbai,2025-07-23 23:00:00,27.0,83.67695517522091,
Mumbai,2025-07-24 00:00:00,27.6,84.24549777703992,1000.1
Mumbai,2025-07-24 01:00:00,27.0,88.83751596451742,
Mumbai,2025-07-24 02:00:00,28.0,83.78747242805218,
Mumbai,2025-07-24 03:00:00,28.6,83.35683314726084,1001.7
Mumbai,2025-07-24 04:00:00,29.0,83.89690993013956,
Mumbai,2025-07-24 05:00:00,29.0,83.89690993013956,
Mumbai,2025-07-24 06:00:00,30.2,76.91200889831605,1002.3
Mumbai,2025-07-24 07:00:00,30.0,74.62820502423824,
Mumbai,2025-07-24 08:00:00,28.0,78.9202680701639,
Mumbai,2025-07-24 09:00:00,28.0,83.28921441559984,1001.1
Mumbai,2025-07-24 10:00:00,27.0,88.83751596451742,
Mumbai,2025-07-24 11:00:00,28.0,78.9202680701639,
Mumbai,2025-07-24 12:00:00,27.6,82.7470419948832,1000.1
Mumbai,2025-07-24 13:00:00,26.0,94.23292497092102,
Mumbai,2025-07-24 14:00:00,27.0,88.83751596451742,
Mumbai,2025-07-24 15:00:00,26.2,94.80376584735212,1000.5
Mumbai,2025-07-24 16:00:00,26.0,94.23292497092102,
Mumbai,2025-07-24 17:00:00,26.0,94.23292497092102,
Mumbai,2025-07-24 18:00:00,26.2,93.68166338882529,1001.7
Mumbai,2025-07-24 19:00:00,27.0,88.83751596451742,
Mumbai,2025-07-24 20:00:00,26.0,94.23292497092102,
Mumbai,2025-07-24 21:00:00,26.6,93.69982968596882,999.9
Mumbai,2025-07-24 22:00:00,26.0,94.23292497092102,
Mumbai,2025-07-24 23:00:00,27.0,94.27439081608838,
Mumbai,2025-07-25 00:00:00,27.0,92.06569807815053,999.1
Mumbai,2025-07-25 01:00:00,27.0,88.83751596451742,
Mumbai,2025-07-25 02:00:00,27.0,88.83751596451742,
Mumbai,2025-07-25 03:00:00,26.2,96.5089622614157,1001.1
Mumbai,2025-07-25 04:00:00,26.0,94.23292497092102,
Mumbai,2025-07-25 05:00:00,27.0,94.27439081608838,
Mumbai,2025-07-25 06:00:00,26.4,93.69075623120435,1002.0
Mumbai,2025-07-25 07:00:00,27.0,94.27439081608838,
Mumbai,2025-07-25 08:00:00,26.0,88.7589455109383,
Mumbai,2025-07-25 09:00:00,25.8,94.78867673105134,1001.2
Mumbai,2025-07-25 10:00:00,27.0,94.27439081608838,
Mumbai,2025-07-25 11:00:00,26.0,100.0,
Mumbai,2025-07-25 12:00:00,27.0,88.83751596451742,999.8
Mumbai,2025-07-25 13:00:00,26.0,94.23292497092102,
Mumbai,2025-07-25 14:00:00,26.0,94.23292497092102,
Mumbai,2025-07-25 15:00:00,26.4,90.39836619855579,1001.1
Mumbai,2025-07-25 16:00:00,27.0,88.83751596451742,
Mumbai,2025-07-25 17:00:00,27.0,88.83751596451742,
Mumbai,2025-07-25 18:00:00,26.8,95.38933139322062,1001.6
Mumbai,2025-07-25 19:00:00,27.0,94.27439081608838,
Mumbai,2025-07-25 20:00:00,27.0,88.83751596451742,
Mumbai,2025-07-25 21:00:00,26.8,92.05438311051279,1000.7
Mumbai,2025-07-25 22:00:00,27.0,88.83751596451742,
Mumbai,2025-07-25 23:00:00,27.0,88.83751596451742,
Mumbai,2025-07-26 00:00:00,26.4,90.39836619855579,1000.3
Mumbai,2025-07-26 01:00:00,26.0,94.23292497092102,
Mumbai,2025-07-26 02:00:00,27.0,88.83751596451742,
Mumbai,2025-07-26 03:00:00,27.8,88.89979374390309,1002.2
Mumbai,2025-07-26 04:00:00,29.0,83.89690993013956,
Mumbai,2025-07-26 05:00:00,28.0,83.78747242805218,
Mumbai,2025-07-26 06:00:00,28.2,84.81254813644145,1002.7
Mumbai,2025-07-26 07:00:00,28.0,83.78747242805218,
Mumbai,2025-07-26 08:00:00,29.0,83.89690993013956,
Mumbai,2025-07-26 09:00:00,28.2,87.36638064071765,1001.6
Mumbai,2025-07-26 10:00:00,28.0,88.91528354225218,
Mumbai,2025-07-26 11:00:00,27.0,83.67695517522091,
Mumbai,2025-07-26 12:00:00,27.2,88.85313336738866,1000.9
Mumbai,2025-07-26 13:00:00,27.0,83.67695517522091,
Mumbai,2025-07-26 14:00:00,27.0,88.83751596451742,
Mumbai,2025-07-26 15:00:00,26.4,88.79047072518293,1002.3
Mumbai,2025-07-26 16:00:00,28.0,83.78747242805218,
Mumbai,2025-07-26 17:00:00,26.0,94.23292497092102,
Mumbai,2025-07-26 18:00:00,27.0,88.83751596451742,1002.1
Mumbai,2025-07-26 19:00:00,28.0,83.78747242805218,
Mumbai,2025-07-26 20:00:00,27.0,88.83751596451742,
Mumbai,2025-07-26 21:00:00,27.8,82.77031896665545,1001.3
Mumbai,2025-07-26 22:00:00,28.0,83.78747242805218,
Mumbai,2025-07-26 23:00:00,28.0,83.78747242805218,
Mumbai,2025-07-27 00:00:00,27.6,79.81995065848324,1001.9
Mumbai,2025-07-27 01:00:00,28.0,78.9202680701639,
Mumbai,2025-07-27 02:00:00,28.0,78.9202680701639,
Mumbai,2025-07-27 03:00:00,28.2,81.83433063230953,1003.3
Mumbai,2025-07-27 04:00:00,28.0,83.78747242805218,
Mumbai,2025-07-27 05:00:00,28.0,88.91528354225218,
Mumbai,2025-07-27 06:00:00,26.4,87.207659213301,1004.4
Mumbai,2025-07-27 07:00:00,27.0,88.83751596451742,
Mumbai,2025-07-27 08:00:00,29.0,88.99225887739404,
Mumbai,2025-07-27 09:00:00,29.8,74.15162297941144,1003.1
Mumbai,2025-07-27 10:00:00,29.0,79.0585121873896,
Mumbai,2025-07-27 11:00:00,29.0,79.0585121873896,
Mumbai,2025-07-27 12:00:00,26.8,88.82186644716782,1002.9
Mumbai,2025-07-27 13:00:00,26.0,94.23292497092102,
Mumbai,2025-07-27 14:00:00,27.0,88.83751596451742,
Mumbai,2025-07-27 15:00:00,25.8,91.99744908137737,1004.3
Mumbai,2025-07-27 16:00:00,28.0,83.78747242805218,
Mumbai,2025-07-27 17:00:00,28.0,83.78747242805218,
Mumbai,2025-07-27 18:00:00,27.8,84.2669381064797,1004.6
Mumbai,2025-07-27 19:00:00,28.0,83.78747242805218,
Mumbai,2025-07-27 20:00:00,28.0,83.78747242805218,
Mumbai,2025-07-27 21:00:00,28.0,81.80996009312997,1003.9
Mumbai,2025-07-27 22:00:00,28.0,78.9202680701639,
Mumbai,2025-07-27 23:00:00,27.0,78.78071949348664,
Mumbai,2025-07-28 00:00:00,26.4,88.79047072518293,1003.9
Mumbai,2025-07-28 01:00:00,27.0,88.83751596451742,
Mumbai,2025-07-28 02:00:00,28.0,83.78747242805218,
Mumbai,2025-07-28 03:00:00,28.0,84.79181717750924,1005.3
Mumbai,2025-07-28 04:00:00,28.0,78.9202680701639,
Mumbai,2025-07-28 05:00:00,28.0,83.78747242805218,
Mumbai,2025-07-28 06:00:00,29.2,79.08600581526997,1005.9
Mumbai,2025-07-28 07:00:00,28.0,83.78747242805218,
Mumbai,2025-07-28 08:00:00,29.0,79.0585121873896,
Mumbai,2025-07-28 09:00:00,28.8,80.45782143103412,1004.9
Mumbai,2025-07-28 10:00:00,30.0,74.62820502423824,
Mumbai,2025-07-28 11:00:00,29.0,79.0585121873896,
Mumbai,2025-07-28 12:00:00,28.8,80.45782143103412,1003.6
Mumbai,2025-07-28 13:00:00,28.0,83.78747242805218,
Mumbai,2025-07-28 14:00:00,28.0,83.78747242805218,
Mumbai,2025-07-28 15:00:00,28.0,83.28921441559984,1005.0
Mumbai,2025-07-28 16:00:00,28.0,83.78747242805218,
Mumbai,2025-07-28 17:00:00,28.0,83.78747242805218,
Mumbai,2025-07-28 18:00:00,27.8,85.78717977072007,1005.9
Mumbai,2025-07-28 19:00:00,28.0,83.78747242805218,
Mumbai,2025-07-28 20:00:00,28.0,83.78747242805218,
Mumbai,2025-07-28 21:00:00,28.0,81.80996009312997,1005.1
Mumbai,2025-07-29 00:00:00,27.6,78.39069896683198,1004.9
Mumbai,2025-07-29 05:00:00,29.0,79.0585121873896,
Mumbai,2025-07-29 06:00:00,29.4,77.71354294293734,1006.1
Mumbai,2025-07-29 07:00:00,29.0,79.0585121873896,
Mumbai,2025-07-29 08:00:00,28.0,83.78747242805218,
Mumbai,2025-07-29 09:00:00,28.6,80.43187680667027,1004.8
Mumbai,2025-07-29 10:00:00,29.0,79.0585121873896,
Mumbai,2025-07-29 11:00:00,28.0,83.78747242805218,
Mumbai,2025-07-29 12:00:00,28.2,81.83433063230953,1004.1
Mumbai,2025-07-29 13:00:00,28.0,83.78747242805218,
Mumbai,2025-07-29 14:00:00,28.0,83.78747242805218,
Mumbai,2025-07-29 15:00:00,28.0,84.79181717750924,1004.9
Mumbai,2025-07-29 16:00:00,28.0,83.78747242805218,
Mumbai,2025-07-29 17:00:00,28.0,83.78747242805218,
Mumbai,2025-07-29 18:00:00,28.0,84.79181717750924,1005.4
Mumbai,2025-07-29 19:00:00,28.0,83.78747242805218,
Mumbai,2025-07-29 20:00:00,28.0,83.78747242805218,
Mumbai,2025-07-29 21:00:00,27.2,90.45250000428203,1003.8
Mumbai,2025-07-29 22:00:00,27.0,88.83751596451742,
Mumbai,2025-07-29 23:00:00,27.0,88.83751596451742,
Mumbai,2025-07-30 00:00:00,26.8,92.05438311051279,1003.8
Mumbai,2025-07-30 01:00:00,27.0,88.83751596451742,
Mumbai,2025-07-30 02:00:00,27.0,88.83751596451742,
Mumbai,2025-07-30 03:00:00,27.8,85.78717977072007,1005.3
Mumbai,2025-07-30 04:00:00,28.0,88.91528354225218,
Mumbai,2025-07-30 05:00:00,29.0,83.89690993013956,
Mumbai,2025-07-30 06:00:00,28.4,84.83323810049623,1005.1
Mumbai,2025-07-30 07:00:00,28.0,88.91528354225218,
Mumbai,2025-07-30 08:00:00,28.0,88.91528354225218,
Mumbai,2025-07-30 09:00:00,28.2,84.81254813644145,1004.5
Mumbai,2025-07-30 10:00:00,28.0,83.78747242805218,
Mumbai,2025-07-30 11:00:00,28.0,83.78747242805218,
Mumbai,2025-07-30 12:00:00,27.8,84.2669381064797,1003.9
Mumbai,2025-07-30 13:00:00,28.0,83.78747242805218,
Mumbai,2025-07-30 14:00:00,28.0,83.78747242805218,
Mumbai,2025-07-30 15:00:00,27.4,85.74806761675889,1005.0
Mumbai,2025-07-30 16:00:00,28.0,83.78747242805218,
Mumbai,2025-07-30 17:00:00,28.0,83.78747242805218,
Mumbai,2025-07-30 18:00:00,27.8,84.2669381064797,1005.4
Mumbai,2025-07-30 19:00:00,28.0,83.78747242805218,
Mumbai,2025-07-30 20:00:00,28.0,83.78747242805218,
Mumbai,2025-07-30 21:00:00,27.8,84.2669381064797,1003.8
Mumbai,2025-07-30 22:00:00,27.0,88.83751596451742,
Mumbai,2025-07-30 23:00:00,27.0,88.83751596451742,
Mumbai,2025-07-31 00:00:00,27.4,85.74806761675889,1004.0
Mumbai,2025-07-31 01:00:00,28.0,83.78747242805218,
Mumbai,2025-07-31 02:00:00,28.0,83.78747242805218,
Mumbai,2025-07-31 03:00:00,28.2,84.81254813644145,1005.9
Mumbai,2025-07-31 04:00:00,29.0,79.0585121873896,
Mumbai,2025-07-31 05:00:00,29.0,83.89690993013956,
Mumbai,2025-07-31 06:00:00,29.8,79.63860889063328,1006.0
Mumbai,2025-07-31 07:00:00,30.0,74.62820502423824,
Mumbai,2025-07-31 08:00:00,30.0,74.62820502423824,
Mumbai,2025-07-31 09:00:00,30.0,76.88217771852533,1005.2
Mumbai,2025-07-31 10:00:00,29.0,79.0585121873896,
Mumbai,2025-07-31 11:00:00,29.0,83.89690993013956,
Mumbai,2025-07-31 12:00:00,29.4,81.97957178446406,1004.5
Mumbai,2025-07-31 13:00:00,29.0,79.0585121873896,
Mumbai,2025-07-31 14:00:00,28.0,83.78747242805218,
Mumbai,2025-07-31 15:00:00,28.2,83.31179804309043,1005.7
Mumbai,2025-07-31 16:00:00,28.0,83.78747242805218,
Mumbai,2025-07-31 17:00:00,28.0,83.78747242805218,
Mumbai,2025-07-31 18:00:00,28.0,83.28921441559984,1006.8
Mumbai,2025-07-31 19:00:00,28.0,83.78747242805218,
Mumbai,2025-07-31 20:00:00,28.0,83.78747242805218,
Mumbai,2025-07-31 21:00:00,27.8,81.29701074620921,1005.2
Mumbai,2025-07-31 22:00:00,28.0,83.78747242805218,
Mumbai,2025-07-31 23:00:00,28.0,83.78747242805218,
Mumbai,2025-08-01 00:00:00,28.0,84.79181717750924,1004.8
Mumbai,2025-08-01 01:00:00,28.0,83.78747242805218,
Mumbai,2025-08-01 02:00:00,28.0,83.78747242805218,
Mumbai,2025-08-01 03:00:00,28.6,83.35683314726084,1006.4
Mumbai,2025-08-01 04:00:00,29.0,79.0585121873896,
Mumbai,2025-08-01 05:00:00,30.0,74.62820502423824,
Mumbai,2025-08-01 06:00:00,30.0,75.5227593496699,1006.9
Mumbai,2025-08-01 07:00:00,30.0,74.62820502423824,
Mumbai,2025-08-01 08:00:00,30.0,74.62820502423824,
Mumbai,2025-08-01 09:00:00,30.4,81.13972960661955,1005.9
Mumbai,2025-08-01 10:00:00,30.0,74.62820502423824,
Mumbai,2025-08-01 11:00:00,29.0,83.89690993013956,
Mumbai,2025-08-01 12:00:00,29.2,81.95548127118022,1005.4
Mumbai,2025-08-01 13:00:00,29.0,79.0585121873896,
Mumbai,2025-08-01 14:00:00,28.0,83.78747242805218,
Mumbai,2025-08-01 15:00:00,28.4,84.83323810049623,1006.6
Mumbai,2025-08-01 16:00:00,28.0,83.78747242805218,
Mumbai,2025-08-01 17:00:00,28.0,83.78747242805218,
Mumbai,2025-08-01 18:00:00,27.8,87.33135888966177,1006.6
Mumbai,2025-08-01 19:00:00,28.0,88.91528354225218,
Mumbai,2025-08-01 20:00:00,28.0,83.78747242805218,
Mumbai,2025-08-01 21:00:00,26.6,88.80618472944694,1005.3
Mumbai,2025-08-01 22:00:00,25.0,94.19101183405704,
Mumbai,2025-08-01 23:00:00,26.0,94.23292497092102,
Mumbai,2025-08-02 00:00:00,26.0,92.00888400052642,1005.1
Mumbai,2025-08-02 01:00:00,27.0,88.83751596451742,
Mumbai,2025-08-02 02:00:00,28.0,78.9202680701639,
Mumbai,2025-08-02 03:00:00,28.2,84.81254813644145,1006.8
Mumbai,2025-08-02 04:00:00,29.0,79.0585121873896,
Mumbai,2025-08-02 05:00:00,30.0,70.29306142592459,
Mumbai,2025-08-02 06:00:00,29.4,76.33535606218936,1007.2
Mumbai,2025-08-02 07:00:00,29.0,79.0585121873896,
Mumbai,2025-08-02 08:00:00,28.0,78.9202680701639,
Mumbai,2025-08-02 09:00:00,29.8,74.15162297941144,1005.7
Mumbai,2025-08-02 10:00:00,29.0,79.0585121873896,
Mumbai,2025-08-02 11:00:00,29.0,79.0585121873896,
Mumbai,2025-08-02 12:00:00,29.6,78.20620296447258,1005.1
Mumbai,2025-08-02 13:00:00,29.0,79.0585121873896,
Mumbai,2025-08-02 14:00:00,28.0,83.78747242805218,
Mumbai,2025-08-02 15:00:00,28.4,81.85865421535438,1006.1
Mumbai,2025-08-02 16:00:00,28.0,83.78747242805218,
Mumbai,2025-08-02 17:00:00,28.0,83.78747242805218,
Mumbai,2025-08-02 18:00:00,28.2,84.81254813644145,1007.3
Mumbai,2025-08-02 19:00:00,28.0,83.78747242805218,
Mumbai,2025-08-02 20:00:00,28.0,83.78747242805218,
Mumbai,2025-08-02 21:00:00,27.6,85.767643247121,1005.9
Mumbai,2025-08-02 22:00:00,27.0,88.83751596451742,
Mumbai,2025-08-02 23:00:00,27.0,88.83751596451742,
Mumbai,2025-08-03 00:00:00,27.2,87.27855968744687,1005.8
Mumbai,2025-08-03 01:00:00,27.0,88.83751596451742,
Mumbai,2025-08-03 02:00:00,27.0,88.83751596451742,
Mumbai,2025-08-03 03:00:00,27.2,93.72693426762005,1007.1
Mumbai,2025-08-03 04:00:00,28.0,83.78747242805218,
Mumbai,2025-08-03 05:00:00,29.0,79.0585121873896,
Mumbai,2025-08-03 06:00:00,29.4,80.53536024141098,1007.4
Mumbai,2025-08-03 07:00:00,30.0,74.62820502423824,
Mumbai,2025-08-03 08:00:00,30.0,70.29306142592459,
Mumbai,2025-08-03 09:00:00,30.8,75.64766286638326,1006.7
Mumbai,2025-08-03 10:00:00,31.0,70.47582088918256,
Mumbai,2025-08-03 11:00:00,30.0,74.62820502423824,
Mumbai,2025-08-03 12:00:00,29.4,80.53536024141098,1006.0
Mumbai,2025-08-03 13:00:00,29.0,79.0585121873896,
Mumbai,2025-08-03 14:00:00,28.0,83.78747242805218,
Mumbai,2025-08-03 15:00:00,28.4,80.40588280898815,1007.3
Mumbai,2025-08-03 16:00:00,28.0,83.78747242805218,
Mumbai,2025-08-03 17:00:00,28.0,83.78747242805218,
Mumbai,2025-08-03 18:00:00,27.8,85.78717977072007,1008.3
Mumbai,2025-08-03 19:00:00,28.0,83.78747242805218,
Mumbai,2025-08-03 20:00:00,28.0,83.78747242805218,
Mumbai,2025-08-03 21:00:00,27.6,84.24549777703992,1007.1
Mumbai,2025-08-03 22:00:00,27.0,88.83751596451742,
Mumbai,2025-08-03 23:00:00,27.0,88.83751596451742,
Mumbai,2025-08-04 00:00:00,27.4,85.74806761675889,1007.1
Mumbai,2025-08-04 01:00:00,28.0,83.78747242805218,
Mumbai,2025-08-04 02:00:00,28.0,78.9202680701639,
Mumbai,2025-08-04 03:00:00,28.2,78.94802076163292,1008.8
Mumbai,2025-08-04 04:00:00,29.0,79.0585121873896,
Mumbai,2025-08-04 05:00:00,30.0,74.62820502423824,
Mumbai,2025-08-04 06:00:00,30.8,74.31499881924898,1009.4
Mumbai,2025-08-04 07:00:00,30.0,74.62820502423824,
Mumbai,2025-08-04 08:00:00,30.0,74.62820502423824,
Mumbai,2025-08-04 09:00:00,30.8,73.00291172196927,1007.7
Mumbai,2025-08-04 10:00:00,30.0,74.62820502423824,
Mumbai,2025-08-04 11:00:00,31.0,70.47582088918256,
Mumbai,2025-08-04 12:00:00,30.6,74.28243957799879,1006.8
Mumbai,2025-08-04 13:00:00,29.0,79.0585121873896,
Mumbai,2025-08-04 14:00:00,29.0,79.0585121873896,
Mumbai,2025-08-04 15:00:00,28.6,79.00337009946395,1007.8
Mumbai,2025-08-04 16:00:00,29.0,79.0585121873896,
Mumbai,2025-08-04 17:00:00,28.0,83.78747242805218,
Mumbai,2025-08-04 18:00:00,27.8,88.89979374390309,1008.8
Mumbai,2025-08-04 19:00:00,28.0,83.78747242805218,
Mumbai,2025-08-04 20:00:00,28.0,83.78747242805218,
Mumbai,2025-08-04 21:00:00,27.6,84.24549777703992,1006.8
Mumbai,2025-08-04 22:00:00,27.0,88.83751596451742,
Mumbai,2025-08-04 23:00:00,28.0,78.9202680701639,
Mumbai,2025-08-05 00:00:00,27.2,88.85313336738866,1006.8
Mumbai,2025-08-05 01:00:00,28.0,78.9202680701639,
Mumbai,2025-08-05 02:00:00,28.0,83.78747242805218,
Mumbai,2025-08-05 03:00:00,28.8,80.45782143103412,1008.5
Mumbai,2025-08-05 04:00:00,29.0,74.46601257025355,
Mumbai,2025-08-05 05:00:00,30.0,70.29306142592459,
Mumbai,2025-08-05 06:00:00,31.2,72.20890765279174,1009.0
Mumbai,2025-08-05 07:00:00,31.0,70.47582088918256,
Mumbai,2025-08-05 08:00:00,31.0,66.3818887938788,
Mumbai,2025-08-05 09:00:00,31.8,69.78813164326573,1007.3
Mumbai,2025-08-05 10:00:00,31.0,70.47582088918256,
Mumbai,2025-08-05 11:00:00,31.0,70.47582088918256,
Mumbai,2025-08-05 12:00:00,31.4,69.71409411644107,1006.2
Mumbai,2025-08-05 13:00:00,29.0,83.89690993013956,
Mumbai,2025-08-05 15:00:00,29.0,79.0585121873896,1007.6
Mumbai,2025-08-05 16:00:00,29.0,79.0585121873896,
Mumbai,2025-08-05 17:00:00,29.0,74.46601257025355,
Mumbai,2025-08-05 18:00:00,28.6,77.59711341151534,1007.9
Mumbai,2025-08-05 19:00:00,29.0,74.46601257025355,
Mumbai,2025-08-05 20:00:00,28.0,78.9202680701639,
Mumbai,2025-08-05 21:00:00,28.0,81.80996009312997,1006.6
Mumbai,2025-08-05 22:00:00,28.0,78.9202680701639,
Mumbai,2025-08-05 23:00:00,28.0,78.9202680701639,
Mumbai,2025-08-06 00:00:00,27.0,92.06569807815053,1006.8
Mumbai,2025-08-06 01:00:00,28.0,83.78747242805218,
Mumbai,2025-08-06 02:00:00,29.0,74.46601257025355,
Mumbai,2025-08-06 03:00:00,28.0,83.28921441559984,1008.4
Mumbai,2025-08-06 04:00:00,29.0,74.46601257025355,
Mumbai,2025-08-06 05:00:00,30.0,70.29306142592459,
Mumbai,2025-08-06 06:00:00,30.4,71.64060697493404,1009.0
Mumbai,2025-08-06 07:00:00,30.0,70.29306142592459,
Mumbai,2025-08-06 08:00:00,31.0,66.3818887938788,
Mumbai,2025-08-06 09:00:00,31.8,69.78813164326573,1007.1
Mumbai,2025-08-06 10:00:00,30.0,70.29306142592459,
Mumbai,2025-08-06 11:00:00,30.0,70.29306142592459,
Mumbai,2025-08-06 12:00:00,29.8,75.49139258129554,1005.9
Mumbai,2025-08-06 13:00:00,29.0,79.0585121873896,
Mumbai,2025-08-06 14:00:00,29.0,74.46601257025355,
Mumbai,2025-08-06 15:00:00,28.8,79.03096698905824,1006.7
Mumbai,2025-08-06 16:00:00,29.0,74.46601257025355,
Mumbai,2025-08-06 17:00:00,29.0,74.46601257025355,
Mumbai,2025-08-06 18:00:00,28.6,81.88293095675748,1007.6
Mumbai,2025-08-06 19:00:00,29.0,79.0585121873896,
Mumbai,2025-08-06 20:00:00,26.0,88.7589455109383,
Mumbai,2025-08-06 21:00:00,26.4,92.03168153578638,1006.2
Mumbai,2025-08-06 22:00:00,27.0,88.83751596451742,
Mumbai,2025-08-06 23:00:00,27.0,88.83751596451742,
Mumbai,2025-08-07 00:00:00,26.2,92.0202947964304,1006.3
Mumbai,2025-08-07 01:00:00,25.0,100.0,
Mumbai,2025-08-07 02:00:00,26.0,94.23292497092102,
Mumbai,2025-08-07 03:00:00,25.8,96.49873881355717,1008.3
Mumbai,2025-08-07 04:00:00,26.0,94.23292497092102,
Mumbai,2025-08-07 05:00:00,25.0,100.0,
Mumbai,2025-08-07 06:00:00,26.4,93.69075623120435,1008.9
Mumbai,2025-08-07 07:00:00,27.0,88.83751596451742,
Mumbai,2025-08-07 08:00:00,29.0,79.0585121873896,
Mumbai,2025-08-07 09:00:00,30.0,74.18441432342445,1007.1
Mumbai,2025-08-07 10:00:00,29.0,79.0585121873896,
Mumbai,2025-08-07 11:00:00,29.0,79.0585121873896,
Mumbai,2025-08-07 12:00:00,29.0,77.65543578652992,1005.8
Mumbai,2025-08-07 13:00:00,29.0,79.0585121873896,
Mumbai,2025-08-07 14:00:00,28.0,83.78747242805218,
Mumbai,2025-08-07 15:00:00,27.6,87.31379479213656,1006.7
Mumbai,2025-08-07 16:00:00,28.0,83.78747242805218,
Mumbai,2025-08-07 17:00:00,28.0,83.78747242805218,
Mumbai,2025-08-07 18:00:00,27.2,92.07698925377626,1007.6
Mumbai,2025-08-07 19:00:00,28.0,83.78747242805218,
Mumbai,2025-08-07 20:00:00,28.0,83.78747242805218,
Mumbai,2025-08-07 21:00:00,27.2,92.07698925377626,1005.9
Mumbai,2025-08-07 22:00:00,28.0,83.78747242805218,
Mumbai,2025-08-07 23:00:00,28.0,83.78747242805218,
Mumbai,2025-08-08 00:00:00,27.2,87.27855968744687,1005.6
Mumbai,2025-08-08 01:00:00,27.0,88.83751596451742,
Mumbai,2025-08-08 02:00:00,27.0,88.83751596451742,
Mumbai,2025-08-08 03:00:00,28.0,84.79181717750924,1007.6
Mumbai,2025-08-08 04:00:00,28.0,83.78747242805218,
Mumbai,2025-08-08 05:00:00,28.0,83.78747242805218,
Mumbai,2025-08-08 06:00:00,28.4,84.83323810049623,1008.8
Mumbai,2025-08-08 07:00:00,28.0,83.78747242805218,
Mumbai,2025-08-08 08:00:00,30.0,74.62820502423824,
Mumbai,2025-08-08 09:00:00,27.6,88.88427217188078,1007.8
Mumbai,2025-08-08 10:00:00,29.0,74.46601257025355,
Mumbai,2025-08-08 11:00:00,29.0,79.0585121873896,
Mumbai,2025-08-08 12:00:00,29.6,78.20620296447258,1007.2
Mumbai,2025-08-08 13:00:00,29.0,79.0585121873896,
Mumbai,2025-08-08 14:00:00,29.0,79.0585121873896,
Mumbai,2025-08-08 15:00:00,28.4,83.33433758376981,1008.6
Mumbai,2025-08-08 16:00:00,27.0,88.83751596451742,
Mumbai,2025-08-08 17:00:00,27.0,88.83751596451742,
Mumbai,2025-08-08 18:00:00,26.8,93.70888380751718,1009.8
Mumbai,2025-08-08 19:00:00,26.0,94.23292497092102,
Mumbai,2025-08-08 20:00:00,26.0,94.23292497092102,
Mumbai,2025-08-08 21:00:00,26.0,94.23292497092102,
Mumbai,2025-08-08 22:00:00,26.0,94.23292497092102,
Mumbai,2025-08-08 23:00:00,26.0,88.7589455109383,
Mumbai,2025-08-09 00:00:00,25.6,94.78110774663195,1008.7
Mumbai,2025-08-09 01:00:00,26.0,94.23292497092102,
Mumbai,2025-08-09 02:00:00,26.0,94.23292497092102,
Mumbai,2025-08-09 03:00:00,26.6,92.04304428506519,1010.2
Mumbai,2025-08-09 04:00:00,28.0,83.78747242805218,
Mumbai,2025-08-09 05:00:00,28.0,83.78747242805218,
Mumbai,2025-08-09 06:00:00,29.8,76.85229197010862,1010.4
Mumbai,2025-08-09 07:00:00,31.0,66.3818887938788,
Mumbai,2025-08-09 08:00:00,31.0,66.3818887938788,
Mumbai,2025-08-09 09:00:00,31.2,68.4404025650585,1008.7
Mumbai,2025-08-09 10:00:00,30.0,70.29306142592459,
Mumbai,2025-08-09 11:00:00,30.0,74.62820502423824,
Mumbai,2025-08-09 12:00:00,30.5,73.82581219027456,1007.3
Mumbai,2025-08-09 13:00:00,29.0,74.46601257025355,
Mumbai,2025-08-09 14:00:00,29.0,74.46601257025355,
Mumbai,2025-08-09 15:00:00,28.6,80.43187680667027,1008.4
Mumbai,2025-08-09 16:00:00,29.0,74.46601257025355,
Mumbai,2025-08-09 17:00:00,28.0,83.78747242805218,
Mumbai,2025-08-09 18:00:00,27.6,88.88427217188078,1009.3
Mumbai,2025-08-09 19:00:00,27.0,88.83751596451742,
Mumbai,2025-08-09 20:00:00,27.0,88.83751596451742,
Mumbai,2025-08-09 21:00:00,26.8,93.70888380751718,1008.0
Mumbai,2025-08-09 22:00:00,26.0,94.23292497092102,
Mumbai,2025-08-09 23:00:00,26.0,94.23292497092102,
Mumbai,2025-08-10 00:00:00,26.2,93.68166338882529,1007.6
Mumbai,2025-08-10 01:00:00,26.0,94.23292497092102,
Mumbai,2025-08-10 02:00:00,26.0,94.23292497092102,
Mumbai,2025-08-10 03:00:00,27.2,92.07698925377626,1008.9
Mumbai,2025-08-10 04:00:00,26.0,88.7589455109383,
Mumbai,2025-08-10 05:00:00,28.0,83.78747242805218,
Mumbai,2025-08-10 06:00:00,29.0,84.89506306062921,1009.5
Mumbai,2025-08-10 07:00:00,30.0,74.62820502423824,
Mumbai,2025-08-10 08:00:00,29.0,79.0585121873896,
Mumbai,2025-08-10 09:00:00,28.4,86.35566419509173,1007.4
Mumbai,2025-08-10 10:00:00,29.0,79.0585121873896,
Mumbai,2025-08-10 11:00:00,29.0,79.0585121873896,
Mumbai,2025-08-10 12:00:00,29.0,79.0585121873896,1006.7
Mumbai,2025-08-10 13:00:00,28.0,78.9202680701639,
Mumbai,2025-08-10 14:00:00,27.0,83.67695517522091,
Mumbai,2025-08-10 15:00:00,26.6,92.04304428506519,1008.2
Mumbai,2025-08-10 16:00:00,27.0,83.67695517522091,
Mumbai,2025-08-10 17:00:00,27.0,83.67695517522091,
Mumbai,2025-08-10 18:00:00,26.4,90.39836619855579,1008.8
Mumbai,2025-08-10 19:00:00,27.0,88.83751596451742,
Mumbai,2025-08-10 20:00:00,27.0,88.83751596451742,
Mumbai,2025-08-10 21:00:00,26.8,88.82186644716782,1007.7
Mumbai,2025-08-10 22:00:00,26.0,94.23292497092102,
Mumbai,2025-08-10 23:00:00,27.0,88.83751596451742,
Mumbai,2025-08-11 00:00:00,26.8,87.24318141227258,1007.5
Mumbai,2025-08-11 01:00:00,27.0,88.83751596451742,
Mumbai,2025-08-11 02:00:00,28.0,83.78747242805218,
Mumbai,2025-08-11 03:00:00,28.4,81.85865421535438,1009.1
Mumbai,2025-08-11 04:00:00,29.0,79.0585121873896,
Mumbai,2025-08-11 05:00:00,30.0,70.29306142592459,
Mumbai,2025-08-11 06:00:00,30.4,75.58532357148971,1009.1
Mumbai,2025-08-11 07:00:00,30.0,70.29306142592459,
Mumbai,2025-08-11 08:00:00,31.0,66.3818887938788,
Mumbai,2025-08-11 09:00:00,31.0,72.1742265807024,1007.8
Mumbai,2025-08-11 10:00:00,30.0,74.62820502423824,
Mumbai,2025-08-11 11:00:00,31.0,66.3818887938788,
Mumbai,2025-08-11 12:00:00,30.4,71.64060697493404,1006.5
Mumbai,2025-08-11 13:00:00,29.0,79.0585121873896,
Mumbai,2025-08-11 14:00:00,29.0,74.46601257025355,
Mumbai,2025-08-11 15:00:00,28.6,80.43187680667027,1007.9
Mumbai,2025-08-11 16:00:00,29.0,74.46601257025355,
Mumbai,2025-08-11 17:00:00,29.0,74.46601257025355,
Mumbai,2025-08-11 18:00:00,28.4,78.97572139747378,1008.4
Mumbai,2025-08-11 19:00:00,29.0,74.46601257025355,
Mumbai,2025-08-11 20:00:00,28.0,78.9202680701639,
Mumbai,2025-08-11 21:00:00,27.4,82.72371961951407,1007.2
Mumbai,2025-08-11 22:00:00,27.0,83.67695517522091,
Mumbai,2025-08-11 23:00:00,27.0,78.78071949348664,
Mumbai,2025-08-12 00:00:00,26.6,90.41194193154737,1006.5
Mumbai,2025-08-12 01:00:00,27.0,83.67695517522091,
Mumbai,2025-08-12 02:00:00,27.0,83.67695517522091,
Mumbai,2025-08-12 03:00:00,27.2,85.72845277885752,1007.7
Mumbai,2025-08-12 04:00:00,29.0,74.46601257025355,
Mumbai,2025-08-12 05:00:00,30.0,70.29306142592459,
Mumbai,2025-08-12 06:00:00,30.2,72.90096632227306,1007.8
Mumbai,2025-08-12 07:00:00,31.0,66.3818887938788,
Mumbai,2025-08-12 08:00:00,31.0,66.3818887938788,
Mumbai,2025-08-12 09:00:00,31.4,69.71409411644107,1006.5
Mumbai,2025-08-12 10:00:00,30.0,74.62820502423824,
Mumbai,2025-08-12 11:00:00,29.0,74.46601257025355,
Mumbai,2025-08-12 12:00:00,29.8,74.15162297941144,1005.1
Mumbai,2025-08-12 13:00:00,29.0,74.46601257025355,
Mumbai,2025-08-12 14:00:00,28.0,78.9202680701639,
Mumbai,2025-08-12 15:00:00,27.4,84.22401507730588,1006.2
Mumbai,2025-08-12 16:00:00,28.0,74.30236303611937,
Mumbai,2025-08-12 17:00:00,28.0,74.30236303611937,
Mumbai,2025-08-12 18:00:00,28.0,77.50922415182016,1006.0
Mumbai,2025-08-12 19:00:00,28.0,74.30236303611937,
Mumbai,2025-08-12 20:00:00,28.0,78.9202680701639,
Mumbai,2025-08-12 21:00:00,28.0,83.28921441559984,1004.6
Mumbai,2025-08-12 22:00:00,27.0,83.67695517522091,
Mumbai,2025-08-12 23:00:00,26.0,88.7589455109383,
Mumbai,2025-08-13 00:00:00,27.2,87.27855968744687,1004.1
Mumbai,2025-08-13 01:00:00,27.0,88.83751596451742,
Mumbai,2025-08-13 02:00:00,27.0,88.83751596451742,
Mumbai,2025-08-13 03:00:00,28.0,83.28921441559984,1005.5
Mumbai,2025-08-13 04:00:00,28.0,83.78747242805218,
Mumbai,2025-08-13 05:00:00,29.0,79.0585121873896,
Mumbai,2025-08-13 06:00:00,27.8,88.89979374390309,1005.7
Mumbai,2025-08-13 07:00:00,28.0,78.9202680701639,
Mumbai,2025-08-13 08:00:00,28.0,78.9202680701639,
Mumbai,2025-08-13 09:00:00,28.2,83.31179804309043,1004.3
Mumbai,2025-08-13 10:00:00,28.0,78.9202680701639,
Mumbai,2025-08-13 11:00:00,28.0,78.9202680701639,
Mumbai,2025-08-13 12:00:00,28.2,80.37983931978188,1003.0
Mumbai,2025-08-13 13:00:00,27.0,83.67695517522091,
Mumbai,2025-08-13 14:00:00,27.0,88.83751596451742,
Mumbai,2025-08-13 15:00:00,26.8,90.42548942576907,1004.2
Mumbai,2025-08-13 16:00:00,26.0,94.23292497092102,
Mumbai,2025-08-13 17:00:00,26.0,94.23292497092102,
Mumbai,2025-08-13 18:00:00,26.0,94.79622941585653,1004.8
Mumbai,2025-08-13 19:00:00,26.0,94.23292497092102,
Mumbai,2025-08-13 20:00:00,26.0,94.23292497092102,
Mumbai,2025-08-13 21:00:00,26.0,94.79622941585653,1003.1
Mumbai,2025-08-13 22:00:00,26.0,94.23292497092102,
Mumbai,2025-08-13 23:00:00,25.0,100.0,
Mumbai,2025-08-14 00:00:00,25.4,94.77352241613059,1003.4
Mumbai,2025-08-14 01:00:00,25.0,100.0,
Mumbai,2025-08-14 02:00:00,25.0,94.19101183405704,
Mumbai,2025-08-14 03:00:00,25.2,96.48331975462109,1005.3
Mumbai,2025-08-14 04:00:00,25.0,94.19101183405704,
Mumbai,2025-08-14 05:00:00,25.0,94.19101183405704,
Mumbai,2025-08-14 06:00:00,26.0,94.79622941585653,1005.9
Mumbai,2025-08-14 07:00:00,26.0,94.23292497092102,
Mumbai,2025-08-14 09:00:00,28.8,77.62630156297041,1003.4
Mumbai,2025-08-14 10:00:00,29.0,74.46601257025355,
Mumbai,2025-08-14 11:00:00,28.0,83.78747242805218,
Mumbai,2025-08-14 12:00:00,28.6,81.88293095675748,1002.4
Mumbai,2025-08-14 13:00:00,27.0,83.67695517522091,
Mumbai,2025-08-14 14:00:00,27.0,83.67695517522091,
Mumbai,2025-08-14 15:00:00,26.8,87.24318141227258,1003.9
Mumbai,2025-08-14 16:00:00,25.0,94.19101183405704,
Mumbai,2025-08-14 17:00:00,26.0,88.7589455109383,
Mumbai,2025-08-14 18:00:00,25.8,93.10518672866101,1004.8
Mumbai,2025-08-14 19:00:00,26.0,94.23292497092102,
Mumbai,2025-08-14 20:00:00,26.0,94.23292497092102,
Mumbai,2025-08-14 21:00:00,25.8,91.99744908137737,1003.3
Mumbai,2025-08-14 22:00:00,26.0,88.7589455109383,
Mumbai,2025-08-14 23:00:00,26.0,94.23292497092102,
Mumbai,2025-08-15 00:00:00,25.8,93.10518672866101,1003.1
Mumbai,2025-08-15 01:00:00,26.0,94.23292497092102,
Mumbai,2025-08-15 02:00:00,26.0,94.23292497092102,
Mumbai,2025-08-15 03:00:00,26.8,90.42548942576907,1004.8
Mumbai,2025-08-15 04:00:00,27.0,88.83751596451742,
Mumbai,2025-08-15 05:00:00,26.0,94.23292497092102,
Mumbai,2025-08-15 06:00:00,28.2,80.37983931978188,1005.1
Mumbai,2025-08-15 07:00:00,29.0,79.0585121873896,
Mumbai,2025-08-15 08:00:00,27.0,88.83751596451742,
Mumbai,2025-08-15 09:00:00,26.0,94.79622941585653,1003.9
Mumbai,2025-08-15 10:00:00,25.0,100.0,
Mumbai,2025-08-15 11:00:00,26.0,94.23292497092102,
Mumbai,2025-08-15 12:00:00,25.8,93.10518672866101,1002.5
Mumbai,2025-08-15 13:00:00,27.0,88.83751596451742,
Mumbai,2025-08-15 14:00:00,27.0,88.83751596451742,
Mumbai,2025-08-15 15:00:00,26.2,94.80376584735212,1003.4
Mumbai,2025-08-15 16:00:00,27.0,88.83751596451742,
Mumbai,2025-08-15 17:00:00,26.0,94.23292497092102,
Mumbai,2025-08-15 18:00:00,25.8,96.49873881355717,1003.8
Mumbai,2025-08-15 19:00:00,26.0,94.23292497092102,
Mumbai,2025-08-15 20:00:00,25.0,94.19101183405704,
Mumbai,2025-08-15 21:00:00,24.8,96.47298407847299,1002.2
Mumbai,2025-08-15 22:00:00,25.0,100.0,
Mumbai,2025-08-15 23:00:00,25.0,100.0,
Mumbai,2025-08-16 00:00:00,25.0,96.47815756865955,1001.8
Mumbai,2025-08-16 01:00:00,25.0,100.0,
Mumbai,2025-08-16 02:00:00,25.0,94.19101183405704,
Mumbai,2025-08-16 03:00:00,25.0,94.75830253018951,1003.4
Mumbai,2025-08-16 04:00:00,25.0,94.19101183405704,
Mumbai,2025-08-16 05:00:00,25.0,94.19101183405704,
Mumbai,2025-08-16 06:00:00,25.8,94.78867673105134,1003.4
Mumbai,2025-08-16 07:00:00,26.0,94.23292497092102,
Mumbai,2025-08-16 08:00:00,27.0,88.83751596451742,
Mumbai,2025-08-16 09:00:00,26.0,93.67255110424425,1001.8
Mumbai,2025-08-16 10:00:00,26.0,94.23292497092102,
Mumbai,2025-08-16 11:00:00,26.0,94.23292497092102,
Mumbai,2025-08-16 12:00:00,25.8,94.78867673105134,1000.8
Mumbai,2025-08-16 13:00:00,26.0,94.23292497092102,
Mumbai,2025-08-16 14:00:00,26.0,94.23292497092102,
Mumbai,2025-08-16 15:00:00,25.4,94.77352241613059,1002.3
Mumbai,2025-08-16 16:00:00,26.0,88.7589455109383,
Mumbai,2025-08-16 17:00:00,25.0,100.0,
Mumbai,2025-08-16 18:00:00,25.6,93.09525743190015,1002.4
Mumbai,2025-08-16 19:00:00,25.0,94.19101183405704,
Mumbai,2025-08-16 20:00:00,25.0,94.19101183405704,
Mumbai,2025-08-16 21:00:00,25.2,96.48331975462109,1000.5
Mumbai,2025-08-16 22:00:00,25.0,100.0,
Mumbai,2025-08-16 23:00:00,25.0,94.19101183405704,
Mumbai,2025-08-17 00:00:00,25.2,94.76592069291524,1000.5
Mumbai,2025-08-17 01:00:00,25.0,94.19101183405704,
Mumbai,2025-08-17 02:00:00,25.0,94.19101183405704,
Mumbai,2025-08-17 03:00:00,25.2,96.48331975462109,1001.5
Mumbai,2025-08-17 04:00:00,26.0,94.23292497092102,
Mumbai,2025-08-17 05:00:00,26.0,88.7589455109383,
Mumbai,2025-08-17 06:00:00,26.8,95.38933139322062,1001.6
Mumbai,2025-08-17 07:00:00,27.0,88.83751596451742,
Mumbai,2025-08-17 08:00:00,27.0,94.27439081608838,
Mumbai,2025-08-17 09:00:00,26.0,94.79622941585653,1000.8
Mumbai,2025-08-17 10:00:00,25.0,94.19101183405704,
Mumbai,2025-08-17 11:00:00,26.0,94.23292497092102,
Mumbai,2025-08-17 12:00:00,26.2,93.68166338882529,1000.6
Mumbai,2025-08-17 13:00:00,27.0,83.67695517522091,
Mumbai,2025-08-17 14:00:00,27.0,83.67695517522091,
Mumbai,2025-08-17 15:00:00,26.2,90.38476214988123,1002.4
Mumbai,2025-08-17 16:00:00,27.0,88.83751596451742,
Mumbai,2025-08-17 17:00:00,25.0,94.19101183405704,
Mumbai,2025-08-17 18:00:00,25.2,94.76592069291524,1003.9
Mumbai,2025-08-17 19:00:00,25.0,94.19101183405704,
Mumbai,2025-08-17 20:00:00,26.0,94.23292497092102,
Mumbai,2025-08-17 21:00:00,25.4,96.48847066905626,1002.7
Mumbai,2025-08-17 22:00:00,25.0,100.0,
Mumbai,2025-08-17 23:00:00,25.0,100.0,
Mumbai,2025-08-18 00:00:00,25.8,96.49873881355717,1002.3
Mumbai,2025-08-18 01:00:00,25.0,94.19101183405704,
Mumbai,2025-08-18 02:00:00,25.0,100.0,
Mumbai,2025-08-18 03:00:00,25.4,98.23050936880627,1003.8
Mumbai,2025-08-18 04:00:00,25.0,100.0,
Mumbai,2025-08-18 05:00:00,25.0,94.19101183405704,
Mumbai,2025-08-18 06:00:00,25.4,96.48847066905626,1004.7
Mumbai,2025-08-18 07:00:00,26.0,94.23292497092102,
Mumbai,2025-08-18 08:00:00,26.0,94.23292497092102,
Mumbai,2025-08-18 09:00:00,26.2,96.5089622614157,1002.9
Mumbai,2025-08-18 10:00:00,25.0,100.0,
Mumbai,2025-08-18 11:00:00,26.0,94.23292497092102,
Mumbai,2025-08-18 12:00:00,26.0,96.503856108436,1002.2
Mumbai,2025-08-18 13:00:00,26.0,94.23292497092102,
Mumbai,2025-08-18 14:00:00,27.0,88.83751596451742,
Mumbai,2025-08-18 15:00:00,26.6,92.04304428506519,1003.5
Mumbai,2025-08-18 16:00:00,27.0,88.83751596451742,
Mumbai,2025-08-18 17:00:00,27.0,88.83751596451742,
Mumbai,2025-08-18 18:00:00,26.8,92.05438311051279,1004.1
Mumbai,2025-08-18 19:00:00,26.0,94.23292497092102,
Mumbai,2025-08-18 20:00:00,26.0,94.23292497092102,
Mumbai,2025-08-18 21:00:00,25.8,94.78867673105134,1001.9
Mumbai,2025-08-18 22:00:00,25.0,100.0,
Mumbai,2025-08-18 23:00:00,25.0,100.0,
Mumbai,2025-08-19 00:00:00,25.0,96.47815756865955,1001.2
Mumbai,2025-08-19 01:00:00,25.0,100.0,
Mumbai,2025-08-19 02:00:00,26.0,94.23292497092102,
Mumbai,2025-08-19 03:00:00,26.0,96.503856108436,1002.2
Mumbai,2025-08-19 04:00:00,26.0,94.23292497092102,
Mumbai,2025-08-19 05:00:00,26.0,100.0,
Mumbai,2025-08-19 06:00:00,26.4,94.81128607168019,1002.8
Mumbai,2025-08-19 07:00:00,26.0,100.0,
Mumbai,2025-08-19 08:00:00,26.0,94.23292497092102,
Mumbai,2025-08-19 09:00:00,25.4,96.48847066905626,1002.0
Mumbai,2025-08-19 10:00:00,26.0,94.23292497092102,
Mumbai,2025-08-19 11:00:00,26.0,94.23292497092102,
Mumbai,2025-08-19 12:00:00,26.0,94.79622941585653,1001.3
Mumbai,2025-08-19 13:00:00,27.0,88.83751596451742,
Mumbai,2025-08-19 14:00:00,27.0,88.83751596451742,
Mumbai,2025-08-19 15:00:00,26.0,94.79622941585653,1002.6
Mumbai,2025-08-19 16:00:00,26.0,94.23292497092102,
Mumbai,2025-08-19 18:00:00,26.2,93.68166338882529,1003.4
Mumbai,2025-08-19 20:00:00,26.0,94.23292497092102,
Mumbai,2025-08-19 21:00:00,25.6,94.78110774663195,1001.9
Mumbai,2025-08-19 22:00:00,26.0,94.23292497092102,
Mumbai,2025-08-19 23:00:00,27.0,88.83751596451742,
Mumbai,2025-08-20 00:00:00,26.2,93.68166338882529,1001.3
Mumbai,2025-08-20 01:00:00,26.0,94.23292497092102,
Mumbai,2025-08-20 02:00:00,26.0,94.23292497092102,
Mumbai,2025-08-20 03:00:00,26.6,90.41194193154737,1003.3
Mumbai,2025-08-20 04:00:00,27.0,88.83751596451742,
Mumbai,2025-08-20 05:00:00,27.0,88.83751596451742,
Mumbai,2025-08-20 06:00:00,27.6,85.767643247121,1004.4
Mumbai,2025-08-20 07:00:00,28.0,83.78747242805218,
Mumbai,2025-08-20 08:00:00,28.0,78.9202680701639,
Mumbai,2025-08-20 09:00:00,27.8,84.2669381064797,1003.4
Mumbai,2025-08-20 10:00:00,28.0,83.78747242805218,
Mumbai,2025-08-20 11:00:00,26.0,94.23292497092102,
Mumbai,2025-08-20 12:00:00,27.2,88.85313336738866,1002.6
Mumbai,2025-08-20 13:00:00,27.0,88.83751596451742,
Mumbai,2025-08-20 14:00:00,27.0,88.83751596451742,
Mumbai,2025-08-20 15:00:00,25.6,90.34377933678581,1004.4
Mumbai,2025-08-20 16:00:00,26.0,94.23292497092102,
Mumbai,2025-08-20 17:00:00,26.0,94.23292497092102,
Mumbai,2025-08-20 18:00:00,26.2,94.80376584735212,1005.8
Mumbai,2025-08-20 19:00:00,26.0,94.23292497092102,
Mumbai,2025-08-20 20:00:00,27.0,88.83751596451742,
Mumbai,2025-08-20 21:00:00,27.2,87.27855968744687,1005.2
Mumbai,2025-08-20 22:00:00,27.0,83.67695517522091,
Mumbai,2025-08-20 23:00:00,26.0,94.23292497092102,
Mumbai,2025-08-21 00:00:00,26.4,93.69075623120435,1005.3
Mumbai,2025-08-21 01:00:00,27.0,88.83751596451742,
Mumbai,2025-08-21 02:00:00,28.0,83.78747242805218,
Mumbai,2025-08-21 03:00:00,27.6,88.88427217188078,1007.2
Mumbai,2025-08-21 04:00:00,29.0,79.0585121873896,
Mumbai,2025-08-21 05:00:00,27.0,94.27439081608838,
Mumbai,2025-08-21 06:00:00,26.4,92.03168153578638,1007.8
Mumbai,2025-08-21 07:00:00,29.0,79.0585121873896,
Mumbai,2025-08-21 08:00:00,28.0,83.78747242805218,
Mumbai,2025-08-21 09:00:00,28.8,81.90716097068722,1006.5
Mumbai,2025-08-21 10:00:00,29.0,79.0585121873896,
Mumbai,2025-08-21 11:00:00,28.0,83.78747242805218,
Mumbai,2025-08-21 12:00:00,28.6,81.88293095675748,1005.9
Mumbai,2025-08-21 13:00:00,28.0,83.78747242805218,
Mumbai,2025-08-21 14:00:00,27.0,88.83751596451742,
Mumbai,2025-08-21 15:00:00,27.4,87.29619508920601,1008.1
Mumbai,2025-08-21 16:00:00,28.0,83.78747242805218,
Mumbai,2025-08-21 17:00:00,28.0,83.78747242805218,
Mumbai,2025-08-21 18:00:00,27.6,87.31379479213656,1009.2
Mumbai,2025-08-21 19:00:00,27.0,88.83751596451742,
Mumbai,2025-08-21 20:00:00,27.0,88.83751596451742,
Mumbai,2025-08-21 21:00:00,27.4,87.29619508920601,1007.5
Mumbai,2025-08-21 22:00:00,27.0,83.67695517522091,
Mumbai,2025-08-21 23:00:00,27.0,83.67695517522091,
Mumbai,2025-08-22 00:00:00,27.0,84.18092213796281,1007.0
Mumbai,2025-08-22 01:00:00,26.0,94.23292497092102,
Mumbai,2025-08-22 02:00:00,27.0,88.83751596451742,
Mumbai,2025-08-22 03:00:00,27.8,84.2669381064797,1008.4
Mumbai,2025-08-22 04:00:00,26.0,94.23292497092102,
Mumbai,2025-08-22 05:00:00,26.0,88.7589455109383,
Mumbai,2025-08-22 06:00:00,28.4,83.33433758376981,1009.2
Mumbai,2025-08-22 07:00:00,28.0,83.78747242805218,
Mumbai,2025-08-22 08:00:00,28.0,78.9202680701639,
Mumbai,2025-08-22 09:00:00,28.4,77.56787120852722,1007.1
Mumbai,2025-08-22 10:00:00,27.0,88.83751596451742,
Mumbai,2025-08-22 11:00:00,29.0,79.0585121873896,
Mumbai,2025-08-22 12:00:00,28.6,81.88293095675748,1006.3
Mumbai,2025-08-22 13:00:00,28.0,78.9202680701639,
Mumbai,2025-08-22 14:00:00,28.0,83.78747242805218,
Mumbai,2025-08-22 15:00:00,27.8,82.77031896665545,1007.8
Mumbai,2025-08-22 16:00:00,27.0,83.67695517522091,
Mumbai,2025-08-22 17:00:00,27.0,88.83751596451742,
Mumbai,2025-08-22 18:00:00,27.2,90.45250000428203,1008.0
Mumbai,2025-08-22 19:00:00,27.0,88.83751596451742,
Mumbai,2025-08-22 20:00:00,27.0,88.83751596451742,
Mumbai,2025-08-22 21:00:00,27.0,88.83751596451742,1006.4
Mumbai,2025-08-22 22:00:00,27.0,88.83751596451742,
Mumbai,2025-08-22 23:00:00,27.0,83.67695517522091,
Mumbai,2025-08-23 00:00:00,27.2,88.85313336738866,1005.9
Mumbai,2025-08-23 01:00:00,27.0,83.67695517522091,
Mumbai,2025-08-23 02:00:00,27.0,83.67695517522091,
Mumbai,2025-08-23 03:00:00,27.6,84.24549777703992,1007.5
Mumbai,2025-08-23 04:00:00,28.0,78.9202680701639,
Mumbai,2025-08-23 05:00:00,29.0,74.46601257025355,
Mumbai,2025-08-23 06:00:00,29.6,75.45996920875774,1008.4
Mumbai,2025-08-23 07:00:00,29.0,74.46601257025355,
Mumbai,2025-08-23 08:00:00,30.0,70.29306142592459,
Mumbai,2025-08-23 09:00:00,29.4,76.33535606218936,1007.4
Mumbai,2025-08-23 10:00:00,27.0,88.83751596451742,
Mumbai,2025-08-23 11:00:00,27.0,88.83751596451742,
Mumbai,2025-08-23 12:00:00,27.8,84.2669381064797,1006.6
Mumbai,2025-08-23 13:00:00,28.0,78.9202680701639,
Mumbai,2025-08-23 14:00:00,27.0,83.67695517522091,
Mumbai,2025-08-23 15:00:00,27.4,84.22401507730588,1007.6
Mumbai,2025-08-23 16:00:00,28.0,78.9202680701639,
Mumbai,2025-08-23 17:00:00,28.0,78.9202680701639,
Mumbai,2025-08-23 18:00:00,27.4,85.74806761675889,1008.3
Mumbai,2025-08-23 19:00:00,27.0,83.67695517522091,
Mumbai,2025-08-23 20:00:00,27.0,83.67695517522091,
Mumbai,2025-08-23 21:00:00,27.4,82.72371961951407,1006.7
Mumbai,2025-08-23 22:00:00,27.0,83.67695517522091,
Mumbai,2025-08-23 23:00:00,27.0,83.67695517522091,
Mumbai,2025-08-24 00:00:00,27.2,85.72845277885752,1006.4
Mumbai,2025-08-24 01:00:00,27.0,83.67695517522091,
Mumbai,2025-08-24 03:00:00,28.0,83.78747242805218,
Mumbai,2025-08-24 04:00:00,29.0,74.46601257025355,
Mumbai,2025-08-24 05:00:00,29.0,74.46601257025355,
Mumbai,2025-08-24 06:00:00,30.5,71.23149682785368,1008.6
Mumbai,2025-08-24 07:00:00,29.0,74.46601257025355,
Mumbai,2025-08-24 08:00:00,30.0,70.29306142592459,
Mumbai,2025-08-24 09:00:00,29.2,77.68451620551635,1007.7
Mumbai,2025-08-24 10:00:00,28.0,83.78747242805218,
Mumbai,2025-08-24 11:00:00,29.0,74.46601257025355,
Mumbai,2025-08-24 12:00:00,29.0,79.0585121873896,1006.8
Mumbai,2025-08-24 13:00:00,28.0,78.9202680701639,
Mumbai,2025-08-24 14:00:00,28.0,78.9202680701639,
Mumbai,2025-08-24 15:00:00,28.0,81.80996009312997,1008.1
Mumbai,2025-08-24 16:00:00,28.0,78.9202680701639,
Mumbai,2025-08-24 18:00:00,27.6,84.24549777703992,1008.7
Mumbai,2025-08-24 19:00:00,27.0,83.67695517522091,
Mumbai,2025-08-24 20:00:00,27.0,83.67695517522091,
Mumbai,2025-08-24 21:00:00,27.0,83.67695517522091,
