Location,Time,Temperature_C,Humidity_Percent,Pressure_hPa
New_Delhi,2025-01-01 00:00:00,10.4,92.27398343475242,1019.2
New_Delhi,2025-01-01 03:00:00,10.0,86.79106734289007,1020.2
New_Delhi,2025-01-01 06:00:00,13.0,72.64156333060996,1020.9
New_Delhi,2025-01-01 09:00:00,14.8,70.09075096388064,1017.9
New_Delhi,2025-01-01 12:00:00,13.0,83.66887270865111,1017.8
New_Delhi,2025-01-01 15:00:00,10.2,94.78062882988873,1019.6
New_Delhi,2025-01-01 18:00:00,8.4,100.0,1019.6
New_Delhi,2025-01-01 21:00:00,10.0,94.77258174880322,1017.9
New_Delhi,2025-01-02 00:00:00,10.0,94.77258174880322,1017.5
New_Delhi,2025-01-02 03:00:00,9.0,100.0,1019.5
New_Delhi,2025-01-02 06:00:00,12.6,81.40867867317884,1020.8
New_Delhi,2025-01-02 09:00:00,15.6,68.85115991738205,1017.9
New_Delhi,2025-01-02 12:00:00,13.8,79.9521193895084,1017.3
New_Delhi,2025-01-02 15:00:00,10.8,92.29740685931507,1018.9
New_Delhi,2025-01-02 18:00:00,9.6,100.0,1019.0
New_Delhi,2025-01-02 21:00:00,9.6,100.0,1018.2
New_Delhi,2025-01-03 00:00:00,9.6,100.0,1018.4
New_Delhi,2025-01-03 03:00:00,9.8,100.0,1020.2
New_Delhi,2025-01-03 06:00:00,12.6,93.01469484053409,1020.6
New_Delhi,2025-01-03 09:00:00,20.0,60.795284486151715,1017.1
New_Delhi,2025-01-03 12:00:00,17.8,74.46723613296626,1016.4
New_Delhi,2025-01-03 15:00:00,11.6,92.343939837859,1017.3
New_Delhi,2025-01-03 18:00:00,9.2,100.0,1017.1
New_Delhi,2025-01-03 21:00:00,10.0,100.0,1016.3
New_Delhi,2025-01-04 00:00:00,10.2,100.0,1016.1
New_Delhi,2025-01-04 03:00:00,11.0,100.0,1017.9
New_Delhi,2025-01-04 06:00:00,13.6,90.6532389811529,1018.3
New_Delhi,2025-01-04 09:00:00,19.2,70.01729897448654,1015.0
New_Delhi,2025-01-04 12:00:00,16.8,85.75407058428847,1014.2
New_Delhi,2025-01-04 15:00:00,12.0,94.85223150186052,1016.4
New_Delhi,2025-01-04 18:00:00,11.2,97.3799447357553,1016.6
New_Delhi,2025-01-04 21:00:00,10.4,100.0,1016.4
New_Delhi,2025-01-05 00:00:00,10.0,100.0,1016.2
New_Delhi,2025-01-05 03:00:00,10.2,94.78062882988873,1017.5
New_Delhi,2025-01-05 06:00:00,13.0,79.3052443654048,1017.9
New_Delhi,2025-01-05 09:00:00,17.2,68.26110097365607,1015.1
New_Delhi,2025-01-05 12:00:00,15.4,82.85327607713758,1014.5
New_Delhi,2025-01-05 15:00:00,12.2,92.99352401086504,1016.3
New_Delhi,2025-01-05 18:00:00,11.0,97.37586910690435,1017.2
New_Delhi,2025-01-05 21:00:00,10.0,100.0,1016.0
New_Delhi,2025-01-06 00:00:00,11.4,100.0,1015.8
New_Delhi,2025-01-06 03:00:00,12.8,88.22551374596415,1018.4
New_Delhi,2025-01-06 06:00:00,15.2,78.57491552248868,1018.9
New_Delhi,2025-01-06 09:00:00,16.4,75.21280024618457,1016.6
New_Delhi,2025-01-06 12:00:00,13.8,86.58079732128753,1016.4
New_Delhi,2025-01-06 15:00:00,12.6,88.20815025668014,1017.9
New_Delhi,2025-01-06 18:00:00,12.4,90.56925386231363,1017.9
New_Delhi,2025-01-06 21:00:00,11.8,94.84434797549758,1018.0
New_Delhi,2025-01-07 00:00:00,11.6,97.3880676886059,1018.0
New_Delhi,2025-01-07 03:00:00,11.8,92.35550813991742,1019.9
New_Delhi,2025-01-07 06:00:00,13.2,88.26012857000727,1020.1
New_Delhi,2025-01-07 09:00:00,15.0,76.48899399134608,1017.1
New_Delhi,2025-01-07 12:00:00,14.2,86.61974134881436,1016.3
New_Delhi,2025-01-07 15:00:00,10.4,100.0,1017.7
New_Delhi,2025-01-07 18:00:00,9.0,100.0,1017.2
New_Delhi,2025-01-07 21:00:00,8.8,100.0,1015.4
New_Delhi,2025-01-08 00:00:00,8.8,100.0,1015.1
New_Delhi,2025-01-08 03:00:00,8.4,100.0,1016.9
New_Delhi,2025-01-08 06:00:00,16.4,57.94519114371332,1016.9
New_Delhi,2025-01-08 09:00:00,20.8,64.66195918921383,1014.5
New_Delhi,2025-01-08 12:00:00,18.4,80.58262590477159,1014.5
New_Delhi,2025-01-08 15:00:00,11.4,100.0,1016.3
New_Delhi,2025-01-08 18:00:00,8.8,100.0,1017.2
New_Delhi,2025-01-08 21:00:00,7.4,97.30085899241799,1017.2
New_Delhi,2025-01-09 00:00:00,6.4,100.0,1017.1
New_Delhi,2025-01-09 03:00:00,6.4,100.0,1019.4
New_Delhi,2025-01-09 06:00:00,19.0,54.43155899368546,1019.7
New_Delhi,2025-01-09 09:00:00,20.0,77.76603602176817,1017.4
New_Delhi,2025-01-09 12:00:00,17.0,87.449220109464,1017.3
New_Delhi,2025-01-09 15:00:00,10.6,97.36768939867459,1019.7
New_Delhi,2025-01-09 18:00:00,9.6,97.34707279392693,1020.4
New_Delhi,2025-01-10 00:00:00,9.6,100.0,1020.1
New_Delhi,2025-01-10 03:00:00,10.6,100.0,1022.3
New_Delhi,2025-01-10 06:00:00,13.4,88.27738011354035,1022.8
New_Delhi,2025-01-10 09:00:00,16.8,73.80949600911026,1019.6
New_Delhi,2025-01-10 12:00:00,14.4,90.70861843145448,1018.3
New_Delhi,2025-01-10 15:00:00,10.8,94.8046599388741,1019.3
New_Delhi,2025-01-10 18:00:00,8.8,100.0,1019.3
New_Delhi,2025-01-10 21:00:00,10.8,100.0,1019.1
New_Delhi,2025-01-11 00:00:00,11.0,100.0,1019.0
New_Delhi,2025-01-11 03:00:00,10.6,100.0,1020.5
New_Delhi,2025-01-11 06:00:00,13.8,86.58079732128753,1020.8
New_Delhi,2025-01-11 09:00:00,16.6,77.24819528018222,1017.3
New_Delhi,2025-01-11 12:00:00,13.4,100.0,1017.3
New_Delhi,2025-01-11 15:00:00,12.2,100.0,1017.3
New_Delhi,2025-01-11 18:00:00,10.2,100.0,1018.8
New_Delhi,2025-01-11 21:00:00,10.0,100.0,1018.8
New_Delhi,2025-01-12 00:00:00,9.8,100.0,1018.3
New_Delhi,2025-01-12 03:00:00,11.2,100.0,1020.6
New_Delhi,2025-01-12 06:00:00,14.6,93.11914142350814,1021.6
New_Delhi,2025-01-12 09:00:00,16.6,77.24819528018222,1017.0
New_Delhi,2025-01-12 12:00:00,15.6,87.32148192965687,1019.1
New_Delhi,2025-01-12 15:00:00,13.0,95.51712191302202,1020.3
New_Delhi,2025-01-12 18:00:00,11.0,100.0,1020.3
New_Delhi,2025-01-12 21:00:00,12.0,100.0,1019.4
New_Delhi,2025-01-13 00:00:00,10.4,100.0,1019.2
New_Delhi,2025-01-13 03:00:00,11.0,98.68024589929001,1020.5
New_Delhi,2025-01-13 06:00:00,14.0,82.13548036749823,1020.7
New_Delhi,2025-01-13 09:00:00,18.0,67.08359313595335,1016.9
New_Delhi,2025-01-13 12:00:00,16.2,81.34158287457663,1016.6
New_Delhi,2025-01-13 15:00:00,14.0,90.68098930379763,1018.3
New_Delhi,2025-01-13 18:00:00,11.4,100.0,1017.9
New_Delhi,2025-01-13 21:00:00,10.6,100.0,1017.3
New_Delhi,2025-01-14 00:00:00,9.8,100.0,1017.7
New_Delhi,2025-01-14 03:00:00,10.0,100.0,1020.3
New_Delhi,2025-01-14 06:00:00,15.0,82.80466099679545,1021.1
New_Delhi,2025-01-14 09:00:00,20.2,59.26262508250474,1018.2
New_Delhi,2025-01-14 12:00:00,18.0,82.10130241225859,1018.2
New_Delhi,2025-01-14 15:00:00,11.6,94.8364464943844,1020.1
New_Delhi,2025-01-14 18:00:00,10.0,100.0,1019.6
New_Delhi,2025-01-14 21:00:00,8.6,100.0,1020.4
New_Delhi,2025-01-15 00:00:00,7.0,100.0,1021.3
New_Delhi,2025-01-15 03:00:00,9.0,97.33458689848021,1023.0
New_Delhi,2025-01-15 06:00:00,12.2,94.86009712729937,1022.7
New_Delhi,2025-01-15 09:00:00,16.6,77.24819528018222,1018.9
New_Delhi,2025-01-15 12:00:00,15.0,85.00963460681639,1018.7
New_Delhi,2025-01-15 15:00:00,13.4,90.63931815450903,1019.2
New_Delhi,2025-01-15 18:00:00,12.8,93.02524475563575,1019.7
New_Delhi,2025-01-15 21:00:00,12.2,100.0,1019.4
New_Delhi,2025-01-16 00:00:00,11.2,100.0,1019.7
New_Delhi,2025-01-16 03:00:00,11.8,100.0,1021.3
New_Delhi,2025-01-16 06:00:00,13.8,97.43207890463384,1022.8
New_Delhi,2025-01-16 09:00:00,18.6,60.86968290268062,1020.2
New_Delhi,2025-01-16 12:00:00,17.6,74.43323600853022,1020.6
New_Delhi,2025-01-16 15:00:00,12.0,94.85223150186052,1023.0
New_Delhi,2025-01-16 18:00:00,10.6,100.0,1023.5
New_Delhi,2025-01-16 21:00:00,9.6,100.0,1022.5
New_Delhi,2025-01-17 00:00:00,10.2,100.0,1021.3
New_Delhi,2025-01-17 03:00:00,11.0,97.37586910690435,1022.6
New_Delhi,2025-01-17 06:00:00,14.6,75.91702201924505,1022.5
New_Delhi,2025-01-17 09:00:00,17.2,66.47401101986013,1019.0
New_Delhi,2025-01-17 12:00:00,15.2,85.03111830312803,1018.3
New_Delhi,2025-01-17 15:00:00,11.4,94.82852700449433,1019.6
New_Delhi,2025-01-17 18:00:00,11.8,94.84434797549758,1020.1
New_Delhi,2025-01-17 21:00:00,11.6,97.3880676886059,
New_Delhi,2025-01-18 00:00:00,11.2,97.3799447357553,1018.9
New_Delhi,2025-01-18 03:00:00,11.2,92.32072545539636,1021.4
New_Delhi,2025-01-18 06:00:00,16.0,67.11266249699416,1020.6
New_Delhi,2025-01-18 09:00:00,19.8,57.240597392790995,1017.1
New_Delhi,2025-01-18 12:00:00,17.4,75.87255538725047,1016.2
New_Delhi,2025-01-18 15:00:00,14.2,90.69481897371098,1016.7
New_Delhi,2025-01-18 18:00:00,12.4,93.0041212821806,1018.0
New_Delhi,2025-01-18 21:00:00,12.0,97.39615309459306,1017.5
New_Delhi,2025-01-19 00:00:00,10.2,100.0,1017.2
New_Delhi,2025-01-19 03:00:00,10.4,100.0,1019.2
New_Delhi,2025-01-19 06:00:00,20.0,64.06828882011946,1019.1
New_Delhi,2025-01-19 09:00:00,25.4,47.70165166704305,1015.1
New_Delhi,2025-01-19 12:00:00,22.6,71.11065930748565,1015.0
New_Delhi,2025-01-19 15:00:00,16.6,89.69689474307988,1015.7
New_Delhi,2025-01-19 18:00:00,13.8,95.54441131671555,1016.4
New_Delhi,2025-01-19 21:00:00,13.4,97.42415963862136,1015.6
New_Delhi,2025-01-20 00:00:00,12.6,97.40821130581216,1015.4
New_Delhi,2025-01-20 03:00:00,12.8,90.59737196340785,1017.0
New_Delhi,2025-01-20 06:00:00,21.0,47.77047256983977,1017.2
New_Delhi,2025-01-20 09:00:00,24.0,52.885445858804225,1014.3
New_Delhi,2025-01-20 12:00:00,22.4,64.59081281252107,1013.1
New_Delhi,2025-01-20 15:00:00,16.0,89.65152316161863,1014.7
New_Delhi,2025-01-20 18:00:00,14.8,91.32932651758927,1014.9
New_Delhi,2025-01-20 21:00:00,13.4,95.53079760901926,1014.2
New_Delhi,2025-01-21 00:00:00,11.8,94.84434797549758,1013.6
New_Delhi,2025-01-21 03:00:00,12.0,82.99070859727301,1016.0
New_Delhi,2025-01-21 06:00:00,20.2,49.51458051910036,1015.9
New_Delhi,2025-01-21 09:00:00,23.4,45.02160691736955,1012.7
New_Delhi,2025-01-21 12:00:00,21.4,68.65527496551186,1011.6
New_Delhi,2025-01-21 15:00:00,16.0,81.31547573150462,1014.0
New_Delhi,2025-01-21 18:00:00,14.0,93.0880516101139,1014.3
New_Delhi,2025-01-21 21:00:00,10.8,97.37178400429313,1014.0
New_Delhi,2025-01-22 00:00:00,10.4,100.0,1013.3
New_Delhi,2025-01-22 03:00:00,12.0,97.39615309459306,1015.1
New_Delhi,2025-01-22 06:00:00,21.2,55.72319363893078,1015.3
New_Delhi,2025-01-22 09:00:00,24.8,69.75148628714753,1012.2
New_Delhi,2025-01-22 12:00:00,22.0,73.75452283587201,1011.6
New_Delhi,2025-01-22 15:00:00,15.6,91.38064355522546,1014.0
New_Delhi,2025-01-22 18:00:00,14.8,91.32932651758927,1014.5
New_Delhi,2025-01-22 21:00:00,14.4,95.56471646093954,1014.4
New_Delhi,2025-01-23 00:00:00,12.6,100.0,1013.7
New_Delhi,2025-01-23 03:00:00,11.6,100.0,1015.8
New_Delhi,2025-01-23 06:00:00,18.8,68.1358734584809,1016.6
New_Delhi,2025-01-23 09:00:00,24.2,50.25302714742307,1014.0
New_Delhi,2025-01-23 12:00:00,21.0,68.1361982731892,1013.9
New_Delhi,2025-01-23 15:00:00,15.0,88.99298972017739,1016.0
New_Delhi,2025-01-23 18:00:00,14.2,88.92813687312545,1016.2
New_Delhi,2025-01-24 00:00:00,10.8,92.29740685931507,1014.9
New_Delhi,2025-01-24 03:00:00,11.4,89.89428379005945,1016.6
New_Delhi,2025-01-24 06:00:00,19.8,55.36993599891513,1016.8
New_Delhi,2025-01-24 09:00:00,23.2,54.7803195089536,1014.4
New_Delhi,2025-01-24 12:00:00,20.6,58.19926758382522,1013.9
New_Delhi,2025-01-24 15:00:00,15.0,66.00498826784306,1015.2
New_Delhi,2025-01-24 18:00:00,13.6,73.24394075695166,1015.4
New_Delhi,2025-01-24 21:00:00,12.0,78.62557026245203,1014.4
New_Delhi,2025-01-25 00:00:00,10.0,84.45766093349363,1014.7
New_Delhi,2025-01-25 03:00:00,10.4,72.15968708840516,1016.1
New_Delhi,2025-01-25 06:00:00,19.6,42.4771554603953,1016.5
New_Delhi,2025-01-25 09:00:00,23.2,30.286047013248613,1013.6
New_Delhi,2025-01-25 12:00:00,21.0,41.720987584628325,1013.2
New_Delhi,2025-01-25 15:00:00,13.2,75.1774106722144,1015.1
New_Delhi,2025-01-25 18:00:00,11.8,80.75488704803611,1015.3
New_Delhi,2025-01-25 21:00:00,10.0,86.79106734289007,1014.9
New_Delhi,2025-01-26 00:00:00,8.0,89.0174453601547,1014.8
New_Delhi,2025-01-26 03:00:00,10.0,72.08450816359871,1016.8
New_Delhi,2025-01-26 06:00:00,19.6,36.20789230481618,1016.8
New_Delhi,2025-01-26 09:00:00,22.6,35.8204925776952,1013.5
New_Delhi,2025-01-26 12:00:00,20.6,53.4042303123328,1012.5
New_Delhi,2025-01-26 15:00:00,12.4,76.58460864026941,1014.4
New_Delhi,2025-01-26 18:00:00,9.6,86.75194782273013,1015.2
New_Delhi,2025-01-26 21:00:00,7.8,91.48787016012284,1014.5
New_Delhi,2025-01-27 00:00:00,7.8,91.48787016012284,1014.0
New_Delhi,2025-01-27 03:00:00,8.8,86.67320000098768,1015.6
New_Delhi,2025-01-27 06:00:00,19.8,41.09531601727599,1015.3
New_Delhi,2025-01-27 09:00:00,22.6,57.17819771780525,1011.7
New_Delhi,2025-01-27 12:00:00,20.2,65.8046365225661,1010.4
New_Delhi,2025-01-27 15:00:00,13.0,79.3052443654048,1012.5
New_Delhi,2025-01-27 18:00:00,10.0,89.78774143747167,1013.1
New_Delhi,2025-01-27 21:00:00,7.6,88.37105395086543,1012.5
New_Delhi,2025-01-28 00:00:00,6.6,97.28375560129753,1012.8
New_Delhi,2025-01-28 03:00:00,7.8,94.03607061890503,1015.0
New_Delhi,2025-01-28 06:00:00,19.4,49.96943652504709,1014.6
New_Delhi,2025-01-28 09:00:00,24.2,31.85982695798206,1011.2
New_Delhi,2025-01-28 12:00:00,21.4,46.61246420042011,1010.9
New_Delhi,2025-01-28 15:00:00,13.2,83.69227900381789,1013.2
New_Delhi,2025-01-28 18:00:00,10.6,92.28570828919668,1014.5
New_Delhi,2025-01-28 21:00:00,8.6,97.32621416169187,1014.8
New_Delhi,2025-01-29 00:00:00,7.6,100.0,1015.0
New_Delhi,2025-01-29 03:00:00,8.2,100.0,1016.9
New_Delhi,2025-01-29 06:00:00,21.2,55.72319363893078,1016.4
New_Delhi,2025-01-29 09:00:00,25.0,40.63068896459837,1013.0
New_Delhi,2025-01-29 12:00:00,22.2,61.304763090957,1011.9
New_Delhi,2025-01-29 15:00:00,15.4,85.05255730831114,1013.6
New_Delhi,2025-01-29 18:00:00,13.6,88.29459455000975,1013.9
New_Delhi,2025-01-29 21:00:00,11.2,94.82058945159967,1012.7
New_Delhi,2025-01-30 00:00:00,10.4,97.36358526068923,1011.9
New_Delhi,2025-01-30 03:00:00,10.8,97.37178400429313,1013.6
New_Delhi,2025-01-30 06:00:00,21.0,56.78422528555351,1012.7
New_Delhi,2025-01-30 09:00:00,26.0,46.03393328611059,1008.8
New_Delhi,2025-01-30 12:00:00,22.8,65.09159530734026,1008.1
New_Delhi,2025-01-30 15:00:00,16.2,87.37645845218667,1009.7
New_Delhi,2025-01-30 18:00:00,13.8,97.43207890463384,1010.7
New_Delhi,2025-01-30 21:00:00,12.0,97.39615309459306,1010.1
New_Delhi,2025-01-31 00:00:00,10.8,97.37178400429313,1009.7
New_Delhi,2025-01-31 03:00:00,11.0,94.81263378127055,1012.1
New_Delhi,2025-01-31 06:00:00,22.2,59.73774579082662,1011.7
New_Delhi,2025-01-31 09:00:00,26.0,44.557102524016656,1009.5
New_Delhi,2025-01-31 12:00:00,23.4,62.372120309898094,1009.0
New_Delhi,2025-01-31 15:00:00,16.8,91.45678288516467,1011.5
New_Delhi,2025-01-31 18:00:00,14.0,95.55119504098639,1012.8
New_Delhi,2025-02-01 00:00:00,11.2,100.0,1011.9
New_Delhi,2025-02-01 03:00:00,11.6,100.0,1014.3
New_Delhi,2025-02-01 06:00:00,20.0,75.80243725044951,1015.1
New_Delhi,2025-02-01 09:00:00,25.0,51.12208134401761,1012.3
New_Delhi,2025-02-01 12:00:00,23.6,62.41693601145195,1011.4
New_Delhi,2025-02-01 15:00:00,17.0,88.01383893644437,1013.5
New_Delhi,2025-02-01 18:00:00,15.0,95.58488420598349,1014.9
New_Delhi,2025-02-01 21:00:00,13.4,97.42415963862136,1014.4
New_Delhi,2025-02-02 00:00:00,13.4,97.42415963862136,1014.1
New_Delhi,2025-02-02 03:00:00,12.8,97.41221218415632,1016.9
New_Delhi,2025-02-02 06:00:00,17.2,73.87901308111256,1017.6
New_Delhi,2025-02-02 09:00:00,22.2,53.816455376649685,1014.3
New_Delhi,2025-02-02 12:00:00,20.0,70.62550939676852,1013.9
New_Delhi,2025-02-02 15:00:00,16.4,85.15908612701891,1015.3
New_Delhi,2025-02-02 18:00:00,14.2,93.09843795330515,1015.8
New_Delhi,2025-02-02 21:00:00,12.8,97.41221218415632,1014.3
New_Delhi,2025-02-03 00:00:00,11.6,100.0,1014.1
New_Delhi,2025-02-03 03:00:00,11.2,94.82058945159967,1016.1
New_Delhi,2025-02-03 06:00:00,20.2,51.20497485472981,1015.6
New_Delhi,2025-02-03 09:00:00,24.0,32.91668219007807,1013.1
New_Delhi,2025-02-03 12:00:00,22.4,49.44616782713809,1013.0
New_Delhi,2025-02-03 15:00:00,15.0,82.80466099679545,1015.0
New_Delhi,2025-02-03 18:00:00,15.0,85.00963460681639,1015.7
New_Delhi,2025-02-03 21:00:00,15.0,82.80466099679545,1014.6
New_Delhi,2025-02-04 00:00:00,13.8,95.54441131671555,1014.6
New_Delhi,2025-02-04 03:00:00,14.4,90.70861843145448,1016.1
New_Delhi,2025-02-04 06:00:00,23.6,49.44120636361245,1015.7
New_Delhi,2025-02-04 09:00:00,23.8,51.14026131652174,1013.1
New_Delhi,2025-02-04 12:00:00,21.6,75.57843550109602,1011.8
New_Delhi,2025-02-04 15:00:00,17.8,85.85545657849421,1013.4
New_Delhi,2025-02-04 18:00:00,16.0,89.65152316161863,1014.3
New_Delhi,2025-02-04 21:00:00,15.4,91.36785638670548,1013.8
New_Delhi,2025-02-05 00:00:00,13.0,93.03577109694395,1014.0
New_Delhi,2025-02-05 03:00:00,12.4,90.56925386231363,1016.4
New_Delhi,2025-02-05 06:00:00,20.8,49.015078378919455,1016.8
New_Delhi,2025-02-05 09:00:00,23.0,47.36411488416402,1014.8
New_Delhi,2025-02-05 12:00:00,20.8,71.23152480209384,1014.8
New_Delhi,2025-02-05 15:00:00,14.0,79.98013785298218,1016.8
New_Delhi,2025-02-05 18:00:00,13.8,79.9521193895084,1017.3
New_Delhi,2025-02-05 21:00:00,13.4,81.51369611551115,1017.0
New_Delhi,2025-02-06 00:00:00,10.2,94.78062882988873,1016.9
New_Delhi,2025-02-06 03:00:00,11.2,92.32072545539636,1018.7
New_Delhi,2025-02-06 06:00:00,21.4,46.61246420042011,1018.5
New_Delhi,2025-02-06 09:00:00,23.0,23.421512107637845,1016.1
New_Delhi,2025-02-06 12:00:00,20.2,35.876687974431185,1015.3
New_Delhi,2025-02-06 15:00:00,16.0,59.44152513177586,1017.3
New_Delhi,2025-02-06 18:00:00,14.8,58.74483840201297,1017.7
New_Delhi,2025-02-07 00:00:00,11.6,73.38305343878577,1016.8
New_Delhi,2025-02-07 03:00:00,13.0,59.52748269174567,1017.8
New_Delhi,2025-02-07 06:00:00,19.8,32.1724696210742,1018.0
New_Delhi,2025-02-07 09:00:00,23.0,23.421512107637845,1015.3
New_Delhi,2025-02-07 12:00:00,20.8,32.68843417582989,1014.8
New_Delhi,2025-02-07 15:00:00,15.2,58.44189259795963,1016.6
New_Delhi,2025-02-07 18:00:00,14.0,63.14746557706206,1016.4
New_Delhi,2025-02-07 21:00:00,12.8,67.815454599473,1015.2
New_Delhi,2025-02-08 00:00:00,11.2,75.35117512899514,1015.0
New_Delhi,2025-02-08 03:00:00,11.8,69.01994684313651,1016.8
New_Delhi,2025-02-08 06:00:00,21.2,36.16436498319325,1017.1
New_Delhi,2025-02-08 09:00:00,25.2,25.222437046320973,1013.6
New_Delhi,2025-02-08 12:00:00,24.0,31.584683694877924,1013.1
New_Delhi,2025-02-08 15:00:00,15.0,76.48899399134608,1014.3
New_Delhi,2025-02-08 18:00:00,12.4,85.86748611851132,1016.3
New_Delhi,2025-02-08 21:00:00,10.4,92.27398343475242,1015.4
New_Delhi,2025-02-09 00:00:00,9.2,97.33875859464965,1014.9
New_Delhi,2025-02-09 03:00:00,10.4,94.78865751832757,1016.6
New_Delhi,2025-02-09 06:00:00,22.4,40.99334078041695,1015.8
New_Delhi,2025-02-09 09:00:00,26.4,22.838964577871547,1012.3
New_Delhi,2025-02-09 12:00:00,24.8,34.05883444417959,1011.5
New_Delhi,2025-02-09 15:00:00,15.4,78.60444584054494,1013.8
New_Delhi,2025-02-09 18:00:00,12.4,90.56925386231363,1014.2
New_Delhi,2025-02-10 00:00:00,12.0,94.85223150186052,1013.4
New_Delhi,2025-02-10 03:00:00,11.6,97.3880676886059,1015.5
New_Delhi,2025-02-10 06:00:00,24.2,39.601246374253776,1015.2
New_Delhi,2025-02-10 09:00:00,27.2,27.409742417067456,1012.5
New_Delhi,2025-02-10 12:00:00,26.0,39.57998578877927,1011.7
New_Delhi,2025-02-10 15:00:00,16.2,81.34158287457663,1014.1
New_Delhi,2025-02-10 18:00:00,13.4,88.27738011354035,1014.9
New_Delhi,2025-02-11 00:00:00,11.0,97.37586910690435,1013.5
New_Delhi,2025-02-11 03:00:00,11.6,97.3880676886059,1015.0
New_Delhi,2025-02-11 06:00:00,26.2,37.58632040471237,1014.1
New_Delhi,2025-02-11 09:00:00,28.8,29.99135274904946,1011.4
New_Delhi,2025-02-11 12:00:00,26.8,41.950466142827196,1010.5
New_Delhi,2025-02-11 15:00:00,17.0,75.80754074677424,1012.6
New_Delhi,2025-02-12 00:00:00,13.0,95.51712191302202,1013.2
New_Delhi,2025-02-12 03:00:00,14.4,80.03600697911848,1015.3
New_Delhi,2025-02-12 06:00:00,24.0,36.71436696099642,1015.5
New_Delhi,2025-02-12 09:00:00,25.6,28.312974154849265,1013.4
New_Delhi,2025-02-12 12:00:00,23.8,35.67351898173885,1013.3
New_Delhi,2025-02-12 15:00:00,19.0,59.367300066939755,1015.1
New_Delhi,2025-02-12 18:00:00,17.2,62.6030575775412,1015.9
New_Delhi,2025-02-12 21:00:00,16.0,75.14604114019876,1015.2
New_Delhi,2025-02-13 00:00:00,14.8,70.09075096388064,1014.1
New_Delhi,2025-02-13 03:00:00,15.0,64.2415402723167,1016.1
New_Delhi,2025-02-13 06:00:00,21.6,38.33330717730097,1016.2
New_Delhi,2025-02-13 09:00:00,24.0,32.91668219007807,1013.8
New_Delhi,2025-02-13 12:00:00,22.4,34.077404987469286,1012.8
New_Delhi,2025-02-13 15:00:00,18.4,48.6920625751071,1014.3
New_Delhi,2025-02-13 18:00:00,17.2,53.59907622648582,1014.3
New_Delhi,2025-02-13 21:00:00,13.8,68.95310375459053,1013.7
New_Delhi,2025-02-14 00:00:00,12.0,76.0014346532355,1013.5
New_Delhi,2025-02-14 03:00:00,13.2,66.06594222623225,1014.7
New_Delhi,2025-02-14 06:00:00,23.0,25.88792646190024,1014.5
New_Delhi,2025-02-14 09:00:00,25.8,26.285620940930976,1011.1
New_Delhi,2025-02-14 10:00:00,26.0,25.976110816299187,
New_Delhi,2025-02-14 12:00:00,24.2,34.354852591743445,1010.2
New_Delhi,2025-02-14 15:00:00,17.4,64.77209984585141,1011.6
New_Delhi,2025-02-14 18:00:00,14.2,82.16075759049019,1012.3
New_Delhi,2025-02-14 21:00:00,12.0,92.98290295662396,1011.0
New_Delhi,2025-02-15 00:00:00,12.8,83.64541777496521,1012.4
New_Delhi,2025-02-15 03:00:00,12.8,83.64541777496521,1012.4
New_Delhi,2025-02-15 06:00:00,22.6,39.953197640847385,1012.3
New_Delhi,2025-02-15 09:00:00,26.8,32.372422391712746,1009.0
New_Delhi,2025-02-15 12:00:00,26.0,44.557102524016656,1009.1
New_Delhi,2025-02-15 15:00:00,17.2,75.84007888973122,1011.5
New_Delhi,2025-02-15 18:00:00,14.4,84.38669112870622,1012.0
New_Delhi,2025-02-15 21:00:00,13.2,95.52396753285181,1012.1
New_Delhi,2025-02-16 00:00:00,13.0,95.51712191302202,1012.1
New_Delhi,2025-02-16 03:00:00,11.8,100.0,1013.8
New_Delhi,2025-02-16 06:00:00,25.6,41.61652075262736,1013.3
New_Delhi,2025-02-16 09:00:00,28.0,33.147995944372894,1010.0
New_Delhi,2025-02-16 12:00:00,25.6,45.32877242250413,1010.5
New_Delhi,2025-02-16 15:00:00,20.2,72.50665915505505,1013.3
New_Delhi,2025-02-16 18:00:00,16.5,84.61905851133584,1014.8
New_Delhi,2025-02-16 21:00:00,14.0,93.0880516101139,1014.3
New_Delhi,2025-02-17 00:00:00,12.6,95.50338385498358,1014.2
New_Delhi,2025-02-17 03:00:00,13.6,100.0,1016.7
New_Delhi,2025-02-17 06:00:00,24.8,39.242326989275924,1016.9
New_Delhi,2025-02-17 09:00:00,27.8,29.514590055775646,1014.1
New_Delhi,2025-02-17 12:00:00,26.2,42.336399663448255,1013.1
New_Delhi,2025-02-17 15:00:00,18.4,75.0544587722358,1015.3
New_Delhi,2025-02-17 18:00:00,15.8,89.05728670930709,1016.2
New_Delhi,2025-02-17 21:00:00,15.4,91.36785638670548,1014.8
New_Delhi,2025-02-18 00:00:00,15.0,91.34219794839412,1014.0
New_Delhi,2025-02-18 03:00:00,16.0,91.40613419141593,1015.7
New_Delhi,2025-02-18 06:00:00,23.8,57.101743390288206,1016.3
New_Delhi,2025-02-18 09:00:00,27.8,27.38587261941922,1012.9
New_Delhi,2025-02-18 12:00:00,26.4,34.279574045135064,1012.4
New_Delhi,2025-02-18 15:00:00,17.6,72.51003291998082,1014.4
New_Delhi,2025-02-18 18:00:00,14.6,87.80293280034385,1014.8
New_Delhi,2025-02-18 21:00:00,12.4,93.0041212821806,1013.9
New_Delhi,2025-02-19 00:00:00,11.6,97.3880676886059,1013.5
New_Delhi,2025-02-19 03:00:00,15.6,82.87750924942381,1015.1
New_Delhi,2025-02-19 06:00:00,24.2,40.949946475321205,1014.1
New_Delhi,2025-02-19 09:00:00,26.6,28.785853642853198,1010.4
New_Delhi,2025-02-19 12:00:00,25.8,39.262259992339224,1009.7
New_Delhi,2025-02-19 15:00:00,19.8,63.60648802126187,1012.2
New_Delhi,2025-02-19 18:00:00,18.4,69.40693384786043,1013.1
New_Delhi,2025-02-19 21:00:00,18.2,84.26199825136138,1012.3
New_Delhi,2025-02-20 00:00:00,16.8,95.64457524587876,1012.7
New_Delhi,2025-02-20 03:00:00,17.2,95.65767675758462,1014.4
New_Delhi,2025-02-20 06:00:00,23.6,61.23159477777704,1015.3
New_Delhi,2025-02-20 09:00:00,26.4,46.44284529340911,1012.5
New_Delhi,2025-02-20 12:00:00,24.2,54.67762067213747,1012.4
New_Delhi,2025-02-20 15:00:00,20.6,64.61860815257197,1013.6
New_Delhi,2025-02-20 18:00:00,18.8,71.78645915321792,1015.7
New_Delhi,2025-02-21 00:00:00,13.8,90.66712933521302,1016.5
New_Delhi,2025-02-21 03:00:00,14.4,93.10880120194317,1017.9
New_Delhi,2025-02-21 06:00:00,24.6,38.92408341757391,1017.2
New_Delhi,2025-02-21 09:00:00,25.0,49.81333656736011,1015.1
New_Delhi,2025-02-21 12:00:00,23.0,57.64809901125625,1014.7
New_Delhi,2025-02-21 15:00:00,19.2,79.15467691478646,1016.4
New_Delhi,2025-02-21 18:00:00,18.8,79.60761770955705,1016.5
New_Delhi,2025-02-21 21:00:00,15.6,93.77393368836664,1015.6
New_Delhi,2025-02-22 00:00:00,14.8,95.5781768148728,1015.4
New_Delhi,2025-02-22 03:00:00,14.4,93.10880120194317,1017.2
New_Delhi,2025-02-22 06:00:00,20.6,58.19926758382522,1018.2
New_Delhi,2025-02-22 09:00:00,23.8,37.66540228452442,1015.7
New_Delhi,2025-02-22 12:00:00,22.6,49.827976421206955,1015.0
New_Delhi,2025-02-22 15:00:00,17.0,77.81661299364781,1017.2
New_Delhi,2025-02-22 18:00:00,14.2,88.92813687312545,1017.8
New_Delhi,2025-02-22 21:00:00,12.4,93.0041212821806,1017.1
New_Delhi,2025-02-23 00:00:00,11.2,100.0,1017.3
New_Delhi,2025-02-23 03:00:00,12.8,95.51026070272563,1019.2
New_Delhi,2025-02-23 06:00:00,23.0,46.123148898778574,1019.0
New_Delhi,2025-02-23 09:00:00,26.2,36.35320210408891,1015.5
New_Delhi,2025-02-23 12:00:00,24.6,44.171293982121476,1015.0
New_Delhi,2025-02-23 15:00:00,18.2,67.56843381939265,1017.3
New_Delhi,2025-02-23 18:00:00,15.0,86.69713639932762,1018.8
New_Delhi,2025-02-23 21:00:00,13.2,95.52396753285181,1017.8
New_Delhi,2025-02-24 00:00:00,11.6,97.3880676886059,1018.1
New_Delhi,2025-02-24 03:00:00,13.6,95.53761218815481,1020.4
New_Delhi,2025-02-24 06:00:00,24.0,46.09201277446216,1019.8
New_Delhi,2025-02-24 09:00:00,26.4,36.653290605994705,1016.2
New_Delhi,2025-02-24 12:00:00,24.8,43.07320487119796,1016.2
New_Delhi,2025-02-24 15:00:00,18.2,76.49639500269146,1018.6
New_Delhi,2025-02-24 18:00:00,15.0,86.69713639932762,1019.6
New_Delhi,2025-02-24 21:00:00,13.0,90.61138473351019,1017.8
New_Delhi,2025-02-25 00:00:00,12.6,95.50338385498358,1017.2
New_Delhi,2025-02-25 03:00:00,14.0,93.0880516101139,1019.4
New_Delhi,2025-02-25 06:00:00,25.2,44.92342577358784,1020.0
New_Delhi,2025-02-25 09:00:00,27.6,32.596349259757666,1017.3
New_Delhi,2025-02-25 12:00:00,26.4,36.653290605994705,1017.1
New_Delhi,2025-02-25 15:00:00,18.8,68.1358734584809,1019.0
New_Delhi,2025-02-25 18:00:00,17.0,81.44548898385827,1019.7
New_Delhi,2025-02-25 21:00:00,16.2,85.1378687966253,1018.4
New_Delhi,2025-02-26 00:00:00,17.0,85.77443221262807,1017.9
New_Delhi,2025-02-26 03:00:00,18.2,86.44644409809676,1020.3
New_Delhi,2025-02-26 06:00:00,28.6,45.26607525457315,1019.7
New_Delhi,2025-02-26 09:00:00,31.0,39.175305310064076,1015.4
New_Delhi,2025-02-26 12:00:00,28.8,59.02704232458345,1015.3
New_Delhi,2025-02-26 15:00:00,24.8,62.288984382470915,1016.7
New_Delhi,2025-02-26 18:00:00,21.6,80.49756918337606,1016.7
New_Delhi,2025-02-26 21:00:00,20.2,85.01642619925445,1015.0
New_Delhi,2025-02-27 00:00:00,21.2,73.14964788312554,1013.8
New_Delhi,2025-02-27 03:00:00,21.4,71.79898970107504,1017.7
New_Delhi,2025-02-27 06:00:00,22.4,66.26660576599681,1017.8
New_Delhi,2025-02-27 09:00:00,24.4,56.155644793581,1013.5
New_Delhi,2025-02-27 12:00:00,22.4,61.35065070870822,1012.7
New_Delhi,2025-02-27 15:00:00,20.2,72.50665915505505,1014.0
New_Delhi,2025-02-27 18:00:00,20.2,72.50665915505505,1014.0
New_Delhi,2025-02-27 21:00:00,20.4,71.15735822881922,1011.5
New_Delhi,2025-02-28 00:00:00,19.2,75.6731269890769,1009.6
New_Delhi,2025-02-28 03:00:00,20.0,72.470856291407,1013.6
New_Delhi,2025-02-28 06:00:00,22.4,67.54841643617165,1012.7
New_Delhi,2025-02-28 09:00:00,26.4,56.28801772079499,1010.0
New_Delhi,2025-02-28 21:00:00,18.2,93.89363078527036,1012.1
New_Delhi,2025-03-01 00:00:00,18.0,88.1001435273896,1012.5
New_Delhi,2025-03-01 03:00:00,18.8,92.16146182468223,1013.7
New_Delhi,2025-03-01 06:00:00,25.8,60.19419705576875,1014.3
New_Delhi,2025-03-01 09:00:00,27.8,51.84729878092747,1011.1
New_Delhi,2025-03-01 12:00:00,26.4,56.64557967688834,1011.1
New_Delhi,2025-03-01 15:00:00,21.8,77.05626826357745,1013.6
New_Delhi,2025-03-01 18:00:00,18.4,85.91578474618983,1014.1
New_Delhi,2025-03-01 21:00:00,16.4,93.8111314850518,1012.8
New_Delhi,2025-03-02 00:00:00,16.0,93.79257390574581,1012.3
New_Delhi,2025-03-02 03:00:00,17.2,81.47133555590639,1014.2
New_Delhi,2025-03-02 06:00:00,25.4,30.274956035198404,1013.7
New_Delhi,2025-03-02 09:00:00,26.4,28.338635938723517,1010.9
New_Delhi,2025-03-02 12:00:00,24.0,32.91668219007807,1010.4
New_Delhi,2025-03-02 15:00:00,16.8,65.94828526242769,1010.4
New_Delhi,2025-03-02 18:00:00,13.4,83.71563678912267,1012.7
New_Delhi,2025-03-02 21:00:00,11.8,87.54994431065455,1012.2
New_Delhi,2025-03-03 00:00:00,10.6,92.28570828919668,1012.3
New_Delhi,2025-03-03 03:00:00,13.2,75.1774106722144,1013.9
New_Delhi,2025-03-03 06:00:00,27.0,29.493773244826897,1012.8
New_Delhi,2025-03-03 09:00:00,29.0,29.250026628318327,1009.1
New_Delhi,2025-03-03 12:00:00,28.2,35.71785165766372,1008.0
New_Delhi,2025-03-03 15:00:00,23.2,56.22183331014094,1009.3
New_Delhi,2025-03-03 18:00:00,20.8,61.38116638730571,1009.7
New_Delhi,2025-03-03 21:00:00,19.4,71.8963196457012,1008.8
New_Delhi,2025-03-04 00:00:00,17.8,78.44429026678887,1010.1
New_Delhi,2025-03-04 03:00:00,19.0,69.9787836428256,1012.9
New_Delhi,2025-03-04 06:00:00,24.8,45.70651191028553,1014.3
New_Delhi,2025-03-04 09:00:00,26.8,29.038991041960895,1012.1
New_Delhi,2025-03-04 12:00:00,24.0,43.136482105299315,1012.9
New_Delhi,2025-03-04 15:00:00,19.2,61.414588633023804,1015.5
New_Delhi,2025-03-04 18:00:00,17.0,70.05166142718224,1015.9
New_Delhi,2025-03-04 21:00:00,15.2,64.28615842238199,1015.0
New_Delhi,2025-03-05 00:00:00,14.0,56.949352783609605,1014.8
New_Delhi,2025-03-05 03:00:00,15.0,54.50763950875109,1015.5
New_Delhi,2025-03-05 06:00:00,21.2,34.68822248349237,1015.3
New_Delhi,2025-03-05 09:00:00,24.4,26.08713762726439,1012.4
New_Delhi,2025-03-05 12:00:00,23.4,24.211679213745555,1011.5
New_Delhi,2025-03-05 15:00:00,19.8,33.56782148886223,1012.6
New_Delhi,2025-03-05 18:00:00,17.4,43.63955005209162,1013.1
New_Delhi,2025-03-05 21:00:00,15.4,53.12499607155734,1012.3
New_Delhi,2025-03-06 00:00:00,13.0,59.52748269174567,1011.5
New_Delhi,2025-03-06 03:00:00,16.2,41.50255468207592,1013.0
New_Delhi,2025-03-06 06:00:00,24.0,27.869921807132343,1012.8
New_Delhi,2025-03-06 09:00:00,27.4,20.350773046899757,1010.8
New_Delhi,2025-03-06 12:00:00,27.2,16.843024968274758,1010.3
New_Delhi,2025-03-06 15:00:00,17.0,55.40152305736491,1012.2
New_Delhi,2025-03-06 18:00:00,13.6,77.2937657633589,1013.1
New_Delhi,2025-03-06 21:00:00,11.7,85.79518671390693,1011.8
New_Delhi,2025-03-07 00:00:00,11.2,89.87916379213625,1011.8
New_Delhi,2025-03-07 03:00:00,16.0,63.17442886693302,1012.5
New_Delhi,2025-03-07 06:00:00,25.6,31.817958628360373,1011.3
New_Delhi,2025-03-07 09:00:00,29.0,24.17708282517494,1008.2
New_Delhi,2025-03-07 12:00:00,27.2,25.232957058172765,1008.2
New_Delhi,2025-03-07 15:00:00,19.8,60.34963434562397,1009.5
New_Delhi,2025-03-07 18:00:00,15.4,80.70423393504583,1009.7
New_Delhi,2025-03-07 21:00:00,15.0,78.5453271453219,1009.3
New_Delhi,2025-03-08 00:00:00,15.2,76.52099903741194,1008.4
New_Delhi,2025-03-08 03:00:00,17.6,63.11366254801094,1009.8
New_Delhi,2025-03-08 06:00:00,27.0,31.56477705383972,1009.3
New_Delhi,2025-03-08 09:00:00,30.0,22.822239428039,1006.7
New_Delhi,2025-03-08 12:00:00,29.2,29.50236111141573,1006.4
New_Delhi,2025-03-08 15:00:00,20.8,64.66195918921383,1008.9
New_Delhi,2025-03-08 18:00:00,17.0,83.58530465643025,1010.5
New_Delhi,2025-03-08 21:00:00,16.8,85.75407058428847,1010.3
New_Delhi,2025-03-09 00:00:00,15.0,88.99298972017739,1010.3
New_Delhi,2025-03-09 03:00:00,16.8,91.45678288516467,1012.9
New_Delhi,2025-03-09 06:00:00,29.6,37.549159864907224,1013.1
New_Delhi,2025-03-09 09:00:00,31.8,31.22274865260884,1010.5
New_Delhi,2025-03-09 12:00:00,30.4,39.514678436018755,1010.5
New_Delhi,2025-03-09 15:00:00,22.4,66.26660576599681,1013.2
New_Delhi,2025-03-09 18:00:00,19.6,77.70598670159681,1014.3
New_Delhi,2025-03-09 21:00:00,17.8,82.07631714611342,1014.4
New_Delhi,2025-03-10 00:00:00,16.4,89.68180342228284,1015.1
New_Delhi,2025-03-10 03:00:00,20.4,71.15735822881922,1017.2
New_Delhi,2025-03-10 06:00:00,29.4,38.48167342028429,1017.6
New_Delhi,2025-03-10 09:00:00,31.8,29.235818931186618,1014.3
New_Delhi,2025-03-10 12:00:00,30.0,44.50001175620574,1013.0
New_Delhi,2025-03-10 15:00:00,23.6,66.93757991376943,1014.7
New_Delhi,2025-03-10 18:00:00,20.8,81.92785507473593,1015.0
New_Delhi,2025-03-10 21:00:00,18.4,85.91578474618983,1014.1
New_Delhi,2025-03-11 00:00:00,17.0,91.46937623164787,1013.6
New_Delhi,2025-03-11 03:00:00,19.6,86.58100783026312,1015.2
New_Delhi,2025-03-11 06:00:00,31.0,38.18234194260357,1014.2
New_Delhi,2025-03-11 09:00:00,33.6,28.95935410974645,1010.8
New_Delhi,2025-03-11 12:00:00,30.8,34.82359465641272,1010.1
New_Delhi,2025-03-11 15:00:00,24.2,66.2193191089837,1011.1
New_Delhi,2025-03-11 18:00:00,20.8,81.92785507473593,1011.0
New_Delhi,2025-03-11 21:00:00,19.2,92.18445414057031,1010.0
New_Delhi,2025-03-12 00:00:00,18.8,92.16146182468223,1009.9
New_Delhi,2025-03-12 03:00:00,21.2,76.9642757068897,1010.8
New_Delhi,2025-03-12 06:00:00,30.2,29.975749665046227,1010.1
New_Delhi,2025-03-12 09:00:00,33.0,28.235526880881118,1007.0
New_Delhi,2025-03-12 12:00:00,30.8,35.97324771071284,1005.8
New_Delhi,2025-03-12 15:00:00,24.6,66.30194413180494,1007.4
New_Delhi,2025-03-12 18:00:00,21.2,75.0356621166813,1008.2
New_Delhi,2025-03-13 00:00:00,18.8,82.7281885997089,1007.1
New_Delhi,2025-03-13 03:00:00,22.2,74.25634672260556,1009.2
New_Delhi,2025-03-13 06:00:00,28.2,49.697414479353036,1008.3
New_Delhi,2025-03-13 09:00:00,33.2,33.0683743420911,1004.7
New_Delhi,2025-03-13 12:00:00,30.8,48.826621362604996,1003.4
New_Delhi,2025-03-13 15:00:00,26.4,52.820008231230375,1006.5
New_Delhi,2025-03-13 18:00:00,21.8,70.51187349579016,1007.9
New_Delhi,2025-03-13 21:00:00,20.6,79.8567757762695,1007.1
New_Delhi,2025-03-14 00:00:00,18.8,90.4311677327325,1007.7
New_Delhi,2025-03-14 03:00:00,21.0,79.91155284255397,1010.1
New_Delhi,2025-03-14 06:00:00,32.8,36.29350526984933,1009.6
New_Delhi,2025-03-14 09:00:00,35.6,35.025931208261305,1006.4
New_Delhi,2025-03-14 12:00:00,30.0,50.48129264923812,1006.2
New_Delhi,2025-03-14 15:00:00,23.8,64.07212844582271,1009.3
New_Delhi,2025-03-14 18:00:00,21.6,68.69474949084032,1009.1
New_Delhi,2025-03-14 21:00:00,21.4,60.3300224339597,1008.8
New_Delhi,2025-03-15 00:00:00,19.4,71.8963196457012,1009.2
New_Delhi,2025-03-15 03:00:00,21.0,62.232718451915844,1011.9
New_Delhi,2025-03-15 06:00:00,29.0,48.047970414933914,1011.0
New_Delhi,2025-03-15 09:00:00,31.6,44.09229390843783,1008.5
New_Delhi,2025-03-15 12:00:00,30.4,53.164975840995425,1008.2
New_Delhi,2025-03-15 15:00:00,24.8,69.75148628714753,1010.7
New_Delhi,2025-03-15 18:00:00,22.0,70.54945136907497,1012.0
New_Delhi,2025-03-15 21:00:00,20.0,75.80243725044951,1011.3
New_Delhi,2025-03-16 00:00:00,19.8,79.23970675671094,1012.2
New_Delhi,2025-03-16 03:00:00,21.0,66.40122606049283,1013.2
New_Delhi,2025-03-16 06:00:00,29.0,42.28469233863707,1012.5
New_Delhi,2025-03-16 09:00:00,31.2,28.499144092468782,1009.5
New_Delhi,2025-03-16 12:00:00,28.6,40.831937487694354,1009.2
New_Delhi,2025-03-16 15:00:00,23.6,56.68577345977045,1011.1
New_Delhi,2025-03-16 18:00:00,20.6,73.04449468125938,1011.7
New_Delhi,2025-03-16 21:00:00,19.0,79.126223220217,1011.2
New_Delhi,2025-03-17 00:00:00,18.8,82.7281885997089,1011.9
New_Delhi,2025-03-17 03:00:00,20.6,74.4596174181464,1013.7
New_Delhi,2025-03-17 06:00:00,26.4,47.66111593751544,1013.9
New_Delhi,2025-03-17 09:00:00,27.8,44.47172614692537,1011.4
New_Delhi,2025-03-17 12:00:00,27.8,44.47172614692537,1010.8
New_Delhi,2025-03-17 15:00:00,21.8,67.42684674439127,1013.3
New_Delhi,2025-03-17 18:00:00,18.4,80.58262590477159,1014.1
New_Delhi,2025-03-17 21:00:00,16.0,89.65152316161863,1012.6
New_Delhi,2025-03-18 00:00:00,16.8,85.75407058428847,1012.0
New_Delhi,2025-03-18 03:00:00,21.0,64.70523940925912,1013.0
New_Delhi,2025-03-18 06:00:00,27.2,49.75192583312053,1013.3
New_Delhi,2025-03-18 09:00:00,29.4,55.617075987669494,1010.6
New_Delhi,2025-03-18 12:00:00,29.2,59.120014838601264,1010.0
New_Delhi,2025-03-18 15:00:00,21.8,62.818484233587846,1011.8
New_Delhi,2025-03-18 18:00:00,18.8,79.09771409474659,1013.0
New_Delhi,2025-03-18 21:00:00,17.2,85.79475151324434,1012.6
New_Delhi,2025-03-19 00:00:00,15.8,89.05728670930709,1011.9
New_Delhi,2025-03-19 03:00:00,19.8,70.58772605911892,1013.7
New_Delhi,2025-03-19 06:00:00,29.2,53.19475408938177,1013.8
New_Delhi,2025-03-19 09:00:00,32.2,22.45919812126113,1011.3
New_Delhi,2025-03-19 12:00:00,30.8,27.827529762045106,1010.9
New_Delhi,2025-03-19 15:00:00,24.0,58.63792089821904,1013.5
New_Delhi,2025-03-19 18:00:00,20.0,75.80243725044951,1014.9
New_Delhi,2025-03-19 21:00:00,17.6,85.83526358356409,1014.3
New_Delhi,2025-03-20 00:00:00,16.2,89.6666795922352,1014.3
New_Delhi,2025-03-20 03:00:00,20.0,75.80243725044951,1015.8
New_Delhi,2025-03-20 06:00:00,32.2,26.044821335151052,1014.8
New_Delhi,2025-03-20 09:00:00,33.0,16.062633712825683,1012.3
New_Delhi,2025-03-20 12:00:00,31.4,23.984736582502634,1011.0
New_Delhi,2025-03-20 15:00:00,23.6,55.237934002483236,1013.3
New_Delhi,2025-03-20 18:00:00,19.6,70.54987572913048,1014.6
New_Delhi,2025-03-20 21:00:00,17.8,79.9831780603204,1013.8
New_Delhi,2025-03-21 00:00:00,17.2,83.60845992494205,1014.3
New_Delhi,2025-03-21 03:00:00,21.0,64.70523940925912,1015.5
New_Delhi,2025-03-21 06:00:00,29.8,35.69535509975479,1015.3
New_Delhi,2025-03-21 09:00:00,32.0,23.97898558916218,1012.4
New_Delhi,2025-03-21 12:00:00,30.8,28.77145310922289,1010.8
New_Delhi,2025-03-21 15:00:00,24.4,50.63448661826776,1012.4
New_Delhi,2025-03-21 18:00:00,19.6,70.54987572913048,1012.9
New_Delhi,2025-03-21 21:00:00,17.6,79.95556914093304,1011.4
New_Delhi,2025-03-22 00:00:00,18.0,78.47368296970863,1011.4
New_Delhi,2025-03-22 03:00:00,22.2,58.20608486944994,1013.4
New_Delhi,2025-03-22 06:00:00,29.8,35.69535509975479,1013.3
New_Delhi,2025-03-22 09:00:00,30.6,33.65098588696691,1010.7
New_Delhi,2025-03-22 12:00:00,30.2,29.975749665046227,1010.2
New_Delhi,2025-03-22 15:00:00,23.2,59.20534118595157,1013.0
New_Delhi,2025-03-22 18:00:00,19.4,75.70554565099692,1013.5
New_Delhi,2025-03-22 21:00:00,18.4,78.53229749671034,1013.0
New_Delhi,2025-03-23 00:00:00,16.0,85.11660736746623,1013.8
New_Delhi,2025-03-23 03:00:00,19.8,67.01712979382484,1015.8
New_Delhi,2025-03-23 06:00:00,31.0,35.106357858138395,1014.8
New_Delhi,2025-03-23 09:00:00,33.8,24.77469053939285,1012.1
New_Delhi,2025-03-23 12:00:00,32.6,23.973578870668614,1011.5
New_Delhi,2025-03-23 15:00:00,24.4,53.33223433397086,1014.0
New_Delhi,2025-03-23 18:00:00,20.0,72.470856291407,1014.7
New_Delhi,2025-03-23 21:00:00,17.8,82.07631714611342,1013.7
New_Delhi,2025-03-24 00:00:00,16.4,89.68180342228284,1013.8
New_Delhi,2025-03-24 03:00:00,20.0,81.3101072483957,1015.8
New_Delhi,2025-03-24 06:00:00,32.6,25.805101125515584,1014.4
New_Delhi,2025-03-24 09:00:00,35.2,21.013563958474627,1010.9
New_Delhi,2025-03-24 12:00:00,34.4,17.431268811346435,1009.5
New_Delhi,2025-03-24 15:00:00,24.8,53.7798922788436,1012.3
New_Delhi,2025-03-24 18:00:00,20.6,68.055920529955,1012.5
New_Delhi,2025-03-24 21:00:00,18.6,77.05578821552338,1011.0
New_Delhi,2025-03-25 00:00:00,18.0,80.52893541547579,1010.1
New_Delhi,2025-03-25 03:00:00,22.6,58.68162414536218,1011.3
New_Delhi,2025-03-25 06:00:00,34.4,23.959381238404717,1009.7
New_Delhi,2025-03-25 09:00:00,36.8,16.354945940893458,1006.3
New_Delhi,2025-03-25 12:00:00,35.4,22.071708640496635,1005.0
New_Delhi,2025-03-25 15:00:00,26.2,53.7896414941051,1007.0
New_Delhi,2025-03-25 18:00:00,22.0,65.75997484481925,1007.6
New_Delhi,2025-03-25 21:00:00,20.0,74.35848005153662,1006.2
New_Delhi,2025-03-26 00:00:00,18.8,80.6361044510389,1006.1
New_Delhi,2025-03-26 03:00:00,25.0,52.460986040966226,1007.7
New_Delhi,2025-03-26 06:00:00,37.4,18.62295724982144,1007.0
New_Delhi,2025-03-26 09:00:00,38.4,17.877345205478758,1004.3
New_Delhi,2025-03-26 12:00:00,37.0,18.779757540925775,1003.2
New_Delhi,2025-03-26 15:00:00,27.0,53.310417727475865,1005.2
New_Delhi,2025-03-26 18:00:00,26.0,52.38113667098585,1005.9
New_Delhi,2025-03-26 21:00:00,21.6,75.57843550109602,1005.7
New_Delhi,2025-03-27 00:00:00,20.4,79.82930712381024,1006.0
New_Delhi,2025-03-27 03:00:00,28.0,32.05795178025862,1007.4
New_Delhi,2025-03-27 06:00:00,34.4,23.021057791269424,1006.9
New_Delhi,2025-03-27 09:00:00,36.2,21.5459856277023,1004.5
New_Delhi,2025-03-27 12:00:00,34.4,27.335214701078876,1002.8
New_Delhi,2025-03-27 15:00:00,27.2,53.70027276375083,1004.3
New_Delhi,2025-03-27 18:00:00,24.2,64.56624616462973,1005.3
New_Delhi,2025-03-28 00:00:00,22.5,54.96138356928234,1007.6
New_Delhi,2025-03-28 06:00:00,30.6,23.775914742998225,1010.5
New_Delhi,2025-03-28 09:00:00,31.8,15.792617447715598,1008.4
New_Delhi,2025-03-28 12:00:00,30.2,16.579095611644558,1007.2
New_Delhi,2025-03-28 15:00:00,23.8,28.805066997462703,1010.1
New_Delhi,2025-03-28 18:00:00,21.4,28.133600798024737,1011.1
New_Delhi,2025-03-28 21:00:00,19.0,30.59967719343667,1010.2
New_Delhi,2025-03-29 00:00:00,17.2,38.13087212647274,1009.5
New_Delhi,2025-03-29 03:00:00,19.2,34.11213814277426,1011.3
New_Delhi,2025-03-29 06:00:00,26.4,18.57207866405237,1011.0
New_Delhi,2025-03-29 09:00:00,29.0,19.208546184677658,1008.7
New_Delhi,2025-03-29 12:00:00,28.2,22.829141112552136,1007.3
New_Delhi,2025-03-29 15:00:00,24.0,30.300541796119845,1009.5
New_Delhi,2025-03-29 18:00:00,21.0,43.16618438618589,1010.0
New_Delhi,2025-03-29 21:00:00,20.0,43.178369762212895,1009.0
New_Delhi,2025-03-30 00:00:00,17.6,52.619216182914606,1009.2
New_Delhi,2025-03-30 03:00:00,22.2,32.40513559486615,1011.0
New_Delhi,2025-03-30 06:00:00,28.6,17.419815567288964,1011.9
New_Delhi,2025-03-30 09:00:00,31.4,16.73753870282832,1009.4
New_Delhi,2025-03-30 12:00:00,31.4,20.35323302915732,1008.0
New_Delhi,2025-03-30 15:00:00,22.8,44.25980132916405,1010.1
New_Delhi,2025-03-30 18:00:00,18.0,61.95539331922447,1011.5
New_Delhi,2025-03-30 21:00:00,15.4,70.67868220689287,1010.7
New_Delhi,2025-03-31 00:00:00,15.4,64.76683280888665,1010.6
New_Delhi,2025-03-31 03:00:00,22.0,41.72047144372751,1011.9
New_Delhi,2025-03-31 06:00:00,30.6,23.775914742998225,1011.4
New_Delhi,2025-03-31 09:00:00,34.2,17.14620860766476,1008.7
New_Delhi,2025-03-31 12:00:00,33.2,15.551560740562442,1007.1
New_Delhi,2025-03-31 15:00:00,26.0,27.649648092873097,1009.4
New_Delhi,2025-03-31 18:00:00,22.8,46.99653076285457,1009.5
New_Delhi,2025-03-31 21:00:00,18.0,58.33927054435667,1008.5
New_Delhi,2025-04-01 00:00:00,15.4,68.35085631112041,1008.8
New_Delhi,2025-04-01 03:00:00,23.0,39.52820128128289,1010.5
New_Delhi,2025-04-01 06:00:00,31.6,18.906160491241973,1010.6
New_Delhi,2025-04-01 09:00:00,34.0,15.187644403923406,1008.1
New_Delhi,2025-04-01 12:00:00,32.6,19.547956136602586,1006.9
New_Delhi,2025-04-01 15:00:00,24.2,46.14674793000722,1009.1
New_Delhi,2025-04-01 18:00:00,19.8,57.240597392790995,1009.8
New_Delhi,2025-04-01 21:00:00,18.2,58.38819950727093,1009.0
New_Delhi,2025-04-02 00:00:00,15.2,78.57491552248868,1009.6
New_Delhi,2025-04-02 03:00:00,22.0,50.33069779383232,1011.5
New_Delhi,2025-04-02 06:00:00,33.2,17.883221392093798,1011.1
New_Delhi,2025-04-02 09:00:00,35.6,20.69259953376285,1008.5
New_Delhi,2025-04-02 12:00:00,34.8,16.469171906118376,1007.7
New_Delhi,2025-04-02 15:00:00,25.0,48.53416938934112,1010.0
New_Delhi,2025-04-02 18:00:00,22.6,55.70877664423919,1010.7
New_Delhi,2025-04-02 21:00:00,18.0,70.7067670476825,1010.4
New_Delhi,2025-04-03 00:00:00,16.6,73.77464045947974,1010.5
New_Delhi,2025-04-03 03:00:00,24.6,41.336768101900304,1012.3
New_Delhi,2025-04-03 06:00:00,36.0,15.200531620102693,1011.3
New_Delhi,2025-04-03 09:00:00,37.8,17.034838215617974,1008.5
New_Delhi,2025-04-03 12:00:00,36.4,21.739493431798916,1007.4
New_Delhi,2025-04-03 15:00:00,25.6,44.156665179924964,1010.6
New_Delhi,2025-04-03 18:00:00,23.4,46.540218756159454,1011.3
New_Delhi,2025-04-03 21:00:00,20.6,62.95797615726987,1011.0
New_Delhi,2025-04-04 00:00:00,21.0,55.30679548545123,1010.5
New_Delhi,2025-04-04 03:00:00,25.2,47.33806540677984,1012.0
New_Delhi,2025-04-04 06:00:00,35.6,19.8746452037292,1011.0
New_Delhi,2025-04-04 09:00:00,37.6,14.617431668099456,1008.0
New_Delhi,2025-04-04 12:00:00,35.4,18.152605042806474,1006.5
New_Delhi,2025-04-04 15:00:00,28.6,37.270395215278505,1008.6
New_Delhi,2025-04-04 18:00:00,25.2,46.11683152073457,1009.0
New_Delhi,2025-04-04 21:00:00,21.2,55.72319363893078,1008.6
New_Delhi,2025-04-05 00:00:00,20.0,60.795284486151715,1008.8
New_Delhi,2025-04-05 03:00:00,24.4,46.5063267929088,1010.6
New_Delhi,2025-04-05 06:00:00,32.8,26.030575786984055,1009.6
New_Delhi,2025-04-05 09:00:00,34.8,25.36751209609522,1006.7
New_Delhi,2025-04-05 12:00:00,34.8,24.544870461351312,1004.9
New_Delhi,2025-04-05 15:00:00,26.8,45.65607414971515,1006.2
New_Delhi,2025-04-05 18:00:00,22.0,62.45866938263309,1006.9
New_Delhi,2025-04-05 21:00:00,20.2,65.8046365225661,1005.8
New_Delhi,2025-04-06 00:00:00,19.4,68.70265881807667,1006.2
New_Delhi,2025-04-06 03:00:00,26.0,42.84009175285799,1007.9
New_Delhi,2025-04-06 06:00:00,34.4,28.241950602567222,1007.3
New_Delhi,2025-04-06 09:00:00,37.4,21.558446805204667,1004.6
New_Delhi,2025-04-06 12:00:00,36.6,26.861299999603084,1003.4
New_Delhi,2025-04-06 15:00:00,28.0,49.33018462848313,1005.5
New_Delhi,2025-04-06 18:00:00,24.2,64.56624616462973,1006.8
New_Delhi,2025-04-06 21:00:00,22.6,69.33008235227456,1006.3
New_Delhi,2025-04-07 00:00:00,21.2,80.44432006422227,1007.5
New_Delhi,2025-04-07 03:00:00,27.4,45.23136161944047,1009.1
New_Delhi,2025-04-07 06:00:00,37.0,26.45016408617501,1008.7
New_Delhi,2025-04-07 09:00:00,39.0,23.578551469409316,1005.5
New_Delhi,2025-04-07 12:00:00,39.0,24.984600421891002,1004.4
New_Delhi,2025-04-07 18:00:00,25.6,62.861255016105346,1008.3
New_Delhi,2025-04-07 21:00:00,23.6,68.65136550436802,1008.1
New_Delhi,2025-04-08 00:00:00,23.2,60.7486535053691,1009.4
New_Delhi,2025-04-08 03:00:00,28.2,47.22867288372724,1011.7
New_Delhi,2025-04-08 06:00:00,36.8,29.44232873331925,1011.4
New_Delhi,2025-04-08 09:00:00,40.2,23.578242715460778,1008.1
New_Delhi,2025-04-08 12:00:00,38.0,32.501122392393675,1006.2
New_Delhi,2025-04-08 15:00:00,31.2,52.710735539122425,1007.9
New_Delhi,2025-04-08 18:00:00,29.0,62.82580292280707,1008.9
New_Delhi,2025-04-08 21:00:00,27.8,62.17688027991124,1007.8
New_Delhi,2025-04-09 00:00:00,25.4,72.96297423706713,1008.8
New_Delhi,2025-04-09 03:00:00,29.4,50.962275319663796,1009.7
New_Delhi,2025-04-09 06:00:00,37.2,35.904653948451546,1008.3
New_Delhi,2025-04-09 09:00:00,40.0,30.674828547160963,1004.4
New_Delhi,2025-04-09 12:00:00,38.0,41.07815749378226,1001.7
New_Delhi,2025-04-09 15:00:00,32.4,52.68765751422521,1003.6
New_Delhi,2025-04-09 18:00:00,30.2,51.80975429231799,1004.5
New_Delhi,2025-04-09 21:00:00,28.4,58.568820751413384,1004.6
New_Delhi,2025-04-10 00:00:00,26.8,61.18521534996033,1003.8
New_Delhi,2025-04-10 03:00:00,29.8,55.02841769124526,1003.6
New_Delhi,2025-04-10 06:00:00,36.6,31.719253448790237,1003.3
New_Delhi,2025-04-10 09:00:00,39.0,25.797166624372338,1000.1
New_Delhi,2025-04-10 12:00:00,38.2,30.194774756742188,997.2
New_Delhi,2025-04-10 15:00:00,30.0,42.28779086879617,1002.0
New_Delhi,2025-04-10 18:00:00,28.0,53.22632223446673,1000.8
New_Delhi,2025-04-10 21:00:00,25.4,65.63974012452589,1001.7
New_Delhi,2025-04-11 00:00:00,24.0,70.47837778915957,1002.2
New_Delhi,2025-04-11 03:00:00,25.6,68.61205443506742,1003.9
New_Delhi,2025-04-11 06:00:00,31.6,44.09229390843783,1003.5
New_Delhi,2025-04-11 09:00:00,35.0,40.7730224591144,1000.8
New_Delhi,2025-04-11 12:00:00,33.0,61.07786865205016,998.0
New_Delhi,2025-04-11 15:00:00,22.2,72.40123365463968,1009.3
New_Delhi,2025-04-11 18:00:00,21.8,75.61066811578078,1004.0
New_Delhi,2025-04-11 21:00:00,21.6,78.49717461310503,1004.6
New_Delhi,2025-04-12 00:00:00,20.0,81.3101072483957,1005.2
New_Delhi,2025-04-12 03:00:00,24.0,78.3540921272656,1007.8
New_Delhi,2025-04-12 06:00:00,30.4,42.940755780776726,1007.4
New_Delhi,2025-04-12 09:00:00,34.0,37.798615236203595,1004.9
New_Delhi,2025-04-12 12:00:00,33.2,40.79331842939581,1003.9
New_Delhi,2025-04-12 15:00:00,28.0,55.62172468270759,1006.1
New_Delhi,2025-04-12 18:00:00,25.8,49.38256381356927,1007.0
New_Delhi,2025-04-12 21:00:00,23.0,60.70242277903299,1006.7
New_Delhi,2025-04-13 00:00:00,22.0,65.75997484481925,1007.1
New_Delhi,2025-04-13 03:00:00,27.8,48.035192948546424,1008.4
New_Delhi,2025-04-13 06:00:00,34.8,37.77973372953484,1008.9
New_Delhi,2025-04-13 09:00:00,35.8,29.174487190820365,1006.1
New_Delhi,2025-04-13 12:00:00,34.2,39.80263123545171,1004.6
New_Delhi,2025-04-13 15:00:00,28.2,57.08066190917436,1006.4
New_Delhi,2025-04-13 18:00:00,25.0,68.06816085251297,1007.5
New_Delhi,2025-04-13 21:00:00,23.4,74.9242703691049,1006.8
New_Delhi,2025-04-14 00:00:00,22.2,80.57705408572946,1007.4
New_Delhi,2025-04-14 03:00:00,26.8,59.67162131243744,1009.5
New_Delhi,2025-04-14 06:00:00,34.2,39.80263123545171,1008.4
New_Delhi,2025-04-14 09:00:00,36.8,31.974658842450033,1006.4
New_Delhi,2025-04-14 12:00:00,35.6,34.15354409695408,1005.1
New_Delhi,2025-04-14 15:00:00,30.6,46.385645157686106,1007.0
New_Delhi,2025-04-14 18:00:00,26.7,62.710398857438776,1007.7
New_Delhi,2025-04-14 21:00:00,26.2,60.66674488054539,1007.1
New_Delhi,2025-04-15 00:00:00,24.6,66.30194413180494,1008.1
New_Delhi,2025-04-15 03:00:00,28.6,52.38077030558968,1010.0
New_Delhi,2025-04-15 06:00:00,35.8,35.972362202956724,1009.0
New_Delhi,2025-04-15 09:00:00,37.4,30.17138580025373,1006.5
New_Delhi,2025-04-15 12:00:00,36.2,34.750765230103056,1004.9
New_Delhi,2025-04-15 15:00:00,30.2,55.12649636528158,1006.2
New_Delhi,2025-04-15 18:00:00,27.4,62.864093985522686,1007.2
New_Delhi,2025-04-15 21:00:00,25.2,72.03021897074997,1006.5
New_Delhi,2025-04-16 00:00:00,24.2,73.66692388726497,1007.0
New_Delhi,2025-04-16 03:00:00,29.2,49.64461630711475,1008.4
New_Delhi,2025-04-16 06:00:00,35.8,33.354730599537746,1007.6
New_Delhi,2025-04-16 09:00:00,38.2,31.159285531465862,1004.5
New_Delhi,2025-04-16 12:00:00,37.2,34.15933416663978,1002.5
New_Delhi,2025-04-16 15:00:00,31.5,50.24097144484442,1004.0
New_Delhi,2025-04-16 18:00:00,30.0,49.23154765101147,1004.9
New_Delhi,2025-04-16 21:00:00,27.8,55.57264582369571,1003.8
New_Delhi,2025-04-17 00:00:00,27.2,56.128403601107394,1006.3
New_Delhi,2025-04-17 03:00:00,29.2,47.19509821714919,1005.9
New_Delhi,2025-04-17 06:00:00,36.8,32.79139048773444,1004.8
New_Delhi,2025-04-17 09:00:00,39.6,28.000573030926073,1001.6
New_Delhi,2025-04-17 12:00:00,38.8,31.71365248393076,999.3
New_Delhi,2025-04-17 15:00:00,31.8,54.17441650106471,1000.8
New_Delhi,2025-04-17 18:00:00,29.2,58.034152283639216,1002.2
New_Delhi,2025-04-17 21:00:00,28.0,63.385341541150645,1001.8
New_Delhi,2025-04-18 00:00:00,26.4,67.92169298232594,1002.9
New_Delhi,2025-04-18 03:00:00,29.0,56.56535492258467,1004.2
New_Delhi,2025-04-18 06:00:00,35.6,42.21680392673285,1003.3
New_Delhi,2025-04-18 09:00:00,39.8,32.78216640912338,1000.1
New_Delhi,2025-04-18 12:00:00,39.0,35.07520089076709,997.8
New_Delhi,2025-04-18 15:00:00,33.0,55.468825283877344,1000.8
New_Delhi,2025-04-18 18:00:00,28.0,63.385341541150645,1003.5
New_Delhi,2025-04-18 21:00:00,26.4,65.03350399798012,1002.1
New_Delhi,2025-04-19 00:00:00,26.0,64.54478501053977,1002.3
New_Delhi,2025-04-19 03:00:00,29.8,59.624049885095886,1005.1
New_Delhi,2025-04-19 06:00:00,34.8,48.369264142818636,1004.4
New_Delhi,2025-04-19 09:00:00,38.8,31.71365248393076,1000.4
New_Delhi,2025-04-19 12:00:00,36.0,42.58451355254139,999.3
New_Delhi,2025-04-19 15:00:00,31.8,53.1868368284505,1001.2
New_Delhi,2025-04-19 18:00:00,29.6,57.06157172075657,1002.4
New_Delhi,2025-04-19 21:00:00,28.0,63.385341541150645,1002.1
New_Delhi,2025-04-20 00:00:00,26.6,70.95832333742634,1002.4
New_Delhi,2025-04-20 03:00:00,29.0,62.82580292280707,1004.2
New_Delhi,2025-04-20 06:00:00,36.8,39.76737580820146,1003.6
New_Delhi,2025-04-20 09:00:00,37.0,34.75063988732095,1001.4
New_Delhi,2025-04-20 12:00:00,37.8,38.12347027279238,999.9
New_Delhi,2025-04-20 15:00:00,33.2,50.059858025093185,1002.2
New_Delhi,2025-04-20 18:00:00,30.4,63.899688803812836,1004.0
New_Delhi,2025-04-20 21:00:00,28.8,72.2237174181299,1004.1
New_Delhi,2025-04-21 00:00:00,27.2,74.17038364277866,1004.3
New_Delhi,2025-04-21 03:00:00,30.2,58.98867435336403,1006.2
New_Delhi,2025-04-21 06:00:00,37.4,18.62295724982144,1006.2
New_Delhi,2025-04-21 09:00:00,40.4,15.113929141953585,1004.3
New_Delhi,2025-04-21 12:00:00,39.2,14.857450038180408,1003.6
New_Delhi,2025-04-21 15:00:00,29.6,30.211855074977827,1006.4
New_Delhi,2025-04-21 18:00:00,26.4,36.653290605994705,1007.7
New_Delhi,2025-04-21 21:00:00,22.4,51.10736991039426,1006.8
New_Delhi,2025-04-22 00:00:00,21.8,38.65431573961301,1007.1
New_Delhi,2025-04-22 03:00:00,29.0,26.247175038747926,1008.5
New_Delhi,2025-04-22 06:00:00,37.8,17.034838215617974,1008.0
New_Delhi,2025-04-22 09:00:00,39.6,13.394835504989357,1006.3
New_Delhi,2025-04-22 12:00:00,38.4,13.709868239939826,1004.5
New_Delhi,2025-04-22 15:00:00,30.0,28.745414262989726,1006.2
New_Delhi,2025-04-22 18:00:00,24.6,46.86737390966147,1007.2
New_Delhi,2025-04-22 21:00:00,22.2,44.98967489901452,1005.7
New_Delhi,2025-04-23 00:00:00,20.6,50.29198184383752,1005.8
New_Delhi,2025-04-23 03:00:00,28.2,26.93794324176731,1006.8
New_Delhi,2025-04-23 06:00:00,37.0,16.62515404910194,1005.8
New_Delhi,2025-04-23 09:00:00,39.4,13.82133498163495,1002.6
New_Delhi,2025-04-23 12:00:00,38.0,15.215692714496281,1001.3
New_Delhi,2025-04-23 15:00:00,29.4,33.983847686134666,1002.7
New_Delhi,2025-04-23 18:00:00,24.2,48.95659267969773,1003.3
New_Delhi,2025-04-23 21:00:00,22.4,59.78486476769296,1002.2
New_Delhi,2025-04-24 00:00:00,21.2,49.45259241649359,1002.0
New_Delhi,2025-04-24 03:00:00,28.6,24.40585094149811,1003.7
New_Delhi,2025-04-24 06:00:00,37.6,14.617431668099456,1003.5
New_Delhi,2025-04-24 09:00:00,40.2,12.97162689917149,1001.1
New_Delhi,2025-04-24 12:00:00,39.4,14.499537619503553,999.6
New_Delhi,2025-04-24 15:00:00,31.2,33.379105166835565,1001.7
New_Delhi,2025-04-24 18:00:00,25.4,57.125066941783295,1002.9
New_Delhi,2025-04-24 21:00:00,24.2,61.760459816300205,1002.4
New_Delhi,2025-04-25 00:00:00,23.6,49.44120636361245,1002.6
New_Delhi,2025-04-25 03:00:00,30.0,23.78156233489987,1004.3
New_Delhi,2025-04-25 06:00:00,38.2,17.593208837608703,1004.5
New_Delhi,2025-04-25 09:00:00,40.4,14.512765120138207,1001.9
New_Delhi,2025-04-25 12:00:00,39.6,20.04378955656311,1000.6
New_Delhi,2025-04-25 15:00:00,29.6,45.24761159831436,1002.5
New_Delhi,2025-04-25 18:00:00,25.6,53.29501411484861,1003.4
New_Delhi,2025-04-25 21:00:00,23.0,63.49078489906616,1002.4
New_Delhi,2025-04-26 00:00:00,21.6,66.95489662993805,1002.7
New_Delhi,2025-04-26 03:00:00,29.4,35.120123771064485,1003.9
New_Delhi,2025-04-26 06:00:00,39.6,14.74108068739631,1003.2
New_Delhi,2025-04-26 09:00:00,39.6,14.74108068739631,1001.3
New_Delhi,2025-04-26 12:00:00,37.6,14.617431668099456,1000.9
New_Delhi,2025-04-26 15:00:00,32.0,33.382797528971295,1003.1
New_Delhi,2025-04-26 18:00:00,32.4,24.573523244555258,1004.0
New_Delhi,2025-04-26 21:00:00,28.4,41.577721781983016,1002.7
New_Delhi,2025-04-27 00:00:00,29.0,34.550110818955254,1003.0
New_Delhi,2025-04-27 03:00:00,29.6,41.90837816982436,1005.8
New_Delhi,2025-04-27 06:00:00,36.4,21.739493431798916,1005.5
New_Delhi,2025-04-27 09:00:00,39.8,16.91626088779316,1003.1
New_Delhi,2025-04-27 12:00:00,39.2,27.544761497749597,1001.5
New_Delhi,2025-04-27 15:00:00,30.4,45.176507999615254,1003.5
New_Delhi,2025-04-27 18:00:00,30.4,30.230706402917875,1003.8
New_Delhi,2025-04-27 21:00:00,30.2,33.10220369576136,1003.9
New_Delhi,2025-04-28 00:00:00,24.2,58.685550665822504,1003.5
New_Delhi,2025-04-28 03:00:00,29.0,43.38606734691948,1004.4
New_Delhi,2025-04-28 06:00:00,37.0,30.448368465568105,1003.6
New_Delhi,2025-04-28 09:00:00,39.4,26.23248224820905,1001.1
New_Delhi,2025-04-28 12:00:00,37.8,32.2445661368062,999.7
New_Delhi,2025-04-28 15:00:00,32.0,47.93557266740621,1002.2
New_Delhi,2025-04-28 18:00:00,30.0,46.813294513259635,1003.6
New_Delhi,2025-04-28 21:00:00,28.6,47.63785276074488,1003.3
New_Delhi,2025-04-29 00:00:00,25.8,62.905305620072184,1004.5
New_Delhi,2025-04-29 03:00:00,26.8,53.25972640302064,1006.5
New_Delhi,2025-04-29 06:00:00,33.6,37.214873528497584,1005.4
New_Delhi,2025-04-29 09:00:00,36.4,34.1561734852254,1002.9
New_Delhi,2025-04-29 12:00:00,36.0,36.252915374310945,1001.2
New_Delhi,2025-04-29 15:00:00,31.2,49.236721646737124,1004.2
New_Delhi,2025-04-29 18:00:00,28.8,55.12527410197304,1004.6
New_Delhi,2025-04-29 21:00:00,27.8,56.62858157026191,1004.6
New_Delhi,2025-04-30 00:00:00,26.8,61.18521534996033,1005.7
New_Delhi,2025-04-30 03:00:00,28.8,57.58106758326406,1007.8
New_Delhi,2025-04-30 06:00:00,34.6,41.1735877430806,1006.7
New_Delhi,2025-04-30 09:00:00,37.0,33.89227876632347,1005.4
New_Delhi,2025-04-30 12:00:00,36.6,38.74560463151403,1002.4
New_Delhi,2025-04-30 15:00:00,32.2,50.11093393474899,1005.0
New_Delhi,2025-04-30 18:00:00,30.0,55.07749010874436,1006.4
New_Delhi,2025-04-30 21:00:00,29.0,59.073562416700796,1006.1
New_Delhi,2025-05-01 00:00:00,27.6,67.32558202207488,1007.3
New_Delhi,2025-05-01 03:00:00,30.0,58.58138510397075,1008.8
New_Delhi,2025-05-01 06:00:00,35.8,42.53092676973995,1007.7
New_Delhi,2025-05-01 09:00:00,37.6,38.777389609655614,1005.3
New_Delhi,2025-05-01 12:00:00,36.6,43.26947320144839,1005.3
New_Delhi,2025-05-01 15:00:00,32.8,48.742535253752614,1005.5
New_Delhi,2025-05-01 18:00:00,31.4,50.52742024257406,1005.7
New_Delhi,2025-05-01 21:00:00,29.0,64.38421540041374,1007.1
New_Delhi,2025-05-02 00:00:00,19.7,,1012.1
New_Delhi,2025-05-02 03:00:00,19.7,,1010.1
New_Delhi,2025-05-02 06:00:00,21.8,94.63413731841499,1011.0
New_Delhi,2025-05-02 09:00:00,28.0,66.1763979306175,1008.6
New_Delhi,2025-05-02 12:00:00,28.0,59.577319147693366,1006.6
New_Delhi,2025-05-02 15:00:00,25.0,81.93813716288261,1006.5
New_Delhi,2025-05-02 18:00:00,23.6,89.65628406436801,1006.9
New_Delhi,2025-05-02 21:00:00,23.0,91.27459428964966,1006.0
New_Delhi,2025-05-03 00:00:00,22.6,94.66558503403643,1006.1
New_Delhi,2025-05-03 03:00:00,25.0,81.93813716288261,1008.5
New_Delhi,2025-05-03 06:00:00,30.0,60.03674120681294,1007.1
New_Delhi,2025-05-03 09:00:00,33.8,42.518655700339295,1003.8
New_Delhi,2025-05-03 12:00:00,33.0,53.160307816284856,1000.9
New_Delhi,2025-05-03 15:00:00,29.8,62.23530658956874,1003.1
New_Delhi,2025-05-03 18:00:00,28.0,74.30236303611937,1003.6
New_Delhi,2025-05-03 21:00:00,26.2,82.58282556083142,1002.4
New_Delhi,2025-05-04 00:00:00,25.2,86.57407445208088,1003.0
New_Delhi,2025-05-04 03:00:00,28.6,74.85017612547131,1004.7
New_Delhi,2025-05-04 06:00:00,33.0,52.19700204876771,1004.4
New_Delhi,2025-05-04 09:00:00,35.6,41.44373316515145,1001.0
New_Delhi,2025-05-04 12:00:00,34.6,41.1735877430806,999.6
New_Delhi,2025-05-04 15:00:00,30.6,52.234713311802714,1002.4
New_Delhi,2025-05-04 18:00:00,28.4,60.0407336708837,1005.4
New_Delhi,2025-05-04 21:00:00,25.8,60.19419705576875,1005.7
New_Delhi,2025-05-05 00:00:00,23.8,70.44100737751522,1003.8
New_Delhi,2025-05-05 03:00:00,27.0,62.77637062843983,1005.7
New_Delhi,2025-05-05 06:00:00,31.2,47.132101292464135,1005.5
New_Delhi,2025-05-05 09:00:00,31.4,54.07572802922947,1004.7
New_Delhi,2025-05-05 12:00:00,30.4,56.552501126573276,1004.0
New_Delhi,2025-05-05 15:00:00,27.4,69.81054652981949,1004.2
New_Delhi,2025-05-05 18:00:00,25.8,76.24292581518071,1004.8
New_Delhi,2025-05-05 21:00:00,24.8,75.61833422287444,1003.9
New_Delhi,2025-05-06 00:00:00,23.4,81.23620952648784,1005.1
New_Delhi,2025-05-06 03:00:00,27.0,68.03983194402242,1006.4
New_Delhi,2025-05-06 06:00:00,33.0,44.74625811198047,1005.6
New_Delhi,2025-05-06 09:00:00,35.2,38.12643666764187,1003.3
New_Delhi,2025-05-06 12:00:00,33.8,41.4715829546882,1001.6
New_Delhi,2025-05-06 15:00:00,29.8,58.53467634002081,1003.1
New_Delhi,2025-05-06 18:00:00,27.8,60.6525992163582,1004.1
New_Delhi,2025-05-06 21:00:00,26.4,74.94939436271723,1004.2
New_Delhi,2025-05-07 00:00:00,25.8,74.85200261699907,1004.9
New_Delhi,2025-05-07 03:00:00,28.0,69.07461707385258,1006.3
New_Delhi,2025-05-07 06:00:00,33.0,52.19700204876771,1005.4
New_Delhi,2025-05-07 09:00:00,36.0,38.10665255354461,1002.0
New_Delhi,2025-05-07 12:00:00,32.0,46.757765745898766,1001.5
New_Delhi,2025-05-07 15:00:00,28.0,69.07461707385258,1003.6
New_Delhi,2025-05-07 18:00:00,27.4,75.567708226779,1003.8
New_Delhi,2025-05-07 21:00:00,25.8,82.03579612571595,1003.4
New_Delhi,2025-05-08 00:00:00,24.8,83.42994899232998,1004.3
New_Delhi,2025-05-08 03:00:00,27.4,74.20346731676847,1005.8
New_Delhi,2025-05-08 06:00:00,34.6,46.294665135954354,1004.8
New_Delhi,2025-05-08 09:00:00,36.2,39.11854885455013,1002.7
New_Delhi,2025-05-08 12:00:00,35.0,43.64082513984817,1001.5
New_Delhi,2025-05-08 15:00:00,30.4,60.12781595604137,1004.0
New_Delhi,2025-05-08 18:00:00,28.6,67.93691867434151,1004.7
New_Delhi,2025-05-08 21:00:00,27.0,73.68636116732236,1004.7
New_Delhi,2025-05-09 00:00:00,26.4,77.7445561070048,1005.1
New_Delhi,2025-05-09 03:00:00,29.6,60.68601439855552,1006.8
New_Delhi,2025-05-09 06:00:00,34.0,50.879846925795135,1006.8
New_Delhi,2025-05-09 09:00:00,36.0,41.80763114476111,1004.4
New_Delhi,2025-05-09 12:00:00,34.0,48.75448871884437,1002.6
New_Delhi,2025-05-09 15:00:00,30.8,61.70099247044744,1004.2
New_Delhi,2025-05-09 18:00:00,28.6,80.43187680667027,1005.1
New_Delhi,2025-05-09 21:00:00,27.2,78.33374294989056,1004.4
New_Delhi,2025-05-10 00:00:00,26.6,76.36659730018178,1004.7
New_Delhi,2025-05-10 03:00:00,30.4,65.07093044891502,1006.2
New_Delhi,2025-05-10 06:00:00,35.2,44.77976864883668,1005.6
New_Delhi,2025-05-10 09:00:00,33.4,55.56523594731952,1003.8
New_Delhi,2025-05-10 12:00:00,30.0,64.98787314987105,1002.5
New_Delhi,2025-05-10 15:00:00,28.6,70.46084618703307,1005.1
New_Delhi,2025-05-10 18:00:00,26.8,84.15931168305403,1004.9
New_Delhi,2025-05-10 21:00:00,26.0,90.37112970835472,1003.8
New_Delhi,2025-05-11 00:00:00,24.8,88.12759322404811,1003.7
New_Delhi,2025-05-11 03:00:00,27.8,74.26945688504365,1005.8
New_Delhi,2025-05-11 06:00:00,34.4,45.11935390234125,1005.1
New_Delhi,2025-05-11 09:00:00,37.0,34.75063988732095,1002.3
New_Delhi,2025-05-11 12:00:00,37.4,33.57845250351837,998.4
New_Delhi,2025-05-11 15:00:00,31.0,38.18234194260357,1003.0
New_Delhi,2025-05-11 18:00:00,30.4,40.80283577060398,1004.0
New_Delhi,2025-05-11 21:00:00,28.6,47.63785276074488,1004.3
New_Delhi,2025-05-12 00:00:00,25.6,64.45946580818865,1003.2
New_Delhi,2025-05-12 03:00:00,28.8,56.51707465542158,1004.1
New_Delhi,2025-05-12 06:00:00,35.2,35.36023154295352,1003.7
New_Delhi,2025-05-12 09:00:00,37.6,30.416667598915254,1001.5
New_Delhi,2025-05-12 12:00:00,37.4,34.427551192444014,999.0
New_Delhi,2025-05-12 15:00:00,31.8,56.541515718697454,1000.5
New_Delhi,2025-05-12 21:00:00,29.0,45.66475006650691,1001.3
New_Delhi,2025-05-13 00:00:00,29.0,46.84304212720025,1002.1
New_Delhi,2025-05-13 03:00:00,31.2,41.54764966465231,1004.0
New_Delhi,2025-05-13 06:00:00,36.0,34.47881056042972,1003.9
New_Delhi,2025-05-13 09:00:00,39.6,30.18929755537695,1000.8
New_Delhi,2025-05-13 12:00:00,31.4,49.59587656532929,1001.2
New_Delhi,2025-05-13 15:00:00,28.6,53.713553895834856,1003.7
New_Delhi,2025-05-13 18:00:00,28.6,52.38077030558968,1002.2
New_Delhi,2025-05-13 21:00:00,27.6,54.14162894034234,1000.4
New_Delhi,2025-05-14 00:00:00,25.0,72.89363172362464,1003.3
New_Delhi,2025-05-14 03:00:00,28.8,57.58106758326406,1004.8
New_Delhi,2025-05-14 06:00:00,35.8,36.88410913604144,1004.3
New_Delhi,2025-05-14 09:00:00,39.0,26.63287397388671,1001.3
New_Delhi,2025-05-14 12:00:00,39.8,21.726639023970776,999.3
New_Delhi,2025-05-14 15:00:00,32.0,50.05946898334762,1001.0
New_Delhi,2025-05-14 17:00:00,33.0,29.755628359706137,
New_Delhi,2025-05-14 18:00:00,33.0,29.950617256444566,1002.3
New_Delhi,2025-05-14 21:00:00,28.8,45.61078044838573,1001.7
New_Delhi,2025-05-15 00:00:00,26.4,59.578657328843455,1002.7
New_Delhi,2025-05-15 03:00:00,30.6,41.91458094264047,1004.0
New_Delhi,2025-05-15 06:00:00,36.4,27.33330347957152,1003.8
New_Delhi,2025-05-15 09:00:00,39.6,25.787887967242852,1001.3
New_Delhi,2025-05-15 12:00:00,40.0,21.21801194773784,999.1
New_Delhi,2025-05-15 15:00:00,32.8,41.45966418882386,1000.2
New_Delhi,2025-05-15 18:00:00,29.6,57.06157172075657,1001.0
New_Delhi,2025-05-15 21:00:00,28.6,62.738525974561355,1000.6
New_Delhi,2025-05-16 00:00:00,27.2,65.60582769317126,1001.3
New_Delhi,2025-05-16 03:00:00,33.0,43.645157807317524,1001.5
New_Delhi,2025-05-16 06:00:00,39.4,24.768359792202297,1002.4
New_Delhi,2025-05-16 09:00:00,42.0,21.568348256816964,999.0
New_Delhi,2025-05-16 12:00:00,27.2,75.53609118292528,1001.0
New_Delhi,2025-05-16 15:00:00,29.0,60.550183383368285,1000.4
New_Delhi,2025-05-16 18:00:00,28.4,54.68305210736864,1000.8
New_Delhi,2025-05-16 21:00:00,27.8,54.19164488057315,999.9
New_Delhi,2025-05-17 00:00:00,30.4,41.85979912286083,999.1
New_Delhi,2025-05-17 03:00:00,31.6,55.46769384647515,1002.4
New_Delhi,2025-05-17 06:00:00,37.8,31.44509296494908,1002.8
New_Delhi,2025-05-17 09:00:00,40.6,28.26315788748801,998.9
New_Delhi,2025-05-17 12:00:00,36.0,36.252915374310945,998.0
New_Delhi,2025-05-17 15:00:00,31.8,48.78382679727445,999.8
New_Delhi,2025-05-17 18:00:00,31.6,50.89250919922128,1000.4
New_Delhi,2025-05-17 21:00:00,30.0,49.23154765101147,999.5
New_Delhi,2025-05-18 00:00:00,28.0,59.577319147693366,1001.0
New_Delhi,2025-05-18 03:00:00,31.2,62.164195185628046,1003.0
New_Delhi,2025-05-18 06:00:00,37.6,33.63256917880905,1002.0
New_Delhi,2025-05-18 09:00:00,41.2,26.0366511487208,999.3
New_Delhi,2025-05-18 12:00:00,39.8,35.943354739958366,997.1
New_Delhi,2025-05-18 15:00:00,34.2,50.01039226884028,998.9
New_Delhi,2025-05-18 18:00:00,32.6,60.623956285700366,1000.0
New_Delhi,2025-05-18 21:00:00,30.8,67.95498445600064,999.1
New_Delhi,2025-05-19 00:00:00,29.2,73.60956501820533,1000.4
New_Delhi,2025-05-19 03:00:00,31.2,68.4404025650585,1003.1
New_Delhi,2025-05-19 06:00:00,35.6,53.16143044853384,1002.6
New_Delhi,2025-05-19 09:00:00,39.2,43.6955730544988,999.9
New_Delhi,2025-05-19 12:00:00,39.4,45.61058194064101,997.1
New_Delhi,2025-05-19 15:00:00,34.2,59.54690108998311,998.3
New_Delhi,2025-05-19 18:00:00,32.8,62.13958951433999,999.8
New_Delhi,2025-05-19 21:00:00,32.0,65.01074996458017,999.2
New_Delhi,2025-05-20 00:00:00,30.2,70.32973763313946,999.8
New_Delhi,2025-05-20 03:00:00,31.0,66.78169156880611,1001.3
New_Delhi,2025-05-20 06:00:00,35.4,56.04341471814388,1000.3
New_Delhi,2025-05-20 09:00:00,39.8,42.56485217000818,996.8
New_Delhi,2025-05-20 12:00:00,40.0,42.87264368553528,995.2
New_Delhi,2025-05-20 15:00:00,34.8,58.978670050887736,996.8
New_Delhi,2025-05-20 18:00:00,33.4,60.08005109311657,998.9
New_Delhi,2025-05-20 21:00:00,32.6,61.72510709079442,997.9
New_Delhi,2025-05-21 00:00:00,31.2,68.4404025650585,999.0
New_Delhi,2025-05-21 03:00:00,32.4,63.9379440059793,1002.9
New_Delhi,2025-05-21 06:00:00,37.4,51.427445112203515,1000.9
New_Delhi,2025-05-21 09:00:00,39.8,44.37822224313049,998.1
New_Delhi,2025-05-21 12:00:00,39.6,42.51196124073437,995.0
New_Delhi,2025-05-21 15:00:00,23.5,99.39863805888812,1002.9
New_Delhi,2025-05-21 18:00:00,24.6,77.00183279014861,999.8
New_Delhi,2025-05-21 21:00:00,25.0,72.89363172362464,999.4
New_Delhi,2025-05-22 00:00:00,24.0,83.33878752130364,1001.7
New_Delhi,2025-05-22 06:00:00,32.0,52.26545370306257,1003.1
New_Delhi,2025-05-22 09:00:00,34.0,50.879846925795135,1001.0
New_Delhi,2025-05-22 12:00:00,33.8,50.52043098784162,998.8
New_Delhi,2025-05-22 15:00:00,30.8,67.95498445600064,998.9
New_Delhi,2025-05-22 18:00:00,29.2,70.99802751141195,1000.2
New_Delhi,2025-05-22 21:00:00,28.0,71.64672861133928,1000.2
New_Delhi,2025-05-23 00:00:00,27.2,78.33374294989056,1000.6
New_Delhi,2025-05-23 03:00:00,29.8,68.58338730413207,1001.3
New_Delhi,2025-05-23 06:00:00,34.6,53.55559032656666,1000.1
New_Delhi,2025-05-23 09:00:00,36.4,48.78152494046583,997.5
New_Delhi,2025-05-23 12:00:00,36.2,49.617324489439085,995.3
New_Delhi,2025-05-23 15:00:00,32.6,61.72510709079442,997.2
New_Delhi,2025-05-23 18:00:00,31.2,65.62945434667039,998.3
New_Delhi,2025-05-23 21:00:00,30.0,66.17996487728405,998.1
New_Delhi,2025-05-24 00:00:00,29.2,70.99802751141195,999.8
New_Delhi,2025-05-24 03:00:00,32.0,61.59314569456349,1000.2
New_Delhi,2025-05-24 06:00:00,36.4,50.87246310030946,1000.0
New_Delhi,2025-05-24 09:00:00,37.8,50.023011721437484,997.4
New_Delhi,2025-05-24 12:00:00,37.0,49.22877315128549,995.5
New_Delhi,2025-05-24 15:00:00,33.6,59.056399786976336,998.8
New_Delhi,2025-05-24 18:00:00,32.4,61.68118591242464,999.6
New_Delhi,2025-05-24 21:00:00,21.2,100.0,1004.4
New_Delhi,2025-05-25 00:00:00,22.0,100.0,1001.5
New_Delhi,2025-05-25 06:00:00,28.2,78.94802076163292,1004.3
New_Delhi,2025-05-25 09:00:00,29.8,72.83270468535767,1002.5
New_Delhi,2025-05-25 12:00:00,31.0,67.99377352527183,1001.0
New_Delhi,2025-05-25 15:00:00,28.0,83.28921441559984,1001.6
New_Delhi,2025-05-25 18:00:00,27.0,88.83751596451742,1003.3
New_Delhi,2025-05-25 21:00:00,26.2,90.38476214988123,1002.5
New_Delhi,2025-05-26 00:00:00,26.6,87.22543835052973,1002.6
New_Delhi,2025-05-26 03:00:00,28.0,80.3537462205201,1004.0
New_Delhi,2025-05-26 06:00:00,31.4,66.06520314217083,1002.9
New_Delhi,2025-05-26 09:00:00,33.8,60.52964398250845,1000.3
New_Delhi,2025-05-26 12:00:00,34.8,58.978670050887736,997.7
New_Delhi,2025-05-26 15:00:00,30.4,75.58532357148971,998.2
New_Delhi,2025-05-26 18:00:00,28.6,84.8538871735531,999.8
New_Delhi,2025-05-26 21:00:00,27.4,85.74806761675889,1000.2
New_Delhi,2025-05-27 00:00:00,26.8,87.24318141227258,1000.0
New_Delhi,2025-05-27 03:00:00,30.0,71.5698382304094,1000.8
New_Delhi,2025-05-27 06:00:00,35.6,52.21515920700269,999.6
New_Delhi,2025-05-27 09:00:00,36.4,45.92506574150559,997.4
New_Delhi,2025-05-27 12:00:00,36.4,50.87246310030946,994.3
New_Delhi,2025-05-27 15:00:00,32.2,70.27643339934488,995.6
New_Delhi,2025-05-27 18:00:00,30.6,78.34767637456054,998.4
New_Delhi,2025-05-27 21:00:00,29.2,84.91559008084812,997.7
New_Delhi,2025-05-28 00:00:00,28.8,83.37928484286573,997.2
New_Delhi,2025-05-28 03:00:00,32.2,70.27643339934488,999.2
New_Delhi,2025-05-28 06:00:00,36.2,53.62697094613858,998.6
New_Delhi,2025-05-28 09:00:00,37.8,47.98196923843544,995.9
New_Delhi,2025-05-28 12:00:00,37.0,49.22877315128549,993.6
New_Delhi,2025-05-28 15:00:00,33.2,68.41626758283552,994.1
New_Delhi,2025-05-28 18:00:00,31.8,67.34108781459214,995.9
New_Delhi,2025-05-28 21:00:00,30.8,73.00291172196927,994.8
New_Delhi,2025-05-29 00:00:00,30.0,76.88217771852533,995.5
New_Delhi,2025-05-29 03:00:00,33.0,63.305763001067604,996.7
New_Delhi,2025-05-29 06:00:00,37.0,52.25085066985851,995.8
New_Delhi,2025-05-29 09:00:00,38.4,50.4714192355173,993.1
New_Delhi,2025-05-29 12:00:00,34.4,49.15636027363035,992.7
New_Delhi,2025-05-29 15:00:00,31.2,50.47601592432225,993.3
New_Delhi,2025-05-29 18:00:00,29.4,62.147323833199586,993.5
New_Delhi,2025-05-29 21:00:00,28.6,72.18874813372028,994.2
New_Delhi,2025-05-30 00:00:00,28.2,74.33521026919057,994.1
New_Delhi,2025-05-30 03:00:00,30.6,69.14973459026399,995.9
New_Delhi,2025-05-30 06:00:00,32.2,55.9524546962478,996.6
New_Delhi,2025-05-30 09:00:00,32.0,56.93448027880228,995.1
New_Delhi,2025-05-30 12:00:00,33.8,51.765014611076786,992.6
New_Delhi,2025-05-30 15:00:00,30.8,60.58625885317225,994.2
New_Delhi,2025-05-30 18:00:00,28.6,73.50891633549199,996.2
New_Delhi,2025-05-30 21:00:00,26.8,82.65347894376836,995.7
New_Delhi,2025-05-31 00:00:00,26.6,87.22543835052973,996.7
New_Delhi,2025-05-31 03:00:00,31.0,64.4141386029017,997.8
New_Delhi,2025-05-31 06:00:00,36.6,43.26947320144839,997.0
New_Delhi,2025-05-31 09:00:00,39.0,40.11510367549571,994.9
New_Delhi,2025-05-31 12:00:00,31.4,50.52742024257406,996.7
New_Delhi,2025-05-31 15:00:00,30.4,56.552501126573276,996.3
New_Delhi,2025-05-31 18:00:00,29.6,52.30674462542291,998.5
New_Delhi,2025-05-31 21:00:00,28.8,56.51707465542158,997.1
New_Delhi,2025-06-01 00:00:00,28.8,55.12527410197304,997.6
New_Delhi,2025-06-01 06:00:00,34.6,45.17243194873731,998.8
New_Delhi,2025-06-01 09:00:00,37.0,47.48991405743266,996.8
New_Delhi,2025-06-01 12:00:00,23.0,98.19871205791138,1000.7
New_Delhi,2025-06-01 15:00:00,24.4,94.73534893450257,998.1
New_Delhi,2025-06-01 18:00:00,24.4,89.71497940989825,997.5
New_Delhi,2025-06-01 21:00:00,26.4,67.92169298232594,996.7
New_Delhi,2025-06-02 00:00:00,25.0,80.44778939452424,997.5
New_Delhi,2025-06-02 06:00:00,33.8,50.52043098784162,998.9
New_Delhi,2025-06-02 09:00:00,35.6,46.274902906140255,996.3
New_Delhi,2025-06-02 12:00:00,32.6,50.523270115947824,996.5
New_Delhi,2025-06-02 15:00:00,30.2,49.28378027609706,998.6
New_Delhi,2025-06-02 18:00:00,28.2,59.62356658779815,998.5
New_Delhi,2025-06-03 00:00:00,26.2,62.209161530734946,1000.3
New_Delhi,2025-06-03 03:00:00,27.0,60.09299888935582,1000.8
New_Delhi,2025-06-03 06:00:00,32.6,47.50135055929089,1000.1
New_Delhi,2025-06-03 09:00:00,31.0,53.64502413942176,1000.6
New_Delhi,2025-06-03 12:00:00,32.2,50.11093393474899,999.0
New_Delhi,2025-06-03 15:00:00,29.0,66.78535949708609,1000.9
New_Delhi,2025-06-03 18:00:00,28.2,61.12083252766046,1003.2
New_Delhi,2025-06-03 21:00:00,25.8,71.69270020375919,1001.2
New_Delhi,2025-06-04 00:00:00,25.4,74.3271201935749,1001.6
New_Delhi,2025-06-04 03:00:00,27.0,71.03120402884956,1003.5
New_Delhi,2025-06-04 06:00:00,30.6,58.006624337338984,1004.3
New_Delhi,2025-06-04 09:00:00,33.4,45.977751283807315,1003.1
New_Delhi,2025-06-04 12:00:00,33.6,40.140099313942,1001.7
New_Delhi,2025-06-04 15:00:00,29.8,52.35746956789925,1003.7
New_Delhi,2025-06-04 18:00:00,27.2,71.06754970374743,1004.0
New_Delhi,2025-06-04 21:00:00,27.0,57.51084662663192,1004.9
New_Delhi,2025-06-05 00:00:00,26.0,69.11686987087296,1005.9
New_Delhi,2025-06-05 03:00:00,28.4,62.30944777937724,1007.6
New_Delhi,2025-06-05 06:00:00,32.6,48.39081829607048,1007.0
New_Delhi,2025-06-05 09:00:00,36.0,40.791130956418186,1004.8
New_Delhi,2025-06-05 12:00:00,36.0,38.10665255354461,1003.2
New_Delhi,2025-06-05 15:00:00,32.8,48.742535253752614,1004.9
New_Delhi,2025-06-05 18:00:00,30.0,63.8146323928593,1005.7
New_Delhi,2025-06-05 21:00:00,28.0,71.64672861133928,1005.5
New_Delhi,2025-06-06 00:00:00,26.6,78.2479077819723,1005.7
New_Delhi,2025-06-06 03:00:00,30.4,59.034988113686474,1006.3
New_Delhi,2025-06-06 06:00:00,36.6,43.26947320144839,1005.4
New_Delhi,2025-06-06 09:00:00,37.6,41.47296725483938,1003.3
New_Delhi,2025-06-06 12:00:00,35.6,47.126320222245404,1001.7
New_Delhi,2025-06-06 15:00:00,32.4,56.00051948884619,1002.8
New_Delhi,2025-06-06 18:00:00,29.8,67.3516781237725,1003.7
New_Delhi,2025-06-06 21:00:00,28.0,77.50922415182016,1003.2
New_Delhi,2025-06-07 00:00:00,27.2,75.53609118292528,1003.8
New_Delhi,2025-06-07 03:00:00,32.0,60.12540926930006,1004.9
New_Delhi,2025-06-07 06:00:00,37.6,41.47296725483938,1003.6
New_Delhi,2025-06-07 09:00:00,39.2,38.735066959012194,1001.8
New_Delhi,2025-06-07 12:00:00,38.0,42.857891490135415,1000.2
New_Delhi,2025-06-07 15:00:00,33.4,63.76827162149033,1000.7
New_Delhi,2025-06-07 18:00:00,32.4,65.48228630790443,1001.4
New_Delhi,2025-06-07 21:00:00,30.0,70.29306142592459,1001.0
New_Delhi,2025-06-08 00:00:00,29.6,67.31212756795189,1002.4
New_Delhi,2025-06-08 03:00:00,33.0,62.18308645409979,1003.3
New_Delhi,2025-06-08 06:00:00,39.0,37.75064647144954,1002.1
New_Delhi,2025-06-08 09:00:00,41.2,32.554064328405865,999.2
New_Delhi,2025-06-08 15:00:00,35.2,57.00457686086793,998.4
New_Delhi,2025-06-08 18:00:00,32.2,71.53290094917851,998.9
New_Delhi,2025-06-08 21:00:00,30.4,76.94178563223718,998.7
New_Delhi,2025-06-09 00:00:00,28.6,70.46084618703307,999.8
New_Delhi,2025-06-09 03:00:00,33.8,48.40540327509421,1001.4
New_Delhi,2025-06-09 06:00:00,40.0,37.78978117320692,1000.9
New_Delhi,2025-06-09 09:00:00,42.2,31.450370758024583,997.8
New_Delhi,2025-06-09 12:00:00,43.0,24.589767206249146,995.5
New_Delhi,2025-06-09 18:00:00,32.4,48.33862566912473,997.1
New_Delhi,2025-06-09 21:00:00,30.4,48.417392184797706,997.1
New_Delhi,2025-06-10 00:00:00,30.8,39.120089148586175,998.8
New_Delhi,2025-06-10 03:00:00,34.2,39.06156806619288,1000.4
New_Delhi,2025-06-10 06:00:00,40.0,31.445728078034875,999.7
New_Delhi,2025-06-10 09:00:00,43.0,26.01042427037834,997.1
New_Delhi,2025-06-10 12:00:00,43.2,24.181845671464174,995.1
New_Delhi,2025-06-10 15:00:00,35.6,46.274902906140255,996.4
New_Delhi,2025-06-10 18:00:00,31.8,61.17889403213977,998.1
New_Delhi,2025-06-10 21:00:00,29.4,69.76029011528094,998.0
New_Delhi,2025-06-11 00:00:00,28.2,72.99821296932988,998.9
New_Delhi,2025-06-11 03:00:00,35.0,38.79252543220958,1000.2
New_Delhi,2025-06-11 06:00:00,40.2,31.694485923523214,999.8
New_Delhi,2025-06-11 09:00:00,43.0,31.470394113555383,997.6
New_Delhi,2025-06-11 12:00:00,41.6,39.142083633864644,995.9
New_Delhi,2025-06-11 15:00:00,36.8,65.60305700372541,997.6
New_Delhi,2025-06-11 18:00:00,35.4,70.85158490456723,998.5
New_Delhi,2025-06-12 03:00:00,34.0,67.37244576814547,1000.3
New_Delhi,2025-06-12 06:00:00,39.6,47.59318465246566,999.7
New_Delhi,2025-06-12 09:00:00,42.2,38.83700761697526,997.2
New_Delhi,2025-06-12 12:00:00,42.0,41.15561444937269,995.4
New_Delhi,2025-06-12 15:00:00,37.2,57.47036914702227,997.7
New_Delhi,2025-06-12 18:00:00,35.2,62.65724917989903,998.2
New_Delhi,2025-06-12 21:00:00,33.6,63.81035576931347,998.2
New_Delhi,2025-06-13 00:00:00,32.4,69.07688914571028,999.4
New_Delhi,2025-06-13 03:00:00,34.4,66.66465260488106,1000.2
New_Delhi,2025-06-13 06:00:00,40.2,50.920366160233186,999.4
New_Delhi,2025-06-13 09:00:00,37.2,58.48794202473472,999.3
New_Delhi,2025-06-13 12:00:00,37.4,55.52905138673923,997.3
New_Delhi,2025-06-13 15:00:00,33.8,63.852375094977866,998.7
New_Delhi,2025-06-13 18:00:00,32.4,66.6618617053601,999.2
New_Delhi,2025-06-13 21:00:00,31.8,67.34108781459214,998.4
New_Delhi,2025-06-14 00:00:00,31.6,72.27808999036708,999.3
New_Delhi,2025-06-14 03:00:00,33.2,68.41626758283552,1000.1
New_Delhi,2025-06-14 06:00:00,38.6,56.46609653162918,998.6
New_Delhi,2025-06-14 12:00:00,40.6,43.286747678560616,993.4
New_Delhi,2025-06-14 15:00:00,36.6,65.56295187828647,994.4
New_Delhi,2025-06-14 18:00:00,34.8,65.58229461658019,996.3
New_Delhi,2025-06-14 21:00:00,33.7,71.3773506169242,996.3
New_Delhi,2025-06-15 00:00:00,23.6,100.0,995.9
New_Delhi,2025-06-15 06:00:00,33.6,64.95378562281357,998.5
New_Delhi,2025-06-15 09:00:00,33.6,64.95378562281357,996.6
New_Delhi,2025-06-15 12:00:00,34.6,57.54622405958298,994.0
New_Delhi,2025-06-15 15:00:00,32.4,70.31283604150148,996.1
New_Delhi,2025-06-15 18:00:00,31.0,76.1271052167908,998.4
New_Delhi,2025-06-15 21:00:00,30.8,75.64766286638326,997.1
New_Delhi,2025-06-16 00:00:00,30.2,76.91200889831605,997.3
New_Delhi,2025-06-16 03:00:00,31.2,70.93306375697343,998.5
New_Delhi,2025-06-16 06:00:00,31.8,69.78813164326573,998.6
New_Delhi,2025-06-16 09:00:00,31.8,66.14596424716504,997.2
New_Delhi,2025-06-16 12:00:00,33.8,60.52964398250845,995.2
New_Delhi,2025-06-16 15:00:00,31.2,69.67698198453844,997.2
New_Delhi,2025-06-16 18:00:00,30.2,75.55406963834521,998.4
New_Delhi,2025-06-16 21:00:00,30.0,75.5227593496699,998.0
New_Delhi,2025-06-17 00:00:00,29.2,80.5095630310082,997.9
New_Delhi,2025-06-17 03:00:00,31.6,76.21857827105511,999.1
New_Delhi,2025-06-17 06:00:00,34.6,61.06806519838046,998.5
New_Delhi,2025-06-17 09:00:00,35.0,59.02423742118093,995.7
New_Delhi,2025-06-17 12:00:00,27.2,93.72693426762005,996.4
New_Delhi,2025-06-17 15:00:00,25.0,100.0,999.5
New_Delhi,2025-06-17 18:00:00,25.8,100.0,998.5
New_Delhi,2025-06-17 21:00:00,26.0,98.23832753499846,998.5
New_Delhi,2025-06-18 00:00:00,26.2,98.24092211346162,997.9
New_Delhi,2025-06-18 03:00:00,27.8,90.49280598950578,998.0
New_Delhi,2025-06-18 06:00:00,30.8,74.31499881924898,997.8
New_Delhi,2025-06-18 09:00:00,32.0,74.94828132337592,995.6
New_Delhi,2025-06-18 12:00:00,34.0,65.03583657618948,998.6
New_Delhi,2025-06-18 15:00:00,31.4,76.18814229624397,995.7
New_Delhi,2025-06-18 18:00:00,29.8,78.23460259362332,996.2
New_Delhi,2025-06-18 21:00:00,28.8,86.39309843177878,994.5
New_Delhi,2025-06-19 00:00:00,28.2,87.36638064071765,994.9
New_Delhi,2025-06-19 03:00:00,29.6,82.00361602371757,996.5
New_Delhi,2025-06-19 06:00:00,32.0,72.34703340707203,996.5
New_Delhi,2025-06-19 09:00:00,34.8,61.1121171224814,994.5
New_Delhi,2025-06-19 12:00:00,35.8,54.49487551182243,993.2
New_Delhi,2025-06-19 15:00:00,32.4,66.6618617053601,994.7
New_Delhi,2025-06-19 18:00:00,31.0,70.89711040322032,996.4
New_Delhi,2025-06-19 21:00:00,28.8,79.03096698905824,996.5
New_Delhi,2025-06-20 00:00:00,28.0,87.34888747491027,997.1
New_Delhi,2025-06-20 03:00:00,30.8,77.00117625197225,998.7
New_Delhi,2025-06-20 06:00:00,32.0,73.63761837389029,998.6
New_Delhi,2025-06-20 09:00:00,33.0,70.42167655411042,997.5
New_Delhi,2025-06-20 12:00:00,34.4,65.50141485922862,996.4
New_Delhi,2025-06-20 15:00:00,31.0,74.7889561009917,998.4
New_Delhi,2025-06-20 18:00:00,30.0,81.08968974474207,999.2
New_Delhi,2025-06-20 21:00:00,29.4,84.9360766224706,998.8
New_Delhi,2025-06-21 00:00:00,28.8,87.93540259721783,999.6
New_Delhi,2025-06-21 03:00:00,31.2,77.51519693628545,999.8
New_Delhi,2025-06-21 06:00:00,35.4,60.52699050467956,998.6
New_Delhi,2025-06-21 09:00:00,37.0,56.421343804401914,997.3
New_Delhi,2025-06-21 12:00:00,31.0,77.48613913975385,996.6
New_Delhi,2025-06-21 15:00:00,31.2,81.23924051845427,997.3
New_Delhi,2025-06-21 18:00:00,29.8,82.51286135002354,998.7
New_Delhi,2025-06-22 00:00:00,29.8,82.51286135002354,997.8
New_Delhi,2025-06-22 03:00:00,32.0,73.63761837389029,999.0
New_Delhi,2025-06-22 06:00:00,34.2,67.80744627376714,999.0
New_Delhi,2025-06-22 09:00:00,35.2,64.89993386286585,996.9
New_Delhi,2025-06-22 12:00:00,34.2,69.81872821780838,995.3
New_Delhi,2025-06-22 15:00:00,31.6,76.21857827105511,996.9
New_Delhi,2025-06-22 18:00:00,30.6,78.34767637456054,997.7
New_Delhi,2025-06-22 21:00:00,29.6,83.46865512129703,996.0
New_Delhi,2025-06-23 00:00:00,29.0,89.51636332080271,996.4
New_Delhi,2025-06-23 03:00:00,31.6,78.94871738353811,996.7
New_Delhi,2025-06-23 06:00:00,36.0,59.60057162936797,996.4
New_Delhi,2025-06-23 09:00:00,34.8,69.11990047734456,993.7
New_Delhi,2025-06-23 12:00:00,34.8,67.92262186231758,993.0
New_Delhi,2025-06-23 15:00:00,30.2,74.2171474546091,994.2
New_Delhi,2025-06-23 18:00:00,29.4,80.53536024141098,995.0
New_Delhi,2025-06-23 21:00:00,28.8,83.37928484286573,995.1
New_Delhi,2025-06-24 00:00:00,29.4,91.12987608237039,994.8
New_Delhi,2025-06-24 03:00:00,31.0,81.21443360821415,996.4
New_Delhi,2025-06-24 06:00:00,34.0,69.78208647156907,996.0
New_Delhi,2025-06-24 09:00:00,35.4,66.08722744082345,993.4
New_Delhi,2025-06-24 12:00:00,32.6,75.48318952612465,992.9
New_Delhi,2025-06-24 15:00:00,31.2,78.89384535394599,994.8
New_Delhi,2025-06-24 18:00:00,30.6,82.60607945629376,996.9
New_Delhi,2025-06-24 21:00:00,31.2,82.67552340966292,996.1
New_Delhi,2025-06-25 00:00:00,30.6,88.08437507661748,996.1
New_Delhi,2025-06-25 03:00:00,31.0,88.11711421243372,998.7
New_Delhi,2025-06-25 06:00:00,32.4,83.29341218403941,999.3
New_Delhi,2025-06-25 09:00:00,33.4,74.29936225533098,997.9
New_Delhi,2025-06-25 12:00:00,33.8,73.5047030667105,996.3
New_Delhi,2025-06-25 15:00:00,31.4,78.92130681911149,998.1
New_Delhi,2025-06-25 18:00:00,30.4,82.58284223811447,1000.1
New_Delhi,2025-06-25 21:00:00,29.8,84.97692867892383,999.8
New_Delhi,2025-06-26 00:00:00,29.6,84.95652278782288,999.8
New_Delhi,2025-06-26 03:00:00,31.4,80.31973345807687,1001.4
New_Delhi,2025-06-26 06:00:00,36.2,58.94885638848755,1000.8
New_Delhi,2025-06-26 09:00:00,37.6,53.65040916887702,998.3
New_Delhi,2025-06-26 12:00:00,36.4,57.96331263280552,996.9
New_Delhi,2025-06-26 15:00:00,33.6,63.81035576931347,998.0
New_Delhi,2025-06-26 18:00:00,32.0,71.07626571001893,999.2
New_Delhi,2025-06-26 21:00:00,30.6,78.34767637456054,998.4
New_Delhi,2025-06-27 00:00:00,30.0,81.08968974474207,999.9
New_Delhi,2025-06-27 03:00:00,32.6,71.60318423066752,1000.2
New_Delhi,2025-06-27 06:00:00,35.6,58.46599770220743,999.3
New_Delhi,2025-06-27 09:00:00,38.0,54.063995206734305,997.2
New_Delhi,2025-06-27 12:00:00,37.8,50.920729880972495,995.9
New_Delhi,2025-06-27 15:00:00,34.4,62.11744798829246,996.9
New_Delhi,2025-06-27 18:00:00,32.4,69.07688914571028,999.3
New_Delhi,2025-06-27 21:00:00,31.0,74.7889561009917,998.8
New_Delhi,2025-06-28 00:00:00,29.8,81.06459831337503,998.4
New_Delhi,2025-06-28 03:00:00,32.8,71.63823581141993,998.8
New_Delhi,2025-06-28 06:00:00,35.6,58.46599770220743,997.4
New_Delhi,2025-06-28 09:00:00,35.8,61.692070231226595,995.5
New_Delhi,2025-06-28 12:00:00,29.4,74.97860136800087,995.6
New_Delhi,2025-06-28 15:00:00,29.2,80.5095630310082,996.6
New_Delhi,2025-06-28 18:00:00,28.2,78.94802076163292,996.8
New_Delhi,2025-06-28 21:00:00,28.0,85.80667728802291,995.8
New_Delhi,2025-06-29 00:00:00,28.0,87.34888747491027,995.5
New_Delhi,2025-06-29 03:00:00,30.4,79.71870652103674,996.1
New_Delhi,2025-06-29 06:00:00,31.8,77.60205183026918,996.2
New_Delhi,2025-06-29 09:00:00,30.4,81.13972960661955,994.7
New_Delhi,2025-06-29 12:00:00,27.4,98.25637024612985,994.4
New_Delhi,2025-06-29 15:00:00,26.2,100.0,995.5
New_Delhi,2025-06-29 18:00:00,26.2,98.24092211346162,997.1
New_Delhi,2025-06-29 21:00:00,26.2,100.0,995.7
New_Delhi,2025-06-30 00:00:00,25.8,98.23572722928968,996.4
New_Delhi,2025-06-30 03:00:00,25.4,98.23050936880627,998.0
New_Delhi,2025-06-30 06:00:00,27.4,92.08825670296545,998.4
New_Delhi,2025-06-30 09:00:00,30.4,82.58284223811447,996.6
New_Delhi,2025-06-30 12:00:00,29.6,84.95652278782288,995.6
New_Delhi,2025-06-30 15:00:00,27.8,92.11072068322818,996.8
New_Delhi,2025-06-30 18:00:00,27.8,92.11072068322818,997.9
New_Delhi,2025-06-30 21:00:00,26.6,98.24609415561163,997.0
New_Delhi,2025-07-01 00:00:00,26.6,96.51914127003087,997.2
New_Delhi,2025-07-01 03:00:00,27.6,88.88427217188078,1000.1
New_Delhi,2025-07-01 06:00:00,30.8,75.64766286638326,999.8
New_Delhi,2025-07-01 09:00:00,34.6,64.39740048201318,996.6
New_Delhi,2025-07-01 12:00:00,34.6,64.39740048201318,995.0
New_Delhi,2025-07-01 15:00:00,31.2,78.89384535394599,996.6
New_Delhi,2025-07-01 18:00:00,30.2,81.1147334710309,997.7
New_Delhi,2025-07-01 21:00:00,29.0,84.89506306062921,997.7
New_Delhi,2025-07-02 00:00:00,28.6,88.96156313904507,997.9
New_Delhi,2025-07-02 03:00:00,31.8,73.60449518826249,998.4
New_Delhi,2025-07-02 06:00:00,35.0,63.354980624753985,998.2
New_Delhi,2025-07-02 09:00:00,34.0,74.82818100424117,996.2
New_Delhi,2025-07-02 12:00:00,34.6,61.06806519838046,994.6
New_Delhi,2025-07-02 15:00:00,32.0,73.63761837389029,996.7
New_Delhi,2025-07-02 18:00:00,31.2,77.51519693628545,997.8
New_Delhi,2025-07-02 21:00:00,29.8,88.01849942848882,997.8
New_Delhi,2025-07-03 00:00:00,29.0,89.51636332080271,998.3
New_Delhi,2025-07-03 03:00:00,31.4,78.92130681911149,999.2
New_Delhi,2025-07-03 06:00:00,35.2,66.04734321889784,998.5
New_Delhi,2025-07-03 09:00:00,36.4,58.99422053734538,996.7
New_Delhi,2025-07-03 12:00:00,35.2,64.89993386286585,995.4
New_Delhi,2025-07-03 15:00:00,33.0,70.42167655411042,996.9
New_Delhi,2025-07-03 18:00:00,31.2,79.82480457377302,999.0
New_Delhi,2025-07-03 21:00:00,30.2,84.02682856635852,998.3
New_Delhi,2025-07-04 00:00:00,29.4,86.44896966030107,998.9
New_Delhi,2025-07-04 03:00:00,32.2,74.979976618763,999.2
New_Delhi,2025-07-04 06:00:00,35.6,59.51052447634323,998.0
New_Delhi,2025-07-04 09:00:00,32.6,67.89863459456423,996.9
New_Delhi,2025-07-04 12:00:00,32.2,76.30955739524246,995.7
New_Delhi,2025-07-04 15:00:00,31.2,79.82480457377302,997.1
New_Delhi,2025-07-04 18:00:00,30.6,79.74530566981048,998.8
New_Delhi,2025-07-04 21:00:00,30.2,84.02682856635852,998.1
New_Delhi,2025-07-05 00:00:00,29.4,89.54556000162309,997.7
New_Delhi,2025-07-05 03:00:00,30.8,81.1895795616241,998.1
New_Delhi,2025-07-05 06:00:00,34.2,66.62513546519824,997.5
New_Delhi,2025-07-05 09:00:00,36.4,56.948184707590556,995.1
New_Delhi,2025-07-05 12:00:00,34.0,82.52110642676469,993.8
New_Delhi,2025-07-05 15:00:00,32.2,82.79037750593562,996.0
New_Delhi,2025-07-05 18:00:00,31.4,81.26400040514575,998.0
New_Delhi,2025-07-05 21:00:00,30.6,85.55612371787966,996.4
New_Delhi,2025-07-06 00:00:00,30.2,86.52294575570109,996.3
New_Delhi,2025-07-06 03:00:00,30.6,79.74530566981048,997.9
New_Delhi,2025-07-06 06:00:00,33.6,68.49226741509385,997.6
New_Delhi,2025-07-06 09:00:00,34.0,69.78208647156907,995.7
New_Delhi,2025-07-06 12:00:00,33.6,73.47165693131991,993.6
New_Delhi,2025-07-06 15:00:00,32.2,81.83609922989507,995.4
New_Delhi,2025-07-06 18:00:00,31.6,82.72159738179782,996.5
New_Delhi,2025-07-06 21:00:00,26.6,98.24609415561163,996.8
New_Delhi,2025-07-07 00:00:00,26.4,96.51405730461323,998.6
New_Delhi,2025-07-07 03:00:00,25.4,100.0,998.6
New_Delhi,2025-07-07 06:00:00,27.8,88.89979374390309,1000.7
New_Delhi,2025-07-07 09:00:00,34.0,58.445589633486186,997.4
New_Delhi,2025-07-07 12:00:00,33.8,57.01603340699637,996.1
New_Delhi,2025-07-07 15:00:00,30.8,71.71113203855039,996.8
New_Delhi,2025-07-07 18:00:00,29.4,84.9360766224706,998.7
New_Delhi,2025-07-07 21:00:00,28.6,86.37440005285019,998.0
New_Delhi,2025-07-08 00:00:00,28.4,86.35566419509173,997.9
New_Delhi,2025-07-08 03:00:00,30.8,79.77185498360923,999.4
New_Delhi,2025-07-08 06:00:00,35.0,61.15610416717985,998.7
New_Delhi,2025-07-08 09:00:00,36.0,56.5192316286057,996.7
New_Delhi,2025-07-08 12:00:00,36.4,57.96331263280552,994.8
New_Delhi,2025-07-08 15:00:00,33.4,68.4542986966963,996.6
New_Delhi,2025-07-08 18:00:00,31.4,74.85285642920122,998.7
New_Delhi,2025-07-08 21:00:00,28.2,77.5385748300523,998.4
New_Delhi,2025-07-09 00:00:00,28.0,80.3537462205201,997.8
New_Delhi,2025-07-09 03:00:00,28.8,80.45782143103412,1000.0
New_Delhi,2025-07-09 06:00:00,32.4,69.07688914571028,999.8
New_Delhi,2025-07-09 09:00:00,34.6,62.160715526838395,997.9
New_Delhi,2025-07-09 12:00:00,33.4,67.25543915862544,996.1
New_Delhi,2025-07-09 15:00:00,26.0,94.79622941585653,1002.6
New_Delhi,2025-07-09 18:00:00,25.0,100.0,1001.9
New_Delhi,2025-07-09 21:00:00,25.2,100.0,1000.2
New_Delhi,2025-07-10 00:00:00,24.8,100.0,1000.7
New_Delhi,2025-07-10 03:00:00,25.6,100.0,1002.6
New_Delhi,2025-07-10 06:00:00,27.0,100.0,1003.0
New_Delhi,2025-07-10 09:00:00,27.2,95.40267171979633,1001.2
New_Delhi,2025-07-10 12:00:00,29.8,79.63860889063328,999.4
New_Delhi,2025-07-10 15:00:00,28.2,88.93074165144274,1001.4
New_Delhi,2025-07-10 18:00:00,27.4,93.73593071403404,1002.3
New_Delhi,2025-07-10 21:00:00,27.2,95.40267171979633,1000.9
New_Delhi,2025-07-11 00:00:00,27.0,95.39600874452509,1001.0
New_Delhi,2025-07-11 03:00:00,29.4,80.53536024141098,1001.1
New_Delhi,2025-07-11 06:00:00,28.0,84.79181717750924,1002.4
New_Delhi,2025-07-11 09:00:00,30.6,78.34767637456054,999.8
New_Delhi,2025-07-11 12:00:00,33.0,67.97575322043862,997.8
New_Delhi,2025-07-11 15:00:00,30.2,85.01762004491522,999.5
New_Delhi,2025-07-11 18:00:00,29.0,89.51636332080271,1000.8
New_Delhi,2025-07-11 21:00:00,28.4,88.94616815571688,1000.4
New_Delhi,2025-07-12 00:00:00,27.8,93.7538663078413,1000.3
New_Delhi,2025-07-12 03:00:00,29.6,82.00361602371757,999.7
New_Delhi,2025-07-12 06:00:00,33.0,66.78088716309055,1001.4
New_Delhi,2025-07-12 09:00:00,33.2,71.70815945941659,999.4
New_Delhi,2025-07-12 12:00:00,27.4,100.0,999.4
New_Delhi,2025-07-12 15:00:00,27.0,95.39600874452509,1000.8
New_Delhi,2025-07-12 18:00:00,27.4,95.40932035991787,1000.4
New_Delhi,2025-07-12 21:00:00,27.2,96.53432701791446,999.9
New_Delhi,2025-07-13 00:00:00,27.0,96.5292760949642,1000.8
New_Delhi,2025-07-13 03:00:00,28.8,86.39309843177878,1002.1
New_Delhi,2025-07-13 06:00:00,27.6,98.25892519962696,1002.1
New_Delhi,2025-07-13 09:00:00,31.2,78.89384535394599,999.0
New_Delhi,2025-07-13 12:00:00,34.6,66.70410661306867,996.5
New_Delhi,2025-07-13 15:00:00,25.4,100.0,999.2
New_Delhi,2025-07-13 18:00:00,26.2,98.8242506754759,1000.1
New_Delhi,2025-07-13 21:00:00,26.6,98.24609415561163,998.7
New_Delhi,2025-07-14 00:00:00,25.6,100.0,999.0
New_Delhi,2025-07-14 03:00:00,27.2,100.0,999.3
New_Delhi,2025-07-14 06:00:00,29.4,84.9360766224706,999.3
New_Delhi,2025-07-14 09:00:00,32.2,72.80896276194781,996.9
New_Delhi,2025-07-14 12:00:00,32.4,70.31283604150148,995.3
New_Delhi,2025-07-14 15:00:00,27.4,100.0,998.0
New_Delhi,2025-07-14 18:00:00,26.2,98.24092211346162,998.9
New_Delhi,2025-07-14 21:00:00,26.4,96.51405730461323,997.7
New_Delhi,2025-07-15 00:00:00,26.2,94.80376584735212,997.8
New_Delhi,2025-07-15 03:00:00,28.4,88.94616815571688,998.5
New_Delhi,2025-07-15 06:00:00,31.6,69.75114396222972,998.4
New_Delhi,2025-07-15 09:00:00,33.4,64.91266364161814,996.3
New_Delhi,2025-07-15 12:00:00,31.4,73.53807422593974,995.9
New_Delhi,2025-07-15 15:00:00,29.6,83.46865512129703,998.2
New_Delhi,2025-07-15 18:00:00,28.2,88.93074165144274,999.6
New_Delhi,2025-07-15 21:00:00,28.0,92.12191734434786,998.8
New_Delhi,2025-07-16 00:00:00,27.6,93.74490804295253,998.8
New_Delhi,2025-07-16 03:00:00,30.2,84.02682856635852,1000.0
New_Delhi,2025-07-16 06:00:00,33.4,72.1636734164623,999.8
New_Delhi,2025-07-16 09:00:00,27.2,100.0,999.1
New_Delhi,2025-07-16 12:00:00,30.6,86.55971313917948,997.9
New_Delhi,2025-07-16 15:00:00,28.8,87.93540259721783,999.6
New_Delhi,2025-07-16 18:00:00,28.0,90.50618565208272,1001.0
New_Delhi,2025-07-16 21:00:00,28.0,90.50618565208272,1000.7
New_Delhi,2025-07-17 00:00:00,27.0,88.83751596451742,1001.2
New_Delhi,2025-07-17 03:00:00,28.2,81.83433063230953,1002.4
New_Delhi,2025-07-17 06:00:00,30.2,72.90096632227306,1002.7
New_Delhi,2025-07-17 09:00:00,32.6,71.60318423066752,1001.3
New_Delhi,2025-07-17 12:00:00,33.8,66.15514213531858,999.0
New_Delhi,2025-07-17 15:00:00,31.4,77.54420157006253,1001.1
New_Delhi,2025-07-17 18:00:00,25.4,100.0,1001.9
New_Delhi,2025-07-17 21:00:00,26.0,98.23832753499846,1001.2
New_Delhi,2025-07-18 00:00:00,26.2,96.5089622614157,1000.9
New_Delhi,2025-07-18 03:00:00,28.8,80.45782143103412,1001.5
New_Delhi,2025-07-18 06:00:00,33.0,64.44613125580591,1001.0
New_Delhi,2025-07-18 09:00:00,29.4,92.19964051006788,998.9
New_Delhi,2025-07-18 12:00:00,28.0,100.0,997.2
New_Delhi,2025-07-18 15:00:00,28.0,92.12191734434786,998.1
New_Delhi,2025-07-18 18:00:00,28.0,87.34888747491027,998.9
New_Delhi,2025-07-18 21:00:00,28.0,88.91528354225218,997.5
New_Delhi,2025-07-19 00:00:00,27.0,88.83751596451742,998.0
New_Delhi,2025-07-19 03:00:00,28.2,83.31179804309043,999.2
New_Delhi,2025-07-19 06:00:00,32.0,67.38029965170892,998.8
New_Delhi,2025-07-19 09:00:00,33.6,61.576188549831414,997.3
New_Delhi,2025-07-19 12:00:00,33.4,62.269883795368706,995.3
New_Delhi,2025-07-19 15:00:00,31.0,74.7889561009917,996.5
New_Delhi,2025-07-19 18:00:00,29.8,75.49139258129554,997.5
New_Delhi,2025-07-19 21:00:00,28.8,86.39309843177878,997.5
New_Delhi,2025-07-20 00:00:00,27.8,87.33135888966177,997.3
New_Delhi,2025-07-20 03:00:00,29.6,78.20620296447258,998.1
New_Delhi,2025-07-20 06:00:00,33.4,63.76827162149033,998.0
New_Delhi,2025-07-20 09:00:00,34.4,59.59215392807818,996.7
New_Delhi,2025-07-20 12:00:00,34.4,58.53767634739428,995.7
New_Delhi,2025-07-20 15:00:00,31.4,73.53807422593974,997.3
New_Delhi,2025-07-20 18:00:00,30.4,78.31948639832048,999.0
New_Delhi,2025-07-20 21:00:00,29.4,81.97957178446406,998.4
New_Delhi,2025-07-21 00:00:00,28.6,86.37440005285019,999.5
New_Delhi,2025-07-21 03:00:00,29.8,82.51286135002354,1001.8
New_Delhi,2025-07-21 06:00:00,31.2,77.51519693628545,1001.9
New_Delhi,2025-07-21 09:00:00,32.4,72.8428529693439,1000.2
New_Delhi,2025-07-21 12:00:00,29.4,83.44637781059491,999.7
New_Delhi,2025-07-21 15:00:00,27.8,85.78717977072007,999.8
New_Delhi,2025-07-21 18:00:00,28.2,90.51953760720181,1000.4
New_Delhi,2025-07-21 21:00:00,28.8,87.93540259721783,1000.1
New_Delhi,2025-07-22 00:00:00,28.8,90.55942797559786,999.9
New_Delhi,2025-07-22 03:00:00,30.6,82.60607945629376,1000.1
New_Delhi,2025-07-22 06:00:00,26.2,100.0,1000.0
New_Delhi,2025-07-22 09:00:00,26.8,100.0,998.3
New_Delhi,2025-07-22 12:00:00,29.4,89.54556000162309,996.2
New_Delhi,2025-07-22 15:00:00,29.0,87.95208930052544,997.3
New_Delhi,2025-07-22 18:00:00,28.0,88.91528354225218,997.7
New_Delhi,2025-07-22 21:00:00,27.6,92.09950049107172,996.5
New_Delhi,2025-07-23 00:00:00,27.6,92.09950049107172,996.4
New_Delhi,2025-07-23 03:00:00,27.0,100.0,997.5
New_Delhi,2025-07-23 06:00:00,27.2,,997.9
New_Delhi,2025-07-23 09:00:00,28.8,93.7983735302794,995.6
New_Delhi,2025-07-23 12:00:00,30.6,88.08437507661748,993.5
New_Delhi,2025-07-23 15:00:00,29.0,93.80721852350113,994.7
New_Delhi,2025-07-23 18:00:00,28.4,93.78062725022617,995.9
New_Delhi,2025-07-23 21:00:00,28.2,92.13309053912468,995.2
New_Delhi,2025-07-24 00:00:00,26.4,88.79047072518293,995.0
New_Delhi,2025-07-24 03:00:00,29.8,79.63860889063328,995.9
New_Delhi,2025-07-24 06:00:00,33.8,68.53017385519429,996.1
New_Delhi,2025-07-24 09:00:00,35.6,58.46599770220743,993.9
New_Delhi,2025-07-24 12:00:00,35.4,62.6999662963903,991.7
New_Delhi,2025-07-24 15:00:00,32.6,72.87668440277191,993.3
New_Delhi,2025-07-24 18:00:00,31.0,81.21443360821415,995.0
New_Delhi,2025-07-24 21:00:00,30.2,79.69205742002245,993.6
New_Delhi,2025-07-25 00:00:00,30.0,84.99729439748566,993.8
New_Delhi,2025-07-25 03:00:00,32.6,71.60318423066752,994.8
New_Delhi,2025-07-25 06:00:00,35.2,62.65724917989903,995.1
New_Delhi,2025-07-25 09:00:00,36.2,56.90141318081153,993.2
New_Delhi,2025-07-25 12:00:00,36.0,57.530492699389136,991.3
New_Delhi,2025-07-25 15:00:00,32.0,71.07626571001893,993.7
New_Delhi,2025-07-25 18:00:00,31.4,78.92130681911149,995.0
New_Delhi,2025-07-25 21:00:00,29.0,89.51636332080271,995.0
New_Delhi,2025-07-26 00:00:00,29.0,86.41175942849821,995.5
New_Delhi,2025-07-26 03:00:00,30.0,79.66535824918688,996.7
New_Delhi,2025-07-26 06:00:00,32.8,67.93722542562669,996.8
New_Delhi,2025-07-26 09:00:00,35.0,62.2470562760692,994.5
New_Delhi,2025-07-26 12:00:00,36.6,52.77597731364829,992.4
New_Delhi,2025-07-26 15:00:00,33.0,67.97575322043862,994.9
New_Delhi,2025-07-26 18:00:00,31.2,82.67552340966292,995.9
New_Delhi,2025-07-26 21:00:00,30.2,86.52294575570109,995.4
New_Delhi,2025-07-27 00:00:00,30.0,82.53623329490637,995.9
New_Delhi,2025-07-27 03:00:00,31.8,76.24895936494288,997.1
New_Delhi,2025-07-27 06:00:00,34.0,67.37244576814547,996.4
New_Delhi,2025-07-27 09:00:00,36.0,57.871076835660254,994.6
New_Delhi,2025-07-27 12:00:00,36.2,58.94885638848755,993.0
New_Delhi,2025-07-27 15:00:00,32.6,72.87668440277191,994.7
New_Delhi,2025-07-27 18:00:00,31.2,79.82480457377302,996.0
New_Delhi,2025-07-27 21:00:00,30.6,81.16467826556904,995.1
New_Delhi,2025-07-28 00:00:00,30.0,83.5130798716472,995.5
New_Delhi,2025-07-28 03:00:00,32.0,76.27928569930424,996.5
New_Delhi,2025-07-28 06:00:00,34.6,64.39740048201318,996.4
New_Delhi,2025-07-28 09:00:00,35.0,62.2470562760692,994.7
New_Delhi,2025-07-28 12:00:00,32.6,70.34917736761386,993.9
New_Delhi,2025-07-28 15:00:00,32.0,76.27928569930424,995.9
New_Delhi,2025-07-28 18:00:00,29.8,83.49088910584811,997.0
New_Delhi,2025-07-28 21:00:00,29.8,84.97692867892383,995.8
New_Delhi,2025-07-29 00:00:00,29.0,89.51636332080271,996.1
New_Delhi,2025-07-29 06:00:00,28.8,98.27413799534281,997.8
New_Delhi,2025-07-29 09:00:00,27.0,98.25124348905271,996.8
New_Delhi,2025-07-29 12:00:00,28.0,85.80667728802291,995.7
New_Delhi,2025-07-29 15:00:00,28.0,96.5544215144089,997.0
New_Delhi,2025-07-29 18:00:00,28.0,95.42918067606378,997.9
New_Delhi,2025-07-29 21:00:00,27.6,95.41595470562915,996.9
New_Delhi,2025-07-30 00:00:00,27.8,95.42257479752661,996.9
New_Delhi,2025-07-30 03:00:00,29.2,93.81604482183465,998.3
New_Delhi,2025-07-30 06:00:00,31.2,78.89384535394599,998.3
New_Delhi,2025-07-30 09:00:00,31.0,85.59526014060029,996.5
New_Delhi,2025-07-30 12:00:00,27.6,100.0,996.3
New_Delhi,2025-07-30 15:00:00,27.2,98.25380968140279,997.8
New_Delhi,2025-07-30 18:00:00,27.0,100.0,998.7
New_Delhi,2025-07-30 21:00:00,27.0,100.0,997.5
New_Delhi,2025-07-31 00:00:00,26.4,100.0,997.7
New_Delhi,2025-07-31 03:00:00,27.4,100.0,998.8
New_Delhi,2025-07-31 06:00:00,28.8,98.27413799534281,998.7
New_Delhi,2025-07-31 09:00:00,27.8,100.0,998.2
New_Delhi,2025-07-31 12:00:00,27.2,100.0,997.6
New_Delhi,2025-07-31 15:00:00,27.0,98.25124348905271,998.4
New_Delhi,2025-07-31 18:00:00,27.0,98.25124348905271,1000.0
New_Delhi,2025-07-31 21:00:00,26.8,98.24867165262664,998.6
New_Delhi,2025-08-01 00:00:00,26.6,94.8187901348208,998.8
New_Delhi,2025-08-01 03:00:00,28.0,90.50618565208272,1000.1
New_Delhi,2025-08-01 06:00:00,29.6,82.00361602371757,1000.4
New_Delhi,2025-08-01 09:00:00,32.4,65.48228630790443,997.4
New_Delhi,2025-08-01 12:00:00,30.0,89.58913151799659,997.8
New_Delhi,2025-08-01 15:00:00,29.0,84.89506306062921,999.7
New_Delhi,2025-08-01 18:00:00,27.8,88.89979374390309,1000.3
New_Delhi,2025-08-01 21:00:00,27.4,88.86871874139695,999.0
New_Delhi,2025-08-02 00:00:00,27.4,92.08825670296545,999.0
New_Delhi,2025-08-02 03:00:00,29.2,80.5095630310082,1000.5
New_Delhi,2025-08-02 06:00:00,32.2,67.82126335429727,1001.0
New_Delhi,2025-08-02 09:00:00,33.4,66.07497389595794,998.9
New_Delhi,2025-08-02 12:00:00,33.0,66.78088716309055,997.8
New_Delhi,2025-08-02 15:00:00,29.6,84.95652278782288,1000.2
New_Delhi,2025-08-02 18:00:00,28.4,86.35566419509173,1000.7
New_Delhi,2025-08-02 21:00:00,26.2,100.0,1000.4
New_Delhi,2025-08-03 00:00:00,26.4,100.0,999.7
New_Delhi,2025-08-03 03:00:00,28.2,93.77172585847173,1001.4
New_Delhi,2025-08-03 06:00:00,30.6,75.61652127297627,1001.4
New_Delhi,2025-08-03 09:00:00,33.4,68.4542986966963,999.8
New_Delhi,2025-08-03 12:00:00,33.4,68.4542986966963,999.1
New_Delhi,2025-08-03 15:00:00,31.2,79.82480457377302,1000.6
New_Delhi,2025-08-03 18:00:00,30.4,85.53649748682237,1001.5
New_Delhi,2025-08-03 21:00:00,30.0,81.08968974474207,1000.3
New_Delhi,2025-08-04 00:00:00,29.0,80.48371679996085,1001.0
New_Delhi,2025-08-04 03:00:00,29.0,79.0585121873896,1002.9
New_Delhi,2025-08-04 06:00:00,31.0,69.22506422320274,1003.2
New_Delhi,2025-08-04 09:00:00,33.0,65.60442666205464,1001.7
New_Delhi,2025-08-04 12:00:00,32.0,72.34703340707203,1000.6
New_Delhi,2025-08-04 15:00:00,29.2,74.94658155009306,1001.8
New_Delhi,2025-08-04 18:00:00,29.0,84.89506306062921,1001.8
New_Delhi,2025-08-04 21:00:00,29.0,81.9313443709877,1000.4
New_Delhi,2025-08-05 00:00:00,28.4,81.85865421535438,1000.6
New_Delhi,2025-08-05 03:00:00,29.6,75.45996920875774,1002.1
New_Delhi,2025-08-05 06:00:00,30.6,74.28243957799879,1003.3
New_Delhi,2025-08-05 08:00:00,32.0,66.5821913857855,
New_Delhi,2025-08-05 09:00:00,32.6,75.92543258876539,1002.3
New_Delhi,2025-08-05 12:00:00,32.2,69.86192099541918,1001.0
New_Delhi,2025-08-05 15:00:00,29.2,76.30480387190515,1002.5
New_Delhi,2025-08-05 18:00:00,28.6,79.00337009946395,1002.9
New_Delhi,2025-08-05 21:00:00,28.0,83.28921441559984,1001.3
New_Delhi,2025-08-06 00:00:00,28.0,84.79181717750924,1003.0
New_Delhi,2025-08-06 03:00:00,28.4,80.40588280898815,1004.4
New_Delhi,2025-08-06 06:00:00,32.6,65.52306428907129,1004.5
New_Delhi,2025-08-06 09:00:00,34.8,60.037107384184395,1002.5
New_Delhi,2025-08-06 12:00:00,34.4,59.59215392807818,1000.5
New_Delhi,2025-08-06 15:00:00,31.2,76.157651318818,1001.6
New_Delhi,2025-08-06 18:00:00,30.0,84.99729439748566,1002.5
New_Delhi,2025-08-06 21:00:00,29.0,84.89506306062921,1001.6
New_Delhi,2025-08-07 00:00:00,28.6,77.59711341151534,1001.5
New_Delhi,2025-08-07 03:00:00,31.0,64.4141386029017,1002.9
New_Delhi,2025-08-07 06:00:00,33.4,59.010628693089586,1002.9
New_Delhi,2025-08-07 09:00:00,34.8,56.91064806529948,1001.3
New_Delhi,2025-08-07 12:00:00,34.4,56.47758336128222,999.0
New_Delhi,2025-08-07 15:00:00,32.0,68.5931528079531,999.7
New_Delhi,2025-08-07 18:00:00,30.6,75.61652127297627,1000.9
New_Delhi,2025-08-07 21:00:00,29.8,76.85229197010862,1000.1
New_Delhi,2025-08-08 00:00:00,28.8,72.2237174181299,1000.3
New_Delhi,2025-08-08 03:00:00,30.0,69.03626644470846,1002.1
New_Delhi,2025-08-08 06:00:00,33.2,57.911321754346524,1003.1
New_Delhi,2025-08-08 09:00:00,35.6,50.064309257320595,1002.2
New_Delhi,2025-08-08 12:00:00,35.0,55.948293602131415,1001.7
New_Delhi,2025-08-08 13:00:00,34.0,59.50158303199722,
New_Delhi,2025-08-08 15:00:00,32.4,71.56807265043355,1003.8
New_Delhi,2025-08-08 18:00:00,30.0,79.66535824918688,1004.9
New_Delhi,2025-08-08 21:00:00,26.2,100.0,1003.6
New_Delhi,2025-08-09 00:00:00,27.2,98.25380968140279,1003.4
New_Delhi,2025-08-09 03:00:00,25.0,100.0,1006.7
New_Delhi,2025-08-09 06:00:00,25.4,100.0,1007.4
New_Delhi,2025-08-09 09:00:00,25.8,100.0,1005.3
New_Delhi,2025-08-09 12:00:00,25.7,,1003.4
New_Delhi,2025-08-09 15:00:00,26.0,100.0,1004.2
New_Delhi,2025-08-09 18:00:00,26.4,100.0,1004.3
New_Delhi,2025-08-09 21:00:00,26.4,98.24351098143454,1003.7
New_Delhi,2025-08-10 00:00:00,26.4,96.51405730461323,1003.6
New_Delhi,2025-08-10 03:00:00,28.0,88.91528354225218,1004.7
New_Delhi,2025-08-10 06:00:00,31.4,73.53807422593974,1004.5
New_Delhi,2025-08-10 09:00:00,33.2,67.21631066718778,1002.3
New_Delhi,2025-08-10 12:00:00,33.0,66.78088716309055,1000.6
New_Delhi,2025-08-10 15:00:00,30.0,81.08968974474207,1001.9
New_Delhi,2025-08-10 18:00:00,29.4,89.54556000162309,1002.3
New_Delhi,2025-08-10 21:00:00,29.0,90.57266984744003,1001.7
New_Delhi,2025-08-11 00:00:00,28.2,81.83433063230953,1001.2
New_Delhi,2025-08-11 03:00:00,30.8,70.43939306440934,1002.5
New_Delhi,2025-08-11 06:00:00,32.8,62.13958951433999,1003.1
New_Delhi,2025-08-11 09:00:00,33.2,63.34828851792842,1001.4
New_Delhi,2025-08-11 12:00:00,33.2,68.41626758283552,1000.1
New_Delhi,2025-08-11 15:00:00,31.0,81.21443360821415,1001.8
New_Delhi,2025-08-11 18:00:00,30.0,84.99729439748566,1002.0
New_Delhi,2025-08-11 21:00:00,29.6,86.46751908713752,1000.7
New_Delhi,2025-08-12 00:00:00,25.4,100.0,1001.9
New_Delhi,2025-08-12 03:00:00,26.6,98.24609415561163,1003.8
New_Delhi,2025-08-12 06:00:00,28.4,88.94616815571688,1003.2
New_Delhi,2025-08-12 09:00:00,26.6,98.24609415561163,1003.8
New_Delhi,2025-08-12 12:00:00,32.8,67.93722542562669,998.8
New_Delhi,2025-08-12 15:00:00,30.0,79.66535824918688,1000.3
New_Delhi,2025-08-12 18:00:00,29.0,87.95208930052544,1000.6
New_Delhi,2025-08-12 21:00:00,28.6,90.54615869442738,999.8
New_Delhi,2025-08-13 00:00:00,28.6,90.54615869442738,1000.0
New_Delhi,2025-08-13 03:00:00,30.2,74.2171474546091,1000.9
New_Delhi,2025-08-13 05:00:00,32.0,66.5821913857855,
New_Delhi,2025-08-13 06:00:00,32.4,65.48228630790443,1000.9
New_Delhi,2025-08-13 09:00:00,34.6,59.992245908871396,999.2
New_Delhi,2025-08-13 12:00:00,33.8,62.727505384680136,998.6
New_Delhi,2025-08-13 15:00:00,31.6,78.94871738353811,1000.1
New_Delhi,2025-08-13 18:00:00,30.8,85.5757112364315,1001.8
New_Delhi,2025-08-13 21:00:00,29.6,83.46865512129703,1001.2
New_Delhi,2025-08-14 00:00:00,27.0,100.0,1002.7
New_Delhi,2025-08-14 03:00:00,26.2,100.0,1005.2
New_Delhi,2025-08-14 06:00:00,26.0,100.0,1005.8
New_Delhi,2025-08-14 09:00:00,26.6,100.0,1004.3
New_Delhi,2025-08-14 12:00:00,27.4,93.73593071403404,1002.5
New_Delhi,2025-08-14 15:00:00,27.0,96.5292760949642,1003.3
New_Delhi,2025-08-14 18:00:00,26.8,96.52421418955653,1003.8
New_Delhi,2025-08-14 21:00:00,26.2,98.24092211346162,1002.8
New_Delhi,2025-08-15 00:00:00,26.6,100.0,1002.9
New_Delhi,2025-08-15 03:00:00,27.8,96.54941420693457,1003.5
New_Delhi,2025-08-15 06:00:00,28.6,94.33982141728534,1004.8
New_Delhi,2025-08-15 09:00:00,28.6,90.54615869442738,1002.4
New_Delhi,2025-08-15 12:00:00,29.4,89.54556000162309,999.4
New_Delhi,2025-08-15 15:00:00,28.2,96.55941799604423,1000.7
New_Delhi,2025-08-15 18:00:00,27.6,93.74490804295253,1001.2
New_Delhi,2025-08-15 21:00:00,27.0,98.25124348905271,1000.9
New_Delhi,2025-08-16 00:00:00,27.0,98.25124348905271,1000.9
New_Delhi,2025-08-16 03:00:00,29.4,89.54556000162309,1002.0
New_Delhi,2025-08-16 06:00:00,32.2,74.979976618763,1001.6
New_Delhi,2025-08-16 09:00:00,33.6,70.9438043249328,999.3
New_Delhi,2025-08-16 12:00:00,30.6,78.34767637456054,998.2
New_Delhi,2025-08-16 15:00:00,29.0,95.46199827430759,999.8
New_Delhi,2025-08-16 18:00:00,28.6,95.44891343392182,1000.8
New_Delhi,2025-08-16 21:00:00,27.6,96.54439604252043,1000.6
New_Delhi,2025-08-17 00:00:00,27.6,93.74490804295253,1001.4
New_Delhi,2025-08-17 03:00:00,29.8,86.48603151527291,1002.5
New_Delhi,2025-08-17 06:00:00,33.0,75.5452541352859,1002.6
New_Delhi,2025-08-17 09:00:00,33.6,70.9438043249328,1000.4
New_Delhi,2025-08-17 12:00:00,28.8,86.39309843177878,999.9
New_Delhi,2025-08-17 15:00:00,28.2,88.93074165144274,1001.3
New_Delhi,2025-08-17 18:00:00,28.0,90.50618565208272,1003.4
New_Delhi,2025-08-17 21:00:00,27.4,95.40932035991787,1003.5
New_Delhi,2025-08-18 00:00:00,27.0,98.25124348905271,1003.1
New_Delhi,2025-08-18 03:00:00,29.2,97.14635592590467,1005.1
New_Delhi,2025-08-18 06:00:00,32.0,79.0033862804747,1005.0
New_Delhi,2025-08-18 09:00:00,34.2,68.60580036819208,1002.3
New_Delhi,2025-08-18 12:00:00,34.2,63.93621970684363,1000.2
New_Delhi,2025-08-18 15:00:00,31.0,79.79835457938422,1002.1
New_Delhi,2025-08-18 18:00:00,29.6,83.46865512129703,1002.8
New_Delhi,2025-08-18 21:00:00,29.0,87.95208930052544,1002.2
New_Delhi,2025-08-19 00:00:00,28.6,88.96156313904507,1002.3
New_Delhi,2025-08-19 03:00:00,30.6,82.60607945629376,1003.1
New_Delhi,2025-08-19 06:00:00,34.6,61.06806519838046,1002.6
New_Delhi,2025-08-19 09:00:00,29.6,74.118773297339,1001.4
New_Delhi,2025-08-19 12:00:00,31.2,77.51519693628545,999.6
New_Delhi,2025-08-19 15:00:00,29.0,84.89506306062921,1000.8
New_Delhi,2025-08-19 18:00:00,28.6,88.96156313904507,1002.0
New_Delhi,2025-08-19 21:00:00,28.0,92.12191734434786,1001.1
New_Delhi,2025-08-20 00:00:00,27.8,90.49280598950578,1001.5
New_Delhi,2025-08-20 03:00:00,30.2,81.1147334710309,1002.7
New_Delhi,2025-08-20 06:00:00,33.4,67.25543915862544,1002.2
New_Delhi,2025-08-20 09:00:00,35.0,67.96088926567721,999.7
New_Delhi,2025-08-20 12:00:00,35.0,61.15610416717985,998.2
New_Delhi,2025-08-20 15:00:00,30.6,82.60607945629376,999.9
New_Delhi,2025-08-20 18:00:00,29.8,81.06459831337503,1002.2
New_Delhi,2025-08-20 21:00:00,29.2,83.42405706602797,1002.0
New_Delhi,2025-08-21 00:00:00,28.2,88.93074165144274,1001.9
New_Delhi,2025-08-21 03:00:00,30.2,79.69205742002245,1002.8
New_Delhi,2025-08-21 06:00:00,34.2,63.93621970684363,1001.3
New_Delhi,2025-08-21 09:00:00,33.2,70.45783465512956,999.2
New_Delhi,2025-08-21 12:00:00,33.6,68.49226741509385,997.7
New_Delhi,2025-08-21 15:00:00,31.0,79.79835457938422,999.8
New_Delhi,2025-08-21 18:00:00,29.6,88.00194722290112,1000.7
New_Delhi,2025-08-21 21:00:00,28.8,90.55942797559786,999.4
New_Delhi,2025-08-22 00:00:00,28.0,92.12191734434786,999.1
New_Delhi,2025-08-22 03:00:00,30.8,79.77185498360923,999.6
New_Delhi,2025-08-22 06:00:00,33.8,64.9948432310438,999.2
New_Delhi,2025-08-22 09:00:00,30.6,82.60607945629376,997.8
New_Delhi,2025-08-22 12:00:00,31.8,76.24895936494288,995.7
New_Delhi,2025-08-22 15:00:00,29.0,93.80721852350113,998.5
New_Delhi,2025-08-22 18:00:00,29.0,93.80721852350113,999.2
New_Delhi,2025-08-22 21:00:00,28.6,88.96156313904507,998.5
New_Delhi,2025-08-23 00:00:00,27.8,88.89979374390309,998.5
New_Delhi,2025-08-23 03:00:00,30.2,81.1147334710309,999.5
New_Delhi,2025-08-23 06:00:00,33.6,64.95378562281357,999.1
New_Delhi,2025-08-23 09:00:00,32.6,77.71711967076688,997.0
New_Delhi,2025-08-23 12:00:00,26.0,100.0,997.9
New_Delhi,2025-08-23 15:00:00,26.0,100.0,1000.5
New_Delhi,2025-08-23 18:00:00,25.8,100.0,1000.1
New_Delhi,2025-08-23 21:00:00,26.0,98.23832753499846,999.1
New_Delhi,2025-08-24 00:00:00,25.8,100.0,999.4
New_Delhi,2025-08-24 06:00:00,31.4,77.54420157006253,1000.4
New_Delhi,2025-08-24 09:00:00,30.8,85.5757112364315,998.1
New_Delhi,2025-08-24 12:00:00,27.6,93.74490804295253,998.2
New_Delhi,2025-08-24 15:00:00,27.4,92.08825670296545,999.6
New_Delhi,2025-08-24 18:00:00,27.0,93.71791865005993,1000.6
New_Delhi,2025-08-24 21:00:00,26.8,93.70888380751718,999.3
