DateTime,Location,Temperature_C,Humidity_Percent,Pressure_hPa,Pressure_Missing
2025-01-01 00:00:00,Chennai,24.0,94.71996347442106,1012.9,0
2025-01-01 00:00:00,Hyderabad,19.0,88.7457279474852,1015.0,0
2025-01-01 00:00:00,Kolkata,15.0,86.69713639932762,1015.8,0
2025-01-01 00:00:00,Mumbai,22.0,85.73573371041086,1013.0,0
2025-01-01 00:00:00,New_Delhi,10.4,92.27398343475242,1019.2,0
2025-01-01 03:00:00,Chennai,24.8,84.97083781729286,1015.4,0
2025-01-01 03:00:00,Hyderabad,20.6,85.5946678261552,1016.7,0
2025-01-01 03:00:00,Kolkata,16.1,79.2255500328325,1017.6,0
2025-01-01 03:00:00,Mumbai,22.6,85.795575729377,1014.9,0
2025-01-01 03:00:00,New_Delhi,10.0,86.79106734289007,1020.2,0
2025-01-01 06:00:00,Chennai,29.0,69.68555280505707,1015.1,0
2025-01-01 06:00:00,Hyderabad,27.6,47.9819386707884,1015.9,0
2025-01-01 06:00:00,Kolkata,20.6,64.61860815257197,1016.4,0
2025-01-01 06:00:00,Mumbai,30.4,49.6455182941857,1015.4,0
2025-01-01 06:00:00,New_Delhi,13.0,72.64156333060996,1020.9,0
2025-01-01 09:00:00,Chennai,30.0,58.58138510397075,1012.5,0
2025-01-01 09:00:00,Hyderabad,28.6,49.17506433297476,1011.9,0
2025-01-01 09:00:00,Kolkata,23.2,55.85836060319868,1013.1,0
2025-01-01 09:00:00,Mumbai,33.0,46.73192939565313,1012.1,0
2025-01-01 09:00:00,New_Delhi,14.8,70.09075096388064,1017.9,0
2025-01-01 12:00:00,Chennai,30.0,58.58138510397075,1012.5,0
2025-01-01 12:00:00,Hyderabad,27.0,50.98677157890719,1012.1,0
2025-01-01 12:00:00,Kolkata,21.4,61.92008126297963,1013.4,0
2025-01-01 12:00:00,Mumbai,29.4,54.5893740362844,1011.3,0
2025-01-01 12:00:00,New_Delhi,13.0,83.66887270865111,1017.8,0
2025-01-01 15:00:00,Chennai,26.0,84.07244076824206,1014.3,0
2025-01-01 15:00:00,Hyderabad,23.0,63.085678507414855,1015.3,0
2025-01-01 15:00:00,Kolkata,19.2,72.79689586933766,1015.5,0
2025-01-01 15:00:00,Mumbai,26.4,66.25782759838835,1013.4,0
2025-01-01 15:00:00,New_Delhi,10.2,94.78062882988873,1019.6,0
2025-01-01 18:00:00,Chennai,25.6,85.05359376201457,1014.2,0
2025-01-01 18:00:00,Hyderabad,20.4,73.47887549588208,1015.8,0
2025-01-01 18:00:00,Kolkata,17.2,81.47133555590639,1016.2,0
2025-01-01 18:00:00,Mumbai,23.4,77.78185620897757,1014.4,0
2025-01-01 18:00:00,New_Delhi,8.4,100.0,1019.6,0
2025-01-01 21:00:00,Chennai,24.4,89.71497940989825,1012.3,0
2025-01-01 21:00:00,Hyderabad,17.4,84.1728000475239,1014.6,0
2025-01-01 21:00:00,Kolkata,16.4,84.60810750294789,1014.9,0
2025-01-01 21:00:00,Mumbai,21.8,82.05179279343892,1013.2,0
2025-01-01 21:00:00,New_Delhi,10.0,94.77258174880322,1017.9,0
2025-01-02 00:00:00,Chennai,24.0,93.01505522924244,1012.7,0
2025-01-02 00:00:00,Hyderabad,16.2,89.6666795922352,1014.9,0
2025-01-02 00:00:00,Kolkata,13.4,92.44713118035172,1015.7,0
2025-01-02 00:00:00,Mumbai,20.6,88.87450414906138,1012.6,0
2025-01-02 00:00:00,New_Delhi,10.0,94.77258174880322,1017.5,0
2025-01-02 03:00:00,Chennai,24.6,91.37426421535667,1015.2,0
2025-01-02 03:00:00,Hyderabad,19.2,77.64570694202888,1016.6,0
2025-01-02 03:00:00,Kolkata,14.6,82.21115771380671,1018.5,0
2025-01-02 03:00:00,Mumbai,20.8,85.0794567259643,1014.6,0
2025-01-02 03:00:00,New_Delhi,9.0,100.0,1019.5,0
2025-01-02 06:00:00,Chennai,29.4,53.24504541596325,1015.3,0
2025-01-02 06:00:00,Hyderabad,26.2,42.89549397809908,1015.9,0
2025-01-02 06:00:00,Kolkata,20.0,60.79528448615172,1016.7,0
2025-01-02 06:00:00,Mumbai,30.6,48.77428920867762,1014.9,0
2025-01-02 06:00:00,New_Delhi,12.6,81.40867867317884,1020.8,0
2025-01-02 09:00:00,Chennai,29.0,57.98691806209805,1012.4,0
2025-01-02 09:00:00,Hyderabad,29.2,24.90360248102239,1012.2,0
2025-01-02 09:00:00,Kolkata,22.2,52.07527839165964,1014.0,0
2025-01-02 09:00:00,Mumbai,32.2,45.944408730541696,1012.2,0
2025-01-02 09:00:00,New_Delhi,15.6,68.85115991738205,1017.9,0
2025-01-02 12:00:00,Chennai,27.4,61.70335673214363,1012.7,0
2025-01-02 12:00:00,Hyderabad,26.6,28.983678748077875,1012.5,0
2025-01-02 12:00:00,Kolkata,20.2,62.45824686119664,1014.2,0
2025-01-02 12:00:00,Mumbai,29.6,52.30674462542291,1011.6,0
2025-01-02 12:00:00,New_Delhi,13.8,79.9521193895084,1017.3,0
2025-01-02 15:00:00,Chennai,25.4,77.59744380650201,1014.6,0
2025-01-02 15:00:00,Hyderabad,21.0,48.09227761649968,1016.0,0
2025-01-02 15:00:00,Kolkata,16.8,83.56210204241829,1016.2,0
2025-01-02 15:00:00,Mumbai,26.4,67.92169298232594,1013.5,0
2025-01-02 15:00:00,New_Delhi,10.8,92.29740685931507,1018.9,0
2025-01-02 18:00:00,Chennai,25.4,79.03718283041701,1014.9,0
2025-01-02 18:00:00,Hyderabad,16.6,65.46653260667351,1017.2,0
2025-01-02 18:00:00,Kolkata,16.2,82.94991283505945,1016.4,0
2025-01-02 18:00:00,Mumbai,23.2,79.71231483560945,1014.3,0
2025-01-02 18:00:00,New_Delhi,9.6,100.0,1019.0,0
2025-01-02 21:00:00,Chennai,24.0,84.88741479671322,1013.3,0
2025-01-02 21:00:00,Hyderabad,15.0,74.97803395049729,1016.3,0
2025-01-02 21:00:00,Kolkata,15.8,85.09530172182048,1015.4,0
2025-01-02 21:00:00,Mumbai,20.8,81.92785507473593,1013.4,0
2025-01-02 21:00:00,New_Delhi,9.6,100.0,1018.2,0
2025-01-03 00:00:00,Chennai,23.2,89.62675163391533,1013.5,0
2025-01-03 00:00:00,Hyderabad,14.8,76.96710286217073,1016.3,0
2025-01-03 00:00:00,Kolkata,13.7,88.30318788545544,1016.1,0
2025-01-03 00:00:00,Mumbai,18.6,82.70406260968356,1013.2,0
2025-01-03 00:00:00,New_Delhi,9.6,100.0,1018.4,0
2025-01-03 03:00:00,Chennai,24.2,81.33784349698335,1016.0,0
2025-01-03 03:00:00,Hyderabad,19.4,52.03262799781299,1017.4,0
2025-01-03 03:00:00,Kolkata,15.0,78.5453271453219,1018.3,0
2025-01-03 03:00:00,Mumbai,18.4,84.28418395334555,1015.4,0
2025-01-03 03:00:00,New_Delhi,9.8,100.0,1020.2,0
2025-01-03 06:00:00,Chennai,27.0,69.73535987777385,1016.0,0
2025-01-03 06:00:00,Hyderabad,27.4,26.904965528002045,1015.4,0
2025-01-03 06:00:00,Kolkata,19.4,63.5175342376094,1016.8,0
2025-01-03 06:00:00,Mumbai,31.6,33.92774314269257,1015.4,0
2025-01-03 06:00:00,New_Delhi,12.6,93.01469484053408,1020.6,0
2025-01-03 09:00:00,Chennai,29.0,59.0735624167008,1013.3,0
2025-01-03 09:00:00,Hyderabad,30.0,21.44733079592624,1011.8,0
2025-01-03 09:00:00,Kolkata,22.2,60.5167917252445,1013.7,0
2025-01-03 09:00:00,Mumbai,29.8,23.892435854638773,1008.4,0
2025-01-03 09:00:00,New_Delhi,20.0,60.79528448615172,1017.1,0
2025-01-03 12:00:00,Chennai,26.6,69.23176807489104,1012.9,0
2025-01-03 12:00:00,Hyderabad,27.0,33.76306714415767,1012.3,0
2025-01-03 12:00:00,Kolkata,20.4,70.24697078102471,1014.2,0
2025-01-03 12:00:00,Mumbai,31.4,42.133189091390015,1010.9,0
2025-01-03 12:00:00,New_Delhi,17.8,74.46723613296626,1016.4,0
2025-01-03 15:00:00,Chennai,24.8,75.61833422287444,1013.9,0
2025-01-03 15:00:00,Hyderabad,20.4,56.261960294450695,1015.1,0
2025-01-03 15:00:00,Kolkata,17.0,83.58530465643025,1015.7,0
2025-01-03 15:00:00,Mumbai,27.0,50.98677157890719,1012.3,0
2025-01-03 15:00:00,New_Delhi,11.6,92.343939837859,1017.3,0
2025-01-03 18:00:00,Chennai,22.2,85.75572174928098,1013.1,0
2025-01-03 18:00:00,Hyderabad,18.0,61.5440768070394,1015.6,0
2025-01-03 18:00:00,Kolkata,16.8,87.43108727612648,1015.0,0
2025-01-03 18:00:00,Mumbai,22.4,71.07373433061426,1012.7,0
2025-01-03 18:00:00,New_Delhi,9.2,100.0,1017.1,0
2025-01-03 21:00:00,Chennai,22.4,87.38305999003406,1012.9,0
2025-01-03 21:00:00,Hyderabad,16.0,72.21894762129432,1014.4,0
2025-01-03 21:00:00,Kolkata,16.4,89.68180342228284,1013.8,0
2025-01-03 21:00:00,Mumbai,20.4,77.82585599299374,1012.0,0
2025-01-03 21:00:00,New_Delhi,10.0,100.0,1016.3,0
2025-01-04 00:00:00,Chennai,22.0,87.34731863549206,1012.5,0
2025-01-04 00:00:00,Hyderabad,14.2,76.36035558498175,1014.6,0
2025-01-04 00:00:00,Kolkata,15.0,91.34219794839412,1014.2,0
2025-01-04 00:00:00,Mumbai,18.4,84.28418395334555,1011.9,0
2025-01-04 00:00:00,New_Delhi,10.2,100.0,1016.1,0
2025-01-04 03:00:00,Chennai,23.6,78.29628816720248,1014.9,0
2025-01-04 03:00:00,Hyderabad,20.8,52.05324700160009,1015.5,0
2025-01-04 03:00:00,Kolkata,16.8,82.48472431499,1016.6,0
2025-01-04 03:00:00,Mumbai,17.4,83.63156797114554,1013.7,0
2025-01-04 03:00:00,New_Delhi,11.0,100.0,1017.9,0
2025-01-04 06:00:00,Chennai,29.0,69.68555280505707,1014.6,0
2025-01-04 06:00:00,Hyderabad,27.8,28.7241931887364,1013.7,0
2025-01-04 06:00:00,Kolkata,21.4,66.05766705433949,1015.0,0
2025-01-04 06:00:00,Mumbai,31.4,25.83223082514421,1013.7,0
2025-01-04 06:00:00,New_Delhi,13.6,90.6532389811529,1018.3,0
2025-01-04 09:00:00,Chennai,29.2,58.034152283639216,1011.4,0
2025-01-04 09:00:00,Hyderabad,29.6,29.21836345132702,1010.3,0
2025-01-04 09:00:00,Kolkata,24.2,57.19920383471323,1012.0,0
2025-01-04 09:00:00,Mumbai,31.6,40.099872392856064,1011.3,0
2025-01-04 09:00:00,New_Delhi,19.2,70.01729897448654,1015.0,0
2025-01-04 12:00:00,Chennai,26.6,65.075572953862,1011.1,0
2025-01-04 12:00:00,Hyderabad,26.6,40.01108720525001,1010.7,0
2025-01-04 12:00:00,Kolkata,22.0,72.36558787435905,1012.1,0
2025-01-04 12:00:00,Mumbai,28.6,50.1181639027816,1010.4,0
2025-01-04 12:00:00,New_Delhi,16.8,85.75407058428847,1014.2,0
2025-01-04 15:00:00,Chennai,24.2,81.33784349698335,1013.8,0
2025-01-04 15:00:00,Hyderabad,23.2,59.20534118595157,1013.6,0
2025-01-04 15:00:00,Kolkata,18.0,89.80163133535805,1014.7,0
2025-01-04 15:00:00,Mumbai,23.0,74.39041066627999,1012.7,0
2025-01-04 15:00:00,New_Delhi,12.0,94.85223150186052,1016.4,0
2025-01-04 18:00:00,Chennai,22.2,89.00113039766441,1014.3,0
2025-01-04 18:00:00,Hyderabad,20.0,74.8370880272305,1014.4,0
2025-01-04 18:00:00,Kolkata,16.6,93.82037943614978,1014.7,0
2025-01-04 18:00:00,Mumbai,20.2,71.12017585620825,1013.0,0
2025-01-04 18:00:00,New_Delhi,11.2,97.3799447357553,1016.6,0
2025-01-04 21:00:00,Chennai,23.2,89.62675163391533,1012.6,0
2025-01-04 21:00:00,Hyderabad,18.2,82.65566454927655,1013.2,0
2025-01-04 21:00:00,Kolkata,16.0,93.7925739057458,1013.7,0
2025-01-04 21:00:00,Mumbai,20.4,74.42596717658931,1011.7,0
2025-01-04 21:00:00,New_Delhi,10.4,100.0,1016.4,0
2025-01-05 00:00:00,Chennai,22.8,87.95886336881536,1013.2,0
2025-01-05 00:00:00,Hyderabad,16.4,87.39470655250722,1013.6,0
2025-01-05 00:00:00,Kolkata,15.4,95.59825364282388,1014.5,0
2025-01-05 00:00:00,Mumbai,20.4,74.42596717658931,1011.5,0
2025-01-05 00:00:00,New_Delhi,10.0,100.0,1016.2,0
2025-01-05 03:00:00,Chennai,24.6,78.44038822062748,1015.0,0
2025-01-05 03:00:00,Hyderabad,20.6,73.51355188045937,1015.9,0
2025-01-05 03:00:00,Kolkata,16.2,98.73234606986296,1017.2,0
2025-01-05 03:00:00,Mumbai,21.0,76.44675215115228,1013.3,0
2025-01-05 03:00:00,New_Delhi,10.2,94.78062882988873,1017.5,0
2025-01-05 06:00:00,Chennai,29.0,61.67879224265577,1014.6,0
2025-01-05 06:00:00,Hyderabad,27.2,32.92411211497619,1013.8,0
2025-01-05 06:00:00,Kolkata,21.9,74.67683821226461,1016.1,0
2025-01-05 06:00:00,Mumbai,29.4,37.49349441067488,1013.7,0
2025-01-05 06:00:00,New_Delhi,13.0,79.3052443654048,1017.9,0
2025-01-05 09:00:00,Chennai,29.8,56.06041297831903,1011.3,0
2025-01-05 09:00:00,Hyderabad,29.0,24.51174069737395,1011.1,0
2025-01-05 09:00:00,Kolkata,24.2,52.93687872742393,1013.2,0
2025-01-05 09:00:00,Mumbai,30.8,42.237153447307406,1010.6,0
2025-01-05 09:00:00,New_Delhi,17.2,68.26110097365607,1015.1,0
2025-01-05 12:00:00,Chennai,27.0,63.95820133697369,1011.0,0
2025-01-05 12:00:00,Hyderabad,26.6,35.505251246729415,1010.7,0
2025-01-05 12:00:00,Kolkata,21.4,69.98744152646606,1013.6,0
2025-01-05 12:00:00,Mumbai,26.4,60.71246271379855,1010.5,0
2025-01-05 12:00:00,New_Delhi,15.4,82.85327607713758,1014.5,0
2025-01-05 15:00:00,Chennai,24.6,73.73484030490799,1014.1,0
2025-01-05 15:00:00,Hyderabad,22.8,57.22712564566126,1013.7,0
2025-01-05 15:00:00,Kolkata,18.2,87.0002728768003,1015.4,0
2025-01-05 15:00:00,Mumbai,25.0,72.89363172362464,1012.8,0
2025-01-05 15:00:00,New_Delhi,12.2,92.99352401086504,1016.3,0
2025-01-05 18:00:00,Chennai,23.2,86.38519664977352,1013.9,0
2025-01-05 18:00:00,Hyderabad,20.8,72.61368014958603,1014.1,0
2025-01-05 18:00:00,Kolkata,15.6,90.20428048612229,1014.8,0
2025-01-05 18:00:00,Mumbai,23.6,66.93757991376943,1013.1,0
2025-01-05 18:00:00,New_Delhi,11.0,97.37586910690436,1017.2,0
2025-01-05 21:00:00,Chennai,21.8,91.19872298278054,1012.1,0
2025-01-05 21:00:00,Hyderabad,19.4,81.75226295106319,1013.0,0
2025-01-05 21:00:00,Kolkata,14.2,87.76725450734972,1013.8,0
2025-01-05 21:00:00,Mumbai,20.6,74.4596174181464,1011.8,0
2025-01-05 21:00:00,New_Delhi,10.0,100.0,1016.0,0
2025-01-06 00:00:00,Chennai,21.4,92.8817543813387,1012.1,0
2025-01-06 00:00:00,Hyderabad,17.2,88.03117299650023,1013.0,0
2025-01-06 00:00:00,Kolkata,15.0,90.16085884893616,1014.0,0
2025-01-06 00:00:00,Mumbai,20.0,72.470856291407,1011.8,0
2025-01-06 00:00:00,New_Delhi,11.4,100.0,1015.8,0
2025-01-06 03:00:00,Chennai,23.0,85.83526762261728,1014.3,0
2025-01-06 03:00:00,Hyderabad,21.0,65.97360402800281,1015.2,0
2025-01-06 03:00:00,Kolkata,16.4,98.10672911476868,1016.1,0
2025-01-06 03:00:00,Mumbai,19.2,73.74476286331554,1014.0,0
2025-01-06 03:00:00,New_Delhi,12.8,88.22551374596415,1018.4,0
2025-01-06 06:00:00,Chennai,27.4,67.28568959900366,1013.3,0
2025-01-06 06:00:00,Hyderabad,25.0,48.8512197836542,1014.4,0
2025-01-06 06:00:00,Kolkata,23.8,59.7288658361076,1014.7,0
2025-01-06 06:00:00,Mumbai,27.2,46.06110405973983,1014.2,0
2025-01-06 06:00:00,New_Delhi,15.2,78.57491552248868,1018.9,0
2025-01-06 09:00:00,Chennai,29.0,62.82580292280707,1010.9,0
2025-01-06 09:00:00,Hyderabad,28.8,26.19335309819184,1010.2,0
2025-01-06 09:00:00,Kolkata,26.0,44.557102524016656,1011.7,0
2025-01-06 09:00:00,Mumbai,29.2,43.71989435390604,1011.1,0
2025-01-06 09:00:00,New_Delhi,16.4,75.21280024618457,1016.6,0
2025-01-06 12:00:00,Chennai,27.0,69.73535987777385,1011.1,0
2025-01-06 12:00:00,Hyderabad,26.4,42.1148315728956,1010.4,0
2025-01-06 12:00:00,Kolkata,21.8,62.41362156489233,1012.4,0
2025-01-06 12:00:00,Mumbai,25.8,51.00130891457125,1010.8,0
2025-01-06 12:00:00,New_Delhi,13.8,86.58079732128753,1016.4,0
2025-01-06 15:00:00,Chennai,24.6,81.88902089566457,1013.5,0
2025-01-06 15:00:00,Hyderabad,23.2,60.35954554172838,1013.0,0
2025-01-06 15:00:00,Kolkata,17.9,81.03695143257538,1013.3,0
2025-01-06 15:00:00,Mumbai,23.4,62.372120309898094,1012.7,0
2025-01-06 15:00:00,New_Delhi,12.6,88.20815025668014,1017.9,0
2025-01-06 18:00:00,Chennai,23.2,87.992888940916,1013.5,0
2025-01-06 18:00:00,Hyderabad,21.0,69.46347001972654,1014.2,0
2025-01-06 18:00:00,Kolkata,18.0,78.98312057987694,1013.5,0
2025-01-06 18:00:00,Mumbai,20.8,69.87255673728518,1013.5,0
2025-01-06 18:00:00,New_Delhi,12.4,90.56925386231364,1017.9,0
2025-01-06 21:00:00,Chennai,23.0,91.27459428964966,1012.1,0
2025-01-06 21:00:00,Hyderabad,19.8,76.74758640469649,1012.8,0
2025-01-06 21:00:00,Kolkata,17.6,78.92548771138722,1012.6,0
2025-01-06 21:00:00,Mumbai,20.2,71.12017585620825,1012.3,0
2025-01-06 21:00:00,New_Delhi,11.8,94.84434797549758,1018.0,0
2025-01-07 00:00:00,Chennai,23.4,92.98462350012164,1012.5,0
2025-01-07 00:00:00,Hyderabad,17.2,88.03117299650023,1013.8,0
2025-01-07 00:00:00,Kolkata,17.2,96.88109824815164,1013.4,0
2025-01-07 00:00:00,Mumbai,16.8,83.56210204241829,1012.3,0
2025-01-07 00:00:00,New_Delhi,11.6,97.3880676886059,1018.0,0
2025-01-07 03:00:00,Chennai,24.8,83.42994899232998,1014.9,0
2025-01-07 03:00:00,Hyderabad,19.6,78.20497779794667,1015.8,0
2025-01-07 03:00:00,Kolkata,19.2,84.3724749251044,1015.4,0
2025-01-07 03:00:00,Mumbai,17.4,82.0261957179648,1014.2,0
2025-01-07 03:00:00,New_Delhi,11.8,92.35550813991742,1019.9,0
2025-01-07 06:00:00,Chennai,28.0,63.385341541150645,1014.4,0
2025-01-07 06:00:00,Hyderabad,26.6,45.898403812751,1014.0,0
2025-01-07 06:00:00,Kolkata,25.4,59.722310592735006,1013.5,0
2025-01-07 06:00:00,Mumbai,28.4,42.66751391898363,1014.1,0
2025-01-07 06:00:00,New_Delhi,13.2,88.26012857000727,1020.1,0
2025-01-07 09:00:00,Chennai,29.2,61.723255448317445,1010.6,0
2025-01-07 09:00:00,Hyderabad,29.6,33.3733661184879,1009.9,0
2025-01-07 09:00:00,Kolkata,26.8,51.92002876756459,1010.4,0
2025-01-07 09:00:00,Mumbai,32.4,38.81437277218495,1010.2,0
2025-01-07 09:00:00,New_Delhi,15.0,76.48899399134608,1017.1,0
2025-01-07 12:00:00,Chennai,26.8,69.26993747765529,1010.9,0
2025-01-07 12:00:00,Hyderabad,27.2,36.39235474616245,1010.3,0
2025-01-07 12:00:00,Kolkata,23.4,68.17970717190843,1011.0,0
2025-01-07 12:00:00,Mumbai,28.0,50.60007897036122,1009.8,0
2025-01-07 12:00:00,New_Delhi,14.2,86.61974134881436,1016.3,0
2025-01-07 15:00:00,Chennai,24.4,76.97148310021423,1013.1,0
2025-01-07 15:00:00,Hyderabad,22.6,52.86932284663717,1013.5,0
2025-01-07 15:00:00,Kolkata,20.8,78.38096858207,1012.4,0
2025-01-07 15:00:00,Mumbai,24.6,73.73484030490799,1011.7,0
2025-01-07 15:00:00,New_Delhi,10.4,100.0,1017.7,0
2025-01-07 18:00:00,Chennai,23.2,86.38519664977352,1013.1,0
2025-01-07 18:00:00,Hyderabad,18.8,72.25467272576881,1014.2,0
2025-01-07 18:00:00,Kolkata,20.6,74.4596174181464,1013.1,0
2025-01-07 18:00:00,Mumbai,22.0,79.04974656784833,1011.9,0
2025-01-07 18:00:00,New_Delhi,9.0,100.0,1017.2,0
2025-01-07 21:00:00,Chennai,23.0,88.51830793896134,1012.25,1
2025-01-07 21:00:00,Kolkata,17.0,82.5092926949021,1013.2,1
2025-01-07 21:00:00,Mumbai,24.4,57.616018760164046,1010.5,0
2025-01-07 21:00:00,New_Delhi,8.8,100.0,1015.4,0
2025-01-08 00:00:00,Chennai,21.0,92.86091278956886,1011.4,0
2025-01-08 00:00:00,Hyderabad,16.2,87.37645845218667,1013.4,0
2025-01-08 00:00:00,Kolkata,17.0,81.44548898385827,1013.3,0
2025-01-08 00:00:00,Mumbai,21.4,61.92008126297963,1010.9,0
2025-01-08 00:00:00,New_Delhi,8.8,100.0,1015.1,0
2025-01-08 03:00:00,Chennai,23.0,82.70996817603475,1014.4,0
2025-01-08 03:00:00,Hyderabad,19.0,76.13016520476387,1016.0,0
2025-01-08 03:00:00,Kolkata,18.0,72.58214163091449,1016.8,0
2025-01-08 03:00:00,Mumbai,21.0,68.1361982731892,1013.6,0
2025-01-08 03:00:00,New_Delhi,8.4,100.0,1016.9,0
2025-01-08 06:00:00,Chennai,27.6,61.74805920044047,1014.1,0
2025-01-08 06:00:00,Hyderabad,25.8,42.504129796785165,1014.7,0
2025-01-08 06:00:00,Kolkata,21.2,60.28315144831681,1015.8,0
2025-01-08 06:00:00,Mumbai,29.4,41.58511230854061,1013.9,0
2025-01-08 06:00:00,New_Delhi,16.4,57.94519114371332,1016.9,0
2025-01-08 09:00:00,Chennai,28.0,55.62172468270759,1011.2,0
2025-01-08 09:00:00,Hyderabad,27.8,33.7616101312997,1011.1,0
2025-01-08 09:00:00,Kolkata,22.6,53.918816559734495,1013.2,0
2025-01-08 09:00:00,Mumbai,31.8,43.321177350868766,1010.6,0
2025-01-08 09:00:00,New_Delhi,20.8,64.66195918921383,1014.5,0
2025-01-08 12:00:00,Chennai,26.4,69.19353375788072,1011.7,0
2025-01-08 12:00:00,Hyderabad,26.0,35.81361475994373,1011.5,0
2025-01-08 12:00:00,Kolkata,20.4,64.15608531331758,1014.2,0
2025-01-08 12:00:00,Mumbai,28.6,47.63785276074488,1010.0,0
2025-01-08 12:00:00,New_Delhi,18.4,80.58262590477159,1014.5,0
2025-01-08 15:00:00,Chennai,24.2,76.94107668815431,1014.1,0
2025-01-08 15:00:00,Hyderabad,23.0,48.956639538983296,1014.3,0
2025-01-08 15:00:00,Kolkata,17.4,75.87255538725047,1016.6,0
2025-01-08 15:00:00,Mumbai,25.8,59.06407540325651,1011.7,0
2025-01-08 15:00:00,New_Delhi,11.4,100.0,1016.3,0
2025-01-08 18:00:00,Chennai,22.2,87.3652077823185,1013.8,0
2025-01-08 18:00:00,Hyderabad,19.0,64.26923534769145,1015.3,0
2025-01-08 18:00:00,Kolkata,16.2,83.49220888976578,1017.1,0
2025-01-08 18:00:00,Mumbai,21.8,72.32987810546678,1012.4,0
2025-01-08 18:00:00,New_Delhi,8.8,100.0,1017.2,0
2025-01-08 21:00:00,Chennai,22.0,91.21143560546284,1012.3,0
2025-01-08 21:00:00,Hyderabad,17.0,69.13075772578694,1014.2,0
2025-01-08 21:00:00,Kolkata,14.6,91.3164268378706,1016.0,0
2025-01-08 21:00:00,Mumbai,21.6,65.25391544185001,1011.6,0
2025-01-08 21:00:00,New_Delhi,7.4,97.300858992418,1017.2,0
2025-01-09 00:00:00,Chennai,22.8,85.81544188377062,1013.65,1
2025-01-09 00:00:00,Hyderabad,15.0,74.97803395049729,1015.3,0
2025-01-09 00:00:00,Kolkata,14.0,88.91183607623559,1017.2,0
2025-01-09 00:00:00,Mumbai,19.4,71.8963196457012,1011.3,0
2025-01-09 00:00:00,New_Delhi,6.4,100.0,1017.1,0
2025-01-09 03:00:00,Chennai,24.0,83.33878752130364,1015.0,0
2025-01-09 03:00:00,Hyderabad,18.8,55.85964804455804,1016.6,0
2025-01-09 03:00:00,Kolkata,16.2,75.1794522451566,1020.0,0
2025-01-09 03:00:00,Mumbai,21.0,64.70523940925912,1013.7,0
2025-01-09 03:00:00,New_Delhi,6.4,100.0,1019.4,0
2025-01-09 06:00:00,Chennai,28.6,58.61574157718646,1014.5,0
2025-01-09 06:00:00,Hyderabad,24.0,42.56584806822043,1015.0,0
2025-01-09 06:00:00,Kolkata,20.8,58.24782501549027,1018.7,0
2025-01-09 06:00:00,Mumbai,29.4,37.24996780661884,1014.1,0
2025-01-09 06:00:00,New_Delhi,19.0,54.43155899368546,1019.7,0
2025-01-09 09:00:00,Chennai,28.2,59.62356658779815,1011.7,0
2025-01-09 09:00:00,Hyderabad,26.2,38.34376128735215,1012.1,0
2025-01-09 09:00:00,Kolkata,22.8,52.92103079505408,1015.8,0
2025-01-09 09:00:00,Mumbai,33.0,39.47490249086487,1010.6,0
2025-01-09 09:00:00,New_Delhi,20.0,77.76603602176817,1017.4,0
2025-01-09 12:00:00,Chennai,26.8,62.34242458660606,1012.4,0
2025-01-09 12:00:00,Hyderabad,24.2,50.58182024145127,1013.1,0
2025-01-09 12:00:00,Kolkata,20.2,62.45824686119664,1015.8,0
2025-01-09 12:00:00,Mumbai,29.2,50.591568433033885,1010.6,0
2025-01-09 12:00:00,New_Delhi,17.0,87.449220109464,1017.3,0
2025-01-09 15:00:00,Chennai,24.6,75.58646829846579,1015.2,0
2025-01-09 15:00:00,Hyderabad,22.0,60.86338152710069,1016.2,0
2025-01-09 15:00:00,Kolkata,17.6,75.41157117388549,1018.1,0
2025-01-09 15:00:00,Mumbai,25.4,72.96297423706713,1013.1,0
2025-01-09 15:00:00,New_Delhi,10.6,97.3676893986746,1019.7,0
2025-01-09 18:00:00,Chennai,23.6,79.76690260624395,1016.0,0
2025-01-09 18:00:00,Hyderabad,20.4,67.14077394017983,1017.1,0
2025-01-09 18:00:00,Kolkata,16.4,78.23693356303102,1018.9,0
2025-01-09 18:00:00,Mumbai,22.2,77.11730791149994,1014.2,0
2025-01-09 18:00:00,New_Delhi,9.6,97.34707279392693,1020.4,0
2025-01-09 21:00:00,Chennai,24.0,83.33878752130364,1014.95,1
2025-01-09 21:00:00,Kolkata,13.0,87.65929893866783,1018.95,1
2025-01-09 21:00:00,Mumbai,19.8,77.73604009831854,1012.4,0
2025-01-10 00:00:00,Chennai,22.0,96.39934967716894,1013.9,0
2025-01-10 00:00:00,Hyderabad,18.0,75.47732985732259,1016.4,0
2025-01-10 00:00:00,Kolkata,14.0,81.05149399721032,1019.0,0
2025-01-10 00:00:00,Mumbai,18.6,77.05578821552338,1012.1,0
2025-01-10 00:00:00,New_Delhi,9.6,100.0,1020.1,0
2025-01-10 03:00:00,Chennai,24.6,81.88902089566457,1015.9,0
2025-01-10 03:00:00,Hyderabad,19.8,73.37446534430683,1017.5,0
2025-01-10 03:00:00,Kolkata,16.4,71.34101940854292,1021.6,0
2025-01-10 03:00:00,Mumbai,18.4,78.53229749671034,1014.5,0
2025-01-10 03:00:00,New_Delhi,10.6,100.0,1022.3,0
2025-01-10 06:00:00,Chennai,28.4,69.15080360685214,1015.6,0
2025-01-10 06:00:00,Hyderabad,24.8,47.22988586124766,1016.5,0
2025-01-10 06:00:00,Kolkata,21.4,52.557633204221474,1020.3,0
2025-01-10 06:00:00,Mumbai,29.6,44.109451071360205,1015.8,0
2025-01-10 06:00:00,New_Delhi,13.4,88.27738011354035,1022.8,0
2025-01-10 09:00:00,Chennai,28.2,67.44486451604266,1013.6,0
2025-01-10 09:00:00,Hyderabad,26.2,45.19743650383734,1013.3,0
2025-01-10 09:00:00,Kolkata,23.4,43.83834184284298,1016.6,0
2025-01-10 09:00:00,Mumbai,31.4,46.01865075668593,1012.4,0
2025-01-10 09:00:00,New_Delhi,16.8,73.80949600911026,1019.6,0
2025-01-10 12:00:00,Chennai,26.6,73.61894146789774,1014.1,0
2025-01-10 12:00:00,Hyderabad,24.8,51.06978658634824,1013.7,0
2025-01-10 12:00:00,Kolkata,21.0,50.73632107006152,1016.7,0
2025-01-10 12:00:00,Mumbai,28.2,49.69741447935304,1011.8,0
2025-01-10 12:00:00,New_Delhi,14.4,90.70861843145448,1018.3,0
2025-01-10 15:00:00,Chennai,26.6,78.2479077819723,1016.0,0
2025-01-10 15:00:00,Hyderabad,23.0,63.085678507414855,1016.2,0
2025-01-10 15:00:00,Kolkata,17.4,68.30159212964803,1018.6,0
2025-01-10 15:00:00,Mumbai,24.0,73.63287364526842,1013.7,0
2025-01-10 15:00:00,New_Delhi,10.8,94.8046599388741,1019.3,0
2025-01-10 18:00:00,Chennai,25.6,79.0650667975322,1015.8,0
2025-01-10 18:00:00,Hyderabad,21.0,72.18639640176386,1016.7,0
2025-01-10 18:00:00,Kolkata,15.2,78.57491552248868,1018.3,0
2025-01-10 18:00:00,Mumbai,22.0,82.07643342444838,1014.5,0
2025-01-10 18:00:00,New_Delhi,8.8,100.0,1019.3,0
2025-01-10 21:00:00,Chennai,24.6,83.4072263549273,1014.0,0
2025-01-10 21:00:00,Hyderabad,20.6,75.4163695547947,1015.8,0
2025-01-10 21:00:00,Kolkata,13.2,88.26012857000727,1017.9,0
2025-01-10 21:00:00,Mumbai,20.8,79.8841909723908,1013.5,0
2025-01-10 21:00:00,New_Delhi,10.8,100.0,1019.1,0
2025-01-11 00:00:00,Chennai,25.4,79.03718283041701,1013.4,0
2025-01-11 00:00:00,Hyderabad,18.9,87.61959078824742,1016.1,0
2025-01-11 00:00:00,Kolkata,14.4,80.03600697911848,1018.7,0
2025-01-11 00:00:00,Mumbai,19.6,84.95300821206541,1013.1,0
2025-01-11 00:00:00,New_Delhi,11.0,100.0,1019.0,0
2025-01-11 03:00:00,Chennai,26.2,73.55128024517502,1016.2,0
2025-01-11 03:00:00,Hyderabad,19.4,84.93178225244176,1017.5,0
2025-01-11 03:00:00,Kolkata,16.6,79.29706992228401,1021.1,0
2025-01-11 03:00:00,Mumbai,20.0,86.61909675849209,1015.5,0
2025-01-11 03:00:00,New_Delhi,10.6,100.0,1020.5,0
2025-01-11 06:00:00,Chennai,27.6,65.68864481870233,1016.4,0
2025-01-11 06:00:00,Hyderabad,24.8,56.615701950203146,1016.6,0
2025-01-11 06:00:00,Kolkata,22.2,58.20608486944994,1019.9,0
2025-01-11 06:00:00,Mumbai,28.0,50.60007897036122,1015.7,0
2025-01-11 06:00:00,New_Delhi,13.8,86.58079732128753,1020.8,0
2025-01-11 09:00:00,Chennai,28.0,62.22113735241833,1013.9,0
2025-01-11 09:00:00,Hyderabad,26.8,50.93478513964127,1012.8,0
2025-01-11 09:00:00,Kolkata,24.8,38.98056748808275,1016.3,0
2025-01-11 09:00:00,Mumbai,29.6,51.0137619532381,1012.7,0
2025-01-11 09:00:00,New_Delhi,16.6,77.24819528018222,1017.3,0
2025-01-11 12:00:00,Chennai,27.2,68.49913989698025,1013.7,0
2025-01-11 12:00:00,Hyderabad,25.0,51.453957075615165,1012.9,0
2025-01-11 12:00:00,Kolkata,20.2,66.6654949353759,1015.9,0
2025-01-11 12:00:00,Mumbai,26.6,59.62517376441938,1012.0,0
2025-01-11 12:00:00,New_Delhi,13.4,100.0,1017.3,0
2025-01-11 15:00:00,Chennai,24.4,79.87545001594653,1015.5,0
2025-01-11 15:00:00,Hyderabad,22.6,62.99689602797345,1015.4,0
2025-01-11 15:00:00,Kolkata,17.2,77.8468347395206,1017.5,0
2025-01-11 15:00:00,Mumbai,24.4,67.94922933383891,1013.8,0
2025-01-11 15:00:00,New_Delhi,12.2,100.0,1017.3,0
2025-01-11 18:00:00,Chennai,24.0,83.33878752130364,1015.9,0
2025-01-11 18:00:00,Hyderabad,21.8,66.56750084958523,1016.0,0
2025-01-11 18:00:00,Kolkata,15.6,87.32148192965687,1018.2,0
2025-01-11 18:00:00,Mumbai,22.6,58.68162414536218,1014.9,0
2025-01-11 18:00:00,New_Delhi,10.2,100.0,1018.8,0
2025-01-11 21:00:00,Chennai,23.2,87.992888940916,1013.6,0
2025-01-11 21:00:00,Kolkata,14.4,90.70861843145448,1017.1,0
2025-01-11 21:00:00,Mumbai,19.4,71.8963196457012,1013.9,0
2025-01-11 21:00:00,New_Delhi,10.0,100.0,1018.8,0
2025-01-12 00:00:00,Chennai,23.4,88.00984897364455,1013.3,0
2025-01-12 00:00:00,Hyderabad,19.4,78.1754480731195,1015.4,0
2025-01-12 00:00:00,Kolkata,14.6,91.3164268378706,1017.7,0
2025-01-12 00:00:00,Mumbai,20.8,78.38096858207,1013.7,0
2025-01-12 00:00:00,New_Delhi,9.8,100.0,1018.3,0
2025-01-12 03:00:00,Chennai,24.6,80.39509424447246,1015.8,0
2025-01-12 03:00:00,Hyderabad,19.4,83.32869628675017,1017.5,0
2025-01-12 03:00:00,Kolkata,18.2,77.49399216233556,1019.8,0
2025-01-12 03:00:00,Mumbai,19.8,77.73604009831854,1015.6,0
2025-01-12 03:00:00,New_Delhi,11.2,100.0,1020.6,0
2025-01-12 06:00:00,Chennai,26.4,73.58514111197726,1015.9,0
2025-01-12 06:00:00,Hyderabad,23.6,66.93757991376943,1016.1,0
2025-01-12 06:00:00,Kolkata,25.0,45.46191446999852,1018.3,0
2025-01-12 06:00:00,Mumbai,27.8,46.820447800043176,1015.6,0
2025-01-12 06:00:00,New_Delhi,14.6,93.11914142350814,1021.6,0
2025-01-12 09:00:00,Chennai,26.6,79.6854136873141,1012.3,0
2025-01-12 09:00:00,Hyderabad,26.2,53.7896414941051,1011.9,0
2025-01-12 09:00:00,Kolkata,26.8,37.011014273336045,1014.7,0
2025-01-12 09:00:00,Mumbai,30.0,46.81329451325964,1012.2,0
2025-01-12 09:00:00,New_Delhi,16.6,77.24819528018222,1017.0,0
2025-01-12 12:00:00,Chennai,25.2,83.47525948927431,1012.9,0
2025-01-12 12:00:00,Hyderabad,25.4,58.22575574582849,1012.7,0
2025-01-12 12:00:00,Kolkata,22.8,55.75870795491187,1014.6,0
2025-01-12 12:00:00,Mumbai,27.6,52.79005868609021,1011.6,0
2025-01-12 12:00:00,New_Delhi,15.6,87.32148192965687,1019.1,0
2025-01-12 15:00:00,Chennai,25.6,85.05359376201457,1014.7,0
2025-01-12 15:00:00,Hyderabad,23.0,65.96980208755295,1014.9,0
2025-01-12 15:00:00,Kolkata,19.0,71.8231453434557,1016.2,0
2025-01-12 15:00:00,Mumbai,25.0,59.62894557326245,1013.1,0
2025-01-12 15:00:00,New_Delhi,13.0,95.51712191302202,1020.3,0
2025-01-12 18:00:00,Chennai,25.0,91.39891921824884,1015.2,0
2025-01-12 18:00:00,Hyderabad,21.0,75.4813770557316,1015.4,0
2025-01-12 18:00:00,Kolkata,18.0,78.47368296970863,1016.2,0
2025-01-12 18:00:00,Mumbai,22.6,68.02047939216396,1013.7,0
2025-01-12 18:00:00,New_Delhi,11.0,100.0,1020.3,0
2025-01-12 21:00:00,Chennai,24.0,94.71996347442106,1012.3,0
2025-01-12 21:00:00,Hyderabad,20.0,78.26386705500407,1014.8,0
2025-01-12 21:00:00,Kolkata,17.2,81.47133555590639,1015.3,0
2025-01-12 21:00:00,Mumbai,22.0,68.77349522244712,1012.4,0
2025-01-12 21:00:00,New_Delhi,12.0,100.0,1019.4,0
2025-01-13 00:00:00,Chennai,24.0,94.71996347442106,1012.1,0
2025-01-13 00:00:00,Hyderabad,19.0,83.28201720072231,1014.3,0
2025-01-13 00:00:00,Kolkata,15.4,85.05255730831114,1015.3,0
2025-01-13 00:00:00,Mumbai,23.6,61.23159477777704,1011.9,0
2025-01-13 00:00:00,New_Delhi,10.4,100.0,1019.2,0
2025-01-13 03:00:00,Chennai,25.0,91.39891921824884,1014.2,0
2025-01-13 03:00:00,Hyderabad,20.0,88.82646755484863,1016.0,0
2025-01-13 03:00:00,Kolkata,19.6,72.39905592806319,1017.0,0
2025-01-13 03:00:00,Mumbai,24.0,60.15926751655197,1013.7,0
2025-01-13 03:00:00,New_Delhi,11.0,98.68024589929,1020.5,0
2025-01-13 06:00:00,Chennai,26.4,88.79047072518293,1013.8,0
2025-01-13 06:00:00,Hyderabad,24.2,72.75420198574116,1014.8,0
2025-01-13 06:00:00,Kolkata,25.2,48.90458431872265,1015.9,0
2025-01-13 06:00:00,Mumbai,29.4,47.548518015880695,1013.1,0
2025-01-13 06:00:00,New_Delhi,14.0,82.13548036749823,1020.7,0
2025-01-13 09:00:00,Chennai,27.8,78.41909711972701,1011.0,0
2025-01-13 09:00:00,Hyderabad,26.8,42.50272218585132,1011.1,0
2025-01-13 09:00:00,Kolkata,26.2,47.30012518936924,1012.8,0
2025-01-13 09:00:00,Mumbai,33.2,42.88904573295336,1009.8,0
2025-01-13 09:00:00,New_Delhi,18.0,67.08359313595335,1016.9,0
2025-01-13 12:00:00,Chennai,26.0,80.57864267765963,1011.7,0
2025-01-13 12:00:00,Hyderabad,26.0,42.5596619387752,1011.1,0
2025-01-13 12:00:00,Kolkata,23.6,64.02874504928945,1013.5,0
2025-01-13 12:00:00,Mumbai,30.0,50.48129264923812,1009.2,0
2025-01-13 12:00:00,New_Delhi,16.2,81.34158287457663,1016.6,0
2025-01-13 15:00:00,Chennai,25.8,80.55257262849392,1013.4,0
2025-01-13 15:00:00,Hyderabad,23.2,63.53472696545519,1013.9,0
2025-01-13 15:00:00,Kolkata,19.4,77.17911273163557,1015.4,0
2025-01-13 15:00:00,Mumbai,25.6,68.61205443506742,1010.9,0
2025-01-13 15:00:00,New_Delhi,14.0,90.68098930379765,1018.3,0
2025-01-13 18:00:00,Chennai,24.8,84.97083781729286,1014.0,0
2025-01-13 18:00:00,Hyderabad,21.0,77.42295988813119,1015.0,0
2025-01-13 18:00:00,Kolkata,18.0,82.10130241225859,1016.0,0
2025-01-13 18:00:00,Mumbai,23.4,82.75736601112055,1012.1,0
2025-01-13 18:00:00,New_Delhi,11.4,100.0,1017.9,0
2025-01-13 21:00:00,Chennai,24.8,93.05532775865672,1012.4,0
2025-01-13 21:00:00,Hyderabad,20.4,78.82198804419119,1014.3,0
2025-01-13 21:00:00,Kolkata,18.2,82.12623755031767,1015.2,0
2025-01-13 21:00:00,Mumbai,21.8,79.02146826646637,1011.5,0
2025-01-13 21:00:00,New_Delhi,10.6,100.0,1017.3,0
2025-01-14 00:00:00,Chennai,24.4,94.73534893450255,1012.9,0
2025-01-14 00:00:00,Hyderabad,19.6,88.79427397012621,1014.5,0
2025-01-14 00:00:00,Kolkata,18.0,80.52893541547579,1016.8,0
2025-01-14 00:00:00,Mumbai,22.0,73.75452283587201,1011.4,0
2025-01-14 00:00:00,New_Delhi,9.8,100.0,1017.7,0
2025-01-14 03:00:00,Chennai,25.6,82.01145278638,1015.4,0
2025-01-14 03:00:00,Hyderabad,20.4,87.20286371169097,1016.7,0
2025-01-14 03:00:00,Kolkata,19.0,77.11756813613941,1019.8,0
2025-01-14 03:00:00,Mumbai,25.0,57.393288213137126,1012.3499999999999,1
2025-01-14 03:00:00,New_Delhi,10.0,100.0,1020.3,0
2025-01-14 06:00:00,Chennai,29.2,64.42644761526883,1016.0,0
2025-01-14 06:00:00,Hyderabad,25.0,67.6437181261997,1016.3,0
2025-01-14 06:00:00,Kolkata,23.2,59.20534118595157,1019.3,0
2025-01-14 06:00:00,Mumbai,30.6,48.77428920867762,1013.3,0
2025-01-14 06:00:00,New_Delhi,15.0,82.80466099679545,1021.1,0
2025-01-14 09:00:00,Chennai,30.0,58.58138510397075,1013.0,0
2025-01-14 09:00:00,Hyderabad,27.6,47.06793289109862,1012.3,0
2025-01-14 09:00:00,Kolkata,24.6,56.20494895137573,1016.4,0
2025-01-14 09:00:00,Mumbai,35.0,38.79252543220958,1010.3,0
2025-01-14 09:00:00,New_Delhi,20.2,59.26262508250474,1018.2,0
2025-01-14 12:00:00,Chennai,27.2,71.06754970374743,1013.4,0
2025-01-14 12:00:00,Hyderabad,26.0,46.33441572712344,1013.0,0
2025-01-14 12:00:00,Kolkata,22.5,67.13914943010924,1017.5,0
2025-01-14 12:00:00,Mumbai,28.6,65.09275319702243,1010.4,0
2025-01-14 12:00:00,New_Delhi,18.0,82.10130241225859,1018.2,0
2025-01-14 15:00:00,Chennai,25.8,79.09289790144875,1015.6,0
2025-01-14 15:00:00,Hyderabad,23.6,62.41693601145195,1015.6,0
2025-01-14 15:00:00,Kolkata,20.2,77.7959746080714,1018.9,0
2025-01-14 15:00:00,Mumbai,25.8,74.85200261699907,1012.5,0
2025-01-14 15:00:00,New_Delhi,11.6,94.8364464943844,1020.1,0
2025-01-14 18:00:00,Chennai,25.6,82.01145278638,1016.1,0
2025-01-14 18:00:00,Hyderabad,22.2,74.72659791187877,1015.9,0
2025-01-14 18:00:00,Kolkata,19.0,80.66276457451087,1018.6,0
2025-01-14 18:00:00,Mumbai,23.2,81.21067682976118,1013.6,0
2025-01-14 18:00:00,New_Delhi,10.0,100.0,1019.6,0
2025-01-14 21:00:00,Chennai,24.6,86.51781437617485,1014.1,0
2025-01-14 21:00:00,Hyderabad,21.2,78.93630610503789,1015.7,0
2025-01-14 21:00:00,Kolkata,18.0,74.50117291249502,1018.0,0
2025-01-14 21:00:00,Mumbai,22.4,84.19427459892609,1012.5,0
2025-01-14 21:00:00,New_Delhi,8.6,100.0,1020.4,0
2025-01-15 00:00:00,Chennai,24.4,88.0941253601151,1013.8,0
2025-01-15 00:00:00,Hyderabad,19.4,88.77812614225324,1015.6,0
2025-01-15 00:00:00,Kolkata,16.6,83.53885195933492,1018.8,0
2025-01-15 00:00:00,Mumbai,21.8,87.32939245060646,1012.1,0
2025-01-15 00:00:00,New_Delhi,7.0,100.0,1021.3,0
2025-01-15 03:00:00,Chennai,25.0,88.14427552074832,1016.4,0
2025-01-15 03:00:00,Hyderabad,20.6,83.99497355112098,1018.0,0
2025-01-15 03:00:00,Kolkata,18.2,74.5350464901098,1021.1,0
2025-01-15 03:00:00,Mumbai,22.0,88.98541809305104,1014.5,0
2025-01-15 03:00:00,New_Delhi,9.0,97.3345868984802,1023.0,0
2025-01-15 06:00:00,Chennai,29.6,63.341728305764846,1016.2,0
2025-01-15 06:00:00,Hyderabad,25.0,61.94077368777903,1017.6,0
2025-01-15 06:00:00,Kolkata,24.2,48.95659267969773,1019.4,0
2025-01-15 06:00:00,Mumbai,30.0,62.279197326402645,1014.9,0
2025-01-15 06:00:00,New_Delhi,12.2,94.86009712729935,1022.7,0
2025-01-15 09:00:00,Chennai,30.0,58.58138510397075,1013.8,0
2025-01-15 09:00:00,Hyderabad,26.2,56.59689584142209,1014.2,0
2025-01-15 09:00:00,Kolkata,25.4,32.6399698111584,1016.2,0
2025-01-15 09:00:00,Mumbai,29.2,66.82547661101904,1012.4,0
2025-01-15 09:00:00,New_Delhi,16.6,77.24819528018222,1018.9,0
2025-01-15 12:00:00,Chennai,27.2,69.77298528509857,1014.0,0
2025-01-15 12:00:00,Hyderabad,25.2,59.675662881987066,1013.9,0
2025-01-15 12:00:00,Kolkata,22.4,45.95800817100596,1016.3,0
2025-01-15 12:00:00,Mumbai,26.4,73.58514111197726,1012.2,0
2025-01-15 12:00:00,New_Delhi,15.0,85.00963460681639,1018.7,0
2025-01-15 15:00:00,Chennai,26.0,74.88452551485119,1015.8,0
2025-01-15 15:00:00,Hyderabad,23.2,66.43251151225316,1015.9,0
2025-01-15 15:00:00,Kolkata,20.0,57.28999300611702,1017.6,0
2025-01-15 15:00:00,Mumbai,24.4,75.5545437025466,1014.2,0
2025-01-15 15:00:00,New_Delhi,13.4,90.63931815450904,1019.2,0
2025-01-15 18:00:00,Chennai,25.0,81.93813716288261,1015.9,0
2025-01-15 18:00:00,Hyderabad,21.6,70.92538098431727,1016.5,0
2025-01-15 18:00:00,Kolkata,18.0,70.7067670476825,1017.8,0
2025-01-15 18:00:00,Mumbai,22.4,82.63851822798792,1015.2,0
2025-01-15 18:00:00,New_Delhi,12.8,93.02524475563575,1019.7,0
2025-01-15 21:00:00,Chennai,25.0,83.45262666598398,1014.7,1
2025-01-15 21:00:00,Kolkata,17.2,75.84007888973122,1017.0,0
2025-01-15 21:00:00,Mumbai,20.6,85.05848941378555,1014.0,0
2025-01-15 21:00:00,New_Delhi,12.2,100.0,1019.4,0
2025-01-16 00:00:00,Chennai,22.8,91.2620162268376,1013.5,0
2025-01-16 00:00:00,Hyderabad,20.2,85.55399051378731,1015.3,0
2025-01-16 00:00:00,Kolkata,15.0,88.99298972017739,1017.7,0
2025-01-16 00:00:00,Mumbai,20.4,87.20286371169097,1013.2,0
2025-01-16 00:00:00,New_Delhi,11.2,100.0,1019.7,0
2025-01-16 03:00:00,Chennai,26.0,76.27392919082712,1015.9,0
2025-01-16 03:00:00,Hyderabad,20.6,85.5946678261552,1017.4,0
2025-01-16 03:00:00,Kolkata,16.4,83.51555428322855,1019.7,0
2025-01-16 03:00:00,Mumbai,20.0,86.61909675849209,1015.1,0
2025-01-16 03:00:00,New_Delhi,11.8,100.0,1021.3,0
2025-01-16 06:00:00,Chennai,28.6,74.85017612547131,1015.9,0
2025-01-16 06:00:00,Hyderabad,25.2,63.56898397874541,1016.2,0
2025-01-16 06:00:00,Kolkata,22.8,60.266403339762256,1018.2,0
2025-01-16 06:00:00,Mumbai,28.6,55.07601922060314,1015.5,0
2025-01-16 06:00:00,New_Delhi,13.8,97.43207890463384,1022.8,0
2025-01-16 09:00:00,Chennai,29.4,63.298643541066646,1013.0,0
2025-01-16 09:00:00,Hyderabad,26.6,53.20896834797642,1012.5,0
2025-01-16 09:00:00,Kolkata,25.5,44.71186561206738,1015.3,0
2025-01-16 09:00:00,Mumbai,30.0,52.73546662209652,1012.6,0
2025-01-16 09:00:00,New_Delhi,18.6,60.86968290268062,1020.2,0
2025-01-16 12:00:00,Chennai,27.0,72.34810781589086,1013.2,0
2025-01-16 12:00:00,Hyderabad,26.0,53.73908875879271,1013.6,0
2025-01-16 12:00:00,Kolkata,22.6,64.63389847736897,1015.8,0
2025-01-16 12:00:00,Mumbai,27.8,60.6525992163582,1012.2,0
2025-01-16 12:00:00,New_Delhi,17.6,74.43323600853022,1020.6,0
2025-01-16 15:00:00,Chennai,25.8,70.37492245088673,1015.8,0
2025-01-16 15:00:00,Hyderabad,24.0,62.50635715609359,1015.7,0
2025-01-16 15:00:00,Kolkata,20.2,81.85290034735793,1017.8,0
2025-01-16 15:00:00,Mumbai,24.6,73.73484030490799,1014.5,0
2025-01-16 15:00:00,New_Delhi,12.0,94.85223150186052,1023.0,0
2025-01-16 18:00:00,Chennai,23.4,88.00984897364455,1016.3,0
2025-01-16 18:00:00,Hyderabad,23.0,70.73635442397776,1017.0,0
2025-01-16 18:00:00,Kolkata,18.2,82.12623755031767,1017.6,0
2025-01-16 18:00:00,Mumbai,22.2,79.0779705442933,1015.1,0
2025-01-16 18:00:00,New_Delhi,10.6,100.0,1023.5,0
2025-01-16 21:00:00,Chennai,23.2,91.2871456644803,1013.7,0
2025-01-16 21:00:00,Hyderabad,21.8,74.66022110141452,1016.2,0
2025-01-16 21:00:00,Kolkata,16.4,89.68180342228284,1016.7,0
2025-01-16 21:00:00,Mumbai,21.4,83.5592885796014,1013.4,0
2025-01-16 21:00:00,New_Delhi,9.6,100.0,1022.5,0
2025-01-17 00:00:00,Chennai,22.6,92.9437416009186,1013.2,0
2025-01-17 00:00:00,Hyderabad,19.8,83.37518721529104,1015.0,0
2025-01-17 00:00:00,Kolkata,15.6,89.04126423426794,1016.9,0
2025-01-17 00:00:00,Mumbai,21.0,87.25731534029728,1012.5,0
2025-01-17 00:00:00,New_Delhi,10.2,100.0,1021.3,0
2025-01-17 03:00:00,Chennai,24.6,86.51781437617485,1015.2,0
2025-01-17 03:00:00,Hyderabad,20.4,88.85852566524859,1016.3,0
2025-01-17 03:00:00,Kolkata,17.4,79.92790572070956,1018.7,0
2025-01-17 03:00:00,Mumbai,23.0,76.27881450654198,1013.9,0
2025-01-17 03:00:00,New_Delhi,11.0,97.37586910690436,1022.6,0
2025-01-17 06:00:00,Chennai,27.8,66.13551830732304,1014.8,0
2025-01-17 06:00:00,Hyderabad,26.2,60.28642852412056,1014.6,0
2025-01-17 06:00:00,Kolkata,23.0,59.15792233039937,1017.1,0
2025-01-17 06:00:00,Mumbai,30.8,44.434536966576495,1013.8,0
2025-01-17 06:00:00,New_Delhi,14.6,75.91702201924505,1022.5,0
2025-01-17 09:00:00,Chennai,28.6,72.18874813372028,1012.1,0
2025-01-17 09:00:00,Hyderabad,28.0,41.73733564186969,1011.8,0
2025-01-17 09:00:00,Kolkata,25.4,48.9578850295968,1014.0,0
2025-01-17 09:00:00,Mumbai,35.2,32.77188198042116,1009.9,0
2025-01-17 09:00:00,New_Delhi,17.2,66.47401101986013,1019.0,0
2025-01-17 12:00:00,Chennai,26.6,78.2479077819723,1011.7,0
2025-01-17 12:00:00,Hyderabad,26.2,50.12977591480722,1011.8,0
2025-01-17 12:00:00,Kolkata,23.0,57.64809901125625,1014.2,0
2025-01-17 12:00:00,Mumbai,29.0,59.0735624167008,1009.4,0
2025-01-17 12:00:00,New_Delhi,15.2,85.03111830312803,1018.3,0
2025-01-17 15:00:00,Chennai,25.4,71.62083740281858,1014.2,0
2025-01-17 15:00:00,Hyderabad,23.6,58.16689433121799,1014.2,0
2025-01-17 15:00:00,Kolkata,20.0,70.17068309813398,1015.9,0
2025-01-17 15:00:00,Mumbai,26.8,68.00051812091587,1011.6,0
2025-01-17 15:00:00,New_Delhi,11.4,94.82852700449432,1019.6,0
2025-01-17 18:00:00,Chennai,25.2,77.56785584692332,1014.3,0
2025-01-17 18:00:00,Hyderabad,21.4,74.12129782813045,1014.9,0
2025-01-17 18:00:00,Kolkata,18.0,83.70061000216545,1016.0,0
2025-01-17 18:00:00,Mumbai,24.0,79.82128066340769,1012.5,0
2025-01-17 18:00:00,New_Delhi,11.8,94.84434797549758,1020.1,0
2025-01-17 21:00:00,Chennai,24.4,75.5545437025466,1013.0,0
2025-01-17 21:00:00,Hyderabad,20.6,78.85065029659832,1014.3,0
2025-01-17 21:00:00,Kolkata,17.4,81.49713040868144,1016.0,0
2025-01-17 21:00:00,Mumbai,22.4,77.6333068665811,1011.7,0
2025-01-17 21:00:00,New_Delhi,11.6,97.3880676886059,1019.5,1
2025-01-18 00:00:00,Chennai,23.0,81.18509420602786,1011.8,0
2025-01-18 00:00:00,Hyderabad,20.0,84.99533007192596,1014.2,0
2025-01-18 00:00:00,Kolkata,16.0,86.79296502819646,1016.8,0
2025-01-18 00:00:00,Mumbai,20.6,76.38391108279227,1011.3,0
2025-01-18 00:00:00,New_Delhi,11.2,97.3799447357553,1018.9,0
2025-01-18 03:00:00,Chennai,24.6,73.73484030490799,1014.1,0
2025-01-18 03:00:00,Hyderabad,20.2,81.85290034735793,1016.1,0
2025-01-18 03:00:00,Kolkata,18.0,78.47368296970863,1018.0,0
2025-01-18 03:00:00,Mumbai,20.4,79.82930712381024,1013.5,0
2025-01-18 03:00:00,New_Delhi,11.2,92.32072545539636,1021.4,0
2025-01-18 06:00:00,Chennai,26.8,68.00051812091587,1014.5,0
2025-01-18 06:00:00,Hyderabad,25.2,62.37822151444744,1015.1,0
2025-01-18 06:00:00,Kolkata,23.6,53.822735105171496,1017.3,0
2025-01-18 06:00:00,Mumbai,31.2,37.50756691261887,1013.9,0
2025-01-18 06:00:00,New_Delhi,16.0,67.11266249699416,1020.6,0
2025-01-18 09:00:00,Chennai,27.0,69.73535987777385,1011.8,0
2025-01-18 09:00:00,Hyderabad,27.4,44.36244258826928,1011.8,0
2025-01-18 09:00:00,Kolkata,25.2,46.11683152073457,1014.2,0
2025-01-18 09:00:00,Mumbai,34.4,27.33521470107888,1010.0,0
2025-01-18 09:00:00,New_Delhi,19.8,57.240597392791,1017.1,0
2025-01-18 12:00:00,Chennai,26.2,71.76431122414668,1011.3,0
2025-01-18 12:00:00,Hyderabad,25.6,51.943130192426814,1012.1,0
2025-01-18 12:00:00,Kolkata,23.2,53.37143752203796,1014.1,0
2025-01-18 12:00:00,Mumbai,30.2,54.11245736689154,1009.7,0
2025-01-18 12:00:00,New_Delhi,17.4,75.87255538725047,1016.2,0
2025-01-18 15:00:00,Chennai,24.6,88.1108765345105,1013.1,0
2025-01-18 15:00:00,Hyderabad,23.2,57.69662256232537,1014.4,0
2025-01-18 15:00:00,Kolkata,18.0,77.46347403540311,1015.4,0
2025-01-18 15:00:00,Mumbai,25.2,65.59798637911615,1011.7,0
2025-01-18 15:00:00,New_Delhi,14.2,90.69481897371098,1016.7,0
2025-01-18 18:00:00,Chennai,24.4,89.71497940989825,1012.9,0
2025-01-18 18:00:00,Hyderabad,20.0,74.8370880272305,1015.5,0
2025-01-18 18:00:00,Kolkata,18.8,71.32091814790851,1015.3,0
2025-01-18 18:00:00,Mumbai,22.0,72.36558787435905,1012.7,0
2025-01-18 18:00:00,New_Delhi,12.4,93.0041212821806,1018.0,0
2025-01-18 21:00:00,Chennai,24.0,94.71996347442106,1012.0,0
2025-01-18 21:00:00,Hyderabad,19.0,79.63551875037687,1013.7,0
2025-01-18 21:00:00,Kolkata,17.4,77.37156680658181,1014.7,0
2025-01-18 21:00:00,Mumbai,20.2,71.12017585620825,1011.9,0
2025-01-18 21:00:00,New_Delhi,12.0,97.39615309459306,1017.5,0
2025-01-19 00:00:00,Chennai,24.0,94.71996347442106,1012.0,0
2025-01-19 00:00:00,Hyderabad,16.8,87.99646810422152,1014.8,0
2025-01-19 00:00:00,Kolkata,16.6,82.46010614674658,1015.2,0
2025-01-19 00:00:00,Mumbai,18.8,75.12081534970918,1011.9,0
2025-01-19 00:00:00,New_Delhi,10.2,100.0,1017.2,0
2025-01-19 03:00:00,Chennai,25.4,96.48847066905626,1014.4,0
2025-01-19 03:00:00,Hyderabad,20.2,71.57972299074127,1016.6,0
2025-01-19 03:00:00,Kolkata,18.8,64.64976086204504,1017.8,0
2025-01-19 03:00:00,Mumbai,19.0,77.11756813613941,1014.2,0
2025-01-19 03:00:00,New_Delhi,10.4,100.0,1019.2,0
2025-01-19 06:00:00,Chennai,27.2,84.20248990010974,1014.3,0
2025-01-19 06:00:00,Hyderabad,26.8,44.77629022147234,1015.5,0
2025-01-19 06:00:00,Kolkata,24.6,42.73332193279762,1016.2,0
2025-01-19 06:00:00,Mumbai,31.2,43.70745721912904,1014.9,0
2025-01-19 06:00:00,New_Delhi,20.0,64.06828882011946,1019.1,0
2025-01-19 09:00:00,Chennai,29.6,71.07014207384191,1011.5,0
2025-01-19 09:00:00,Hyderabad,29.6,37.305650520133405,1011.3,0
2025-01-19 09:00:00,Kolkata,25.6,36.67279763142367,1012.5,0
2025-01-19 09:00:00,Mumbai,33.0,36.58107859246772,1011.6,0
2025-01-19 09:00:00,New_Delhi,25.4,47.70165166704305,1015.1,0
2025-01-19 12:00:00,Chennai,27.4,84.22401507730588,1011.8,0
2025-01-19 12:00:00,Hyderabad,28.6,38.25892792313953,1010.7,0
2025-01-19 12:00:00,Kolkata,23.2,49.01034651636725,1011.9,0
2025-01-19 12:00:00,Mumbai,30.4,42.940755780776726,1009.1,0
2025-01-19 12:00:00,New_Delhi,22.6,71.11065930748565,1015.0,0
2025-01-19 15:00:00,Chennai,25.2,83.47525948927431,1013.2,0
2025-01-19 15:00:00,Hyderabad,24.4,51.967956826587525,1013.8,0
2025-01-19 15:00:00,Kolkata,18.8,71.78645915321792,1013.4,0
2025-01-19 15:00:00,Mumbai,27.4,47.62210325150437,1012.3,0
2025-01-19 15:00:00,New_Delhi,16.6,89.69689474307988,1015.7,0
2025-01-19 18:00:00,Chennai,24.6,88.1108765345105,1013.8,0
2025-01-19 18:00:00,Hyderabad,19.6,74.7704038194316,1015.1,0
2025-01-19 18:00:00,Kolkata,16.8,79.32557950867556,1013.3,0
2025-01-19 18:00:00,Mumbai,23.4,63.985292032244,1013.1,0
2025-01-19 18:00:00,New_Delhi,13.8,95.54441131671555,1016.4,0
2025-01-19 21:00:00,Chennai,23.6,94.70451111903132,1012.0,0
2025-01-19 21:00:00,Hyderabad,18.8,81.15471553965567,1014.3,0
2025-01-19 21:00:00,Kolkata,15.4,85.05255730831114,1012.8,0
2025-01-19 21:00:00,Mumbai,21.0,73.11466043664565,1011.7,0
2025-01-19 21:00:00,New_Delhi,13.4,97.42415963862136,1015.6,0
2025-01-20 00:00:00,Chennai,23.2,92.97443596255128,1011.8,0
2025-01-20 00:00:00,Hyderabad,16.2,83.49220888976578,1014.2,0
2025-01-20 00:00:00,Kolkata,14.6,82.21115771380671,1013.3,0
2025-01-20 00:00:00,Mumbai,19.6,79.21141854904147,1011.6,0
2025-01-20 00:00:00,New_Delhi,12.6,97.40821130581216,1015.4,0
2025-01-20 03:00:00,Chennai,23.6,91.3121686462366,1013.9,0
2025-01-20 03:00:00,Hyderabad,20.0,58.825278327005336,1015.4,0
2025-01-20 03:00:00,Kolkata,18.4,63.71423296095101,1015.4,0
2025-01-20 03:00:00,Mumbai,20.4,77.82585599299374,1013.5,0
2025-01-20 03:00:00,New_Delhi,12.8,90.59737196340784,1017.0,0
2025-01-20 06:00:00,Chennai,27.8,66.13551830732304,1013.5,0
2025-01-20 06:00:00,Hyderabad,28.6,31.797794638337045,1013.4,0
2025-01-20 06:00:00,Kolkata,22.8,41.1064537049532,1014.4,0
2025-01-20 06:00:00,Mumbai,31.8,37.19359460976761,1014.0,0
2025-01-20 06:00:00,New_Delhi,21.0,47.77047256983977,1017.2,0
2025-01-20 09:00:00,Chennai,28.8,63.94883649333304,1010.6,0
2025-01-20 09:00:00,Hyderabad,31.4,22.71535309129399,1009.6,0
2025-01-20 09:00:00,Kolkata,24.8,39.24232698927592,1011.2,0
2025-01-20 09:00:00,Mumbai,32.8,39.420117498916575,1010.9,0
2025-01-20 09:00:00,New_Delhi,24.0,52.88544585880423,1014.3,0
2025-01-20 12:00:00,Chennai,26.8,70.99479528301373,1010.4,0
2025-01-20 12:00:00,Hyderabad,29.2,24.90360248102239,1009.2,0
2025-01-20 12:00:00,Kolkata,22.4,53.86767061434077,1010.7,0
2025-01-20 12:00:00,Mumbai,30.2,39.45939339276961,1009.9,0
2025-01-20 12:00:00,New_Delhi,22.4,64.59081281252107,1013.1,0
2025-01-20 15:00:00,Chennai,25.0,80.44778939452424,1012.4,0
2025-01-20 15:00:00,Hyderabad,24.2,46.75856929955079,1012.6,0
2025-01-20 15:00:00,Kolkata,18.4,69.40693384786043,1012.3,0
2025-01-20 15:00:00,Mumbai,25.8,49.38256381356927,1011.6,0
2025-01-20 15:00:00,New_Delhi,16.0,89.65152316161863,1014.7,0
2025-01-20 18:00:00,Chennai,23.8,88.04366400310334,1012.9,0
2025-01-20 18:00:00,Hyderabad,19.4,63.101425844860245,1014.3,0
2025-01-20 18:00:00,Kolkata,16.6,81.39364015704444,1012.5,0
2025-01-20 18:00:00,Mumbai,23.2,60.7486535053691,1012.5,0
2025-01-20 18:00:00,New_Delhi,14.8,91.32932651758928,1014.9,0
2025-01-20 21:00:00,Chennai,23.0,91.27459428964966,1011.0,0
2025-01-20 21:00:00,Hyderabad,18.4,68.5029958382241,1013.9,0
2025-01-20 21:00:00,Kolkata,16.0,85.11660736746623,1012.1,0
2025-01-20 21:00:00,Mumbai,21.0,69.9109186693193,1011.0,0
2025-01-20 21:00:00,New_Delhi,13.4,95.53079760901926,1014.2,0
2025-01-21 00:00:00,Chennai,22.4,91.236779739715,1011.1,0
2025-01-21 00:00:00,Hyderabad,14.8,79.0379405852245,1013.0,0
2025-01-21 00:00:00,Kolkata,14.6,91.3164268378706,1012.0,0
2025-01-21 00:00:00,Mumbai,20.4,79.82930712381024,1010.4,0
2025-01-21 00:00:00,New_Delhi,11.8,94.84434797549758,1013.6,0
2025-01-21 03:00:00,Chennai,23.4,86.40425816902815,1013.1,0
2025-01-21 03:00:00,Hyderabad,20.2,58.87347987861647,1013.6,0
2025-01-21 03:00:00,Kolkata,19.7,71.48766500991057,1014.1,0
2025-01-21 03:00:00,Mumbai,19.8,82.84809311244793,1012.4,0
2025-01-21 03:00:00,New_Delhi,12.0,82.99070859727301,1016.0,0
2025-01-21 06:00:00,Chennai,27.4,68.53792596203576,1013.0,0
2025-01-21 06:00:00,Hyderabad,28.4,27.54937815555941,1012.2,0
2025-01-21 06:00:00,Kolkata,25.7,48.72118020687884,1013.2,0
2025-01-21 06:00:00,Mumbai,30.4,40.80283577060398,1012.9,0
2025-01-21 06:00:00,New_Delhi,20.2,49.51458051910036,1015.9,0
2025-01-21 09:00:00,Chennai,29.4,60.64080490499212,1010.1,0
2025-01-21 09:00:00,Hyderabad,32.2,23.869626678900424,1008.6,0
2025-01-21 09:00:00,Kolkata,27.0,48.440600801845854,1009.9,0
2025-01-21 09:00:00,Mumbai,32.4,49.24307764278141,1009.6,0
2025-01-21 09:00:00,New_Delhi,23.4,45.02160691736955,1012.7,0
2025-01-21 12:00:00,Chennai,27.2,68.49913989698025,1010.0,0
2025-01-21 12:00:00,Hyderabad,29.4,23.6885520583024,1009.1,0
2025-01-21 12:00:00,Kolkata,24.2,60.20575079871314,1010.2,0
2025-01-21 12:00:00,Mumbai,29.0,51.827728335121904,1009.3,0
2025-01-21 12:00:00,New_Delhi,21.4,68.65527496551186,1011.6,0
2025-01-21 15:00:00,Chennai,24.6,80.39509424447246,1011.7,0
2025-01-21 15:00:00,Hyderabad,25.0,41.44882875278398,1011.8,0
2025-01-21 15:00:00,Kolkata,20.8,72.15036463070112,1011.7,0
2025-01-21 15:00:00,Mumbai,26.0,69.11686987087296,1010.6,0
2025-01-21 15:00:00,New_Delhi,16.0,81.31547573150462,1014.0,0
2025-01-21 18:00:00,Chennai,23.8,84.86645400274385,1012.3,0
2025-01-21 18:00:00,Hyderabad,19.0,59.36730006693976,1013.6,0
2025-01-21 18:00:00,Kolkata,19.0,83.81474699659479,1012.0,0
2025-01-21 18:00:00,Mumbai,22.8,72.96625982394418,1011.4,0
2025-01-21 18:00:00,New_Delhi,14.0,93.0880516101139,1014.3,0
2025-01-21 21:00:00,Chennai,22.4,91.236779739715,1010.6,0
2025-01-21 21:00:00,Hyderabad,16.6,70.90759976449691,1012.8,0
2025-01-21 21:00:00,Kolkata,18.4,85.91578474618983,1012.0,0
2025-01-21 21:00:00,Mumbai,21.6,78.49717461310503,1009.8,0
2025-01-21 21:00:00,New_Delhi,10.8,97.37178400429312,1014.0,0
2025-01-22 00:00:00,Chennai,22.4,91.236779739715,1010.7,0
2025-01-22 00:00:00,Hyderabad,15.4,79.64824407749092,1012.8,0
2025-01-22 00:00:00,Kolkata,15.8,94.99867751301176,1012.6,0
2025-01-22 00:00:00,Mumbai,20.0,81.3101072483957,1009.5,0
2025-01-22 00:00:00,New_Delhi,10.4,100.0,1013.3,0
2025-01-22 03:00:00,Chennai,23.6,86.42328080854222,1013.5,0
2025-01-22 03:00:00,Hyderabad,20.2,67.09962901255317,1014.2,0
2025-01-22 03:00:00,Kolkata,20.0,83.39836242248586,1014.9,0
2025-01-22 03:00:00,Mumbai,20.0,86.61909675849209,1011.9,0
2025-01-22 03:00:00,New_Delhi,12.0,97.39615309459306,1015.1,0
2025-01-22 06:00:00,Chennai,27.6,69.84804373904335,1013.3,0
2025-01-22 06:00:00,Hyderabad,28.4,38.95969261430691,1012.4,0
2025-01-22 06:00:00,Kolkata,26.4,47.66111593751544,1014.2,0
2025-01-22 06:00:00,Mumbai,30.0,46.81329451325964,1012.5,0
2025-01-22 06:00:00,New_Delhi,21.2,55.72319363893078,1015.3,0
2025-01-22 09:00:00,Chennai,27.8,68.61530293019021,1010.9,0
2025-01-22 09:00:00,Hyderabad,31.2,25.093546969982302,1008.8,0
2025-01-22 09:00:00,Kolkata,27.5,43.53571905763115,1011.0,0
2025-01-22 09:00:00,Mumbai,31.8,47.586079386321714,1009.0,0
2025-01-22 09:00:00,New_Delhi,24.8,69.75148628714753,1012.2,0
2025-01-22 12:00:00,Chennai,26.8,70.99479528301373,1010.7,0
2025-01-22 12:00:00,Hyderabad,29.0,38.62104754634873,1009.2,0
2025-01-22 12:00:00,Kolkata,25.0,53.83064226424435,1010.8,0
2025-01-22 12:00:00,Mumbai,28.4,51.0254769121298,1008.8,0
2025-01-22 12:00:00,New_Delhi,22.0,73.75452283587201,1011.6,0
2025-01-22 15:00:00,Chennai,25.0,83.45262666598398,1013.2,0
2025-01-22 15:00:00,Hyderabad,25.0,54.17793146764783,1012.1,0
2025-01-22 15:00:00,Kolkata,19.1,76.1461367806651,1013.0,0
2025-01-22 15:00:00,Mumbai,26.2,58.04818884609648,1010.8,0
2025-01-22 15:00:00,New_Delhi,15.6,91.38064355522546,1014.0,0
2025-01-22 18:00:00,Chennai,23.2,89.62675163391533,1013.0,0
2025-01-22 18:00:00,Hyderabad,22.6,64.22118038607861,1012.6,0
2025-01-22 18:00:00,Kolkata,17.6,83.65462891785485,1013.3,0
2025-01-22 18:00:00,Mumbai,22.6,71.11065930748565,1012.1,0
2025-01-22 18:00:00,New_Delhi,14.8,91.32932651758928,1014.5,0
2025-01-22 21:00:00,Chennai,23.0,91.27459428964966,1011.3,0
2025-01-22 21:00:00,Hyderabad,21.0,70.8134260519586,1011.7,0
2025-01-22 21:00:00,Kolkata,17.0,85.22247469723004,1013.3,0
2025-01-22 21:00:00,Mumbai,22.0,73.75452283587201,1010.8,0
2025-01-22 21:00:00,New_Delhi,14.4,95.56471646093954,1014.4,0
2025-01-23 00:00:00,Chennai,22.6,91.24941140171894,1011.2,0
2025-01-23 00:00:00,Hyderabad,18.8,90.4311677327325,1012.1,0
2025-01-23 00:00:00,Kolkata,15.9,95.6148808798676,1013.0,0
2025-01-23 00:00:00,Mumbai,20.4,77.82585599299374,1010.2,0
2025-01-23 00:00:00,New_Delhi,12.6,100.0,1013.7,0
2025-01-23 03:00:00,Chennai,24.0,89.68569309935684,1013.7,0
2025-01-23 03:00:00,Hyderabad,20.8,76.90265703924554,1014.1,0
2025-01-23 03:00:00,Kolkata,16.6,95.63800241653746,1017.0,0
2025-01-23 03:00:00,Mumbai,20.8,73.07960941553814,1012.3,0
2025-01-23 03:00:00,New_Delhi,11.6,100.0,1015.8,0
2025-01-23 06:00:00,Chennai,30.0,62.279197326402645,1012.5666666666667,1
2025-01-23 06:00:00,Hyderabad,27.0,50.98677157890719,1013.0,0
2025-01-23 06:00:00,Kolkata,22.0,75.64284085753373,1015.2,0
2025-01-23 06:00:00,Mumbai,28.8,39.84056692267928,1012.9,0
2025-01-23 06:00:00,New_Delhi,18.8,68.1358734584809,1016.6,0
2025-01-23 09:00:00,Chennai,30.0,66.17996487728405,1011.4333333333333,1
2025-01-23 09:00:00,Hyderabad,29.0,42.5577048750277,1011.25,1
2025-01-23 09:00:00,Kolkata,27.2,53.70027276375083,1011.6,0
2025-01-23 09:00:00,Mumbai,30.2,60.82123901758808,1009.6,0
2025-01-23 09:00:00,New_Delhi,24.2,50.25302714742307,1014.0,0
2025-01-23 12:00:00,Chennai,27.6,69.84804373904335,1010.3,0
2025-01-23 12:00:00,Hyderabad,27.2,52.68822566012092,1009.5,0
2025-01-23 12:00:00,Kolkata,22.4,77.6333068665811,1011.2,0
2025-01-23 12:00:00,Mumbai,28.2,49.69741447935304,1008.8,0
2025-01-23 12:00:00,New_Delhi,21.0,68.1361982731892,1013.9,0
2025-01-23 15:00:00,Chennai,24.4,81.86439065070549,1012.6,0
2025-01-23 15:00:00,Hyderabad,23.6,69.52262062362527,1012.2,0
2025-01-23 15:00:00,Kolkata,19.6,88.79427397012621,1013.3,0
2025-01-23 15:00:00,Mumbai,25.2,59.675662881987066,1010.6,0
2025-01-23 15:00:00,New_Delhi,15.0,88.99298972017739,1016.0,0
2025-01-23 18:00:00,Chennai,23.0,85.83526762261728,1012.6,0
2025-01-23 18:00:00,Hyderabad,22.4,76.18460419497617,1012.4,0
2025-01-23 18:00:00,Kolkata,19.2,90.45898352305711,1013.0,0
2025-01-23 18:00:00,Mumbai,22.4,64.59081281252107,1010.9,0
2025-01-23 18:00:00,New_Delhi,14.2,88.92813687312545,1016.2,0
2025-01-23 21:00:00,Chennai,24.0,83.33878752130364,1011.5,1
2025-01-23 21:00:00,Kolkata,16.0,100.0,1012.85,1
2025-01-23 21:00:00,Mumbai,19.6,72.39905592806319,1009.0,0
2025-01-24 00:00:00,Chennai,22.2,91.22412116599256,1010.4,0
2025-01-24 00:00:00,Hyderabad,18.4,92.13836940421317,1011.6,0
2025-01-24 00:00:00,Kolkata,17.0,95.65113334501886,1012.7,0
2025-01-24 00:00:00,Mumbai,19.0,75.15390064047922,1008.8,0
2025-01-24 00:00:00,New_Delhi,10.8,92.29740685931507,1014.9,0
2025-01-24 03:00:00,Chennai,24.4,83.38445864005315,1012.6,0
2025-01-24 03:00:00,Hyderabad,20.4,83.97260461223745,1013.4,0
2025-01-24 03:00:00,Kolkata,17.4,98.74393174405202,1014.2,0
2025-01-24 03:00:00,Mumbai,19.2,77.14836978029265,1010.7,0
2025-01-24 03:00:00,New_Delhi,11.4,89.89428379005945,1016.6,0
2025-01-24 06:00:00,Chennai,29.0,57.98691806209805,1013.6,0
2025-01-24 06:00:00,Hyderabad,25.6,56.09190715788293,1012.9,0
2025-01-24 06:00:00,Kolkata,24.4,67.94922933383891,1014.5,0
2025-01-24 06:00:00,Mumbai,31.4,36.60859670025432,1011.0,0
2025-01-24 06:00:00,New_Delhi,19.8,55.36993599891513,1016.8,0
2025-01-24 09:00:00,Chennai,30.0,55.07749010874436,1011.0,0
2025-01-24 09:00:00,Hyderabad,30.4,37.045215114076605,1009.1,0
2025-01-24 09:00:00,Kolkata,26.4,54.183993266159504,1011.3,0
2025-01-24 09:00:00,Mumbai,32.8,43.31968651645407,1008.4,0
2025-01-24 09:00:00,New_Delhi,23.2,54.7803195089536,1014.4,0
2025-01-24 12:00:00,Chennai,27.6,68.57664693138325,1011.1,0
2025-01-24 12:00:00,Hyderabad,28.0,40.66555379527833,1009.3,0
2025-01-24 12:00:00,Kolkata,23.5,50.06758579504061,1011.6,0
2025-01-24 12:00:00,Mumbai,30.0,46.81329451325964,1008.1,0
2025-01-24 12:00:00,New_Delhi,20.6,58.19926758382522,1013.9,0
2025-01-24 15:00:00,Chennai,24.0,83.33878752130364,1012.7,0
2025-01-24 15:00:00,Hyderabad,24.0,58.262911964015416,1012.6,0
2025-01-24 15:00:00,Kolkata,20.8,83.49059767012783,1013.3,0
2025-01-24 15:00:00,Mumbai,26.4,60.71246271379855,1010.4,0
2025-01-24 15:00:00,New_Delhi,15.0,66.00498826784306,1015.2,0
2025-01-24 18:00:00,Chennai,22.8,89.59709513251278,1013.2,0
2025-01-24 18:00:00,Hyderabad,21.8,78.03343537790191,1013.4,0
2025-01-24 18:00:00,Kolkata,19.2,88.20251315419341,1013.7,0
2025-01-24 18:00:00,Mumbai,23.6,74.95700457694504,1011.4,0
2025-01-24 18:00:00,New_Delhi,13.6,73.24394075695166,1015.4,0
2025-01-24 21:00:00,Chennai,22.2,92.9231682794469,1011.8,0
2025-01-24 21:00:00,Hyderabad,19.2,86.54276056682889,1012.7,0
2025-01-24 21:00:00,Kolkata,18.4,87.01888303696934,1012.8,0
2025-01-24 21:00:00,Mumbai,22.4,77.6333068665811,1009.7,0
2025-01-24 21:00:00,New_Delhi,12.0,78.62557026245203,1014.4,0
2025-01-25 00:00:00,Chennai,22.0,92.91284830656912,1012.2,0
2025-01-25 00:00:00,Hyderabad,17.6,93.8663131960353,1012.6,0
2025-01-25 00:00:00,Kolkata,18.2,88.11729523295126,1013.7,0
2025-01-25 00:00:00,Mumbai,21.8,79.02146826646637,1009.5,0
2025-01-25 00:00:00,New_Delhi,10.0,84.45766093349363,1014.7,0
2025-01-25 03:00:00,Chennai,24.6,83.4072263549273,1014.0,0
2025-01-25 03:00:00,Hyderabad,21.0,72.18639640176386,1014.5,0
2025-01-25 03:00:00,Kolkata,18.8,86.50435411788642,1016.1,0
2025-01-25 03:00:00,Mumbai,23.6,70.40357180300315,1011.4,0
2025-01-25 03:00:00,New_Delhi,10.4,72.15968708840516,1016.1,0
2025-01-25 06:00:00,Chennai,29.2,61.723255448317445,1013.7,0
2025-01-25 06:00:00,Hyderabad,27.6,34.61681334571386,1013.9,0
2025-01-25 06:00:00,Kolkata,22.0,73.75452283587201,1015.5,0
2025-01-25 06:00:00,Mumbai,33.4,38.11358735939216,1012.2,0
2025-01-25 06:00:00,New_Delhi,19.6,42.4771554603953,1016.5,0
2025-01-25 09:00:00,Chennai,30.0,56.10882184768884,1010.7,0
2025-01-25 09:00:00,Hyderabad,31.8,29.429367974297303,1009.4,0
2025-01-25 09:00:00,Kolkata,25.0,59.62894557326245,1012.5,0
2025-01-25 09:00:00,Mumbai,32.4,45.14572740311554,1009.8,0
2025-01-25 09:00:00,New_Delhi,23.2,30.286047013248613,1013.6,0
2025-01-25 12:00:00,Chennai,27.8,63.34204232336771,1010.4,0
2025-01-25 12:00:00,Hyderabad,29.4,25.12780972306856,1009.7,0
2025-01-25 12:00:00,Kolkata,23.0,63.49078489906616,1012.4,0
2025-01-25 12:00:00,Mumbai,31.4,51.793336482077336,1008.9,0
2025-01-25 12:00:00,New_Delhi,21.0,41.720987584628325,1013.2,0
2025-01-25 15:00:00,Chennai,24.4,81.86439065070549,1012.7,0
2025-01-25 15:00:00,Hyderabad,25.0,48.8512197836542,1012.7,0
2025-01-25 15:00:00,Kolkata,19.6,77.70598670159681,1013.9,0
2025-01-25 15:00:00,Mumbai,26.6,61.139934561733845,1011.0,0
2025-01-25 15:00:00,New_Delhi,13.2,75.1774106722144,1015.1,0
2025-01-25 18:00:00,Chennai,23.8,79.7941177858265,1013.9,0
2025-01-25 18:00:00,Hyderabad,21.0,67.69875882293499,1013.8,0
2025-01-25 18:00:00,Kolkata,17.3,85.80489532603114,1014.2,0
2025-01-25 18:00:00,Mumbai,24.0,67.44315945194963,1011.9,0
2025-01-25 18:00:00,New_Delhi,11.8,80.75488704803611,1015.3,0
2025-01-25 21:00:00,Chennai,21.6,92.89214142096014,1012.2,0
2025-01-25 21:00:00,Hyderabad,18.8,81.67625717273346,1012.8,0
2025-01-25 21:00:00,Kolkata,16.6,86.29023468542944,1013.4,0
2025-01-25 21:00:00,Mumbai,22.8,74.35698654323872,1010.1,0
2025-01-25 21:00:00,New_Delhi,10.0,86.79106734289007,1014.9,0
2025-01-26 00:00:00,Chennai,21.0,92.86091278956886,1012.1,0
2025-01-26 00:00:00,Hyderabad,17.0,88.01383893644437,1013.4,0
2025-01-26 00:00:00,Kolkata,15.7,77.6187376427108,1014.4,0
2025-01-26 00:00:00,Mumbai,22.0,77.08681687030213,1010.0,0
2025-01-26 00:00:00,New_Delhi,8.0,89.0174453601547,1014.8,0
2025-01-26 03:00:00,Chennai,23.2,84.2817000187918,1013.9,0
2025-01-26 03:00:00,Hyderabad,21.4,69.54088286535064,1014.9,0
2025-01-26 03:00:00,Kolkata,18.6,65.89566936008023,1016.6,0
2025-01-26 03:00:00,Mumbai,22.0,84.15029745167602,1012.2,0
2025-01-26 03:00:00,New_Delhi,10.0,72.08450816359871,1016.8,0
2025-01-26 06:00:00,Chennai,29.0,61.67879224265577,1013.6,0
2025-01-26 06:00:00,Hyderabad,29.0,39.63814122610528,1013.5,0
2025-01-26 06:00:00,Kolkata,24.6,35.178098506317255,1015.5,0
2025-01-26 06:00:00,Mumbai,32.6,43.26569266618384,1012.6,0
2025-01-26 06:00:00,New_Delhi,19.6,36.20789230481618,1016.8,0
2025-01-26 09:00:00,Chennai,30.2,60.45078609803656,1010.8,0
2025-01-26 09:00:00,Hyderabad,31.4,37.32227896141382,1008.9,0
2025-01-26 09:00:00,Kolkata,26.0,30.0289438620164,1011.4,0
2025-01-26 09:00:00,Mumbai,34.2,47.91980944869557,1008.8,0
2025-01-26 09:00:00,New_Delhi,22.6,35.8204925776952,1013.5,0
2025-01-26 12:00:00,Chennai,27.0,69.73535987777385,1010.8,0
2025-01-26 12:00:00,Hyderabad,29.0,40.67873292551943,1008.8,0
2025-01-26 12:00:00,Kolkata,23.0,44.61230382169569,1010.9,0
2025-01-26 12:00:00,Mumbai,30.2,57.5576548506657,1008.1,0
2025-01-26 12:00:00,New_Delhi,20.6,53.4042303123328,1012.5,0
2025-01-26 15:00:00,Chennai,24.0,83.33878752130364,1012.4,0
2025-01-26 15:00:00,Hyderabad,24.8,51.06978658634824,1012.1,0
2025-01-26 15:00:00,Kolkata,17.6,68.79445560561811,1012.5,0
2025-01-26 15:00:00,Mumbai,27.6,55.17515984155883,1009.8,0
2025-01-26 15:00:00,New_Delhi,12.4,76.58460864026941,1014.4,0
2025-01-26 18:00:00,Chennai,23.0,87.97589377078442,1012.4,0
2025-01-26 18:00:00,Hyderabad,21.0,67.69875882293499,1013.2,0
2025-01-26 18:00:00,Kolkata,15.2,76.52099903741194,1012.2,0
2025-01-26 18:00:00,Mumbai,24.2,73.66692388726497,1011.6,0
2025-01-26 18:00:00,New_Delhi,9.6,86.75194782273013,1015.2,0
2025-01-26 21:00:00,Chennai,22.6,91.24941140171894,1010.5,0
2025-01-26 21:00:00,Hyderabad,19.0,77.61548030512277,1012.4,0
2025-01-26 21:00:00,Kolkata,15.2,78.57491552248868,1011.7,0
2025-01-26 21:00:00,Mumbai,22.8,81.15946153199087,1010.5,0
2025-01-26 21:00:00,New_Delhi,7.8,91.48787016012284,1014.5,0
2025-01-27 00:00:00,Chennai,22.0,92.91284830656912,1010.6,0
2025-01-27 00:00:00,Hyderabad,17.4,80.44799997229181,1011.8,0
2025-01-27 00:00:00,Kolkata,14.4,82.18598332829268,1012.2,0
2025-01-27 00:00:00,Mumbai,21.6,82.02710335531518,1009.6,0
2025-01-27 00:00:00,New_Delhi,7.8,91.48787016012284,1014.0,0
2025-01-27 03:00:00,Chennai,23.0,89.61193893447619,1013.1,0
2025-01-27 03:00:00,Hyderabad,21.6,78.00395063126331,1013.5,0
2025-01-27 03:00:00,Kolkata,19.6,60.302497666312185,1013.9,0
2025-01-27 03:00:00,Mumbai,21.8,87.32939245060646,1011.4,0
2025-01-27 03:00:00,New_Delhi,8.8,86.67320000098768,1015.6,0
2025-01-27 06:00:00,Chennai,29.0,57.98691806209805,1013.0,0
2025-01-27 06:00:00,Hyderabad,29.6,40.32154731627918,1011.8,0
2025-01-27 06:00:00,Kolkata,19.6,60.302497666312185,1013.9,0
2025-01-27 06:00:00,Mumbai,31.4,50.52742024257406,1011.3,0
2025-01-27 06:00:00,New_Delhi,19.8,41.09531601727599,1015.3,0
2025-01-27 09:00:00,Chennai,30.4,51.86064335379236,1010.3,0
2025-01-27 09:00:00,Hyderabad,32.0,35.38306345014908,1007.7,0
2025-01-27 09:00:00,Kolkata,25.5,35.19490127190029,1009.8,0
2025-01-27 09:00:00,Mumbai,33.6,48.949928846638535,1008.1,0
2025-01-27 09:00:00,New_Delhi,22.6,57.17819771780525,1011.7,0
2025-01-27 12:00:00,Chennai,27.8,67.36540856745333,1009.9,0
2025-01-27 12:00:00,Hyderabad,29.6,40.32154731627918,1007.3,0
2025-01-27 12:00:00,Kolkata,21.8,53.01044026193279,1009.4,0
2025-01-27 12:00:00,Mumbai,31.0,41.492900496462745,1007.2,0
2025-01-27 12:00:00,New_Delhi,20.2,65.8046365225661,1010.4,0
2025-01-27 15:00:00,Chennai,24.4,88.0941253601151,1011.9,0
2025-01-27 15:00:00,Hyderabad,25.2,54.2284006146774,1010.7,0
2025-01-27 15:00:00,Kolkata,17.8,67.04201977928965,1011.5,0
2025-01-27 15:00:00,Mumbai,26.6,49.27635105646181,1009.1,0
2025-01-27 15:00:00,New_Delhi,13.0,79.3052443654048,1012.5,0
2025-01-27 18:00:00,Chennai,23.0,89.61193893447619,1012.0,0
2025-01-27 18:00:00,Hyderabad,22.6,67.15953608656889,1011.9,0
2025-01-27 18:00:00,Kolkata,16.6,73.77464045947974,1011.8,0
2025-01-27 18:00:00,Mumbai,22.8,55.75870795491187,1010.2,0
2025-01-27 18:00:00,New_Delhi,10.0,89.78774143747167,1013.1,0
2025-01-27 21:00:00,Chennai,22.2,92.9231682794469,1010.1,0
2025-01-27 21:00:00,Hyderabad,19.6,79.71889533021026,1010.7,0
2025-01-27 21:00:00,Kolkata,15.6,78.63391824127898,1011.1,0
2025-01-27 21:00:00,Mumbai,20.6,66.31767050651304,1009.1,0
2025-01-27 21:00:00,New_Delhi,7.6,88.37105395086543,1012.5,0
2025-01-28 00:00:00,Chennai,22.6,94.66558503403644,1009.6,0
2025-01-28 00:00:00,Hyderabad,17.6,84.1951681466575,1010.4,0
2025-01-28 00:00:00,Kolkata,14.0,88.91183607623559,1011.5,0
2025-01-28 00:00:00,Mumbai,19.8,77.73604009831854,1008.2,0
2025-01-28 00:00:00,New_Delhi,6.6,97.28375560129751,1012.8,0
2025-01-28 03:00:00,Chennai,23.6,91.3121686462366,1012.8,0
2025-01-28 03:00:00,Hyderabad,21.4,68.21620173273195,1012.6,0
2025-01-28 03:00:00,Kolkata,18.2,69.36768777018142,1014.5,0
2025-01-28 03:00:00,Mumbai,19.8,81.28433674432983,1010.6,0
2025-01-28 03:00:00,New_Delhi,7.8,94.03607061890504,1015.0,0
2025-01-28 06:00:00,Chennai,28.4,67.8977377259484,1013.8,0
2025-01-28 06:00:00,Hyderabad,28.6,45.84906973527539,1012.2,0
2025-01-28 06:00:00,Kolkata,25.2,46.11683152073457,1014.6,0
2025-01-28 06:00:00,Mumbai,29.4,39.49270164196813,1011.7,0
2025-01-28 06:00:00,New_Delhi,19.4,49.96943652504709,1014.6,0
2025-01-28 09:00:00,Chennai,29.4,59.53202238671283,1010.6,0
2025-01-28 09:00:00,Hyderabad,31.5,35.01750224482969,1008.2,0
2025-01-28 09:00:00,Kolkata,27.0,43.39821017416529,1011.7,0
2025-01-28 09:00:00,Mumbai,31.6,49.64767639109842,1009.3,0
2025-01-28 09:00:00,New_Delhi,24.2,31.85982695798206,1011.2,0
2025-01-28 12:00:00,Chennai,27.4,68.53792596203576,1010.9,0
2025-01-28 12:00:00,Hyderabad,28.9,43.358719380194,1009.2,0
2025-01-28 12:00:00,Kolkata,23.5,51.73366060515715,1011.9,0
2025-01-28 12:00:00,Mumbai,28.6,66.70492848245004,1009.1,0
2025-01-28 12:00:00,New_Delhi,21.4,46.61246420042011,1010.9,0
2025-01-28 15:00:00,Chennai,24.2,83.36164573364587,1013.5,0
2025-01-28 15:00:00,Hyderabad,25.4,57.125066941783295,1012.1,0
2025-01-28 15:00:00,Kolkata,20.6,62.95797615726987,1014.1,0
2025-01-28 15:00:00,Mumbai,25.6,60.14797743743242,1011.3,0
2025-01-28 15:00:00,New_Delhi,13.2,83.69227900381789,1013.2,0
2025-01-28 18:00:00,Chennai,22.6,87.40087535726879,1014.4,0
2025-01-28 18:00:00,Hyderabad,23.2,64.76273665122594,1013.0,0
2025-01-28 18:00:00,Kolkata,20.0,81.3101072483957,1015.1,0
2025-01-28 18:00:00,Mumbai,22.0,75.64284085753373,1012.1,0
2025-01-28 18:00:00,New_Delhi,10.6,92.28570828919668,1014.5,0
2025-01-28 21:00:00,Chennai,23.0,91.27459428964966,1013.0,0
2025-01-28 21:00:00,Hyderabad,20.6,76.8717602098119,1011.9,0
2025-01-28 21:00:00,Kolkata,18.8,86.50435411788642,1014.7,0
2025-01-28 21:00:00,Mumbai,20.0,77.76603602176817,1011.2,0
2025-01-28 21:00:00,New_Delhi,8.6,97.32621416169188,1014.8,0
2025-01-29 00:00:00,Chennai,22.6,89.58222014288508,1012.4,0
2025-01-29 00:00:00,Hyderabad,20.2,76.80979087846377,1013.1,0
2025-01-29 00:00:00,Kolkata,17.2,92.0684857695993,1015.1,0
2025-01-29 00:00:00,Mumbai,19.0,80.66276457451087,1010.9,0
2025-01-29 00:00:00,New_Delhi,7.6,100.0,1015.0,0
2025-01-29 03:00:00,Chennai,24.0,88.06051918717874,1014.8,0
2025-01-29 03:00:00,Hyderabad,22.5,63.38062267030909,1015.1,0
2025-01-29 03:00:00,Kolkata,19.8,81.28433674432983,1017.6,0
2025-01-29 03:00:00,Mumbai,19.0,80.66276457451087,1013.4,0
2025-01-29 03:00:00,New_Delhi,8.2,100.0,1016.9,0
2025-01-29 06:00:00,Chennai,29.0,57.98691806209805,1014.7,0
2025-01-29 06:00:00,Hyderabad,27.4,51.41660273005798,1014.3,0
2025-01-29 06:00:00,Kolkata,25.0,63.92706944237422,1017.1,0
2025-01-29 06:00:00,Mumbai,29.8,36.63912034977847,1014.1,0
2025-01-29 06:00:00,New_Delhi,21.2,55.72319363893078,1016.4,0
2025-01-29 09:00:00,Chennai,29.4,55.61707598766949,1011.2,0
2025-01-29 09:00:00,Hyderabad,30.6,40.33831868457288,1010.6,0
2025-01-29 09:00:00,Kolkata,26.0,61.77549134798711,1013.3,0
2025-01-29 09:00:00,Mumbai,31.4,41.86702922128524,1011.4,0
2025-01-29 09:00:00,New_Delhi,25.0,40.63068896459837,1013.0,0
2025-01-29 12:00:00,Chennai,27.4,68.53792596203576,1010.8,0
2025-01-29 12:00:00,Hyderabad,28.4,42.11951680264468,1010.2,0
2025-01-29 12:00:00,Kolkata,25.0,71.10528271258221,1012.3,0
2025-01-29 12:00:00,Mumbai,29.4,49.6968017663282,1010.2,0
2025-01-29 12:00:00,New_Delhi,22.2,61.304763090957,1011.9,0
2025-01-29 15:00:00,Chennai,24.6,73.73484030490799,1013.6,0
2025-01-29 15:00:00,Hyderabad,24.4,61.805642930968055,1012.8,0
2025-01-29 15:00:00,Kolkata,23.1,81.19789176646812,1013.7,0
2025-01-29 15:00:00,Mumbai,25.4,69.86503547584091,1011.4,0
2025-01-29 15:00:00,New_Delhi,15.4,85.05255730831114,1013.6,0
2025-01-29 18:00:00,Chennai,25.0,78.49764721655077,1013.0333333333333,1
2025-01-29 18:00:00,Kolkata,21.5,87.302433509681,1013.4,0
2025-01-29 18:00:00,Mumbai,22.6,79.13425604294972,1012.1,0
2025-01-29 18:00:00,New_Delhi,13.6,88.29459455000975,1013.9,0
2025-01-29 21:00:00,Chennai,25.0,78.49764721655077,1012.4666666666667,1
2025-01-29 21:00:00,Hyderabad,21.2,75.99459319641511,1012.4,0
2025-01-29 21:00:00,Kolkata,20.8,90.00646131338723,1013.0,0
2025-01-29 21:00:00,Mumbai,21.0,85.6351787342579,1010.8,0
2025-01-29 21:00:00,New_Delhi,11.2,94.82058945159967,1012.7,0
2025-01-30 00:00:00,Chennai,23.2,77.7522586030719,1011.9,0
2025-01-30 00:00:00,Hyderabad,20.0,80.28331735432165,1012.0,0
2025-01-30 00:00:00,Kolkata,21.0,94.6024134245662,1011.2,0
2025-01-30 00:00:00,Mumbai,19.6,84.95300821206541,1010.3,0
2025-01-30 00:00:00,New_Delhi,10.4,97.36358526068923,1011.9,0
2025-01-30 03:00:00,Chennai,24.4,76.97148310021423,1014.3,0
2025-01-30 03:00:00,Hyderabad,22.4,71.52556901411458,1014.1,0
2025-01-30 03:00:00,Kolkata,23.4,88.00984897364455,1013.1,0
2025-01-30 03:00:00,Mumbai,19.4,86.56190404346255,1012.0,0
2025-01-30 03:00:00,New_Delhi,10.8,97.37178400429312,1013.6,0
2025-01-30 06:00:00,Chennai,30.4,61.61247622848766,1013.4,0
2025-01-30 06:00:00,Hyderabad,27.0,50.98677157890719,1013.5,0
2025-01-30 06:00:00,Kolkata,28.4,65.05100507166367,1012.4,0
2025-01-30 06:00:00,Mumbai,30.4,44.046168687958335,1012.6,0
2025-01-30 06:00:00,New_Delhi,21.0,56.78422528555351,1012.7,0
2025-01-30 09:00:00,Chennai,31.4,61.08987992237482,1010.3,0
2025-01-30 09:00:00,Hyderabad,31.0,42.0239888803206,1008.7,0
2025-01-30 09:00:00,Kolkata,28.2,63.820534212683214,1008.9,0
2025-01-30 09:00:00,Mumbai,32.0,39.45068417949749,1009.8,0
2025-01-30 09:00:00,New_Delhi,26.0,46.03393328611059,1008.8,0
2025-01-30 12:00:00,Chennai,28.6,69.18880061124511,1010.0,0
2025-01-30 12:00:00,Hyderabad,29.6,45.82630953770183,1007.9,0
2025-01-30 12:00:00,Kolkata,25.8,74.85200261699907,1008.7,0
2025-01-30 12:00:00,Mumbai,30.6,35.68518092960056,1008.4,0
2025-01-30 12:00:00,New_Delhi,22.8,65.09159530734026,1008.1,0
2025-01-30 15:00:00,Chennai,26.0,80.57864267765963,1011.7,0
2025-01-30 15:00:00,Hyderabad,25.1,62.75082644517264,1010.6,0
2025-01-30 15:00:00,Kolkata,23.6,84.84545097606222,1010.1,0
2025-01-30 15:00:00,Mumbai,25.6,56.09190715788293,1009.9,0
2025-01-30 15:00:00,New_Delhi,16.2,87.37645845218667,1009.7,0
2025-01-30 18:00:00,Chennai,26.2,90.38476214988124,1012.0,0
2025-01-30 18:00:00,Hyderabad,22.5,71.09220496160599,1011.6,0
2025-01-30 18:00:00,Kolkata,23.0,89.61193893447619,1009.6,0
2025-01-30 18:00:00,Mumbai,22.4,72.43681558289073,1010.7,0
2025-01-30 18:00:00,New_Delhi,13.8,97.43207890463384,1010.7,0
2025-01-30 21:00:00,Chennai,25.6,87.13618000678832,1010.1,0
2025-01-30 21:00:00,Hyderabad,20.6,79.35231196695528,1010.6,0
2025-01-30 21:00:00,Kolkata,22.4,91.236779739715,1008.7,0
2025-01-30 21:00:00,Mumbai,22.8,65.09159530734026,1009.7,0
2025-01-30 21:00:00,New_Delhi,12.0,97.39615309459306,1010.1,0
2025-01-31 00:00:00,Chennai,24.6,91.37426421535667,1010.5,0
2025-01-31 00:00:00,Hyderabad,18.3,81.6125707167387,1011.1,0
2025-01-31 00:00:00,Kolkata,22.0,92.91284830656912,1010.1,0
2025-01-31 00:00:00,Mumbai,20.2,74.3922547674494,1009.8,0
2025-01-31 00:00:00,New_Delhi,10.8,97.37178400429312,1009.7,0
2025-01-31 03:00:00,Chennai,26.2,85.62978692730046,1013.1,0
2025-01-31 03:00:00,Hyderabad,21.8,73.25423015557375,1013.0,0
2025-01-31 03:00:00,Kolkata,23.0,89.61193893447619,1012.8,0
2025-01-31 03:00:00,Mumbai,18.8,69.94020031223228,1012.1,0
2025-01-31 03:00:00,New_Delhi,11.0,94.81263378127056,1012.1,0
2025-01-31 06:00:00,Chennai,31.2,66.82152314124305,1013.0,0
2025-01-31 06:00:00,Hyderabad,30.0,45.068707268683376,1011.7,0
2025-01-31 06:00:00,Kolkata,26.4,73.58514111197726,1012.9,0
2025-01-31 06:00:00,Mumbai,29.8,36.63912034977847,1012.9,0
2025-01-31 06:00:00,New_Delhi,22.2,59.73774579082662,1011.7,0
2025-01-31 09:00:00,Chennai,31.6,63.76891644496256,1010.4,0
2025-01-31 09:00:00,Hyderabad,33.0,34.53476499143403,1007.5,0
2025-01-31 09:00:00,Kolkata,28.3,67.05346076728486,1009.9,0
2025-01-31 09:00:00,Mumbai,30.0,38.15149167807132,1009.6,0
2025-01-31 09:00:00,New_Delhi,26.0,44.557102524016656,1009.5,0
2025-01-31 12:00:00,Chennai,29.2,73.60956501820533,1009.8,0
2025-01-31 12:00:00,Hyderabad,30.4,43.21479799263632,1007.4,0
2025-01-31 12:00:00,Kolkata,26.3,78.68225110602832,1010.0,0
2025-01-31 12:00:00,Mumbai,28.6,35.12801925911219,1009.1,0
2025-01-31 12:00:00,New_Delhi,23.4,62.372120309898094,1009.0,0
2025-01-31 15:00:00,Chennai,26.8,85.68910507577876,1011.3,0
2025-01-31 15:00:00,Hyderabad,26.0,61.38851998965914,1010.6,0
2025-01-31 15:00:00,Kolkata,24.6,88.1108765345105,1011.6,0
2025-01-31 15:00:00,Mumbai,25.0,53.83064226424435,1011.0,0
2025-01-31 15:00:00,New_Delhi,16.8,91.45678288516469,1011.5,0
2025-01-31 18:00:00,Chennai,26.4,88.79047072518293,1011.8,0
2025-01-31 18:00:00,Hyderabad,23.6,65.2614948740191,1011.5,0
2025-01-31 18:00:00,Kolkata,23.8,91.32464040055407,1011.8,0
2025-01-31 18:00:00,Mumbai,23.4,68.61214204484527,1012.1,0
2025-01-31 18:00:00,New_Delhi,14.0,95.5511950409864,1012.8,0
2025-01-31 21:00:00,Chennai,27.0,83.67695517522091,1011.25,1
2025-01-31 21:00:00,Kolkata,22.0,94.0625242758801,1011.55,1
2025-01-31 21:00:00,Mumbai,20.4,77.82585599299374,1010.9,0
2025-02-01 00:00:00,Chennai,24.2,93.02515571569042,1010.7,0
2025-02-01 00:00:00,Hyderabad,18.8,86.50435411788642,1011.7,0
2025-02-01 00:00:00,Kolkata,22.4,96.41000840186356,1011.3,0
2025-02-01 00:00:00,Mumbai,19.4,86.56190404346255,1010.3,0
2025-02-01 00:00:00,New_Delhi,11.2,100.0,1011.9,0
2025-02-01 03:00:00,Chennai,25.6,93.09525743190017,1013.5,0
2025-02-01 03:00:00,Hyderabad,23.4,71.2577098355331,1012.8,0
2025-02-01 03:00:00,Kolkata,22.2,98.18792289381352,1013.7,0
2025-02-01 03:00:00,Mumbai,20.8,85.0794567259643,1012.9,0
2025-02-01 03:00:00,New_Delhi,11.6,100.0,1014.3,0
2025-02-01 06:00:00,Chennai,30.2,69.0741524820506,1013.9,0
2025-02-01 06:00:00,Hyderabad,30.4,43.49037598848412,1011.7,0
2025-02-01 06:00:00,Kolkata,25.8,84.05061522100549,1013.5,0
2025-02-01 06:00:00,Mumbai,28.4,42.66751391898363,1013.6,0
2025-02-01 06:00:00,New_Delhi,20.0,75.80243725044951,1015.1,0
2025-02-01 09:00:00,Chennai,31.4,58.54929693422029,1010.4,0
2025-02-01 09:00:00,Hyderabad,33.8,31.975480131772077,1008.0,0
2025-02-01 09:00:00,Kolkata,27.1,78.31947058200551,1010.8,0
2025-02-01 09:00:00,Mumbai,29.0,46.84304212720025,1010.7,0
2025-02-01 09:00:00,New_Delhi,25.0,51.12208134401761,1012.3,0
2025-02-01 12:00:00,Chennai,28.2,76.15120458899845,1010.3,0
2025-02-01 12:00:00,Hyderabad,31.0,34.879043630281735,1008.5,0
2025-02-01 12:00:00,Kolkata,26.7,81.15864903297417,1010.5,0
2025-02-01 12:00:00,Mumbai,27.0,52.30341645916792,1010.0,0
2025-02-01 12:00:00,New_Delhi,23.6,62.41693601145195,1011.4,0
2025-02-01 15:00:00,Chennai,26.4,82.60642273476351,1012.4,0
2025-02-01 15:00:00,Hyderabad,26.4,54.183993266159504,1011.5,0
2025-02-01 15:00:00,Kolkata,24.0,91.33708576167582,1012.1,0
2025-02-01 15:00:00,Mumbai,24.2,72.3015743251088,1012.0,0
2025-02-01 15:00:00,New_Delhi,17.0,88.01383893644437,1013.5,0
2025-02-01 18:00:00,Chennai,25.6,87.13618000678832,1013.6,0
2025-02-01 18:00:00,Hyderabad,24.2,72.75420198574116,1012.7,0
2025-02-01 18:00:00,Kolkata,23.2,89.62675163391533,1012.1,0
2025-02-01 18:00:00,Mumbai,23.0,63.49078489906616,1013.1,0
2025-02-01 18:00:00,New_Delhi,15.0,95.58488420598349,1014.9,0
2025-02-01 21:00:00,Chennai,23.8,88.04366400310334,1011.7,0
2025-02-01 21:00:00,Hyderabad,22.0,82.59064807692023,1012.3,0
2025-02-01 21:00:00,Kolkata,22.6,91.24941140171894,1011.1,0
2025-02-01 21:00:00,Mumbai,19.6,70.54987572913048,1011.8,0
2025-02-01 21:00:00,New_Delhi,13.4,97.42415963862136,1014.4,0
2025-02-02 00:00:00,Chennai,23.4,94.69675973556868,1012.1,0
2025-02-02 00:00:00,Hyderabad,20.2,87.1846376215996,1011.8,0
2025-02-02 00:00:00,Kolkata,22.6,94.66558503403644,1011.6,0
2025-02-02 00:00:00,Mumbai,18.6,69.44611108171303,1010.6,0
2025-02-02 00:00:00,New_Delhi,13.4,97.42415963862136,1014.1,0
2025-02-02 03:00:00,Chennai,25.6,90.3437793367858,1014.0,0
2025-02-02 03:00:00,Hyderabad,23.4,64.8055435116571,1013.5,0
2025-02-02 03:00:00,Kolkata,22.3,98.78963245658608,1014.3,0
2025-02-02 03:00:00,Mumbai,19.0,68.17624188935186,1012.9,0
2025-02-02 03:00:00,New_Delhi,12.8,97.41221218415632,1016.9,0
2025-02-02 06:00:00,Chennai,30.6,55.56557299066436,1013.5,0
2025-02-02 06:00:00,Hyderabad,31.0,33.98268796008183,1012.6,0
2025-02-02 06:00:00,Kolkata,25.4,83.49784757524912,1013.8,0
2025-02-02 06:00:00,Mumbai,30.0,35.984923231294545,1013.5,0
2025-02-02 06:00:00,New_Delhi,17.2,73.87901308111256,1017.6,0
2025-02-02 09:00:00,Chennai,31.0,65.58856385714532,1010.3,0
2025-02-02 09:00:00,Hyderabad,33.0,32.80103853289177,1008.6,0
2025-02-02 09:00:00,Kolkata,26.0,79.12067626724064,1010.6,0
2025-02-02 09:00:00,Mumbai,31.2,37.50756691261887,1010.3,0
2025-02-02 09:00:00,New_Delhi,22.2,53.816455376649685,1014.3,0
2025-02-02 12:00:00,Chennai,28.0,67.40516935791447,1010.1,0
2025-02-02 12:00:00,Hyderabad,31.0,33.98268796008183,1008.7,0
2025-02-02 12:00:00,Kolkata,25.2,83.47525948927431,1010.3,0
2025-02-02 12:00:00,Mumbai,29.2,35.99732762728706,1009.7,0
2025-02-02 12:00:00,New_Delhi,20.0,70.62550939676852,1013.9,0
2025-02-02 15:00:00,Chennai,24.8,80.42146721617324,1012.7,0
2025-02-02 15:00:00,Hyderabad,26.4,50.50553852692878,1011.7,0
2025-02-02 15:00:00,Kolkata,22.8,91.2620162268376,1012.0,0
2025-02-02 15:00:00,Mumbai,26.4,48.9074144216262,1011.3,0
2025-02-02 15:00:00,New_Delhi,16.4,85.15908612701891,1015.3,0
2025-02-02 18:00:00,Chennai,23.0,77.72260499738547,1013.1,0
2025-02-02 18:00:00,Hyderabad,23.2,61.92924542262085,1012.9,0
2025-02-02 18:00:00,Kolkata,21.8,94.634137318415,1012.2,0
2025-02-02 18:00:00,Mumbai,23.2,56.22183331014094,1012.4,0
2025-02-02 18:00:00,New_Delhi,14.2,93.09843795330517,1015.8,0
2025-02-02 21:00:00,Chennai,22.0,92.91284830656912,1011.5,0
2025-02-02 21:00:00,Hyderabad,22.0,70.10172533589738,1012.2,0
2025-02-02 21:00:00,Kolkata,21.9,97.58492746420936,1011.4,0
2025-02-02 21:00:00,Mumbai,21.0,66.40122606049283,1011.1,0
2025-02-02 21:00:00,New_Delhi,12.8,97.41221218415632,1014.3,0
2025-02-03 00:00:00,Chennai,22.0,91.21143560546284,1011.6,0
2025-02-03 00:00:00,Hyderabad,19.6,81.77749743711408,1012.0,0
2025-02-03 00:00:00,Kolkata,21.2,98.174300006065,1012.0,0
2025-02-03 00:00:00,Mumbai,20.0,68.82162822950846,1010.3,0
2025-02-03 00:00:00,New_Delhi,11.6,100.0,1014.1,0
2025-02-03 03:00:00,Chennai,24.6,81.88902089566457,1013.9,0
2025-02-03 03:00:00,Hyderabad,24.0,51.52738933821753,1013.6,0
2025-02-03 03:00:00,Kolkata,21.6,96.3886437157889,1014.7,0
2025-02-03 03:00:00,Mumbai,22.0,62.45866938263309,1012.3,0
2025-02-03 03:00:00,New_Delhi,11.2,94.82058945159967,1016.1,0
2025-02-03 06:00:00,Chennai,30.2,58.98867435336403,1013.7,0
2025-02-03 06:00:00,Hyderabad,31.8,29.429367974297303,1012.4,0
2025-02-03 06:00:00,Kolkata,26.4,56.64557967688834,1014.4,0
2025-02-03 06:00:00,Mumbai,28.8,39.84056692267928,1013.5,0
2025-02-03 06:00:00,New_Delhi,20.2,51.20497485472981,1015.6,0
2025-02-03 09:00:00,Chennai,31.6,49.64767639109842,1011.0,0
2025-02-03 09:00:00,Hyderabad,33.2,32.85590871395765,1008.8,0
2025-02-03 09:00:00,Kolkata,29.0,36.65554173511874,1011.3,0
2025-02-03 09:00:00,Mumbai,28.0,48.08838553713478,1010.4,0
2025-02-03 09:00:00,New_Delhi,24.0,32.91668219007807,1013.1,0
2025-02-03 12:00:00,Chennai,28.4,63.863368876015656,1011.6,0
2025-02-03 12:00:00,Hyderabad,31.0,34.879043630281735,1009.4,0
2025-02-03 12:00:00,Kolkata,26.8,44.48636302711314,1011.7,0
2025-02-03 12:00:00,Mumbai,28.0,48.08838553713478,1010.4,0
2025-02-03 12:00:00,New_Delhi,22.4,49.44616782713809,1013.0,0
2025-02-03 15:00:00,Chennai,24.6,81.88902089566457,1013.9,0
2025-02-03 15:00:00,Hyderabad,27.4,51.41660273005798,1012.5,0
2025-02-03 15:00:00,Kolkata,22.3,66.24578993696387,1014.0,0
2025-02-03 15:00:00,Mumbai,25.2,54.2284006146774,1013.1,0
2025-02-03 15:00:00,New_Delhi,15.0,82.80466099679545,1015.0,0
2025-02-03 18:00:00,Chennai,22.6,87.40087535726879,1014.0,0
2025-02-03 18:00:00,Hyderabad,22.0,74.69344003958807,1014.6,0
2025-02-03 18:00:00,Kolkata,20.0,75.80243725044951,1014.0,0
2025-02-03 18:00:00,Mumbai,22.8,63.44677270636492,1013.9,0
2025-02-03 18:00:00,New_Delhi,15.0,85.00963460681639,1015.7,0
2025-02-03 21:00:00,Chennai,21.8,92.90250604151836,1012.2,0
2025-02-03 21:00:00,Hyderabad,19.2,81.20671827179753,1013.4,0
2025-02-03 21:00:00,Kolkata,19.2,79.15467691478646,1013.0,0
2025-02-03 21:00:00,Mumbai,20.2,65.8046365225661,1012.0,0
2025-02-03 21:00:00,New_Delhi,15.0,82.80466099679545,1014.6,0
2025-02-04 00:00:00,Chennai,21.6,94.6262323612536,1012.2,0
2025-02-04 00:00:00,Hyderabad,18.0,84.23976712899662,1013.5,0
2025-02-04 00:00:00,Kolkata,17.4,83.63156797114554,1013.1,0
2025-02-04 00:00:00,Mumbai,19.0,66.41470677414787,1011.6,0
2025-02-04 00:00:00,New_Delhi,13.8,95.54441131671555,1014.6,0
2025-02-04 03:00:00,Chennai,23.0,94.6812063155598,1014.6,0
2025-02-04 03:00:00,Hyderabad,24.2,54.67762067213747,1014.4,0
2025-02-04 03:00:00,Kolkata,21.4,58.77601736607697,1015.0,0
2025-02-04 03:00:00,Mumbai,21.4,60.3300224339597,1014.3,0
2025-02-04 03:00:00,New_Delhi,14.4,90.70861843145448,1016.1,0
2025-02-04 06:00:00,Chennai,30.6,55.56557299066436,1014.4,0
2025-02-04 06:00:00,Hyderabad,32.4,36.64963680315888,1013.0,0
2025-02-04 06:00:00,Kolkata,27.0,37.31379048746601,1014.7,0
2025-02-04 06:00:00,Mumbai,28.6,41.90302498177393,1015.3,0
2025-02-04 06:00:00,New_Delhi,23.6,49.44120636361245,1015.7,0
2025-02-04 09:00:00,Chennai,32.6,36.2384025408733,1011.2,0
2025-02-04 09:00:00,Hyderabad,33.8,35.42528716005973,1009.3,0
2025-02-04 09:00:00,Kolkata,28.6,36.78461770959713,1011.1,0
2025-02-04 09:00:00,Mumbai,30.8,52.28529670371479,1012.2,0
2025-02-04 09:00:00,New_Delhi,23.8,51.14026131652174,1013.1,0
2025-02-04 12:00:00,Chennai,30.0,63.8146323928593,1011.3,0
2025-02-04 12:00:00,Hyderabad,31.8,36.95572924789673,1008.6,0
2025-02-04 12:00:00,Kolkata,25.8,48.12029106478068,1010.8,0
2025-02-04 12:00:00,Mumbai,28.4,52.3298387248426,1011.3,0
2025-02-04 12:00:00,New_Delhi,21.6,75.57843550109602,1011.8,0
2025-02-04 15:00:00,Chennai,25.2,81.96262342273943,1012.6,0
2025-02-04 15:00:00,Hyderabad,28.0,50.92200554979948,1011.3,0
2025-02-04 15:00:00,Kolkata,21.4,75.06854363302618,1011.8,0
2025-02-04 15:00:00,Mumbai,25.0,56.66462278579749,1012.9,0
2025-02-04 15:00:00,New_Delhi,17.8,85.85545657849421,1013.4,0
2025-02-04 18:00:00,Chennai,23.8,89.67100396425253,1012.5,0
2025-02-04 18:00:00,Hyderabad,24.8,56.615701950203146,1012.3,0
2025-02-04 18:00:00,Kolkata,19.6,73.81379105585982,1011.5,0
2025-02-04 18:00:00,Mumbai,23.2,53.37143752203796,1013.4,0
2025-02-04 18:00:00,New_Delhi,16.0,89.65152316161863,1014.3,0
2025-02-04 21:00:00,Chennai,23.0,91.27459428964966,1011.0,0
2025-02-04 21:00:00,Hyderabad,21.8,66.56750084958523,1011.5,0
2025-02-04 21:00:00,Kolkata,19.0,77.11756813613941,1010.7,0
2025-02-04 21:00:00,Mumbai,20.8,52.05324700160009,1012.4,0
2025-02-04 21:00:00,New_Delhi,15.4,91.36785638670548,1013.8,0
2025-02-05 00:00:00,Chennai,22.8,92.95399507508202,1011.4,0
2025-02-05 00:00:00,Hyderabad,20.4,72.0781065068981,1011.5,0
2025-02-05 00:00:00,Kolkata,18.4,84.28418395334555,1011.0,0
2025-02-05 00:00:00,Mumbai,19.0,59.36730006693976,1011.5,0
2025-02-05 00:00:00,New_Delhi,13.0,93.03577109694396,1014.0,0
2025-02-05 03:00:00,Chennai,24.6,78.44038822062748,1014.1,0
2025-02-05 03:00:00,Hyderabad,24.2,54.67762067213747,1012.9,0
2025-02-05 03:00:00,Kolkata,22.0,88.4364161279818,1013.3,0
2025-02-05 03:00:00,Mumbai,20.4,57.76849620084692,1013.8,0
2025-02-05 03:00:00,New_Delhi,12.4,90.56925386231364,1016.4,0
2025-02-05 06:00:00,Chennai,31.0,52.33581589820256,1013.7,0
2025-02-05 06:00:00,Hyderabad,32.6,34.87042431108877,1012.0,0
2025-02-05 06:00:00,Kolkata,27.1,56.81543421927226,1012.4,0
2025-02-05 06:00:00,Mumbai,29.0,29.250026628318327,1013.7,0
2025-02-05 06:00:00,New_Delhi,20.8,49.015078378919455,1016.8,0
2025-02-05 09:00:00,Chennai,33.0,43.64515780731752,1010.1,0
2025-02-05 09:00:00,Hyderabad,33.0,25.73933616140323,1008.0,0
2025-02-05 09:00:00,Kolkata,29.6,40.8445149718807,1009.1,0
2025-02-05 09:00:00,Mumbai,30.6,32.56559187447658,1010.0,0
2025-02-05 09:00:00,New_Delhi,23.0,47.36411488416402,1014.8,0
2025-02-05 12:00:00,Chennai,29.6,53.62840385858026,1010.0,0
2025-02-05 12:00:00,Hyderabad,31.4,36.37338500183395,1007.5,0
2025-02-05 12:00:00,Kolkata,26.8,51.92002876756459,1009.2,0
2025-02-05 12:00:00,Mumbai,28.4,41.577721781983016,1009.4,0
2025-02-05 12:00:00,New_Delhi,20.8,71.23152480209384,1014.8,0
2025-02-05 15:00:00,Chennai,24.8,80.42146721617324,1012.2,0
2025-02-05 15:00:00,Hyderabad,27.8,49.59252889273528,1010.9,0
2025-02-05 15:00:00,Kolkata,22.4,71.07373433061426,1011.1,0
2025-02-05 15:00:00,Mumbai,24.6,56.20494895137573,1011.3,0
2025-02-05 15:00:00,New_Delhi,14.0,79.98013785298218,1016.8,0
2025-02-05 18:00:00,Chennai,23.2,90.17725044563136,1012.8,0
2025-02-05 18:00:00,Hyderabad,25.6,60.14797743743242,1012.0,0
2025-02-05 18:00:00,Kolkata,23.6,82.78099464458583,1011.3,0
2025-02-05 18:00:00,Mumbai,22.6,52.52351199435458,1012.4,0
2025-02-05 18:00:00,New_Delhi,13.8,79.9521193895084,1017.3,0
2025-02-05 21:00:00,Chennai,22.8,89.59709513251278,1011.5,0
2025-02-05 21:00:00,Hyderabad,23.4,66.47381606420437,1011.2,0
2025-02-05 21:00:00,Kolkata,22.4,89.56731388016964,1010.5,0
2025-02-05 21:00:00,Mumbai,20.0,68.82162822950846,1010.6,0
2025-02-05 21:00:00,New_Delhi,13.4,81.51369611551115,1017.0,0
2025-02-06 00:00:00,Chennai,22.0,92.91284830656912,1011.4,0
2025-02-06 00:00:00,Hyderabad,20.6,73.98525521782825,1011.4,0
2025-02-06 00:00:00,Kolkata,22.0,92.91284830656912,1011.7,0
2025-02-06 00:00:00,Mumbai,19.0,71.8231453434557,1009.7,0
2025-02-06 00:00:00,New_Delhi,10.2,94.78062882988873,1016.9,0
2025-02-06 03:00:00,Chennai,25.0,84.99158907366431,1013.4,0
2025-02-06 03:00:00,Hyderabad,24.4,56.155644793581,1012.8,0
2025-02-06 03:00:00,Kolkata,23.4,66.05324909051869,1014.0,0
2025-02-06 03:00:00,Mumbai,19.4,73.77930870906046,1011.8,0
2025-02-06 03:00:00,New_Delhi,11.2,92.32072545539636,1018.7,0
2025-02-06 06:00:00,Chennai,30.2,56.50445525284108,1013.8,0
2025-02-06 06:00:00,Hyderabad,31.8,37.91528807098684,1011.8,0
2025-02-06 06:00:00,Kolkata,27.7,48.00857352262682,1013.6,0
2025-02-06 06:00:00,Mumbai,31.4,32.57316843526804,1012.1,0
2025-02-06 06:00:00,New_Delhi,21.4,46.61246420042011,1018.5,0
2025-02-06 09:00:00,Chennai,32.0,50.99468465735812,1010.4,0
2025-02-06 09:00:00,Hyderabad,32.8,36.99499212799196,1008.9,0
2025-02-06 09:00:00,Kolkata,29.6,40.8445149718807,1010.8,0
2025-02-06 09:00:00,Mumbai,33.4,40.08553584334777,1009.2,0
2025-02-06 09:00:00,New_Delhi,23.0,23.421512107637845,1016.1,0
2025-02-06 12:00:00,Chennai,29.0,68.01508576459278,1010.0,0
2025-02-06 12:00:00,Hyderabad,30.0,43.93763203084068,1009.1,0
2025-02-06 12:00:00,Kolkata,27.4,43.79135513379636,1010.6,0
2025-02-06 12:00:00,Mumbai,29.6,47.601613890075406,1008.8,0
2025-02-06 12:00:00,New_Delhi,20.2,35.876687974431185,1015.3,0
2025-02-06 15:00:00,Chennai,25.0,83.45262666598398,1012.2,0
2025-02-06 15:00:00,Hyderabad,27.6,54.14162894034234,1011.4,0
2025-02-06 15:00:00,Kolkata,22.2,67.50796167415882,1012.6,0
2025-02-06 15:00:00,Mumbai,26.4,63.43197618697896,1010.2,0
2025-02-06 15:00:00,New_Delhi,16.0,59.44152513177586,1017.3,0
2025-02-06 18:00:00,Chennai,23.8,84.86645400274385,1013.1,0
2025-02-06 18:00:00,Hyderabad,26.2,57.68233434250922,1012.0,0
2025-02-06 18:00:00,Kolkata,19.8,77.73604009831854,1012.8,0
2025-02-06 18:00:00,Mumbai,24.2,73.66692388726497,1011.4,0
2025-02-06 18:00:00,New_Delhi,14.8,58.74483840201297,1017.7,0
2025-02-06 21:00:00,Chennai,22.4,92.93346602326532,1011.8,0
2025-02-06 21:00:00,Hyderabad,25.0,63.52539430064782,1011.3,0
2025-02-06 21:00:00,Kolkata,20.2,64.11222275274461,1012.2,0
2025-02-06 21:00:00,Mumbai,23.0,77.72260499738547,1010.3,0
2025-02-07 00:00:00,Chennai,22.0,94.64202501465913,1012.3,0
2025-02-07 00:00:00,Hyderabad,21.4,72.72012266748742,1012.2,0
2025-02-07 00:00:00,Kolkata,18.4,60.41926860908187,1014.0,0
2025-02-07 00:00:00,Mumbai,23.6,66.93757991376943,1010.1,0
2025-02-07 00:00:00,New_Delhi,11.6,73.38305343878577,1016.8,0
2025-02-07 03:00:00,Chennai,24.6,86.51781437617485,1015.0,0
2025-02-07 03:00:00,Hyderabad,24.6,60.2985071406063,1014.8,0
2025-02-07 03:00:00,Kolkata,21.2,43.51671422306602,1016.5,0
2025-02-07 03:00:00,Mumbai,25.0,63.92706944237422,1012.6,0
2025-02-07 03:00:00,New_Delhi,13.0,59.52748269174567,1017.8,0
2025-02-07 06:00:00,Chennai,31.2,58.5027997016778,1015.0,0
2025-02-07 06:00:00,Hyderabad,30.0,49.23154765101147,1014.4,0
2025-02-07 06:00:00,Kolkata,25.2,31.060708948812294,1016.1,0
2025-02-07 06:00:00,Mumbai,32.6,44.08524912530278,1013.9,0
2025-02-07 06:00:00,New_Delhi,19.8,32.1724696210742,1018.0,0
2025-02-07 09:00:00,Chennai,32.0,52.26545370306257,1012.4,0
2025-02-07 09:00:00,Hyderabad,32.0,43.923665681808,1010.9,0
2025-02-07 09:00:00,Kolkata,27.0,27.167624611578933,1013.2,0
2025-02-07 09:00:00,Mumbai,33.2,41.82966122972637,1010.9,0
2025-02-07 09:00:00,New_Delhi,23.0,23.421512107637845,1015.3,0
2025-02-07 12:00:00,Chennai,29.4,65.65748852781738,1012.3,0
2025-02-07 12:00:00,Hyderabad,31.0,43.93014283112731,1010.3,0
2025-02-07 12:00:00,Kolkata,25.2,32.36207550755728,1012.8,0
2025-02-07 12:00:00,Mumbai,31.0,45.62401460732669,1010.4,0
2025-02-07 12:00:00,New_Delhi,20.8,32.68843417582989,1014.8,0
2025-02-07 15:00:00,Chennai,24.8,84.97083781729286,1013.5,0
2025-02-07 15:00:00,Hyderabad,27.8,54.19164488057315,1012.5,0
2025-02-07 15:00:00,Kolkata,18.9,62.16216799176092,1014.0,0
2025-02-07 15:00:00,Mumbai,27.4,56.531617874228566,1011.8,0
2025-02-07 15:00:00,New_Delhi,15.2,58.44189259795963,1016.6,0
2025-02-07 18:00:00,Chennai,23.6,89.65628406436801,1013.8,0
2025-02-07 18:00:00,Hyderabad,24.2,67.05970910477717,1012.6,0
2025-02-07 18:00:00,Kolkata,17.1,72.89745592146075,1014.5,0
2025-02-07 18:00:00,Mumbai,24.4,66.26066568163881,1013.1,0
2025-02-07 18:00:00,New_Delhi,14.0,63.14746557706206,1016.4,0
2025-02-07 21:00:00,Chennai,23.0,89.61193893447619,1011.7,0
2025-02-07 21:00:00,Kolkata,16.5,74.73584598289888,1013.5,0
2025-02-07 21:00:00,Mumbai,23.2,71.67103318664823,1011.3,0
2025-02-07 21:00:00,New_Delhi,12.8,67.815454599473,1015.2,0
2025-02-08 00:00:00,Chennai,23.0,92.96422650821278,1012.0,0
2025-02-08 00:00:00,Hyderabad,20.8,74.01935951368816,1013.1,0
2025-02-08 00:00:00,Kolkata,16.8,77.78633267574237,1014.3,0
2025-02-08 00:00:00,Mumbai,22.0,73.75452283587201,1010.7,0
2025-02-08 00:00:00,New_Delhi,11.2,75.35117512899514,1015.0,0
2025-02-08 03:00:00,Chennai,24.0,93.01505522924244,1015.0,0
2025-02-08 03:00:00,Hyderabad,23.8,71.33084735569012,1014.7,0
2025-02-08 03:00:00,Kolkata,20.0,52.54132558106588,1016.8,0
2025-02-08 03:00:00,Mumbai,22.6,75.73900120222518,1012.9,0
2025-02-08 03:00:00,New_Delhi,11.8,69.01994684313651,1016.8,0
2025-02-08 06:00:00,Chennai,30.8,46.73171542897705,1015.0,0
2025-02-08 06:00:00,Hyderabad,30.6,41.38324911002061,1013.4,0
2025-02-08 06:00:00,Kolkata,25.0,29.545250045925386,1016.2,0
2025-02-08 06:00:00,Mumbai,32.6,38.13566001710435,1013.7,0
2025-02-08 06:00:00,New_Delhi,21.2,36.16436498319325,1017.1,0
2025-02-08 09:00:00,Chennai,32.0,54.55620730373795,1011.7,0
2025-02-08 09:00:00,Hyderabad,32.6,39.61534849501293,1009.9,0
2025-02-08 09:00:00,Kolkata,26.0,32.36697584826837,1013.0,0
2025-02-08 09:00:00,Mumbai,33.6,35.370369819266124,1010.7,0
2025-02-08 09:00:00,New_Delhi,25.2,25.222437046320973,1013.6,0
2025-02-08 12:00:00,Chennai,29.4,59.53202238671283,1011.2,0
2025-02-08 12:00:00,Hyderabad,30.6,44.66219914199021,1009.4,0
2025-02-08 12:00:00,Kolkata,23.2,39.31815798791794,1012.9,0
2025-02-08 12:00:00,Mumbai,31.6,42.18771125473293,1009.9,0
2025-02-08 12:00:00,New_Delhi,24.0,31.584683694877924,1013.1,0
2025-02-08 15:00:00,Chennai,25.4,85.03296693933086,1013.3,0
2025-02-08 15:00:00,Hyderabad,27.6,54.14162894034234,1012.8,0
2025-02-08 15:00:00,Kolkata,19.0,63.0114676927038,1014.4,0
2025-02-08 15:00:00,Mumbai,28.6,45.26607525457315,1012.0,0
2025-02-08 15:00:00,New_Delhi,15.0,76.48899399134608,1014.3,0
2025-02-08 18:00:00,Chennai,24.2,89.70035155341864,1014.0,0
2025-02-08 18:00:00,Hyderabad,24.2,67.05970910477717,1013.9,0
2025-02-08 18:00:00,Kolkata,17.2,68.26110097365607,1014.8,0
2025-02-08 18:00:00,Mumbai,25.0,61.16156608407452,1012.9,0
2025-02-08 18:00:00,New_Delhi,12.4,85.86748611851132,1016.3,0
2025-02-08 21:00:00,Chennai,23.4,91.29967042540224,1011.5,0
2025-02-08 21:00:00,Hyderabad,22.8,70.25317521351283,1012.6,0
2025-02-08 21:00:00,Kolkata,16.0,71.2658350985727,1013.3,0
2025-02-08 21:00:00,Mumbai,23.4,73.0708008953474,1011.1,0
2025-02-08 21:00:00,New_Delhi,10.4,92.27398343475242,1015.4,0
2025-02-09 00:00:00,Chennai,24.0,91.33708576167582,1011.6,0
2025-02-09 00:00:00,Hyderabad,21.4,72.72012266748742,1012.1,0
2025-02-09 00:00:00,Kolkata,16.4,73.2543740745044,1013.4,0
2025-02-09 00:00:00,Mumbai,22.0,75.64284085753373,1010.4,0
2025-02-09 00:00:00,New_Delhi,9.2,97.33875859464963,1014.9,0
2025-02-09 03:00:00,Chennai,25.4,80.5002818626729,1013.7,0
2025-02-09 03:00:00,Hyderabad,24.8,63.4817355359212,1013.7,0
2025-02-09 03:00:00,Kolkata,20.5,53.024222351285744,1015.7,0
2025-02-09 03:00:00,Mumbai,22.4,72.43681558289073,1012.5,0
2025-02-09 03:00:00,New_Delhi,10.4,94.78865751832755,1016.6,0
2025-02-09 06:00:00,Chennai,30.6,60.541168204253225,1014.6,0
2025-02-09 06:00:00,Hyderabad,30.0,43.93763203084068,1011.6,0
2025-02-09 06:00:00,Kolkata,25.5,34.723061146155786,1014.7,0
2025-02-09 06:00:00,Mumbai,32.6,34.20362678525552,1013.1,0
2025-02-09 06:00:00,New_Delhi,22.4,40.99334078041695,1015.8,0
2025-02-09 09:00:00,Chennai,31.2,58.5027997016778,1011.0,0
2025-02-09 09:00:00,Hyderabad,32.0,42.03063257384145,1009.4,0
2025-02-09 09:00:00,Kolkata,27.6,29.260013877784,1011.3,0
2025-02-09 09:00:00,Mumbai,33.8,38.46489256998403,1009.8,0
2025-02-09 09:00:00,New_Delhi,26.4,22.838964577871547,1012.3,0
2025-02-09 12:00:00,Chennai,28.8,65.53389236922786,1010.8,0
2025-02-09 12:00:00,Hyderabad,30.4,45.46304336778992,1009.2,0
2025-02-09 12:00:00,Kolkata,25.2,38.57461639009527,1011.3,0
2025-02-09 12:00:00,Mumbai,32.4,33.06218344132711,1009.1,0
2025-02-09 12:00:00,New_Delhi,24.8,34.05883444417959,1011.5,0
2025-02-09 15:00:00,Chennai,25.6,80.52645239736388,1013.0,0
2025-02-09 15:00:00,Hyderabad,27.2,57.55876022674434,1012.2,0
2025-02-09 15:00:00,Kolkata,19.2,64.73692319807121,1013.1,0
2025-02-09 15:00:00,Mumbai,29.8,32.558519624110794,1011.0,0
2025-02-09 15:00:00,New_Delhi,15.4,78.60444584054494,1013.8,0
2025-02-09 18:00:00,Chennai,24.6,88.1108765345105,1013.7,0
2025-02-09 18:00:00,Hyderabad,24.0,64.1154423415989,1013.3,0
2025-02-09 18:00:00,Kolkata,17.8,74.46723613296626,1013.8,0
2025-02-09 18:00:00,Mumbai,25.4,46.47387930481293,1012.2,0
2025-02-09 18:00:00,New_Delhi,12.4,90.56925386231364,1014.2,0
2025-02-09 21:00:00,Chennai,23.4,91.29967042540224,1012.3,0
2025-02-09 21:00:00,Kolkata,17.0,82.5092926949021,1013.8499999999999,1
2025-02-09 21:00:00,Mumbai,23.8,62.86092090496198,1011.6,0
2025-02-10 00:00:00,Chennai,23.6,89.65628406436801,1012.4,0
2025-02-10 00:00:00,Hyderabad,21.8,82.56664158645123,1012.6,0
2025-02-10 00:00:00,Kolkata,16.0,79.21120375812941,1013.9,0
2025-02-10 00:00:00,Mumbai,22.2,67.50796167415882,1011.5,0
2025-02-10 00:00:00,New_Delhi,12.0,94.85223150186052,1013.4,0
2025-02-10 03:00:00,Chennai,25.4,83.49784757524912,1015.3,0
2025-02-10 03:00:00,Hyderabad,24.6,71.92312928457804,1015.1,0
2025-02-10 03:00:00,Kolkata,22.0,58.15774928642728,1015.9,0
2025-02-10 03:00:00,Mumbai,22.2,59.73774579082662,1013.9,0
2025-02-10 03:00:00,New_Delhi,11.6,97.3880676886059,1015.5,0
2025-02-10 06:00:00,Chennai,29.6,58.4879003480961,1015.5,0
2025-02-10 06:00:00,Hyderabad,29.6,54.979279039342565,1014.7,0
2025-02-10 06:00:00,Kolkata,28.4,46.98137334121366,1015.3,0
2025-02-10 06:00:00,Mumbai,31.8,35.10046468745468,1014.8,0
2025-02-10 06:00:00,New_Delhi,24.2,39.601246374253776,1015.2,0
2025-02-10 09:00:00,Chennai,31.4,51.793336482077336,1012.0,0
2025-02-10 09:00:00,Hyderabad,32.6,36.00718145082253,1010.2,0
2025-02-10 09:00:00,Kolkata,30.6,32.56559187447658,1012.2,0
2025-02-10 09:00:00,Mumbai,34.6,24.983424553692775,1011.5,0
2025-02-10 09:00:00,New_Delhi,27.2,27.409742417067456,1012.5,0
2025-02-10 12:00:00,Chennai,28.4,60.0407336708837,1011.9,0
2025-02-10 12:00:00,Hyderabad,31.0,33.98268796008183,1010.1,0
2025-02-10 12:00:00,Kolkata,27.4,42.66855569661264,1011.5,0
2025-02-10 12:00:00,Mumbai,30.4,38.51004418735874,1010.9,0
2025-02-10 12:00:00,New_Delhi,26.0,39.57998578877927,1011.7,0
2025-02-10 15:00:00,Chennai,25.6,71.65680034129598,1014.5,0
2025-02-10 15:00:00,Hyderabad,27.2,51.36491950789416,1013.1,0
2025-02-10 15:00:00,Kolkata,24.2,76.94107668815431,1012.9,0
2025-02-10 15:00:00,Mumbai,28.0,39.8776916383061,1013.0,0
2025-02-10 15:00:00,New_Delhi,16.2,81.34158287457663,1014.1,0
2025-02-10 18:00:00,Chennai,23.8,73.5987618697542,1014.6,0
2025-02-10 18:00:00,Hyderabad,25.6,64.05660503524051,1013.5,0
2025-02-10 18:00:00,Kolkata,23.0,89.61193893447619,1013.2,0
2025-02-10 18:00:00,Mumbai,24.6,53.38332827081842,1014.0,0
2025-02-10 18:00:00,New_Delhi,13.4,88.27738011354035,1014.9,0
2025-02-10 21:00:00,Chennai,24.0,83.33878752130364,1013.9499999999999,1
2025-02-10 21:00:00,Hyderabad,24.0,69.5991722213218,1012.6,0
2025-02-10 21:00:00,Kolkata,22.0,94.0625242758801,1012.6,1
2025-02-10 21:00:00,Mumbai,23.6,64.02874504928945,1012.6,0
2025-02-11 00:00:00,Chennai,21.6,92.89214142096014,1013.3,0
2025-02-11 00:00:00,Hyderabad,22.0,79.54728307059689,1013.1,0
2025-02-11 00:00:00,Kolkata,23.0,89.61193893447619,1012.0,0
2025-02-11 00:00:00,Mumbai,21.2,61.87448662932952,1012.1,0
2025-02-11 00:00:00,New_Delhi,11.0,97.37586910690436,1013.5,0
2025-02-11 03:00:00,Chennai,24.6,84.95004486909127,1015.3,0
2025-02-11 03:00:00,Hyderabad,25.4,61.2525557727852,1014.5,0
2025-02-11 03:00:00,Kolkata,24.0,83.33878752130364,1014.0,0
2025-02-11 03:00:00,Mumbai,20.8,69.87255673728518,1014.5,0
2025-02-11 03:00:00,New_Delhi,11.6,97.3880676886059,1015.0,0
2025-02-11 06:00:00,Chennai,31.2,53.6947284534463,1015.1,0
2025-02-11 06:00:00,Hyderabad,30.6,43.544728100720896,1013.6,0
2025-02-11 06:00:00,Kolkata,28.2,59.62356658779815,1014.0,0
2025-02-11 06:00:00,Mumbai,31.8,31.22274865260884,1015.3,0
2025-02-11 06:00:00,New_Delhi,26.2,37.58632040471237,1014.1,0
2025-02-11 09:00:00,Chennai,31.8,53.1868368284505,1012.7,0
2025-02-11 09:00:00,Hyderabad,33.2,35.71384473292263,1010.3,0
2025-02-11 09:00:00,Kolkata,30.6,44.10035396154375,1010.9,0
2025-02-11 09:00:00,Mumbai,32.6,36.2384025408733,1012.8,0
2025-02-11 09:00:00,New_Delhi,28.8,29.99135274904946,1011.4,0
2025-02-11 12:00:00,Chennai,28.4,65.05100507166367,1012.4,0
2025-02-11 12:00:00,Hyderabad,31.6,42.45528995685228,1009.3,0
2025-02-11 12:00:00,Kolkata,28.0,49.33018462848313,1010.7,0
2025-02-11 12:00:00,Mumbai,29.6,39.80447898053956,1011.8,0
2025-02-11 12:00:00,New_Delhi,26.8,41.9504661428272,1010.5,0
2025-02-11 15:00:00,Chennai,25.0,78.98125580461064,1014.0,0
2025-02-11 15:00:00,Hyderabad,27.6,56.58013366480121,1012.7,0
2025-02-11 15:00:00,Kolkata,23.0,69.84785753064332,1012.2,0
2025-02-11 15:00:00,Mumbai,26.4,46.44284529340911,1013.6,0
2025-02-11 15:00:00,New_Delhi,17.0,75.80754074677424,1012.6,0
2025-02-11 18:00:00,Chennai,24.0,88.59935257199315,1013.5333333333333,1
2025-02-11 18:00:00,Kolkata,23.0,88.51830793896134,1012.0333333333334,1
2025-02-11 18:00:00,Mumbai,24.0,44.00507855867109,1013.2,1
2025-02-11 21:00:00,Chennai,24.0,88.59935257199315,1013.0666666666667,1
2025-02-11 21:00:00,Kolkata,22.0,94.0625242758801,1011.8666666666667,1
2025-02-11 21:00:00,Mumbai,22.8,54.32355847500404,1012.8,0
2025-02-12 00:00:00,Chennai,23.0,89.61193893447619,1012.6,0
2025-02-12 00:00:00,Hyderabad,22.0,77.5734923634938,1013.1,0
2025-02-12 00:00:00,Kolkata,21.1,97.5704447086826,1011.7,0
2025-02-12 00:00:00,Mumbai,20.6,68.055920529955,1012.9,0
2025-02-12 00:00:00,New_Delhi,13.0,95.51712191302202,1013.2,0
2025-02-12 03:00:00,Chennai,24.4,81.86439065070549,1015.5,0
2025-02-12 03:00:00,Hyderabad,24.2,62.949538189695744,1014.4,0
2025-02-12 03:00:00,Kolkata,23.4,86.40425816902815,1014.2,0
2025-02-12 03:00:00,Mumbai,18.6,69.44611108171303,1015.4,0
2025-02-12 03:00:00,New_Delhi,14.4,80.03600697911848,1015.3,0
2025-02-12 06:00:00,Chennai,30.0,57.5102579017241,1015.6,0
2025-02-12 06:00:00,Hyderabad,32.0,37.97044709945906,1014.1,0
2025-02-12 06:00:00,Kolkata,27.8,64.52631135592681,1013.8,0
2025-02-12 06:00:00,Mumbai,30.6,31.5111523635299,1015.6,0
2025-02-12 06:00:00,New_Delhi,24.0,36.71436696099642,1015.5,0
2025-02-12 09:00:00,Chennai,32.4,54.988018967303006,1012.3,0
2025-02-12 09:00:00,Hyderabad,35.0,34.20610144182049,1009.5,0
2025-02-12 09:00:00,Kolkata,29.8,57.46279399441182,1010.7,0
2025-02-12 09:00:00,Mumbai,31.6,44.09229390843783,1012.5,0
2025-02-12 09:00:00,New_Delhi,25.6,28.312974154849265,1013.4,0
2025-02-12 12:00:00,Chennai,29.6,63.341728305764846,1012.1,0
2025-02-12 12:00:00,Hyderabad,33.4,28.90537472106964,1009.2,0
2025-02-12 12:00:00,Kolkata,27.8,64.52631135592681,1010.3,0
2025-02-12 12:00:00,Mumbai,30.0,48.00905079129811,1011.3,0
2025-02-12 12:00:00,New_Delhi,23.8,35.67351898173885,1013.3,0
2025-02-12 15:00:00,Chennai,25.0,83.45262666598398,1013.6,0
2025-02-12 15:00:00,Hyderabad,28.4,45.50266645634338,1012.5,0
2025-02-12 15:00:00,Kolkata,25.8,76.24292581518071,1012.2,0
2025-02-12 15:00:00,Mumbai,26.2,69.15523439911932,1013.0,0
2025-02-12 15:00:00,New_Delhi,19.0,59.36730006693976,1015.1,0
2025-02-12 18:00:00,Chennai,22.6,91.24941140171894,1013.8,0
2025-02-12 18:00:00,Hyderabad,25.0,55.2316510124865,1013.2,0
2025-02-12 18:00:00,Kolkata,24.6,88.1108765345105,1012.4,0
2025-02-12 18:00:00,Mumbai,23.2,69.88593045135374,1013.6,0
2025-02-12 18:00:00,New_Delhi,17.2,62.6030575775412,1015.9,0
2025-02-12 21:00:00,Chennai,23.0,88.51830793896134,1012.95,1
2025-02-12 21:00:00,Hyderabad,23.0,84.7821874063096,1012.0,0
2025-02-12 21:00:00,Kolkata,23.8,93.00493307197942,1011.0,0
2025-02-12 21:00:00,Mumbai,21.0,81.95274097068757,1012.4,0
2025-02-12 21:00:00,New_Delhi,16.0,75.14604114019876,1015.2,0
2025-02-13 00:00:00,Chennai,22.0,92.91284830656912,1012.1,0
2025-02-13 00:00:00,Hyderabad,21.0,74.05340128847922,1012.1,0
2025-02-13 00:00:00,Kolkata,23.8,94.71224568260264,1010.7,0
2025-02-13 00:00:00,Mumbai,19.2,81.20671827179753,1011.9,0
2025-02-13 00:00:00,New_Delhi,14.8,70.09075096388064,1014.1,0
2025-02-13 03:00:00,Chennai,24.0,84.88741479671322,1014.9,0
2025-02-13 03:00:00,Hyderabad,24.6,57.66431548980472,1014.4,0
2025-02-13 03:00:00,Kolkata,24.6,89.72957675197986,1013.4,0
2025-02-13 03:00:00,Mumbai,20.6,71.19447449796581,1014.1,0
2025-02-13 03:00:00,New_Delhi,15.0,64.2415402723167,1016.1,0
2025-02-13 06:00:00,Chennai,29.6,54.63879144543691,1015.0,0
2025-02-13 06:00:00,Hyderabad,32.2,39.25548294998066,1012.9,0
2025-02-13 06:00:00,Kolkata,28.6,66.70492848245004,1012.8,0
2025-02-13 06:00:00,Mumbai,32.6,32.27003646355763,1014.6,0
2025-02-13 06:00:00,New_Delhi,21.6,38.33330717730097,1016.2,0
2025-02-13 09:00:00,Chennai,32.0,47.93557266740621,1011.7,0
2025-02-13 09:00:00,Hyderabad,34.4,32.55377835955569,1009.6,0
2025-02-13 09:00:00,Kolkata,29.1,51.20593274129885,1009.9,0
2025-02-13 09:00:00,Mumbai,34.2,32.49917507008969,1011.1,0
2025-02-13 09:00:00,New_Delhi,24.0,32.91668219007807,1013.8,0
2025-02-13 12:00:00,Chennai,28.6,58.61574157718646,1011.4,0
2025-02-13 12:00:00,Hyderabad,32.6,34.87042431108877,1009.0,0
2025-02-13 12:00:00,Kolkata,27.8,47.424400787873125,1009.6,0
2025-02-13 12:00:00,Mumbai,31.6,33.92774314269257,1010.1,0
2025-02-13 12:00:00,New_Delhi,22.4,34.077404987469286,1012.8,0
2025-02-13 15:00:00,Chennai,24.6,80.39509424447246,1013.5,0
2025-02-13 15:00:00,Hyderabad,27.2,45.17692575001485,1012.1,0
2025-02-13 15:00:00,Kolkata,23.4,65.63502207200914,1011.2,0
2025-02-13 15:00:00,Mumbai,28.0,51.89860867537005,1011.4,0
2025-02-13 15:00:00,New_Delhi,18.4,48.6920625751071,1014.3,0
2025-02-13 18:00:00,Chennai,23.0,85.83526762261728,1014.1,0
2025-02-13 18:00:00,Hyderabad,23.8,63.66613359419216,1013.4,0
2025-02-13 18:00:00,Kolkata,22.2,72.40123365463968,1012.2,0
2025-02-13 18:00:00,Mumbai,24.6,59.15689306068407,1012.6,0
2025-02-13 18:00:00,New_Delhi,17.2,53.59907622648582,1014.3,0
2025-02-13 21:00:00,Chennai,21.2,92.87134485887552,1011.8,0
2025-02-13 21:00:00,Hyderabad,21.8,74.66022110141452,1012.4,0
2025-02-13 21:00:00,Kolkata,21.4,73.65162613086753,1011.5,0
2025-02-13 21:00:00,Mumbai,22.4,66.26660576599681,1011.5,0
2025-02-13 21:00:00,New_Delhi,13.8,68.95310375459053,1013.7,0
2025-02-14 00:00:00,Chennai,21.0,92.86091278956886,1012.1,0
2025-02-14 00:00:00,Hyderabad,20.0,78.26386705500407,1012.3,0
2025-02-14 00:00:00,Kolkata,19.0,61.36820112291568,1012.5,0
2025-02-14 00:00:00,Mumbai,20.6,71.19447449796581,1011.4,0
2025-02-14 00:00:00,New_Delhi,12.0,76.0014346532355,1013.5,0
2025-02-14 03:00:00,Chennai,24.6,81.88902089566457,1014.5,0
2025-02-14 03:00:00,Hyderabad,23.6,53.822735105171496,1015.1,0
2025-02-14 03:00:00,Kolkata,22.4,36.01009846634211,1014.7,0
2025-02-14 03:00:00,Mumbai,21.4,63.54690629634292,1013.6,0
2025-02-14 03:00:00,New_Delhi,13.2,66.06594222623225,1014.7,0
2025-02-14 06:00:00,Chennai,30.8,53.595254858449735,1014.6,0
2025-02-14 06:00:00,Hyderabad,30.2,36.98967454872255,1014.0,0
2025-02-14 06:00:00,Kolkata,26.0,25.976110816299187,1014.3,0
2025-02-14 06:00:00,Mumbai,34.4,22.264029531122954,1014.3,0
2025-02-14 06:00:00,New_Delhi,23.0,25.88792646190024,1014.5,0
2025-02-14 09:00:00,Chennai,32.0,54.55620730373795,1010.7,0
2025-02-14 09:00:00,Hyderabad,33.4,18.353949878589884,1009.0,0
2025-02-14 09:00:00,Kolkata,28.0,27.6282162287372,1010.4,0
2025-02-14 09:00:00,Mumbai,35.2,30.94140122303174,1010.6,0
2025-02-14 09:00:00,New_Delhi,25.8,26.285620940930976,1011.1,0
2025-02-14 12:00:00,Chennai,29.2,65.61635596786235,1010.5,0
2025-02-14 12:00:00,Hyderabad,31.8,32.26008343345254,1008.8,0
2025-02-14 12:00:00,Kolkata,26.2,31.55487784381521,1010.1,0
2025-02-14 12:00:00,Mumbai,32.8,31.49674785925165,1009.8,0
2025-02-14 12:00:00,New_Delhi,24.2,34.354852591743445,1010.2,0
2025-02-14 15:00:00,Chennai,25.0,80.44778939452424,1012.8,0
2025-02-14 15:00:00,Hyderabad,26.0,50.07719773024859,1012.2,0
2025-02-14 15:00:00,Kolkata,19.8,60.34963434562397,1011.9,0
2025-02-14 15:00:00,Mumbai,28.8,49.22758668513023,1011.0,0
2025-02-14 15:00:00,New_Delhi,17.4,64.77209984585141,1011.6,0
2025-02-14 18:00:00,Chennai,23.6,88.02677396309889,1013.1,0
2025-02-14 18:00:00,Hyderabad,22.7,53.59261967040722,1013.0,0
2025-02-14 18:00:00,Kolkata,18.4,67.60944202765148,1012.1,0
2025-02-14 18:00:00,Mumbai,24.8,55.1817788084762,1012.6,0
2025-02-14 18:00:00,New_Delhi,14.2,82.16075759049019,1012.3,0
2025-02-14 21:00:00,Chennai,22.0,92.91284830656912,1011.1,0
2025-02-14 21:00:00,Hyderabad,20.8,65.93146752697645,1012.5,0
2025-02-14 21:00:00,Kolkata,18.8,71.78645915321792,1011.6,0
2025-02-14 21:00:00,Mumbai,22.4,62.95239911045817,1011.3,0
2025-02-14 21:00:00,New_Delhi,12.0,92.98290295662396,1011.0,0
2025-02-15 00:00:00,Chennai,22.2,92.9231682794469,1011.7,0
2025-02-15 00:00:00,Hyderabad,19.0,69.07233640920421,1013.1,0
2025-02-15 00:00:00,Kolkata,18.4,69.40693384786043,1012.5,0
2025-02-15 00:00:00,Mumbai,20.8,69.87255673728518,1010.7,0
2025-02-15 00:00:00,New_Delhi,12.8,83.64541777496521,1012.4,0
2025-02-15 03:00:00,Chennai,24.6,86.51781437617485,1013.7,0
2025-02-15 03:00:00,Hyderabad,23.2,50.98251465036784,1014.1,0
2025-02-15 03:00:00,Kolkata,22.2,56.70909643936152,1014.3,0
2025-02-15 03:00:00,Mumbai,21.6,65.25391544185001,1013.3,0
2025-02-15 03:00:00,New_Delhi,12.8,83.64541777496521,1012.4,0
2025-02-15 06:00:00,Chennai,31.4,52.76094443060454,1013.2,0
2025-02-15 06:00:00,Hyderabad,32.0,21.072743293654877,1011.9,0
2025-02-15 06:00:00,Kolkata,28.8,39.84056692267928,1012.9,0
2025-02-15 06:00:00,Mumbai,34.0,32.236726877241026,1013.2,0
2025-02-15 06:00:00,New_Delhi,22.6,39.953197640847385,1012.3,0
2025-02-15 09:00:00,Chennai,32.6,43.26569266618384,1009.6,0
2025-02-15 09:00:00,Hyderabad,33.6,21.61943150869408,1007.9,0
2025-02-15 09:00:00,Kolkata,29.8,30.469199656858198,1009.8,0
2025-02-15 09:00:00,Mumbai,36.0,22.07553226529565,1010.0,0
2025-02-15 09:00:00,New_Delhi,26.8,32.372422391712746,1009.0,0
2025-02-15 12:00:00,Chennai,28.6,62.73852597456136,1009.3,0
2025-02-15 12:00:00,Hyderabad,32.8,31.649218589933117,1008.0,0
2025-02-15 12:00:00,Kolkata,27.4,35.73019889604045,1009.8,0
2025-02-15 12:00:00,Mumbai,32.6,28.501008134945057,1009.1,0
2025-02-15 12:00:00,New_Delhi,26.0,44.557102524016656,1009.1,0
2025-02-15 15:00:00,Chennai,25.6,79.0650667975322,1011.9,0
2025-02-15 15:00:00,Hyderabad,26.2,46.38866070801633,1011.3,0
2025-02-15 15:00:00,Kolkata,21.1,62.66144278573192,1011.5,0
2025-02-15 15:00:00,Mumbai,29.0,31.277124913943023,1010.6,0
2025-02-15 15:00:00,New_Delhi,17.2,75.84007888973122,1011.5,0
2025-02-15 18:00:00,Chennai,24.6,84.95004486909127,1012.5,0
2025-02-15 18:00:00,Hyderabad,22.4,53.86767061434077,1012.6,0
2025-02-15 18:00:00,Kolkata,19.6,72.8679604414464,1011.8,0
2025-02-15 18:00:00,Mumbai,23.2,44.96629978492457,1011.4,0
2025-02-15 18:00:00,New_Delhi,14.4,84.38669112870622,1012.0,0
2025-02-15 21:00:00,Chennai,23.0,89.61193893447619,1011.3,0
2025-02-15 21:00:00,Hyderabad,20.6,64.19987662649874,1011.6,0
2025-02-15 21:00:00,Kolkata,19.2,75.6731269890769,1011.3,0
2025-02-15 21:00:00,Mumbai,21.4,60.3300224339597,1010.7,0
2025-02-15 21:00:00,New_Delhi,13.2,95.5239675328518,1012.1,0
2025-02-16 00:00:00,Chennai,23.2,89.62675163391533,1011.4,0
2025-02-16 00:00:00,Hyderabad,18.6,67.20788822575122,1012.0,0
2025-02-16 00:00:00,Kolkata,20.0,90.5142591102468,1011.0,0
2025-02-16 00:00:00,Mumbai,19.8,67.01712979382484,1010.4,0
2025-02-16 00:00:00,New_Delhi,13.0,95.51712191302202,1012.1,0
2025-02-16 03:00:00,Chennai,25.0,81.93813716288261,1014.7,0
2025-02-16 03:00:00,Hyderabad,23.2,56.22183331014094,1013.3,0
2025-02-16 03:00:00,Kolkata,24.0,83.33878752130364,1013.6,0
2025-02-16 03:00:00,Mumbai,23.0,51.60290780194083,1013.2,0
2025-02-16 03:00:00,New_Delhi,11.8,100.0,1013.8,0
2025-02-16 06:00:00,Chennai,31.4,52.76094443060454,1013.9,0
2025-02-16 06:00:00,Hyderabad,32.8,23.86478171052784,1012.1,0
2025-02-16 06:00:00,Kolkata,30.0,44.50001175620574,1012.8,0
2025-02-16 06:00:00,Mumbai,34.2,30.67023122899543,1013.3,0
2025-02-16 06:00:00,New_Delhi,25.6,41.61652075262736,1013.3,0
2025-02-16 09:00:00,Chennai,32.4,44.03144254531665,1010.9,0
2025-02-16 09:00:00,Hyderabad,34.0,24.499489258339995,1008.2,0
2025-02-16 09:00:00,Kolkata,32.2,33.65516484107452,1010.1,0
2025-02-16 09:00:00,Mumbai,34.7,23.72010331626884,1010.4,0
2025-02-16 09:00:00,New_Delhi,28.0,33.147995944372894,1010.0,0
2025-02-16 12:00:00,Chennai,29.2,65.61635596786235,1011.1,0
2025-02-16 12:00:00,Hyderabad,32.0,27.052803087772126,1008.7,0
2025-02-16 12:00:00,Kolkata,29.2,39.18225554283719,1010.3,0
2025-02-16 12:00:00,Mumbai,31.7,27.51680606195232,1010.6,0
2025-02-16 12:00:00,New_Delhi,25.6,45.32877242250413,1010.5,0
2025-02-16 15:00:00,Chennai,26.6,74.98174057282651,1013.6,0
2025-02-16 15:00:00,Hyderabad,27.6,42.447087996132026,1012.0,0
2025-02-16 15:00:00,Kolkata,26.4,60.71246271379855,1012.3,0
2025-02-16 15:00:00,Mumbai,27.4,39.19245073809359,1012.5,0
2025-02-16 15:00:00,New_Delhi,20.2,72.50665915505505,1013.3,0
2025-02-16 18:00:00,Chennai,25.6,81.51380892113752,1014.2,0
2025-02-16 18:00:00,Hyderabad,23.0,60.31300980536288,1013.6,0
2025-02-16 18:00:00,Kolkata,24.4,83.38445864005315,1013.9,0
2025-02-16 18:00:00,Mumbai,25.4,55.685949687242655,1013.3,0
2025-02-16 18:00:00,New_Delhi,16.5,84.61905851133584,1014.8,0
2025-02-16 21:00:00,Chennai,23.6,89.65628406436801,1012.8,0
2025-02-16 21:00:00,Hyderabad,21.2,67.73921365926287,1012.6,0
2025-02-16 21:00:00,Kolkata,23.6,86.42328080854222,1012.7,0
2025-02-16 21:00:00,Mumbai,23.0,69.84785753064332,1012.1,0
2025-02-16 21:00:00,New_Delhi,14.0,93.0880516101139,1014.3,0
2025-02-17 00:00:00,Chennai,23.8,91.32464040055407,1013.5,0
2025-02-17 00:00:00,Hyderabad,19.6,74.7704038194316,1012.9,0
2025-02-17 00:00:00,Kolkata,22.6,94.66558503403644,1013.1,0
2025-02-17 00:00:00,Mumbai,20.2,71.12017585620825,1011.6,0
2025-02-17 00:00:00,New_Delhi,12.6,95.50338385498358,1014.2,0
2025-02-17 03:00:00,Chennai,25.4,85.03296693933086,1015.4,0
2025-02-17 03:00:00,Hyderabad,25.0,55.2316510124865,1014.2,0
2025-02-17 03:00:00,Kolkata,24.0,91.33708576167582,1015.3,0
2025-02-17 03:00:00,Mumbai,24.0,58.63792089821904,1014.1,0
2025-02-17 03:00:00,New_Delhi,13.6,100.0,1016.7,0
2025-02-17 06:00:00,Chennai,31.6,53.13694270651922,1015.2,0
2025-02-17 06:00:00,Hyderabad,31.8,27.54372118754403,1013.2,0
2025-02-17 06:00:00,Kolkata,29.8,62.23530658956874,1014.6,0
2025-02-17 06:00:00,Mumbai,33.0,31.756769544913187,1014.3,0
2025-02-17 06:00:00,New_Delhi,24.8,39.24232698927592,1016.9,0
2025-02-17 09:00:00,Chennai,32.0,54.55620730373795,1012.5,0
2025-02-17 09:00:00,Hyderabad,34.6,25.315182563346816,1009.8,0
2025-02-17 09:00:00,Kolkata,32.4,39.81200409457464,1011.6,0
2025-02-17 09:00:00,Mumbai,32.6,37.17639385105485,1011.3,0
2025-02-17 09:00:00,New_Delhi,27.8,29.51459005577565,1014.1,0
2025-02-17 12:00:00,Chennai,29.2,65.61635596786235,1012.4,0
2025-02-17 12:00:00,Hyderabad,32.0,32.31511355031243,1009.4,0
2025-02-17 12:00:00,Kolkata,29.4,52.25595491573255,1011.4,0
2025-02-17 12:00:00,Mumbai,30.8,43.3236059634316,1010.5,0
2025-02-17 12:00:00,New_Delhi,26.2,42.336399663448255,1013.1,0
2025-02-17 15:00:00,Chennai,26.0,76.27392919082712,1014.6,0
2025-02-17 15:00:00,Hyderabad,27.8,48.34317431257217,1012.1,0
2025-02-17 15:00:00,Kolkata,26.0,61.77549134798711,1013.6,0
2025-02-17 15:00:00,Mumbai,28.2,52.27884179837241,1011.9,0
2025-02-17 15:00:00,New_Delhi,18.4,75.0544587722358,1015.3,0
2025-02-17 18:00:00,Chennai,24.2,86.48011646915207,1014.7,0
2025-02-17 18:00:00,Hyderabad,25.8,62.90530562007218,1013.6,0
2025-02-17 18:00:00,Kolkata,25.0,81.93813716288261,1013.0,0
2025-02-17 18:00:00,Mumbai,23.8,61.27730375134291,1013.3,0
2025-02-17 18:00:00,New_Delhi,15.8,89.05728670930709,1016.2,0
2025-02-17 21:00:00,Chennai,23.0,91.27459428964966,1012.9,0
2025-02-17 21:00:00,Hyderabad,23.2,72.12351698141116,1012.5,0
2025-02-17 21:00:00,Kolkata,23.4,89.094717159691,1012.2,0
2025-02-17 21:00:00,Mumbai,23.6,64.02874504928945,1011.7,0
2025-02-17 21:00:00,New_Delhi,15.4,91.36785638670548,1014.8,0
2025-02-18 00:00:00,Chennai,23.2,91.2871456644803,1013.1,0
2025-02-18 00:00:00,Hyderabad,21.6,77.51345068820947,1012.4,0
2025-02-18 00:00:00,Kolkata,22.6,89.58222014288508,1013.0,0
2025-02-18 00:00:00,Mumbai,22.2,69.25260054643807,1011.6,0
2025-02-18 00:00:00,New_Delhi,15.0,91.34219794839412,1014.0,0
2025-02-18 03:00:00,Chennai,25.4,85.03296693933086,1015.8,0
2025-02-18 03:00:00,Hyderabad,25.4,66.46637920163614,1013.9,0
2025-02-18 03:00:00,Kolkata,25.0,84.99158907366431,1014.9,0
2025-02-18 03:00:00,Mumbai,22.8,68.0603877774896,1014.2,0
2025-02-18 03:00:00,New_Delhi,16.0,91.40613419141592,1015.7,0
2025-02-18 06:00:00,Chennai,31.0,56.00535491373798,1015.8,0
2025-02-18 06:00:00,Hyderabad,32.2,38.26880011810744,1013.0,0
2025-02-18 06:00:00,Kolkata,29.6,54.63879144543691,1014.1,0
2025-02-18 06:00:00,Mumbai,34.6,31.17735383321994,1014.2,0
2025-02-18 06:00:00,New_Delhi,23.8,57.101743390288206,1016.3,0
2025-02-18 09:00:00,Chennai,32.0,48.83593138119181,1012.7,0
2025-02-18 09:00:00,Hyderabad,35.0,25.925231350550156,1009.0,0
2025-02-18 09:00:00,Kolkata,31.2,52.710735539122425,1011.2,0
2025-02-18 09:00:00,Mumbai,35.8,25.79681981312975,1010.9,0
2025-02-18 09:00:00,New_Delhi,27.8,27.38587261941922,1012.9,0
2025-02-18 12:00:00,Chennai,29.0,64.38421540041374,1012.3,0
2025-02-18 12:00:00,Hyderabad,33.2,31.198961809215685,1008.5,0
2025-02-18 12:00:00,Kolkata,29.2,61.723255448317445,1011.3,0
2025-02-18 12:00:00,Mumbai,31.0,34.204854288884526,1010.7,0
2025-02-18 12:00:00,New_Delhi,26.4,34.279574045135064,1012.4,0
2025-02-18 15:00:00,Chennai,25.4,81.98706192459,1013.8,0
2025-02-18 15:00:00,Hyderabad,28.6,43.55600990053014,1011.7,0
2025-02-18 15:00:00,Kolkata,26.6,74.98174057282651,1013.0,0
2025-02-18 15:00:00,Mumbai,28.0,49.33018462848313,1011.9,0
2025-02-18 15:00:00,New_Delhi,17.6,72.51003291998082,1014.4,0
2025-02-18 18:00:00,Chennai,24.0,86.46120985687485,1013.9,0
2025-02-18 18:00:00,Hyderabad,26.2,64.18552330632488,1012.2,0
2025-02-18 18:00:00,Kolkata,25.2,83.47525948927431,1013.3,0
2025-02-18 18:00:00,Mumbai,24.6,63.438007568137486,1012.5,0
2025-02-18 18:00:00,New_Delhi,14.6,87.80293280034385,1014.8,0
2025-02-18 21:00:00,Chennai,22.8,91.2620162268376,1011.4,0
2025-02-18 21:00:00,Hyderabad,24.4,67.10028321985867,1010.8,0
2025-02-18 21:00:00,Kolkata,24.2,88.07733960854361,1012.7,0
2025-02-18 21:00:00,Mumbai,23.2,68.57285160352308,1011.2,0
2025-02-18 21:00:00,New_Delhi,12.4,93.0041212821806,1013.9,0
2025-02-19 00:00:00,Chennai,23.0,91.27459428964966,1011.3,0
2025-02-19 00:00:00,Hyderabad,22.4,79.6025060906342,1010.8,0
2025-02-19 00:00:00,Kolkata,23.4,94.69675973556868,1012.2,0
2025-02-19 00:00:00,Mumbai,21.6,73.68598756326635,1010.9,0
2025-02-19 00:00:00,New_Delhi,11.6,97.3880676886059,1013.5,0
2025-02-19 03:00:00,Chennai,24.6,86.51781437617485,1013.7,0
2025-02-19 03:00:00,Hyderabad,25.8,58.69153288013389,1012.5,0
2025-02-19 03:00:00,Kolkata,24.2,91.34950480267452,1014.4,0
2025-02-19 03:00:00,Mumbai,21.6,78.49717461310503,1012.7,0
2025-02-19 03:00:00,New_Delhi,15.6,82.87750924942381,1015.1,0
2025-02-19 06:00:00,Chennai,31.0,58.45623591814528,1013.4,0
2025-02-19 06:00:00,Hyderabad,32.0,40.98139645246801,1011.0,0
2025-02-19 06:00:00,Kolkata,28.2,70.38726092133687,1013.8,0
2025-02-19 06:00:00,Mumbai,33.4,29.67022136496883,1013.0,0
2025-02-19 06:00:00,New_Delhi,24.2,40.949946475321205,1014.1,0
2025-02-19 09:00:00,Chennai,31.4,54.07572802922947,1010.7,0
2025-02-19 09:00:00,Hyderabad,34.8,30.43883799039525,1006.8,0
2025-02-19 09:00:00,Kolkata,29.6,54.63879144543691,1010.3,0
2025-02-19 09:00:00,Mumbai,33.6,34.4786261295975,1010.0,0
2025-02-19 09:00:00,New_Delhi,26.6,28.7858536428532,1010.4,0
2025-02-19 12:00:00,Chennai,28.0,69.07461707385258,1010.4,0
2025-02-19 12:00:00,Hyderabad,33.8,35.42528716005973,1006.2,0
2025-02-19 12:00:00,Kolkata,24.8,78.46904480661803,1010.6,0
2025-02-19 12:00:00,Mumbai,31.2,37.50756691261887,1009.3,0
2025-02-19 12:00:00,New_Delhi,25.8,39.26225999233922,1009.7,0
2025-02-19 15:00:00,Chennai,25.4,79.03718283041701,1012.6,0
2025-02-19 15:00:00,Hyderabad,28.8,58.66259458008077,1009.8,0
2025-02-19 15:00:00,Kolkata,23.2,82.73369056093227,1012.8,0
2025-02-19 15:00:00,Mumbai,28.0,53.22632223446673,1010.8,0
2025-02-19 15:00:00,New_Delhi,19.8,63.60648802126187,1012.2,0
2025-02-19 18:00:00,Chennai,24.6,84.95004486909127,1012.7,0
2025-02-19 18:00:00,Hyderabad,26.8,67.58193621694379,1010.5,0
2025-02-19 18:00:00,Kolkata,23.4,82.75736601112055,1013.7,0
2025-02-19 18:00:00,Mumbai,24.6,60.68332422098103,1011.5,0
2025-02-19 18:00:00,New_Delhi,18.4,69.40693384786043,1013.1,0
2025-02-19 21:00:00,Chennai,23.0,89.61193893447619,1011.3,0
2025-02-19 21:00:00,Hyderabad,24.7,75.13597406521609,1010.3,0
2025-02-19 21:00:00,Kolkata,23.2,82.73369056093227,1012.9,0
2025-02-19 21:00:00,Mumbai,24.2,61.760459816300205,1010.7,0
2025-02-19 21:00:00,New_Delhi,18.2,84.26199825136138,1012.3,0
2025-02-20 00:00:00,Chennai,22.8,91.2620162268376,1011.9,0
2025-02-20 00:00:00,Hyderabad,23.4,83.26993989952544,1010.7,0
2025-02-20 00:00:00,Kolkata,22.2,98.18792289381352,1013.2,0
2025-02-20 00:00:00,Mumbai,22.8,65.09159530734026,1010.6,0
2025-02-20 00:00:00,New_Delhi,16.8,95.64457524587876,1012.7,0
2025-02-20 03:00:00,Chennai,25.4,81.98706192459,1014.5,0
2025-02-20 03:00:00,Hyderabad,25.2,76.1495718601223,1012.9,0
2025-02-20 03:00:00,Kolkata,24.8,88.12759322404811,1015.6,0
2025-02-20 03:00:00,Mumbai,22.4,69.29137490376932,1013.1,0
2025-02-20 03:00:00,New_Delhi,17.2,95.65767675758462,1014.4,0
2025-02-20 06:00:00,Chennai,31.4,52.76094443060454,1014.1,0
2025-02-20 06:00:00,Hyderabad,31.8,50.94362829175715,1012.0,0
2025-02-20 06:00:00,Kolkata,25.4,83.49784757524912,1015.6,0
2025-02-20 06:00:00,Mumbai,34.0,37.7986152362036,1013.2,0
2025-02-20 06:00:00,New_Delhi,23.6,61.23159477777704,1015.3,0
2025-02-20 09:00:00,Chennai,32.0,48.83593138119181,1011.3,0
2025-02-20 09:00:00,Hyderabad,34.4,37.90806171030175,1008.5,0
2025-02-20 09:00:00,Kolkata,20.2,94.57041014289584,1014.1,0
2025-02-20 09:00:00,Mumbai,33.6,38.16841802933758,1010.4,0
2025-02-20 09:00:00,New_Delhi,26.4,46.44284529340911,1012.5,0
2025-02-20 12:00:00,Chennai,28.8,65.53389236922786,1011.3,0
2025-02-20 12:00:00,Hyderabad,30.8,52.28529670371479,1009.3,0
2025-02-20 12:00:00,Kolkata,21.0,85.10038132415258,1012.9,0
2025-02-20 12:00:00,Mumbai,31.8,38.15857338999128,1009.7,0
2025-02-20 12:00:00,New_Delhi,24.2,54.67762067213747,1012.4,0
2025-02-20 15:00:00,Chennai,25.6,79.0650667975322,1014.0,0
2025-02-20 15:00:00,Hyderabad,27.4,67.70085403503145,1012.7,0
2025-02-20 15:00:00,Kolkata,20.4,88.85852566524859,1014.8,0
2025-02-20 15:00:00,Mumbai,29.4,41.58511230854061,1011.6,0
2025-02-20 15:00:00,New_Delhi,20.6,64.61860815257197,1013.6,0
2025-02-20 18:00:00,Chennai,24.8,83.42994899232998,1014.6,0
2025-02-20 18:00:00,Hyderabad,26.0,72.61811825905968,1013.5,0
2025-02-20 18:00:00,Kolkata,20.2,94.57041014289584,1015.0,0
2025-02-20 18:00:00,Mumbai,26.6,46.49696950037834,1013.1,0
2025-02-20 18:00:00,New_Delhi,18.8,71.78645915321792,1015.7,0
2025-02-20 21:00:00,Chennai,25.0,83.45262666598398,1014.1,1
2025-02-20 21:00:00,Kolkata,19.8,96.339874842458,1013.8,0
2025-02-20 21:00:00,Mumbai,23.4,63.985292032244,1011.6,0
2025-02-21 00:00:00,Chennai,23.4,89.64153331568741,1013.6,0
2025-02-21 00:00:00,Hyderabad,23.4,81.74051352949353,1013.0,0
2025-02-21 00:00:00,Kolkata,18.8,96.31235577580728,1014.3,0
2025-02-21 00:00:00,Mumbai,22.0,67.46743848720216,1011.9,0
2025-02-21 00:00:00,New_Delhi,13.8,90.66712933521302,1016.5,0
2025-02-21 03:00:00,Chennai,26.0,82.55918218789247,1015.7,0
2025-02-21 03:00:00,Hyderabad,25.2,72.03021897074997,1015.1,0
2025-02-21 03:00:00,Kolkata,22.4,77.6333068665811,1016.8,0
2025-02-21 03:00:00,Mumbai,22.8,65.09159530734026,1014.3,0
2025-02-21 03:00:00,New_Delhi,14.4,93.10880120194317,1017.9,0
2025-02-21 06:00:00,Chennai,31.0,56.00535491373798,1015.7,0
2025-02-21 06:00:00,Hyderabad,30.6,46.678493632310655,1014.3,0
2025-02-21 06:00:00,Kolkata,26.8,65.11757425555096,1015.9,0
2025-02-21 06:00:00,Mumbai,34.6,23.38142730852004,1014.6,0
2025-02-21 06:00:00,New_Delhi,24.6,38.92408341757391,1017.2,0
2025-02-21 09:00:00,Chennai,31.6,55.46769384647515,1012.8,0
2025-02-21 09:00:00,Hyderabad,33.6,39.88884733824565,1010.6,0
2025-02-21 09:00:00,Kolkata,28.8,59.02704232458345,1013.0,0
2025-02-21 09:00:00,Mumbai,35.4,26.893084347345,1011.5,0
2025-02-21 09:00:00,New_Delhi,25.0,49.81333656736011,1015.1,0
2025-02-21 12:00:00,Chennai,29.0,66.78535949708609,1012.8,0
2025-02-21 12:00:00,Hyderabad,31.4,46.59863618825752,1010.3,0
2025-02-21 12:00:00,Kolkata,28.0,64.9673083542988,1012.2,0
2025-02-21 12:00:00,Mumbai,33.4,33.33693141050912,1010.7,0
2025-02-21 12:00:00,New_Delhi,23.0,57.64809901125625,1014.7,0
2025-02-21 15:00:00,Chennai,26.4,74.94939436271723,1014.5,0
2025-02-21 15:00:00,Hyderabad,28.0,61.83725955078121,1013.0,0
2025-02-21 15:00:00,Kolkata,25.2,80.47406090248509,1013.8,0
2025-02-21 15:00:00,Mumbai,30.2,41.53843202706828,1012.8,0
2025-02-21 15:00:00,New_Delhi,19.2,79.15467691478646,1016.4,0
2025-02-21 18:00:00,Chennai,25.2,83.47525948927431,1015.1,0
2025-02-21 18:00:00,Hyderabad,25.8,69.50825287141733,1013.9,0
2025-02-21 18:00:00,Kolkata,23.4,86.40425816902815,1014.1,0
2025-02-21 18:00:00,Mumbai,26.4,46.44284529340911,1013.3,0
2025-02-21 18:00:00,New_Delhi,18.8,79.60761770955705,1016.5,0
2025-02-21 21:00:00,Chennai,24.0,89.68569309935684,1013.7,0
2025-02-21 21:00:00,Hyderabad,24.2,74.12704136904111,1012.7,0
2025-02-21 21:00:00,Kolkata,22.2,91.22412116599256,1013.2,0
2025-02-21 21:00:00,Mumbai,24.0,52.88544585880423,1011.5,0
2025-02-21 21:00:00,New_Delhi,15.6,93.77393368836664,1015.6,0
2025-02-22 00:00:00,Chennai,24.8,88.12759322404811,1013.5,0
2025-02-22 00:00:00,Hyderabad,22.0,81.05642785450141,1013.5,0
2025-02-22 00:00:00,Kolkata,21.0,94.6024134245662,1013.8,0
2025-02-22 00:00:00,Mumbai,22.4,61.35065070870822,1011.7,0
2025-02-22 00:00:00,New_Delhi,14.8,95.5781768148728,1015.4,0
2025-02-22 03:00:00,Chennai,26.0,82.55918218789247,1015.9,0
2025-02-22 03:00:00,Hyderabad,25.8,70.81180097230059,1014.9,0
2025-02-22 03:00:00,Kolkata,23.4,91.29967042540224,1016.5,0
2025-02-22 03:00:00,Mumbai,23.0,57.64809901125625,1013.8,0
2025-02-22 03:00:00,New_Delhi,14.4,93.10880120194317,1017.2,0
2025-02-22 06:00:00,Chennai,31.2,58.5027997016778,1015.6,0
2025-02-22 06:00:00,Hyderabad,32.4,34.81528709065339,1014.1,0
2025-02-22 06:00:00,Kolkata,28.7,68.78845425966166,1016.5,0
2025-02-22 06:00:00,Mumbai,34.8,22.068138545677773,1014.8,0
2025-02-22 06:00:00,New_Delhi,20.6,58.19926758382522,1018.2,0
2025-02-22 09:00:00,Chennai,31.4,57.48913124065053,1013.2,0
2025-02-22 09:00:00,Hyderabad,34.4,29.175058206768867,1010.4,0
2025-02-22 09:00:00,Kolkata,30.0,55.07749010874436,1013.0,0
2025-02-22 09:00:00,Mumbai,35.2,32.77188198042116,1012.0,0
2025-02-22 09:00:00,New_Delhi,23.8,37.66540228452442,1015.7,0
2025-02-22 12:00:00,Chennai,29.2,65.61635596786235,1013.0,0
2025-02-22 12:00:00,Hyderabad,33.4,29.67022136496883,1010.7,0
2025-02-22 12:00:00,Kolkata,28.4,65.05100507166367,1012.8,0
2025-02-22 12:00:00,Mumbai,32.4,33.06218344132711,1011.7,0
2025-02-22 12:00:00,New_Delhi,22.6,49.82797642120696,1015.0,0
2025-02-22 15:00:00,Chennai,26.0,79.12067626724064,1015.6,0
2025-02-22 15:00:00,Hyderabad,27.6,47.06793289109862,1014.0,0
2025-02-22 15:00:00,Kolkata,26.8,73.6526814430667,1015.4,0
2025-02-22 15:00:00,Mumbai,28.2,58.521832010014805,1013.7,0
2025-02-22 15:00:00,New_Delhi,17.0,77.81661299364781,1017.2,0
2025-02-22 18:00:00,Chennai,24.4,79.87545001594653,1015.8,0
2025-02-22 18:00:00,Hyderabad,24.4,68.80759213980193,1015.0,0
2025-02-22 18:00:00,Kolkata,24.6,88.1108765345105,1015.3,0
2025-02-22 18:00:00,Mumbai,26.0,61.77549134798711,1014.0,0
2025-02-22 18:00:00,New_Delhi,14.2,88.92813687312545,1017.8,0
2025-02-22 21:00:00,Chennai,23.4,89.64153331568741,1014.1,0
2025-02-22 21:00:00,Hyderabad,22.2,76.15308340181124,1013.5,0
2025-02-22 21:00:00,Kolkata,23.8,93.00493307197942,1014.5,0
2025-02-22 21:00:00,Mumbai,24.0,70.47837778915957,1012.7,0
2025-02-22 21:00:00,New_Delhi,12.4,93.0041212821806,1017.1,0
2025-02-23 00:00:00,Chennai,23.4,91.29967042540224,1014.0,0
2025-02-23 00:00:00,Hyderabad,21.4,78.9647481661836,1014.0,0
2025-02-23 00:00:00,Kolkata,21.8,92.90250604151836,1015.0,0
2025-02-23 00:00:00,Mumbai,22.8,71.14751921151326,1012.4,0
2025-02-23 00:00:00,New_Delhi,11.2,100.0,1017.3,0
2025-02-23 03:00:00,Chennai,26.0,84.07244076824206,1015.9,0
2025-02-23 03:00:00,Hyderabad,26.8,58.19100139585605,1015.5,0
2025-02-23 03:00:00,Kolkata,25.2,80.47406090248509,1017.1,0
2025-02-23 03:00:00,Mumbai,23.2,65.17668373106751,1014.6,0
2025-02-23 03:00:00,New_Delhi,12.8,95.51026070272565,1019.2,0
2025-02-23 06:00:00,Chennai,31.6,66.1056160585513,1015.8,0
2025-02-23 06:00:00,Hyderabad,33.0,28.23552688088112,1013.6,0
2025-02-23 06:00:00,Kolkata,28.6,60.08656570259691,1016.8,0
2025-02-23 06:00:00,Mumbai,35.0,28.03643575037328,1015.3,0
2025-02-23 06:00:00,New_Delhi,23.0,46.123148898778574,1019.0,0
2025-02-23 09:00:00,Chennai,32.2,58.02796060835696,1012.9,0
2025-02-23 09:00:00,Hyderabad,32.8,36.06228910712878,1011.1,0
2025-02-23 09:00:00,Kolkata,29.8,53.6783681185955,1013.9,0
2025-02-23 09:00:00,Mumbai,36.0,26.876974684415604,1011.8,0
2025-02-23 09:00:00,New_Delhi,26.2,36.35320210408891,1015.5,0
2025-02-23 12:00:00,Chennai,29.2,63.25549180025208,1013.5,0
2025-02-23 12:00:00,Hyderabad,33.0,24.40209011834198,1011.0,0
2025-02-23 12:00:00,Kolkata,28.6,60.08656570259691,1013.8,0
2025-02-23 12:00:00,Mumbai,34.4,25.59831145970019,1011.0,0
2025-02-23 12:00:00,New_Delhi,24.6,44.17129398212148,1015.0,0
2025-02-23 15:00:00,Chennai,26.2,79.14840201964623,1015.0,0
2025-02-23 15:00:00,Hyderabad,28.2,51.29732773265832,1014.1,0
2025-02-23 15:00:00,Kolkata,25.4,75.71358128252226,1015.8,0
2025-02-23 15:00:00,Mumbai,30.8,33.92728508266713,1012.8,0
2025-02-23 15:00:00,New_Delhi,18.2,67.56843381939265,1017.3,0
2025-02-23 18:00:00,Chennai,25.2,83.47525948927431,1015.5,0
2025-02-23 18:00:00,Hyderabad,24.0,60.15926751655197,1015.4,0
2025-02-23 18:00:00,Kolkata,22.8,84.23807515262574,1016.2,0
2025-02-23 18:00:00,Mumbai,26.8,48.07696175829726,1013.7,0
2025-02-23 18:00:00,New_Delhi,15.0,86.69713639932762,1018.8,0
2025-02-23 21:00:00,Chennai,23.4,89.64153331568741,1013.4,0
2025-02-23 21:00:00,Hyderabad,22.0,70.10172533589738,1014.3,0
2025-02-23 21:00:00,Kolkata,22.6,84.21619689321432,1015.3,0
2025-02-23 21:00:00,Mumbai,27.0,47.821805415300325,1013.0,1
2025-02-23 21:00:00,New_Delhi,13.2,95.5239675328518,1017.8,0
2025-02-24 00:00:00,Chennai,23.6,92.9947891827328,1013.5,0
2025-02-24 00:00:00,Hyderabad,20.2,72.04187987653194,1015.1,0
2025-02-24 00:00:00,Kolkata,21.2,83.5364376134923,1016.7,0
2025-02-24 00:00:00,Mumbai,22.2,61.304763090957,1012.3,0
2025-02-24 00:00:00,New_Delhi,11.6,97.3880676886059,1018.1,0
2025-02-24 03:00:00,Chennai,25.6,80.52645239736388,1016.7,0
2025-02-24 03:00:00,Hyderabad,25.8,54.727787543448,1016.7,0
2025-02-24 03:00:00,Kolkata,24.0,72.2660894358301,1019.3,0
2025-02-24 03:00:00,Mumbai,27.8,28.7241931887364,1013.9,0
2025-02-24 03:00:00,New_Delhi,13.6,95.5376121881548,1020.4,0
2025-02-24 06:00:00,Chennai,31.2,58.5027997016778,1017.0,0
2025-02-24 06:00:00,Hyderabad,31.6,39.5923235340366,1015.2,0
2025-02-24 06:00:00,Kolkata,28.6,55.07601922060314,1018.2,0
2025-02-24 06:00:00,Mumbai,31.8,19.89609277846744,1013.4,0
2025-02-24 06:00:00,New_Delhi,24.0,46.09201277446216,1019.8,0
2025-02-24 09:00:00,Chennai,33.0,50.00855048668853,1013.4,0
2025-02-24 09:00:00,Hyderabad,32.4,22.056456628054825,1012.5,0
2025-02-24 09:00:00,Kolkata,30.2,44.837591607463104,1014.9,0
2025-02-24 09:00:00,Mumbai,38.0,21.56501877218411,1011.8,0
2025-02-24 09:00:00,New_Delhi,26.4,36.65329060599471,1016.2,0
2025-02-24 12:00:00,Chennai,30.4,66.66180868247822,1013.3,0
2025-02-24 12:00:00,Hyderabad,31.0,34.879043630281735,1011.4,0
2025-02-24 12:00:00,Kolkata,28.4,52.3298387248426,1014.1,0
2025-02-24 12:00:00,Mumbai,33.4,26.890817771518165,1011.4,0
2025-02-24 12:00:00,New_Delhi,24.8,43.07320487119796,1016.2,0
2025-02-24 15:00:00,Chennai,27.4,74.20346731676847,1015.7,0
2025-02-24 15:00:00,Hyderabad,27.6,45.87309205513956,1014.7,0
2025-02-24 15:00:00,Kolkata,26.0,63.34488035972379,1016.3,0
2025-02-24 15:00:00,Mumbai,29.8,47.956204800317984,1013.5,0
2025-02-24 15:00:00,New_Delhi,18.2,76.49639500269146,1018.6,0
2025-02-24 18:00:00,Chennai,26.6,78.2479077819723,1016.6,0
2025-02-24 18:00:00,Hyderabad,24.0,51.86399299937328,1016.1,0
2025-02-24 18:00:00,Kolkata,24.0,70.47837778915957,1017.1,0
2025-02-24 18:00:00,Mumbai,26.6,54.23420155768275,1014.4,0
2025-02-24 18:00:00,New_Delhi,15.0,86.69713639932762,1019.6,0
2025-02-24 21:00:00,Chennai,24.8,81.91360302673357,1014.7,0
2025-02-24 21:00:00,Hyderabad,22.4,56.75842370399915,1014.8,0
2025-02-24 21:00:00,Kolkata,22.8,81.15946153199087,1016.5,0
2025-02-24 21:00:00,Mumbai,24.2,69.20179535984853,1012.4,0
2025-02-24 21:00:00,New_Delhi,13.0,90.6113847335102,1017.8,0
2025-02-25 00:00:00,Chennai,24.0,88.59935257199315,1014.6,0
2025-02-25 00:00:00,Hyderabad,21.6,69.57948843896322,1015.2,0
2025-02-25 00:00:00,Kolkata,21.4,78.46820659148995,1017.4,0
2025-02-25 00:00:00,Mumbai,22.4,59.78486476769296,1012.0,0
2025-02-25 00:00:00,New_Delhi,12.6,95.50338385498358,1017.2,0
2025-02-25 03:00:00,Chennai,27.2,78.33374294989056,1017.0,0
2025-02-25 03:00:00,Hyderabad,23.0,78.69840590646567,1018.1,0
2025-02-25 03:00:00,Kolkata,23.6,59.68194765625472,1019.3,0
2025-02-25 03:00:00,Mumbai,25.4,41.286485844105634,1014.9,0
2025-02-25 03:00:00,New_Delhi,14.0,93.0880516101139,1019.4,0
2025-02-25 06:00:00,Chennai,32.2,65.05199403084112,1016.8,0
2025-02-25 06:00:00,Hyderabad,29.0,53.144397220752126,1016.8,0
2025-02-25 06:00:00,Kolkata,29.4,50.9622753196638,1019.1,0
2025-02-25 06:00:00,Mumbai,35.0,21.534453303103152,1015.6,0
2025-02-25 06:00:00,New_Delhi,25.2,44.92342577358784,1020.0,0
2025-02-25 09:00:00,Chennai,33.4,39.08864098827481,1014.1,0
2025-02-25 09:00:00,Hyderabad,31.8,37.91528807098684,1013.7,0
2025-02-25 09:00:00,Kolkata,30.0,53.7282668311392,1015.9,0
2025-02-25 09:00:00,Mumbai,34.2,28.744828645036964,1012.8,0
2025-02-25 09:00:00,New_Delhi,27.6,32.596349259757666,1017.3,0
2025-02-25 12:00:00,Chennai,30.0,61.14896099495759,1014.2,0
2025-02-25 12:00:00,Hyderabad,30.6,22.82056905645111,1013.3,0
2025-02-25 12:00:00,Kolkata,28.2,56.02032023794125,1015.4,0
2025-02-25 12:00:00,Mumbai,33.0,31.756769544913187,1012.8,0
2025-02-25 12:00:00,New_Delhi,26.4,36.65329060599471,1017.1,0
2025-02-25 15:00:00,Chennai,27.6,74.23649168800932,1016.6,0
2025-02-25 15:00:00,Hyderabad,27.2,57.55876022674434,1016.4,0
2025-02-25 15:00:00,Kolkata,25.6,64.45946580818865,1018.8,0
2025-02-25 15:00:00,Mumbai,28.6,46.43865509469921,1015.3,0
2025-02-25 15:00:00,New_Delhi,18.8,68.1358734584809,1019.0,0
2025-02-25 18:00:00,Chennai,27.0,79.73938187381316,1017.1,0
2025-02-25 18:00:00,Hyderabad,24.6,67.14078973899267,1017.4,0
2025-02-25 18:00:00,Kolkata,23.0,73.00116957092115,1018.9,0
2025-02-25 18:00:00,Mumbai,25.2,54.2284006146774,1016.4,0
2025-02-25 18:00:00,New_Delhi,17.0,81.44548898385827,1019.7,0
2025-02-25 21:00:00,Chennai,26.2,84.09422307879059,1015.0,0
2025-02-25 21:00:00,Hyderabad,22.6,73.3927914913938,1016.2,0
2025-02-25 21:00:00,Kolkata,21.4,78.46820659148995,1017.5,0
2025-02-25 21:00:00,Mumbai,23.6,62.41693601145195,1014.4,0
2025-02-25 21:00:00,New_Delhi,16.2,85.1378687966253,1018.4,0
2025-02-26 00:00:00,Chennai,25.0,88.14427552074832,1015.0,0
2025-02-26 00:00:00,Hyderabad,21.2,78.93630610503789,1015.9,0
2025-02-26 00:00:00,Kolkata,20.2,83.42149095195703,1017.8,0
2025-02-26 00:00:00,Mumbai,22.4,66.26660576599681,1013.5,0
2025-02-26 00:00:00,New_Delhi,17.0,85.77443221262807,1017.9,0
2025-02-26 03:00:00,Chennai,27.4,79.79314536748959,1016.6,0
2025-02-26 03:00:00,Hyderabad,25.2,64.77966284965012,1018.3,0
2025-02-26 03:00:00,Kolkata,23.2,68.14000153659617,1019.9,0
2025-02-26 03:00:00,Mumbai,24.8,51.06978658634824,1016.1,0
2025-02-26 03:00:00,New_Delhi,18.2,86.44644409809676,1020.3,0
2025-02-26 06:00:00,Chennai,32.6,51.77843588862952,1016.6,0
2025-02-26 06:00:00,Hyderabad,30.4,51.86064335379236,1017.2,0
2025-02-26 06:00:00,Kolkata,28.8,40.88729732566328,1019.2,0
2025-02-26 06:00:00,Mumbai,35.6,22.26958135788291,1016.2,0
2025-02-26 06:00:00,New_Delhi,28.6,45.26607525457315,1019.7,0
2025-02-26 09:00:00,Chennai,33.4,52.2972859735491,1013.5,0
2025-02-26 09:00:00,Hyderabad,32.0,43.923665681808,1013.1,0
2025-02-26 09:00:00,Kolkata,29.8,37.84966852652266,1015.8,0
2025-02-26 09:00:00,Mumbai,36.2,29.659109830704644,1012.9,0
2025-02-26 09:00:00,New_Delhi,31.0,39.17530531006408,1015.4,0
2025-02-26 12:00:00,Chennai,30.4,55.516916216092426,1013.1,0
2025-02-26 12:00:00,Hyderabad,30.0,50.48129264923812,1012.9,0
2025-02-26 12:00:00,Kolkata,27.6,46.46713497984191,1015.3,0
2025-02-26 12:00:00,Mumbai,32.8,35.3763918168052,1012.1,0
2025-02-26 12:00:00,New_Delhi,28.8,59.02704232458345,1015.3,0
2025-02-26 15:00:00,Chennai,28.0,71.64672861133928,1015.8,0
2025-02-26 15:00:00,Hyderabad,27.4,57.60660548767008,1015.1,0
2025-02-26 15:00:00,Kolkata,24.4,64.60906720348359,1016.9,0
2025-02-26 15:00:00,Mumbai,29.0,51.827728335121904,1013.6,0
2025-02-26 15:00:00,New_Delhi,24.8,62.28898438247092,1016.7,0
2025-02-26 18:00:00,Chennai,27.2,75.53609118292528,1016.2,0
2025-02-26 18:00:00,Hyderabad,25.5,66.48685748474682,1016.1,0
2025-02-26 18:00:00,Kolkata,21.2,73.14964788312554,1016.6,0
2025-02-26 18:00:00,Mumbai,26.0,63.34488035972379,1014.5,0
2025-02-26 18:00:00,New_Delhi,21.6,80.49756918337606,1016.7,0
2025-02-26 21:00:00,Chennai,26.4,81.1206589392812,1013.9,0
2025-02-26 21:00:00,Hyderabad,23.6,74.02618272315732,1015.1,0
2025-02-26 21:00:00,Kolkata,20.0,77.76603602176817,1015.5,0
2025-02-26 21:00:00,Mumbai,24.4,64.60906720348359,1013.4,0
2025-02-26 21:00:00,New_Delhi,20.2,85.01642619925445,1015.0,0
2025-02-27 00:00:00,Chennai,24.4,88.0941253601151,1013.4,0
2025-02-27 00:00:00,Hyderabad,22.4,75.232041604098,1014.7,0
2025-02-27 00:00:00,Kolkata,18.6,84.30632435360548,1016.1,0
2025-02-27 00:00:00,Mumbai,23.4,63.985292032244,1012.8,0
2025-02-27 00:00:00,New_Delhi,21.2,73.14964788312554,1013.8,0
2025-02-27 03:00:00,Chennai,27.2,78.33374294989056,1015.4,0
2025-02-27 03:00:00,Hyderabad,25.6,57.173530456297016,1016.5,0
2025-02-27 03:00:00,Kolkata,23.2,68.14000153659617,1017.8,0
2025-02-27 03:00:00,Mumbai,23.2,65.17668373106751,1014.9,0
2025-02-27 03:00:00,New_Delhi,21.4,71.79898970107504,1017.7,0
2025-02-27 06:00:00,Chennai,32.4,49.24307764278141,1015.2,0
2025-02-27 06:00:00,Hyderabad,30.0,49.541409391329125,1015.3,0
2025-02-27 06:00:00,Kolkata,28.8,43.3313576867181,1016.2,0
2025-02-27 06:00:00,Mumbai,35.0,28.959826043818847,1014.7,0
2025-02-27 06:00:00,New_Delhi,22.4,66.26660576599681,1017.8,0
2025-02-27 09:00:00,Chennai,32.8,45.53477219050725,1012.8,0
2025-02-27 09:00:00,Hyderabad,32.2,43.15754496006277,1011.3,0
2025-02-27 09:00:00,Kolkata,30.6,42.99526278512383,1012.7,0
2025-02-27 09:00:00,Mumbai,35.2,31.74353999016848,1011.4,0
2025-02-27 09:00:00,New_Delhi,24.4,56.155644793581,1013.5,0
2025-02-27 12:00:00,Chennai,30.2,60.08231213848365,1012.1,0
2025-02-27 12:00:00,Hyderabad,30.8,47.91892153763767,1010.3,0
2025-02-27 12:00:00,Kolkata,28.2,52.27884179837241,1012.3,0
2025-02-27 12:00:00,Mumbai,32.8,44.41511189443828,1009.6,0
2025-02-27 12:00:00,New_Delhi,22.4,61.35065070870822,1012.7,0
2025-02-27 15:00:00,Chennai,27.6,69.84804373904335,1014.0,0
2025-02-27 15:00:00,Hyderabad,27.4,60.18498206209946,1013.0,0
2025-02-27 15:00:00,Kolkata,25.2,68.53404397143257,1014.3,0
2025-02-27 15:00:00,Mumbai,29.4,48.45900885580284,1012.4,0
2025-02-27 15:00:00,New_Delhi,20.2,72.50665915505505,1014.0,0
2025-02-27 18:00:00,Chennai,26.8,75.01402814660541,1014.6,0
2025-02-27 18:00:00,Hyderabad,25.8,66.96416382150265,1013.9,0
2025-02-27 18:00:00,Kolkata,24.4,75.5545437025466,1014.7,0
2025-02-27 18:00:00,Mumbai,26.2,58.04818884609648,1013.2,0
2025-02-27 18:00:00,New_Delhi,20.2,72.50665915505505,1014.0,0
2025-02-27 21:00:00,Chennai,26.4,81.1206589392812,1012.3,0
2025-02-27 21:00:00,Hyderabad,24.8,74.68849815889978,1012.6,0
2025-02-27 21:00:00,Kolkata,23.8,79.7941177858265,1012.9,0
2025-02-27 21:00:00,Mumbai,24.8,65.10325533274633,1011.7,0
2025-02-27 21:00:00,New_Delhi,20.4,71.15735822881922,1011.5,0
2025-02-28 00:00:00,Chennai,25.0,86.5553591977721,1012.4,0
2025-02-28 00:00:00,Hyderabad,23.0,78.20916979499323,1012.6,0
2025-02-28 00:00:00,Kolkata,22.2,89.00113039766441,1014.7,0
2025-02-28 00:00:00,Mumbai,24.6,72.37235517024858,1011.1,0
2025-02-28 00:00:00,New_Delhi,19.2,75.6731269890769,1009.6,0
2025-02-28 03:00:00,Chennai,27.4,74.20346731676847,1014.7,0
2025-02-28 03:00:00,Hyderabad,24.6,61.85075620714107,1015.8,0
2025-02-28 03:00:00,Kolkata,26.2,81.09527108176809,1015.8,0
2025-02-28 03:00:00,Mumbai,25.2,69.82725085286098,1013.5,0
2025-02-28 03:00:00,New_Delhi,20.0,72.470856291407,1013.6,0
2025-02-28 06:00:00,Chennai,31.6,54.12510474048353,1015.1,0
2025-02-28 06:00:00,Hyderabad,30.2,50.53291524432717,1013.9,0
2025-02-28 06:00:00,Kolkata,30.6,55.56557299066436,1014.9,0
2025-02-28 06:00:00,Mumbai,32.6,44.08524912530278,1013.8,0
2025-02-28 06:00:00,New_Delhi,22.4,67.54841643617165,1012.7,0
2025-02-28 09:00:00,Chennai,33.2,51.29970826857255,1010.9,0
2025-02-28 09:00:00,Hyderabad,32.4,48.63847698203121,1010.0,0
2025-02-28 09:00:00,Kolkata,31.6,45.21418435477139,1011.8,0
2025-02-28 09:00:00,Mumbai,33.6,42.20065213667368,1010.4,0
2025-02-28 09:00:00,New_Delhi,26.4,56.28801772079499,1010.0,0
2025-02-28 18:00:00,Chennai,27.0,83.67695517522091,1011.725,1
2025-02-28 18:00:00,Kolkata,25.0,83.45262666598398,1011.65,1
2025-02-28 18:00:00,Mumbai,28.0,58.11126126861089,1010.775,1
2025-02-28 21:00:00,Chennai,27.0,82.67693820709039,1012.0,0
2025-02-28 21:00:00,Hyderabad,24.6,73.2781992066413,1012.8,0
2025-02-28 21:00:00,Kolkata,24.0,67.44315945194963,1011.6,0
2025-02-28 21:00:00,Mumbai,26.8,66.75154657469582,1010.9,0
2025-02-28 21:00:00,New_Delhi,18.2,93.89363078527036,1012.1,0
2025-03-01 00:00:00,Chennai,27.0,82.67693820709039,1011.9,0
2025-03-01 00:00:00,Hyderabad,22.4,79.6025060906342,1012.6,0
2025-03-01 00:00:00,Kolkata,23.4,82.75736601112055,1012.0,0
2025-03-01 00:00:00,Mumbai,25.8,49.38256381356927,1010.7,0
2025-03-01 00:00:00,New_Delhi,18.0,88.1001435273896,1012.5,0
2025-03-01 03:00:00,Chennai,28.4,78.97572139747378,1013.6,0
2025-03-01 03:00:00,Hyderabad,25.0,50.46397557709502,1012.95,1
2025-03-01 03:00:00,Kolkata,27.0,72.34810781589086,1013.4,0
2025-03-01 03:00:00,Mumbai,27.0,57.51084662663192,1012.6,0
2025-03-01 03:00:00,New_Delhi,18.8,92.16146182468223,1013.7,0
2025-03-01 06:00:00,Chennai,31.4,64.49787905022467,1013.8,0
2025-03-01 06:00:00,Hyderabad,30.6,49.08033229529655,1013.3,0
2025-03-01 06:00:00,Kolkata,32.8,47.55386421260116,1012.4,0
2025-03-01 06:00:00,Mumbai,32.0,41.50310192464845,1013.4,0
2025-03-01 06:00:00,New_Delhi,25.8,60.19419705576875,1014.3,0
2025-03-01 09:00:00,Chennai,32.0,59.04479527455803,1010.3,0
2025-03-01 09:00:00,Hyderabad,33.0,43.10358004754794,1009.7,0
2025-03-01 09:00:00,Kolkata,34.6,42.20833515582447,1008.8,0
2025-03-01 09:00:00,Mumbai,34.0,40.7555733388534,1010.1,0
2025-03-01 09:00:00,New_Delhi,27.8,51.84729878092747,1011.1,0
2025-03-01 12:00:00,Chennai,29.8,69.83477481244167,1010.3,0
2025-03-01 12:00:00,Hyderabad,31.4,47.48064606544448,1009.0,0
2025-03-01 12:00:00,Kolkata,30.4,50.90090504824205,1008.7,0
2025-03-01 12:00:00,Mumbai,31.8,44.42430274905143,1009.4,0
2025-03-01 12:00:00,New_Delhi,26.4,56.64557967688834,1011.1,0
2025-03-01 15:00:00,Chennai,27.8,79.84670514036797,1012.6,0
2025-03-01 15:00:00,Hyderabad,27.8,50.54808035619615,1011.9,0
2025-03-01 15:00:00,Kolkata,27.8,58.06387612446219,1010.4,0
2025-03-01 15:00:00,Mumbai,30.0,42.28779086879617,1010.8,0
2025-03-01 15:00:00,New_Delhi,21.8,77.05626826357745,1013.6,0
2025-03-01 18:00:00,Chennai,27.0,84.18092213796281,1012.9,0
2025-03-01 18:00:00,Hyderabad,24.2,65.80260385050796,1011.8,0
2025-03-01 18:00:00,Kolkata,26.6,69.23176807489104,1009.2,0
2025-03-01 18:00:00,Mumbai,25.6,57.53812239402571,1011.3,0
2025-03-01 18:00:00,New_Delhi,18.4,85.91578474618983,1014.1,0
2025-03-01 21:00:00,Chennai,27.0,83.67695517522091,1011.45,1
2025-03-01 21:00:00,Hyderabad,23.0,68.96917974781988,1011.3,0
2025-03-01 21:00:00,Kolkata,26.0,69.11686987087296,1007.1,0
2025-03-01 21:00:00,Mumbai,24.4,66.26066568163881,1009.5,0
2025-03-01 21:00:00,New_Delhi,16.4,93.8111314850518,1012.8,0
2025-03-02 00:00:00,Chennai,25.2,89.77318651955946,1010.0,0
2025-03-02 00:00:00,Hyderabad,22.0,77.5734923634938,1010.8,0
2025-03-02 00:00:00,Kolkata,24.0,75.02229317138162,1008.2,0
2025-03-02 00:00:00,Mumbai,25.4,65.63974012452589,1009.4,0
2025-03-02 00:00:00,New_Delhi,16.0,93.7925739057458,1012.3,0
2025-03-02 03:00:00,Chennai,27.2,85.72845277885752,1012.0,0
2025-03-02 03:00:00,Hyderabad,25.6,69.47017474704028,1011.7,0
2025-03-02 03:00:00,Kolkata,27.4,62.864093985522686,1010.4,0
2025-03-02 03:00:00,Mumbai,26.4,56.64557967688834,1011.6,0
2025-03-02 03:00:00,New_Delhi,17.2,81.47133555590639,1014.2,0
2025-03-02 06:00:00,Chennai,32.4,59.49445671738769,1011.9,0
2025-03-02 06:00:00,Hyderabad,32.4,39.56050739881209,1010.9,0
2025-03-02 06:00:00,Kolkata,31.8,47.586079386321714,1009.9,0
2025-03-02 06:00:00,Mumbai,34.4,28.241950602567226,1011.9,0
2025-03-02 06:00:00,New_Delhi,25.4,30.274956035198404,1013.7,0
2025-03-02 09:00:00,Chennai,33.6,52.66619140083634,1009.0,0
2025-03-02 09:00:00,Hyderabad,34.8,18.011775407134177,1007.0,0
2025-03-02 09:00:00,Kolkata,34.4,41.11941095890131,1006.8,0
2025-03-02 09:00:00,Mumbai,33.0,44.74625811198047,1009.0,0
2025-03-02 09:00:00,New_Delhi,26.4,28.33863593872352,1010.9,0
2025-03-02 12:00:00,Chennai,30.8,71.71113203855039,1008.6,0
2025-03-02 12:00:00,Hyderabad,33.0,25.55304000232684,1006.8,0
2025-03-02 12:00:00,Kolkata,31.8,50.94362829175715,1006.5,0
2025-03-02 12:00:00,Mumbai,30.6,46.385645157686106,1008.4,0
2025-03-02 12:00:00,New_Delhi,24.0,32.91668219007807,1010.4,0
2025-03-02 15:00:00,Chennai,27.6,79.81995065848324,1011.1,0
2025-03-02 15:00:00,Hyderabad,28.8,50.48794788775513,1009.4,0
2025-03-02 15:00:00,Kolkata,28.4,70.42408506037569,1008.6,0
2025-03-02 15:00:00,Mumbai,29.0,43.38606734691948,1010.1,0
2025-03-02 15:00:00,New_Delhi,16.8,65.94828526242769,1010.4,0
2025-03-02 18:00:00,Chennai,27.6,81.27196286112057,1012.0,0
2025-03-02 18:00:00,Hyderabad,24.8,60.72929795521744,1011.1,0
2025-03-02 18:00:00,Kolkata,27.2,76.92377783448977,1009.2,0
2025-03-02 18:00:00,Mumbai,26.0,48.48656876563434,1011.4,0
2025-03-02 18:00:00,New_Delhi,13.4,83.71563678912267,1012.7,0
2025-03-02 21:00:00,Chennai,26.0,90.37112970835472,1010.4,0
2025-03-02 21:00:00,Hyderabad,23.6,66.93757991376943,1009.9,0
2025-03-02 21:00:00,Kolkata,26.4,79.65835252904961,1007.7,0
2025-03-02 21:00:00,Mumbai,27.0,44.25293082548733,1010.4,0
2025-03-02 21:00:00,New_Delhi,11.8,87.54994431065455,1012.2,0
2025-03-03 00:00:00,Chennai,25.8,90.35746879655076,1010.8,0
2025-03-03 00:00:00,Hyderabad,21.8,74.66022110141452,1010.7,0
2025-03-03 00:00:00,Kolkata,24.8,84.97083781729286,1009.6,0
2025-03-03 00:00:00,Mumbai,22.8,65.09159530734026,1009.9,0
2025-03-03 00:00:00,New_Delhi,10.6,92.28570828919668,1012.3,0
2025-03-03 03:00:00,Chennai,27.6,82.7470419948832,1012.6,0
2025-03-03 03:00:00,Hyderabad,27.8,54.19164488057315,1012.2,0
2025-03-03 03:00:00,Kolkata,27.8,48.03519294854642,1012.3,0
2025-03-03 03:00:00,Mumbai,24.0,60.15926751655197,1012.1,0
2025-03-03 03:00:00,New_Delhi,13.2,75.1774106722144,1013.9,0
2025-03-03 06:00:00,Chennai,33.0,55.468825283877344,1012.0,0
2025-03-03 06:00:00,Hyderabad,34.8,28.906107904807666,1010.9,0
2025-03-03 06:00:00,Kolkata,31.6,31.995193497361477,1011.9,0
2025-03-03 06:00:00,Mumbai,33.4,41.10468724232743,1012.4,0
2025-03-03 06:00:00,New_Delhi,27.0,29.493773244826897,1012.8,0
2025-03-03 09:00:00,Chennai,34.0,47.57527310954328,1009.2,0
2025-03-03 09:00:00,Hyderabad,35.2,26.14828034772177,1007.2,0
2025-03-03 09:00:00,Kolkata,32.8,28.743310512596143,1008.5,0
2025-03-03 09:00:00,Mumbai,34.0,41.52579848274434,1009.4,0
2025-03-03 09:00:00,New_Delhi,29.0,29.250026628318327,1009.1,0
2025-03-03 12:00:00,Chennai,31.2,56.05359172338208,1008.9,0
2025-03-03 12:00:00,Hyderabad,34.8,27.983017905592103,1006.9,0
2025-03-03 12:00:00,Kolkata,30.8,33.92728508266713,1008.2,0
2025-03-03 12:00:00,Mumbai,32.6,35.09521658997688,1008.8,0
2025-03-03 12:00:00,New_Delhi,28.2,35.71785165766372,1008.0,0
2025-03-03 15:00:00,Chennai,27.8,81.29701074620921,1010.1,0
2025-03-03 15:00:00,Hyderabad,29.4,38.98430343088916,1009.8,0
2025-03-03 15:00:00,Kolkata,27.4,52.40576058219158,1009.5,0
2025-03-03 15:00:00,Mumbai,29.4,47.548518015880695,1010.4,0
2025-03-03 15:00:00,New_Delhi,23.2,56.22183331014094,1009.3,0
2025-03-03 18:00:00,Chennai,26.0,88.7589455109383,1011.0,0
2025-03-03 18:00:00,Hyderabad,25.6,68.18649284031031,1011.0,0
2025-03-03 18:00:00,Kolkata,26.4,76.33576480448347,1009.7,0
2025-03-03 18:00:00,Mumbai,26.8,54.62970896661447,1011.3,0
2025-03-03 18:00:00,New_Delhi,20.8,61.38116638730571,1009.7,0
2025-03-03 21:00:00,Chennai,24.8,93.05532775865672,1009.6,0
2025-03-03 21:00:00,Kolkata,25.8,79.09289790144875,1008.5,0
2025-03-03 21:00:00,Mumbai,24.6,64.65181927102982,1010.0,0
2025-03-03 21:00:00,New_Delhi,19.4,71.8963196457012,1008.8,0
2025-03-04 00:00:00,Chennai,24.6,94.74301669819424,1009.7,0
2025-03-04 00:00:00,Hyderabad,22.4,74.7596948545308,1010.1,0
2025-03-04 00:00:00,Kolkata,23.4,65.63502207200914,1010.7,0
2025-03-04 00:00:00,Mumbai,22.4,72.43681558289073,1010.2,0
2025-03-04 00:00:00,New_Delhi,17.8,78.44429026678887,1010.1,0
2025-03-04 03:00:00,Chennai,27.6,79.81995065848324,1011.9,0
2025-03-04 03:00:00,Hyderabad,23.6,76.84951580985158,1012.8,0
2025-03-04 03:00:00,Kolkata,26.0,53.73908875879271,1012.8,0
2025-03-04 03:00:00,Mumbai,25.6,49.32954197211858,1012.9,0
2025-03-04 03:00:00,New_Delhi,19.0,69.9787836428256,1012.9,0
2025-03-04 06:00:00,Chennai,33.4,49.19896559376817,1011.9,0
2025-03-04 06:00:00,Hyderabad,35.0,27.494927647332428,1010.9,0
2025-03-04 06:00:00,Kolkata,31.0,32.03965741466953,1012.1,0
2025-03-04 06:00:00,Mumbai,34.8,22.817301652430373,1013.2,0
2025-03-04 06:00:00,New_Delhi,24.8,45.70651191028553,1014.3,0
2025-03-04 09:00:00,Chennai,32.6,59.54003872035679,1009.8,0
2025-03-04 09:00:00,Hyderabad,36.2,19.886386016649947,1007.1,0
2025-03-04 09:00:00,Kolkata,33.0,27.320584836737066,1008.6,0
2025-03-04 09:00:00,Mumbai,34.2,38.09234124815685,1010.4,0
2025-03-04 09:00:00,New_Delhi,26.8,29.03899104196089,1012.1,0
2025-03-04 12:00:00,Chennai,30.6,66.70183445693432,1009.3,0
2025-03-04 12:00:00,Hyderabad,34.4,21.241095185386406,1007.4,0
2025-03-04 12:00:00,Kolkata,30.2,32.02956219546832,1008.3,0
2025-03-04 12:00:00,Mumbai,31.6,45.21418435477139,1009.6,0
2025-03-04 12:00:00,New_Delhi,24.0,43.13648210529932,1012.9,0
2025-03-04 15:00:00,Chennai,27.0,81.19652945190819,1010.9,0
2025-03-04 15:00:00,Hyderabad,28.4,38.95969261430691,1010.9,0
2025-03-04 15:00:00,Kolkata,25.6,49.32954197211858,1009.5,0
2025-03-04 15:00:00,Mumbai,29.2,44.85242167030182,1011.3,0
2025-03-04 15:00:00,New_Delhi,19.2,61.41458863302381,1015.5,0
2025-03-04 18:00:00,Chennai,25.4,88.17753730223563,1011.8,0
2025-03-04 18:00:00,Hyderabad,25.0,50.13772727236807,1012.0,0
2025-03-04 18:00:00,Kolkata,24.2,58.6855506658225,1009.5,0
2025-03-04 18:00:00,Mumbai,26.6,52.87103005765299,1012.2,0
2025-03-04 18:00:00,New_Delhi,17.0,70.05166142718224,1015.9,0
2025-03-04 21:00:00,Chennai,24.4,91.36189759637529,1009.8,0
2025-03-04 21:00:00,Hyderabad,23.6,56.68577345977045,1010.9,0
2025-03-04 21:00:00,Kolkata,23.4,62.372120309898094,1009.0,0
2025-03-04 21:00:00,Mumbai,24.0,55.69638229748551,1010.8,0
2025-03-04 21:00:00,New_Delhi,15.2,64.28615842238199,1015.0,0
2025-03-05 00:00:00,Chennai,24.2,93.02515571569042,1009.6,0
2025-03-05 00:00:00,Hyderabad,23.2,57.69662256232537,1010.6,0
2025-03-05 00:00:00,Kolkata,23.0,66.81483777876102,1009.8,0
2025-03-05 00:00:00,Mumbai,22.2,58.20608486944994,1010.5,0
2025-03-05 00:00:00,New_Delhi,14.0,56.949352783609605,1014.8,0
2025-03-05 03:00:00,Chennai,26.0,88.7589455109383,1011.6,0
2025-03-05 03:00:00,Hyderabad,27.0,45.122431561822,1012.4,0
2025-03-05 03:00:00,Kolkata,27.0,45.71041733142556,1011.5,0
2025-03-05 03:00:00,Mumbai,24.0,50.20012604647901,1012.5,0
2025-03-05 03:00:00,New_Delhi,15.0,54.50763950875109,1015.5,0
2025-03-05 06:00:00,Chennai,32.0,59.04479527455803,1011.5,0
2025-03-05 06:00:00,Hyderabad,32.4,26.80179945481025,1011.3,0
2025-03-05 06:00:00,Kolkata,30.2,30.98766332414701,1010.8,0
2025-03-05 06:00:00,Mumbai,34.4,23.021057791269424,1012.7,0
2025-03-05 06:00:00,New_Delhi,21.2,34.68822248349237,1015.3,0
2025-03-05 09:00:00,Chennai,35.2,40.82715530568696,1008.6,0
2025-03-05 09:00:00,Hyderabad,34.0,23.856090467998584,1008.3,0
2025-03-05 09:00:00,Kolkata,32.0,33.382797528971295,1007.4,0
2025-03-05 09:00:00,Mumbai,37.0,26.45016408617501,1009.4,0
2025-03-05 09:00:00,New_Delhi,24.4,26.08713762726439,1012.4,0
2025-03-05 12:00:00,Chennai,31.2,62.164195185628046,1008.8,0
2025-03-05 12:00:00,Hyderabad,32.0,27.052803087772126,1008.2,0
2025-03-05 12:00:00,Kolkata,29.6,37.54915986490722,1007.0,0
2025-03-05 12:00:00,Mumbai,33.6,28.027439373349992,1009.2,0
2025-03-05 12:00:00,New_Delhi,23.4,24.211679213745555,1011.5,0
2025-03-05 15:00:00,Chennai,27.2,82.70035172790627,1011.0,0
2025-03-05 15:00:00,Hyderabad,27.6,38.991612615939616,1011.4,0
2025-03-05 15:00:00,Kolkata,25.2,52.85178805612125,1009.5,0
2025-03-05 15:00:00,Mumbai,28.8,47.99495141967471,1010.7,0
2025-03-05 15:00:00,New_Delhi,19.8,33.56782148886223,1012.6,0
2025-03-05 18:00:00,Chennai,26.4,83.61012087864516,1012.0,0
2025-03-05 18:00:00,Hyderabad,23.0,48.956639538983296,1013.3,0
2025-03-05 18:00:00,Kolkata,23.6,62.41693601145195,1009.8,0
2025-03-05 18:00:00,Mumbai,24.4,59.10968227987573,1012.3,0
2025-03-05 18:00:00,New_Delhi,17.4,43.63955005209162,1013.1,0
2025-03-05 21:00:00,Chennai,25.2,91.41120774609278,1010.6,0
2025-03-05 21:00:00,Hyderabad,22.2,55.24610741301152,1012.0,0
2025-03-05 21:00:00,Kolkata,23.0,68.1002284486751,1009.3,0
2025-03-05 21:00:00,Mumbai,22.6,31.847657467623268,1010.7,0
2025-03-05 21:00:00,New_Delhi,15.4,53.12499607155734,1012.3,0
2025-03-06 00:00:00,Chennai,24.2,91.34950480267452,1010.8,0
2025-03-06 00:00:00,Hyderabad,18.6,43.07807819597826,1013.6,0
2025-03-06 00:00:00,Kolkata,20.0,52.54132558106588,1011.8,0
2025-03-06 00:00:00,Mumbai,21.0,35.11679049581159,1011.1,0
2025-03-06 00:00:00,New_Delhi,13.0,59.52748269174567,1011.5,0
2025-03-06 03:00:00,Chennai,27.2,75.53609118292528,1013.4,0
2025-03-06 03:00:00,Hyderabad,24.2,21.6316853046563,1014.4,0
2025-03-06 03:00:00,Kolkata,23.8,33.7752240744482,1014.3,0
2025-03-06 03:00:00,Mumbai,21.6,49.89113866982209,1013.5,0
2025-03-06 03:00:00,New_Delhi,16.2,41.50255468207592,1013.0,0
2025-03-06 06:00:00,Chennai,34.6,37.48878141160586,1012.4,0
2025-03-06 06:00:00,Hyderabad,30.6,14.656130168293172,1013.4,0
2025-03-06 06:00:00,Kolkata,27.0,27.167624611578933,1013.3,0
2025-03-06 06:00:00,Mumbai,34.8,18.765808836348626,1013.5,0
2025-03-06 06:00:00,New_Delhi,24.0,27.869921807132343,1012.8,0
2025-03-06 09:00:00,Chennai,35.2,45.8888450476227,1009.6,0
2025-03-06 09:00:00,Hyderabad,33.6,11.092566394220352,1009.4,0
2025-03-06 09:00:00,Kolkata,28.8,26.91702620643757,1010.4,0
2025-03-06 09:00:00,Mumbai,35.0,25.58732524177564,1011.0,0
2025-03-06 09:00:00,New_Delhi,27.4,20.35077304689976,1010.8,0
2025-03-06 12:00:00,Chennai,32.4,33.928775115959056,1009.0,0
2025-03-06 12:00:00,Hyderabad,32.2,11.827459111801074,1008.7,0
2025-03-06 12:00:00,Kolkata,27.0,30.513769306545456,1010.4,0
2025-03-06 12:00:00,Mumbai,32.4,24.573523244555258,1009.8,0
2025-03-06 12:00:00,New_Delhi,27.2,16.843024968274758,1010.3,0
2025-03-06 15:00:00,Chennai,28.0,53.22632223446673,1010.6,0
2025-03-06 15:00:00,Hyderabad,25.4,29.250946076532568,1011.9,0
2025-03-06 15:00:00,Kolkata,22.2,49.392512098139015,1012.0,0
2025-03-06 15:00:00,Mumbai,29.0,37.38203217205419,1010.4,1
2025-03-06 15:00:00,New_Delhi,17.0,55.40152305736491,1012.2,0
2025-03-06 18:00:00,Chennai,25.0,80.44778939452424,1010.7,0
2025-03-06 18:00:00,Hyderabad,21.0,45.263661231782194,1012.9,0
2025-03-06 18:00:00,Kolkata,20.8,50.34550304599599,1010.9,0
2025-03-06 18:00:00,Mumbai,23.6,55.23793400248324,1011.0,0
2025-03-06 18:00:00,New_Delhi,13.6,77.2937657633589,1013.1,0
2025-03-06 21:00:00,Chennai,24.0,75.02229317138162,1009.0,0
2025-03-06 21:00:00,Hyderabad,19.6,53.86074241118629,1011.2,0
2025-03-06 21:00:00,Kolkata,19.6,53.501473169296055,1009.5,0
2025-03-06 21:00:00,Mumbai,21.6,59.20887562363495,1009.2,0
2025-03-06 21:00:00,New_Delhi,11.7,85.79518671390693,1011.8,0
2025-03-07 00:00:00,Chennai,22.8,77.69289526058442,1010.2,0
2025-03-07 00:00:00,Hyderabad,17.4,57.801115740866514,1011.3,0
2025-03-07 00:00:00,Kolkata,19.8,57.240597392791,1010.3,0
2025-03-07 00:00:00,Mumbai,20.2,64.11222275274461,1009.5,0
2025-03-07 00:00:00,New_Delhi,11.2,89.87916379213625,1011.8,0
2025-03-07 03:00:00,Chennai,26.0,63.34488035972379,1011.9,0
2025-03-07 03:00:00,Hyderabad,25.2,30.011775568488925,1012.5,0
2025-03-07 03:00:00,Kolkata,24.0,47.32328485634583,1012.2,0
2025-03-07 03:00:00,Mumbai,22.2,56.70909643936152,1012.2,0
2025-03-07 03:00:00,New_Delhi,16.0,63.17442886693302,1012.5,0
2025-03-07 06:00:00,Chennai,32.4,44.03144254531665,1011.2,0
2025-03-07 06:00:00,Hyderabad,33.0,10.899148595587285,1011.0,0
2025-03-07 06:00:00,Kolkata,29.4,32.0199448908839,1011.3,0
2025-03-07 06:00:00,Mumbai,35.4,13.565704235937504,1012.0,0
2025-03-07 06:00:00,New_Delhi,25.6,31.817958628360373,1011.3,0
2025-03-07 09:00:00,Chennai,34.2,33.34235827532834,1008.8,0
2025-03-07 09:00:00,Hyderabad,35.0,11.114420992402394,1006.9,0
2025-03-07 09:00:00,Kolkata,31.2,28.499144092468786,1007.6,0
2025-03-07 09:00:00,Mumbai,35.6,24.75239845442901,1008.5,0
2025-03-07 09:00:00,New_Delhi,29.0,24.17708282517494,1008.2,0
2025-03-07 12:00:00,Chennai,30.6,52.23471331180272,1008.2,0
2025-03-07 12:00:00,Hyderabad,33.0,16.062633712825683,1006.0,0
2025-03-07 12:00:00,Kolkata,28.2,36.67275402856399,1007.6,0
2025-03-07 12:00:00,Mumbai,33.8,23.96378093988558,1007.2,0
2025-03-07 12:00:00,New_Delhi,27.2,25.232957058172765,1008.2,0
2025-03-07 15:00:00,Chennai,27.2,68.49913989698025,1010.4,0
2025-03-07 15:00:00,Hyderabad,26.2,32.64350551145617,1009.5,0
2025-03-07 15:00:00,Kolkata,22.2,50.71826706885131,1009.3,0
2025-03-07 15:00:00,Mumbai,30.0,33.70532303766758,1008.5,0
2025-03-07 15:00:00,New_Delhi,19.8,60.34963434562397,1009.5,0
2025-03-07 18:00:00,Chennai,25.6,82.01145278638,1010.9,0
2025-03-07 18:00:00,Hyderabad,22.2,46.832307483959376,1010.3,0
2025-03-07 18:00:00,Kolkata,22.6,62.99689602797345,1009.3,0
2025-03-07 18:00:00,Mumbai,25.0,62.33363766021803,1010.2,0
2025-03-07 18:00:00,New_Delhi,15.4,80.70423393504583,1009.7,0
2025-03-07 21:00:00,Chennai,24.6,83.4072263549273,1009.4,0
2025-03-07 21:00:00,Hyderabad,20.4,54.42754746004215,1009.8,0
2025-03-07 21:00:00,Kolkata,22.0,64.09062804138038,1008.8,0
2025-03-07 21:00:00,Mumbai,22.6,57.17819771780525,1008.8,0
2025-03-07 21:00:00,New_Delhi,15.0,78.5453271453219,1009.3,0
2025-03-08 00:00:00,Chennai,23.6,86.42328080854222,1009.4,0
2025-03-08 00:00:00,Hyderabad,18.8,69.03284675398757,1009.5,0
2025-03-08 00:00:00,Kolkata,21.2,81.97757756705623,1008.5,0
2025-03-08 00:00:00,Mumbai,21.0,58.679827935321086,1008.1,0
2025-03-08 00:00:00,New_Delhi,15.2,76.52099903741194,1008.4,0
2025-03-08 03:00:00,Chennai,26.0,79.12067626724064,1011.4,0
2025-03-08 03:00:00,Hyderabad,24.2,44.06054162435208,1010.5,0
2025-03-08 03:00:00,Kolkata,26.6,72.27790097107153,1010.7,0
2025-03-08 03:00:00,Mumbai,21.2,73.14964788312554,1009.8,0
2025-03-08 03:00:00,New_Delhi,17.6,63.11366254801094,1009.8,0
2025-03-08 06:00:00,Chennai,32.8,42.24804823188427,1010.9,0
2025-03-08 06:00:00,Hyderabad,34.2,14.19583009521324,1008.6,0
2025-03-08 06:00:00,Kolkata,30.6,55.56557299066436,1010.1,0
2025-03-08 06:00:00,Mumbai,34.8,23.32864056765668,1009.8,0
2025-03-08 06:00:00,New_Delhi,27.0,31.56477705383972,1009.3,0
2025-03-08 09:00:00,Chennai,33.6,52.66619140083634,1007.3,0
2025-03-08 09:00:00,Hyderabad,36.4,15.182366308407396,1004.3,0
2025-03-08 09:00:00,Kolkata,32.2,46.81069212850426,1007.2,0
2025-03-08 09:00:00,Mumbai,34.0,38.76260999542678,1007.3,0
2025-03-08 09:00:00,New_Delhi,30.0,22.822239428039,1006.7,0
2025-03-08 12:00:00,Chennai,31.0,54.645691707211896,1006.8,0
2025-03-08 12:00:00,Hyderabad,34.8,17.28462948809417,1003.9,0
2025-03-08 12:00:00,Kolkata,30.0,53.7282668311392,1007.3,0
2025-03-08 12:00:00,Mumbai,32.4,42.94137388427684,1006.2,0
2025-03-08 12:00:00,New_Delhi,29.2,29.50236111141573,1006.4,0
2025-03-08 15:00:00,Chennai,27.0,73.68636116732236,1008.8,0
2025-03-08 15:00:00,Hyderabad,29.2,34.605904001162806,1007.3,0
2025-03-08 15:00:00,Kolkata,26.8,70.99479528301373,1009.8,0
2025-03-08 15:00:00,Mumbai,28.6,51.40032863646419,1007.6,0
2025-03-08 15:00:00,New_Delhi,20.8,64.66195918921383,1008.9,0
2025-03-08 18:00:00,Chennai,24.4,86.49898460860861,1008.5,0
2025-03-08 18:00:00,Hyderabad,24.6,49.70733850619888,1009.8,0
2025-03-08 18:00:00,Kolkata,25.2,81.96262342273943,1010.4,0
2025-03-08 18:00:00,Mumbai,26.6,73.61894146789774,1008.8,0
2025-03-08 18:00:00,New_Delhi,17.0,83.58530465643025,1010.5,0
2025-03-08 21:00:00,Chennai,24.4,86.49898460860861,1008.5,0
2025-03-08 21:00:00,Hyderabad,23.2,56.5873856825575,1008.6,0
2025-03-08 21:00:00,Kolkata,24.4,86.49898460860861,1010.4,0
2025-03-08 21:00:00,Mumbai,25.0,83.45262666598398,1007.8,0
2025-03-08 21:00:00,New_Delhi,16.8,85.75407058428847,1010.3,0
2025-03-09 00:00:00,Chennai,23.6,89.65628406436801,1008.6,0
2025-03-09 00:00:00,Hyderabad,21.2,69.50221010410948,1009.0,0
2025-03-09 00:00:00,Kolkata,22.8,89.59709513251278,1011.5,0
2025-03-09 00:00:00,Mumbai,22.8,85.81544188377062,1007.7,0
2025-03-09 00:00:00,New_Delhi,15.0,88.99298972017739,1010.3,0
2025-03-09 03:00:00,Chennai,26.0,79.12067626724064,1011.7,0
2025-03-09 03:00:00,Hyderabad,25.0,65.14551045571683,1011.1,0
2025-03-09 03:00:00,Kolkata,26.2,82.58282556083142,1014.3,0
2025-03-09 03:00:00,Mumbai,24.0,69.16319209999386,1009.6,0
2025-03-09 03:00:00,New_Delhi,16.8,91.45678288516469,1012.9,0
2025-03-09 06:00:00,Chennai,31.2,59.58083797061803,1012.3,0
2025-03-09 06:00:00,Hyderabad,31.4,41.33913778043623,1010.3,0
2025-03-09 06:00:00,Kolkata,30.8,51.00351017295065,1014.0,0
2025-03-09 06:00:00,Mumbai,33.2,38.78805216331414,1010.2,0
2025-03-09 06:00:00,New_Delhi,29.6,37.54915986490722,1013.1,0
2025-03-09 09:00:00,Chennai,32.6,51.77843588862952,1009.3,0
2025-03-09 09:00:00,Hyderabad,34.2,28.188350985686704,1006.5,0
2025-03-09 09:00:00,Kolkata,32.2,44.81126577191242,1011.4,0
2025-03-09 09:00:00,Mumbai,34.8,45.50365698828102,1007.1,0
2025-03-09 09:00:00,New_Delhi,31.8,31.22274865260884,1010.5,0
2025-03-09 12:00:00,Chennai,30.0,58.58138510397075,1009.5,0
2025-03-09 12:00:00,Hyderabad,31.4,40.300872880314415,1006.9,0
2025-03-09 12:00:00,Kolkata,30.2,45.98734517749429,1011.6,0
2025-03-09 12:00:00,Mumbai,31.6,46.36105984341474,1006.5,0
2025-03-09 12:00:00,New_Delhi,30.4,39.51467843601876,1010.5,0
2025-03-09 15:00:00,Chennai,27.0,71.03120402884956,1012.5,0
2025-03-09 15:00:00,Hyderabad,27.8,60.276691290635554,1011.3,0
2025-03-09 15:00:00,Kolkata,27.4,67.28568959900366,1014.2,0
2025-03-09 15:00:00,Mumbai,28.6,55.07601922060314,1008.9,0
2025-03-09 15:00:00,New_Delhi,22.4,66.26660576599681,1013.2,0
2025-03-09 18:00:00,Chennai,25.6,76.21186522133068,1013.1,0
2025-03-09 18:00:00,Hyderabad,26.0,65.76459403908211,1012.5,0
2025-03-09 18:00:00,Kolkata,25.8,77.656453842952,1015.1,0
2025-03-09 18:00:00,Mumbai,25.8,73.03206992350184,1010.5,0
2025-03-09 18:00:00,New_Delhi,19.6,77.70598670159681,1014.3,0
2025-03-09 21:00:00,Chennai,24.6,80.39509424447246,1012.1,0
2025-03-09 21:00:00,Hyderabad,24.2,71.40372780863036,1011.3,0
2025-03-09 21:00:00,Kolkata,24.6,83.4072263549273,1014.3,0
2025-03-09 21:00:00,Mumbai,25.4,75.71358128252226,1009.4,0
2025-03-09 21:00:00,New_Delhi,17.8,82.07631714611342,1014.4,0
2025-03-10 00:00:00,Chennai,24.4,82.36835817462313,1011.9,0
2025-03-10 00:00:00,Hyderabad,22.2,76.15308340181124,1012.7,0
2025-03-10 00:00:00,Kolkata,23.4,89.64153331568741,1015.2,0
2025-03-10 00:00:00,Mumbai,23.6,82.78099464458583,1008.9,0
2025-03-10 00:00:00,New_Delhi,16.4,89.68180342228284,1015.1,0
2025-03-10 03:00:00,Chennai,29.4,59.53202238671283,1014.8,0
2025-03-10 03:00:00,Hyderabad,23.2,78.23826441650496,1015.1,0
2025-03-10 03:00:00,Kolkata,25.6,83.520391036621,1017.2,0
2025-03-10 03:00:00,Mumbai,23.8,65.71895042604378,1010.8,0
2025-03-10 03:00:00,New_Delhi,20.4,71.15735822881922,1017.2,0
2025-03-10 06:00:00,Chennai,31.6,50.89250919922128,1014.7,0
2025-03-10 06:00:00,Hyderabad,28.6,56.11768390700195,1014.5,0
2025-03-10 06:00:00,Kolkata,31.8,44.42430274905143,1016.2,0
2025-03-10 06:00:00,Mumbai,37.0,22.62210227870014,1011.4,0
2025-03-10 06:00:00,New_Delhi,29.4,38.48167342028429,1017.6,0
2025-03-10 09:00:00,Chennai,33.0,50.00855048668853,1011.2,0
2025-03-10 09:00:00,Hyderabad,32.2,35.438289898892414,1010.8,0
2025-03-10 09:00:00,Kolkata,33.4,28.71689739806738,1012.8,0
2025-03-10 09:00:00,Mumbai,36.4,34.1561734852254,1008.9,0
2025-03-10 09:00:00,New_Delhi,31.8,29.235818931186618,1014.3,0
2025-03-10 12:00:00,Chennai,31.0,57.04447541902918,1010.5,0
2025-03-10 12:00:00,Hyderabad,30.0,43.93763203084068,1011.2,0
2025-03-10 12:00:00,Kolkata,30.8,40.13584577053767,1012.3,0
2025-03-10 12:00:00,Mumbai,35.0,32.509449610483884,1008.0,0
2025-03-10 12:00:00,New_Delhi,30.0,44.50001175620574,1013.0,0
2025-03-10 15:00:00,Chennai,28.0,70.35037364356444,1013.6,0
2025-03-10 15:00:00,Hyderabad,27.0,57.51084662663192,1013.6,0
2025-03-10 15:00:00,Kolkata,27.6,45.285739177432845,1014.4,0
2025-03-10 15:00:00,Mumbai,29.8,29.27316006977567,1010.3,0
2025-03-10 15:00:00,New_Delhi,23.6,66.93757991376943,1014.7,0
2025-03-10 18:00:00,Chennai,28.2,71.68232431462354,1014.2,0
2025-03-10 18:00:00,Hyderabad,25.4,69.432031434702,1014.2,0
2025-03-10 18:00:00,Kolkata,25.4,48.9578850295968,1013.8,0
2025-03-10 18:00:00,Mumbai,27.2,52.35462148724832,1011.3,0
2025-03-10 18:00:00,New_Delhi,20.8,81.92785507473593,1015.0,0
2025-03-10 21:00:00,Chennai,27.2,78.33374294989056,1011.8,0
2025-03-10 21:00:00,Hyderabad,23.8,74.52349834248494,1013.4,0
2025-03-10 21:00:00,Kolkata,24.8,52.40942935383719,1012.9,0
2025-03-10 21:00:00,Mumbai,25.6,60.14797743743242,1010.1,0
2025-03-10 21:00:00,New_Delhi,18.4,85.91578474618983,1014.1,0
2025-03-11 00:00:00,Chennai,27.0,81.19652945190819,1011.6,0
2025-03-11 00:00:00,Hyderabad,23.0,75.32941759774371,1013.6,0
2025-03-11 00:00:00,Kolkata,25.0,63.92706944237422,1013.2,0
2025-03-11 00:00:00,Mumbai,26.6,62.29807222676058,1009.8,0
2025-03-11 00:00:00,New_Delhi,17.0,91.46937623164789,1013.6,0
2025-03-11 03:00:00,Chennai,28.0,78.9202680701639,1013.7,0
2025-03-11 03:00:00,Hyderabad,25.0,65.14551045571683,1015.4,0
2025-03-11 03:00:00,Kolkata,27.6,58.01642284156709,1015.3,0
2025-03-11 03:00:00,Mumbai,26.0,69.11686987087296,1013.0,0
2025-03-11 03:00:00,New_Delhi,19.6,86.58100783026312,1015.2,0
2025-03-11 06:00:00,Chennai,31.4,61.08987992237482,1013.5,0
2025-03-11 06:00:00,Hyderabad,30.2,41.00984362042902,1014.2,0
2025-03-11 06:00:00,Kolkata,33.2,33.93037139308301,1014.3,0
2025-03-11 06:00:00,Mumbai,37.4,26.215250221231923,1013.1,0
2025-03-11 06:00:00,New_Delhi,31.0,38.18234194260357,1014.2,0
2025-03-11 09:00:00,Chennai,27.8,93.7538663078413,1011.0,0
2025-03-11 09:00:00,Hyderabad,33.4,30.4528278258767,1010.0,0
2025-03-11 09:00:00,Kolkata,34.4,23.95938123840472,1010.4,0
2025-03-11 09:00:00,Mumbai,37.0,25.77510531197685,1009.8,0
2025-03-11 09:00:00,New_Delhi,33.6,28.95935410974645,1010.8,0
2025-03-11 12:00:00,Chennai,26.4,94.8112860716802,1011.9,0
2025-03-11 12:00:00,Hyderabad,31.6,33.92774314269257,1010.5,0
2025-03-11 12:00:00,Kolkata,31.2,34.48369191025763,1010.1,0
2025-03-11 12:00:00,Mumbai,33.8,39.44511845228233,1009.1,0
2025-03-11 12:00:00,New_Delhi,30.8,34.82359465641272,1010.1,0
2025-03-11 15:00:00,Chennai,25.8,94.78867673105134,1014.0,0
2025-03-11 15:00:00,Hyderabad,28.4,41.042068799325214,1012.5,0
2025-03-11 15:00:00,Kolkata,27.2,36.63461571399558,1011.3,0
2025-03-11 15:00:00,Mumbai,30.6,54.547295560496046,1011.1,0
2025-03-11 15:00:00,New_Delhi,24.2,66.2193191089837,1011.1,0
2025-03-11 18:00:00,Chennai,25.6,94.78110774663196,1013.7,0
2025-03-11 18:00:00,Hyderabad,24.8,49.760369979781736,1013.9,0
2025-03-11 18:00:00,Kolkata,26.2,55.177580931586704,1011.1,0
2025-03-11 18:00:00,Mumbai,28.0,64.9673083542988,1012.1,0
2025-03-11 18:00:00,New_Delhi,20.8,81.92785507473593,1011.0,0
2025-03-11 21:00:00,Chennai,25.0,94.75830253018952,1011.1,0
2025-03-11 21:00:00,Hyderabad,23.8,58.21493824101156,1012.0,0
2025-03-11 21:00:00,Kolkata,25.6,61.68553729241238,1010.6,0
2025-03-11 21:00:00,Mumbai,26.0,69.11686987087296,1010.3,0
2025-03-11 21:00:00,New_Delhi,19.2,92.18445414057032,1010.0,0
2025-03-12 00:00:00,Chennai,25.0,94.75830253018952,1011.2,0
2025-03-12 00:00:00,Hyderabad,22.4,73.3582452141461,1011.5,0
2025-03-12 00:00:00,Kolkata,23.4,76.34132933055753,1010.1,0
2025-03-12 00:00:00,Mumbai,25.0,69.78940116671127,1009.7,0
2025-03-12 00:00:00,New_Delhi,18.8,92.16146182468223,1009.9,0
2025-03-12 03:00:00,Chennai,27.6,88.88427217188078,1012.8,0
2025-03-12 03:00:00,Hyderabad,26.8,45.95269678211719,1012.7,0
2025-03-12 03:00:00,Kolkata,28.0,57.03259150658151,1011.5,0
2025-03-12 03:00:00,Mumbai,27.0,57.51084662663192,1011.2,0
2025-03-12 03:00:00,New_Delhi,21.2,76.9642757068897,1010.8,0
2025-03-12 06:00:00,Chennai,32.0,66.1862478230639,1012.4,0
2025-03-12 06:00:00,Hyderabad,33.4,27.068702150712625,1011.2,0
2025-03-12 06:00:00,Kolkata,33.4,34.20388587139418,1010.1,0
2025-03-12 06:00:00,Mumbai,37.0,25.77510531197685,1011.7,0
2025-03-12 06:00:00,New_Delhi,30.2,29.975749665046227,1010.1,0
2025-03-12 09:00:00,Chennai,32.4,65.48228630790443,1009.7,0
2025-03-12 09:00:00,Hyderabad,36.0,21.784189522970856,1006.9,0
2025-03-12 09:00:00,Kolkata,36.2,31.21190917943958,1006.2,0
2025-03-12 09:00:00,Mumbai,37.0,33.05258707259026,1008.5,0
2025-03-12 09:00:00,New_Delhi,33.0,28.23552688088112,1007.0,0
2025-03-12 12:00:00,Chennai,30.8,67.95498445600064,1010.1,0
2025-03-12 12:00:00,Hyderabad,34.2,21.77017602344314,1006.3,0
2025-03-12 12:00:00,Kolkata,33.0,36.58107859246772,1005.5,0
2025-03-12 12:00:00,Mumbai,33.4,48.00543683508618,1006.9,0
2025-03-12 12:00:00,New_Delhi,30.8,35.97324771071284,1005.8,0
2025-03-12 15:00:00,Chennai,28.2,87.36638064071765,1011.4,0
2025-03-12 15:00:00,Hyderabad,30.8,31.774778499358025,1009.4,0
2025-03-12 15:00:00,Kolkata,28.6,66.70492848245004,1007.4,0
2025-03-12 15:00:00,Mumbai,30.4,56.55250112657328,1009.4,0
2025-03-12 15:00:00,New_Delhi,24.6,66.30194413180494,1007.4,0
2025-03-12 18:00:00,Chennai,27.0,92.06569807815052,1011.8,0
2025-03-12 18:00:00,Hyderabad,25.4,51.89139558732207,1011.0,0
2025-03-12 18:00:00,Kolkata,27.0,82.67693820709039,1007.8,0
2025-03-12 18:00:00,Mumbai,27.8,66.13551830732304,1010.3,0
2025-03-12 18:00:00,New_Delhi,21.2,75.0356621166813,1008.2,0
2025-03-12 21:00:00,Chennai,27.0,83.67695517522091,1011.15,1
2025-03-12 21:00:00,Kolkata,25.8,88.74313412721081,1006.9,0
2025-03-12 21:00:00,Mumbai,26.6,69.23176807489104,1009.0,0
2025-03-13 00:00:00,Chennai,25.4,94.7735224161306,1010.5,0
2025-03-13 00:00:00,Hyderabad,23.2,66.43251151225316,1010.1,0
2025-03-13 00:00:00,Kolkata,25.2,89.77318651955946,1007.1,0
2025-03-13 00:00:00,Mumbai,26.4,73.58514111197726,1009.0,0
2025-03-13 00:00:00,New_Delhi,18.8,82.7281885997089,1007.1,0
2025-03-13 03:00:00,Chennai,28.0,81.80996009312997,1012.7,0
2025-03-13 03:00:00,Hyderabad,27.0,57.51084662663192,1011.9,0
2025-03-13 03:00:00,Kolkata,29.2,69.72295309892432,1009.2,0
2025-03-13 03:00:00,Mumbai,27.2,65.60582769317126,1010.5,0
2025-03-13 03:00:00,New_Delhi,22.2,74.25634672260556,1009.2,0
2025-03-13 06:00:00,Chennai,33.6,58.00441896805416,1011.9,0
2025-03-13 06:00:00,Hyderabad,34.0,35.70624653832972,1010.2,0
2025-03-13 06:00:00,Kolkata,34.2,44.789231797596095,1008.4,0
2025-03-13 06:00:00,Mumbai,34.0,47.57527310954328,1011.1,0
2025-03-13 06:00:00,New_Delhi,28.2,49.69741447935304,1008.3,0
2025-03-13 09:00:00,Chennai,33.6,58.00441896805416,1008.3,0
2025-03-13 09:00:00,Hyderabad,37.0,22.921320931027005,1005.4,0
2025-03-13 09:00:00,Kolkata,36.8,25.391323684756408,1004.9,0
2025-03-13 09:00:00,Mumbai,34.0,50.879846925795135,1008.5,0
2025-03-13 09:00:00,New_Delhi,33.2,33.0683743420911,1004.7,0
2025-03-13 12:00:00,Chennai,31.0,69.22506422320274,1008.1,0
2025-03-13 12:00:00,Hyderabad,35.8,22.17222729438138,1004.7,0
2025-03-13 12:00:00,Kolkata,34.0,35.9335914192412,1004.3,0
2025-03-13 12:00:00,Mumbai,31.2,70.93306375697343,1007.2,0
2025-03-13 12:00:00,New_Delhi,30.8,48.826621362605,1003.4,0
2025-03-13 15:00:00,Chennai,28.0,81.80996009312997,1009.7,0
2025-03-13 15:00:00,Hyderabad,32.0,30.669278302572017,1008.1,0
2025-03-13 15:00:00,Kolkata,29.2,76.30480387190515,1006.5,0
2025-03-13 15:00:00,Mumbai,29.2,76.30480387190515,1008.2,0
2025-03-13 15:00:00,New_Delhi,26.4,52.820008231230375,1006.5,0
2025-03-13 18:00:00,Chennai,26.4,88.79047072518293,1010.7,0
2025-03-13 18:00:00,Hyderabad,27.6,43.56317903106067,1009.1,0
2025-03-13 18:00:00,Kolkata,27.6,87.31379479213656,1007.2,0
2025-03-13 18:00:00,Mumbai,28.0,78.44744220055776,1009.9,0
2025-03-13 18:00:00,New_Delhi,21.8,70.51187349579016,1007.9,0
2025-03-13 21:00:00,Chennai,25.4,91.42347038708564,1009.3,0
2025-03-13 21:00:00,Kolkata,27.4,87.29619508920601,1006.5,0
2025-03-13 21:00:00,Mumbai,27.0,84.18092213796281,1008.6,0
2025-03-13 21:00:00,New_Delhi,20.6,79.8567757762695,1007.1,0
2025-03-14 00:00:00,Chennai,25.0,93.06534216930643,1010.0,0
2025-03-14 00:00:00,Hyderabad,25.0,61.94077368777903,1009.1,0
2025-03-14 00:00:00,Kolkata,27.2,88.85313336738866,1007.5,0
2025-03-14 00:00:00,Mumbai,25.4,90.33006125111788,1008.9,0
2025-03-14 00:00:00,New_Delhi,18.8,90.4311677327325,1007.7,0
2025-03-14 03:00:00,Chennai,28.0,81.80996009312997,1013.0,0
2025-03-14 03:00:00,Hyderabad,28.8,47.08835606716669,1011.4,0
2025-03-14 03:00:00,Kolkata,28.8,79.03096698905824,1010.3,0
2025-03-14 03:00:00,Mumbai,27.0,84.18092213796281,1011.5,0
2025-03-14 03:00:00,New_Delhi,21.0,79.91155284255397,1010.1,0
2025-03-14 06:00:00,Chennai,32.6,57.42298925056439,1012.0,0
2025-03-14 06:00:00,Hyderabad,35.4,26.37245502597649,1010.0,0
2025-03-14 06:00:00,Kolkata,33.3,54.87341704855254,1009.9,0
2025-03-14 06:00:00,Mumbai,33.0,53.160307816284856,1011.8,0
2025-03-14 06:00:00,New_Delhi,32.8,36.29350526984933,1009.6,0
2025-03-14 09:00:00,Chennai,33.4,59.01062869308959,1009.3,0
2025-03-14 09:00:00,Hyderabad,37.0,21.60175114496833,1006.6,0
2025-03-14 09:00:00,Kolkata,36.4,46.76620535841806,1007.1,0
2025-03-14 09:00:00,Mumbai,33.4,45.132001309945,1009.5,0
2025-03-14 09:00:00,New_Delhi,35.6,35.025931208261305,1006.4,0
2025-03-14 12:00:00,Chennai,30.8,69.18743090524858,1008.8,0
2025-03-14 12:00:00,Hyderabad,35.6,24.269113455004465,1006.0,0
2025-03-14 12:00:00,Kolkata,33.4,52.2972859735491,1006.7,0
2025-03-14 12:00:00,Mumbai,33.4,33.33693141050912,1008.0,0
2025-03-14 12:00:00,New_Delhi,30.0,50.48129264923812,1006.2,0
2025-03-14 15:00:00,Chennai,27.0,81.19652945190819,1010.9,0
2025-03-14 15:00:00,Hyderabad,31.2,38.237631208464265,1008.6,0
2025-03-14 15:00:00,Kolkata,30.2,72.90096632227306,1008.3,0
2025-03-14 15:00:00,Mumbai,29.8,47.956204800317984,1009.2,0
2025-03-14 15:00:00,New_Delhi,23.8,64.07212844582271,1009.3,0
2025-03-14 18:00:00,Chennai,26.2,84.09422307879059,1011.8,0
2025-03-14 18:00:00,Hyderabad,29.2,47.49536171168245,1009.7,0
2025-03-14 18:00:00,Kolkata,27.2,90.45250000428204,1009.1,0
2025-03-14 18:00:00,Mumbai,27.0,65.56431854728334,1010.3,0
2025-03-14 18:00:00,New_Delhi,21.6,68.69474949084032,1009.1,0
2025-03-14 21:00:00,Chennai,25.0,89.75868022431183,1010.3,0
2025-03-14 21:00:00,Hyderabad,27.2,53.70027276375083,1009.1,0
2025-03-14 21:00:00,Kolkata,27.0,92.06569807815052,1008.0,0
2025-03-14 21:00:00,Mumbai,27.0,78.30518483755301,1009.4,0
2025-03-14 21:00:00,New_Delhi,21.4,60.3300224339597,1008.8,0
2025-03-15 00:00:00,Chennai,24.0,91.33708576167582,1010.8,0
2025-03-15 00:00:00,Hyderabad,25.6,58.64418652447737,1009.5,0
2025-03-15 00:00:00,Kolkata,26.8,92.0543831105128,1008.8,0
2025-03-15 00:00:00,Mumbai,25.2,83.47525948927431,1009.3,0
2025-03-15 00:00:00,New_Delhi,19.4,71.8963196457012,1009.2,0
2025-03-15 03:00:00,Chennai,27.4,81.24686676192346,1012.9,0
2025-03-15 03:00:00,Hyderabad,29.2,48.71326748516829,1011.4,0
2025-03-15 03:00:00,Kolkata,29.0,79.0585121873896,1011.6,0
2025-03-15 03:00:00,Mumbai,25.6,74.36025581723416,1011.5,0
2025-03-15 03:00:00,New_Delhi,21.0,62.23271845191584,1011.9,0
2025-03-15 06:00:00,Chennai,33.2,52.24717555279882,1012.6,0
2025-03-15 06:00:00,Hyderabad,35.4,25.692094824114186,1010.3,0
2025-03-15 06:00:00,Kolkata,32.8,64.40448947276589,1011.4,0
2025-03-15 06:00:00,Mumbai,35.0,22.26667429187181,1011.9,0
2025-03-15 06:00:00,New_Delhi,29.0,48.04797041493392,1011.0,0
2025-03-15 09:00:00,Chennai,34.0,52.76574284376031,1010.1,0
2025-03-15 09:00:00,Hyderabad,38.0,16.62430739249661,1007.0,0
2025-03-15 09:00:00,Kolkata,34.2,60.618752169673485,1008.4,0
2025-03-15 09:00:00,Mumbai,34.0,45.57171219777677,1009.9,0
2025-03-15 09:00:00,New_Delhi,31.6,44.09229390843783,1008.5,0
2025-03-15 12:00:00,Chennai,31.6,62.25158297844957,1010.0,0
2025-03-15 12:00:00,Hyderabad,35.0,26.61285322847371,1007.5,0
2025-03-15 12:00:00,Kolkata,33.0,61.07786865205016,1008.3,0
2025-03-15 12:00:00,Mumbai,32.0,39.45068417949749,1009.0,0
2025-03-15 12:00:00,New_Delhi,30.4,53.16497584099543,1008.2,0
2025-03-15 15:00:00,Chennai,27.4,81.24686676192346,1012.0,0
2025-03-15 15:00:00,Hyderabad,30.6,47.86618770338982,1010.1,0
2025-03-15 15:00:00,Kolkata,29.8,81.06459831337503,1010.4,0
2025-03-15 15:00:00,Mumbai,28.8,62.782198156408256,1011.0,0
2025-03-15 15:00:00,New_Delhi,24.8,69.75148628714753,1010.7,0
2025-03-15 18:00:00,Chennai,26.8,87.24318141227258,1012.8,0
2025-03-15 18:00:00,Hyderabad,28.4,53.66339405042314,1011.6,0
2025-03-15 18:00:00,Kolkata,27.8,85.78717977072007,1011.0,0
2025-03-15 18:00:00,Mumbai,27.8,63.34204232336771,1012.3,0
2025-03-15 18:00:00,New_Delhi,22.0,70.54945136907497,1012.0,0
2025-03-15 21:00:00,Chennai,26.0,90.37112970835472,1011.0,0
2025-03-15 21:00:00,Hyderabad,26.4,63.03704464993361,1010.8,0
2025-03-15 21:00:00,Kolkata,27.6,87.31379479213656,1010.2,0
2025-03-15 21:00:00,Mumbai,26.2,71.76431122414668,1011.2,0
2025-03-15 21:00:00,New_Delhi,20.0,75.80243725044951,1011.3,0
2025-03-16 00:00:00,Chennai,26.0,87.17199233244091,1011.6,0
2025-03-16 00:00:00,Hyderabad,24.0,68.29842066544568,1011.2,0
2025-03-16 00:00:00,Kolkata,26.0,92.00888400052642,1009.6,0
2025-03-16 00:00:00,Mumbai,23.6,78.29628816720248,1011.2,0
2025-03-16 00:00:00,New_Delhi,19.8,79.23970675671094,1012.2,0
2025-03-16 03:00:00,Chennai,28.0,78.44744220055776,1013.4,0
2025-03-16 03:00:00,Hyderabad,29.0,33.42708851963113,1011.9,0
2025-03-16 03:00:00,Kolkata,29.6,79.6118092261478,1010.8,0
2025-03-16 03:00:00,Mumbai,24.8,74.2273526631688,1012.8,0
2025-03-16 03:00:00,New_Delhi,21.0,66.40122606049283,1013.2,0
2025-03-16 06:00:00,Chennai,33.4,59.01062869308959,1013.1,0
2025-03-16 06:00:00,Hyderabad,35.8,17.87782747918523,1010.7,0
2025-03-16 06:00:00,Kolkata,35.6,53.16143044853384,1009.9,0
2025-03-16 06:00:00,Mumbai,33.4,39.08864098827481,1012.9,0
2025-03-16 06:00:00,New_Delhi,29.0,42.28469233863707,1012.5,0
2025-03-16 09:00:00,Chennai,33.0,55.468825283877344,1010.7,0
2025-03-16 09:00:00,Hyderabad,38.6,14.232918135352948,1006.2,0
2025-03-16 09:00:00,Kolkata,36.8,40.75608687539693,1006.6,0
2025-03-16 09:00:00,Mumbai,34.0,47.57527310954328,1009.8,0
2025-03-16 09:00:00,New_Delhi,31.2,28.499144092468786,1009.5,0
2025-03-16 12:00:00,Chennai,31.2,65.62945434667039,1009.5,0
2025-03-16 12:00:00,Hyderabad,35.4,20.231127359178696,1005.9,0
2025-03-16 12:00:00,Kolkata,33.2,50.98724954515295,1006.9,0
2025-03-16 12:00:00,Mumbai,31.0,53.64502413942176,1008.0,0
2025-03-16 12:00:00,New_Delhi,28.6,40.831937487694354,1009.2,0
2025-03-16 15:00:00,Chennai,28.4,81.85865421535438,1010.7,0
2025-03-16 15:00:00,Hyderabad,31.0,36.02870648283207,1009.2,0
2025-03-16 15:00:00,Kolkata,30.6,75.61652127297627,1008.4,0
2025-03-16 15:00:00,Mumbai,29.4,55.61707598766949,1009.2,0
2025-03-16 15:00:00,New_Delhi,23.6,56.68577345977045,1011.1,0
2025-03-16 18:00:00,Chennai,27.8,85.78717977072007,1011.4,0
2025-03-16 18:00:00,Hyderabad,28.0,49.645003328369256,1010.2,0
2025-03-16 18:00:00,Kolkata,28.6,84.8538871735531,1009.2,0
2025-03-16 18:00:00,Mumbai,27.4,55.12572226070839,1010.7,0
2025-03-16 18:00:00,New_Delhi,20.6,73.04449468125938,1011.7,0
2025-03-16 21:00:00,Chennai,28.0,83.78747242805218,1010.8499999999999,1
2025-03-16 21:00:00,Hyderabad,26.2,56.59689584142209,1009.6,0
2025-03-16 21:00:00,Kolkata,27.0,92.06569807815052,1007.3,0
2025-03-16 21:00:00,Mumbai,27.0,69.73535987777385,1010.4,0
2025-03-16 21:00:00,New_Delhi,19.0,79.126223220217,1011.2,0
2025-03-17 00:00:00,Chennai,26.6,90.41194193154736,1010.3,0
2025-03-17 00:00:00,Hyderabad,23.6,66.51505211642592,1009.8,0
2025-03-17 00:00:00,Kolkata,26.2,90.38476214988124,1008.4,0
2025-03-17 00:00:00,Mumbai,25.2,72.92833389963405,1010.4,0
2025-03-17 00:00:00,New_Delhi,18.8,82.7281885997089,1011.9,0
2025-03-17 03:00:00,Chennai,29.2,77.68451620551635,1013.0,0
2025-03-17 03:00:00,Hyderabad,28.4,34.611029285104415,1011.0,0
2025-03-17 03:00:00,Kolkata,29.4,76.33535606218936,1010.5,0
2025-03-17 03:00:00,Mumbai,27.0,71.03120402884956,1012.1,0
2025-03-17 03:00:00,New_Delhi,20.6,74.4596174181464,1013.7,0
2025-03-17 06:00:00,Chennai,34.2,55.09142552871042,1012.3,0
2025-03-17 06:00:00,Hyderabad,35.6,19.741129553088317,1010.1,0
2025-03-17 06:00:00,Kolkata,33.2,62.22651784699078,1010.3,0
2025-03-17 06:00:00,Mumbai,32.4,47.15537254104221,1012.8,0
2025-03-17 06:00:00,New_Delhi,26.4,47.66111593751544,1013.9,0
2025-03-17 09:00:00,Chennai,33.0,63.3057630010676,1009.4,0
2025-03-17 09:00:00,Hyderabad,38.2,17.593208837608703,1006.3,0
2025-03-17 09:00:00,Kolkata,34.4,54.15456428793436,1007.5,0
2025-03-17 09:00:00,Mumbai,33.6,40.140099313942,1009.9,0
2025-03-17 09:00:00,New_Delhi,27.8,44.47172614692537,1011.4,0
2025-03-17 12:00:00,Chennai,31.6,66.1056160585513,1008.6,0
2025-03-17 12:00:00,Hyderabad,36.8,17.03850371911106,1005.7,0
2025-03-17 12:00:00,Kolkata,32.2,59.09077055251807,1007.2,0
2025-03-17 12:00:00,Mumbai,32.4,44.03144254531665,1009.2,0
2025-03-17 12:00:00,New_Delhi,27.8,44.47172614692537,1010.8,0
2025-03-17 15:00:00,Chennai,28.6,80.43187680667027,1010.5,0
2025-03-17 15:00:00,Hyderabad,31.0,33.98268796008183,1009.6,0
2025-03-17 15:00:00,Kolkata,29.6,76.82235153000387,1009.8,0
2025-03-17 15:00:00,Mumbai,28.4,65.05100507166367,1010.7,0
2025-03-17 15:00:00,New_Delhi,21.8,67.42684674439127,1013.3,0
2025-03-17 18:00:00,Chennai,28.0,84.79181717750924,1012.0,0
2025-03-17 18:00:00,Hyderabad,28.0,41.73733564186969,1010.5,0
2025-03-17 18:00:00,Kolkata,28.0,84.79181717750924,1008.7,0
2025-03-17 18:00:00,Mumbai,26.6,74.98174057282651,1011.2,0
2025-03-17 18:00:00,New_Delhi,18.4,80.58262590477159,1014.1,0
2025-03-17 21:00:00,Chennai,26.6,90.41194193154736,1009.8,0
2025-03-17 21:00:00,Hyderabad,26.2,50.12977591480722,1009.7,0
2025-03-17 21:00:00,Kolkata,27.8,84.2669381064797,1007.9,0
2025-03-17 21:00:00,Mumbai,26.4,74.94939436271723,1010.3,0
2025-03-17 21:00:00,New_Delhi,16.0,89.65152316161863,1012.6,0
2025-03-18 00:00:00,Chennai,26.8,92.0543831105128,1009.9,0
2025-03-18 00:00:00,Hyderabad,23.8,69.56092941247766,1009.7,0
2025-03-18 00:00:00,Kolkata,26.6,79.6854136873141,1009.4,0
2025-03-18 00:00:00,Mumbai,25.2,79.00924587469251,1009.6,0
2025-03-18 00:00:00,New_Delhi,16.8,85.75407058428847,1012.0,0
2025-03-18 03:00:00,Chennai,29.4,79.11344799319119,1012.2,0
2025-03-18 03:00:00,Hyderabad,28.6,50.43604209173424,1010.0,0
2025-03-18 03:00:00,Kolkata,29.0,45.66475006650691,1011.7,0
2025-03-18 03:00:00,Mumbai,26.2,64.9913672688916,1011.1,0
2025-03-18 03:00:00,New_Delhi,21.0,64.70523940925912,1013.0,0
2025-03-18 06:00:00,Chennai,34.0,57.40603103345707,1011.4,0
2025-03-18 06:00:00,Hyderabad,34.8,27.263329334584725,1009.3,0
2025-03-18 06:00:00,Kolkata,32.2,30.723982531231897,1011.5,0
2025-03-18 06:00:00,Mumbai,32.4,38.81437277218495,1011.6,0
2025-03-18 06:00:00,New_Delhi,27.2,49.75192583312053,1013.3,0
2025-03-18 09:00:00,Chennai,34.0,56.04514311511978,1009.4,0
2025-03-18 09:00:00,Hyderabad,37.4,21.416662695068688,1006.4,0
2025-03-18 09:00:00,Kolkata,33.5,24.8613027941221,1008.9,0
2025-03-18 09:00:00,Mumbai,32.4,45.14572740311554,1009.3,0
2025-03-18 09:00:00,New_Delhi,29.4,55.61707598766949,1010.6,0
2025-03-18 12:00:00,Chennai,31.6,67.30181208332723,1009.6,0
2025-03-18 12:00:00,Hyderabad,34.6,31.17735383321994,1006.6,0
2025-03-18 12:00:00,Kolkata,31.8,34.203946308294164,1008.9,0
2025-03-18 12:00:00,Mumbai,31.2,45.96527087361078,1008.6,0
2025-03-18 12:00:00,New_Delhi,29.2,59.120014838601264,1010.0,0
2025-03-18 15:00:00,Chennai,28.4,78.97572139747378,1011.5,0
2025-03-18 15:00:00,Hyderabad,29.8,52.68499081489726,1009.8,0
2025-03-18 15:00:00,Kolkata,29.2,44.85242167030182,1010.6,0
2025-03-18 15:00:00,Mumbai,28.0,63.385341541150645,1010.2,0
2025-03-18 15:00:00,New_Delhi,21.8,62.818484233587846,1011.8,0
2025-03-18 18:00:00,Chennai,27.8,81.29701074620921,1013.5,0
2025-03-18 18:00:00,Hyderabad,28.0,61.83725955078121,1010.9,0
2025-03-18 18:00:00,Kolkata,27.4,64.44152051921621,1011.5,0
2025-03-18 18:00:00,Mumbai,26.4,73.58514111197726,1011.5,0
2025-03-18 18:00:00,New_Delhi,18.8,79.09771409474659,1013.0,0
2025-03-18 21:00:00,Chennai,27.0,84.18092213796281,1011.5,0
2025-03-18 21:00:00,Hyderabad,26.4,65.84749176476915,1010.1,0
2025-03-18 21:00:00,Kolkata,26.0,70.4120836701745,1010.5,0
2025-03-18 21:00:00,Mumbai,26.2,77.71524355462877,1010.9,0
2025-03-18 21:00:00,New_Delhi,17.2,85.79475151324434,1012.6,0
2025-03-19 00:00:00,Chennai,26.6,87.22543835052973,1012.2,0
2025-03-19 00:00:00,Hyderabad,24.0,68.29842066544568,1010.6,0
2025-03-19 00:00:00,Kolkata,25.0,69.78940116671127,1012.4,0
2025-03-19 00:00:00,Mumbai,24.6,84.95004486909127,1010.8,0
2025-03-19 00:00:00,New_Delhi,15.8,89.05728670930709,1011.9,0
2025-03-19 03:00:00,Chennai,29.0,79.0585121873896,1014.7,0
2025-03-19 03:00:00,Hyderabad,27.4,56.17722439267519,1013.2,0
2025-03-19 03:00:00,Kolkata,29.6,53.62840385858026,1015.0,0
2025-03-19 03:00:00,Mumbai,25.0,69.78940116671127,1012.8,0
2025-03-19 03:00:00,New_Delhi,19.8,70.58772605911892,1013.7,0
2025-03-19 06:00:00,Chennai,32.0,63.85356133058713,1014.9,0
2025-03-19 06:00:00,Hyderabad,33.4,30.4528278258767,1012.2,0
2025-03-19 06:00:00,Kolkata,32.8,46.39069479422688,1014.2,0
2025-03-19 06:00:00,Mumbai,31.8,53.1868368284505,1013.3,0
2025-03-19 06:00:00,New_Delhi,29.2,53.19475408938177,1013.8,0
2025-03-19 09:00:00,Chennai,34.2,54.105694175209415,1012.1,0
2025-03-19 09:00:00,Hyderabad,37.2,16.22173220306179,1008.2,0
2025-03-19 09:00:00,Kolkata,34.0,47.57527310954328,1011.6,0
2025-03-19 09:00:00,Mumbai,31.4,52.76094443060454,1011.1,0
2025-03-19 09:00:00,New_Delhi,32.2,22.45919812126113,1011.3,0
2025-03-19 12:00:00,Chennai,31.8,63.81127171847181,1011.1,0
2025-03-19 12:00:00,Hyderabad,34.6,27.74817449196858,1008.5,0
2025-03-19 12:00:00,Kolkata,32.2,55.9524546962478,1011.1,0
2025-03-19 12:00:00,Mumbai,32.0,42.56404372344561,1010.2,0
2025-03-19 12:00:00,New_Delhi,30.8,27.827529762045103,1010.9,0
2025-03-19 15:00:00,Chennai,28.8,77.62630156297041,1013.6,0
2025-03-19 15:00:00,Hyderabad,29.6,52.30674462542291,1011.0,0
2025-03-19 15:00:00,Kolkata,28.8,79.03096698905824,1013.3,0
2025-03-19 15:00:00,Mumbai,28.4,61.16586545008611,1012.2,0
2025-03-19 15:00:00,New_Delhi,24.0,58.63792089821904,1013.5,0
2025-03-19 18:00:00,Chennai,28.0,78.44744220055776,1014.6,0
2025-03-19 18:00:00,Hyderabad,27.0,59.71800007230962,1013.8,0
2025-03-19 18:00:00,Kolkata,27.6,84.24549777703992,1013.6,0
2025-03-19 18:00:00,Mumbai,27.2,66.83242139369942,1013.1,0
2025-03-19 18:00:00,New_Delhi,20.0,75.80243725044951,1014.9,0
2025-03-19 21:00:00,Chennai,26.8,84.15931168305403,1013.5,0
2025-03-19 21:00:00,Hyderabad,26.0,64.14261894523437,1012.6,0
2025-03-19 21:00:00,Kolkata,27.0,85.7087986323302,1012.5,0
2025-03-19 21:00:00,Mumbai,26.2,71.76431122414668,1012.4,0
2025-03-19 21:00:00,New_Delhi,17.6,85.83526358356409,1014.3,0
2025-03-20 00:00:00,Chennai,25.6,88.72729010944434,1013.6,0
2025-03-20 00:00:00,Hyderabad,23.0,89.61193893447619,1013.0,0
2025-03-20 00:00:00,Kolkata,26.8,87.24318141227258,1013.6,0
2025-03-20 00:00:00,Mumbai,23.4,73.0708008953474,1012.1,0
2025-03-20 00:00:00,New_Delhi,16.2,89.6666795922352,1014.3,0
2025-03-20 03:00:00,Chennai,29.0,74.91450415439337,1015.4,0
2025-03-20 03:00:00,Hyderabad,25.6,73.44933327378524,1015.1,0
2025-03-20 03:00:00,Kolkata,28.6,80.43187680667027,1016.0,0
2025-03-20 03:00:00,Mumbai,25.6,76.21186522133068,1014.4,0
2025-03-20 03:00:00,New_Delhi,20.0,75.80243725044951,1015.8,0
2025-03-20 06:00:00,Chennai,34.2,55.09142552871042,1015.5,0
2025-03-20 06:00:00,Hyderabad,31.4,48.6794353784869,1014.1,0
2025-03-20 06:00:00,Kolkata,30.2,70.32973763313946,1016.3,0
2025-03-20 06:00:00,Mumbai,33.4,29.09494039932968,1014.4,0
2025-03-20 06:00:00,New_Delhi,32.2,26.04482133515105,1014.8,0
2025-03-20 09:00:00,Chennai,34.4,49.15636027363035,1012.7,0
2025-03-20 09:00:00,Hyderabad,35.4,29.634306150293387,1009.4,0
2025-03-20 09:00:00,Kolkata,32.2,54.60518702638903,1013.0,0
2025-03-20 09:00:00,Mumbai,35.6,38.47417925779759,1012.1,0
2025-03-20 09:00:00,New_Delhi,33.0,16.062633712825683,1012.3,0
2025-03-20 12:00:00,Chennai,31.4,61.08987992237482,1012.4,0
2025-03-20 12:00:00,Hyderabad,33.8,37.26973919475242,1008.6,0
2025-03-20 12:00:00,Kolkata,30.8,43.3236059634316,1012.2,0
2025-03-20 12:00:00,Mumbai,32.2,40.77742717120105,1011.6,0
2025-03-20 12:00:00,New_Delhi,31.4,23.984736582502634,1011.0,0
2025-03-20 15:00:00,Chennai,28.6,77.59711341151534,1014.3,0
2025-03-20 15:00:00,Hyderabad,29.4,52.25595491573255,1011.7,0
2025-03-20 15:00:00,Kolkata,28.6,50.1181639027816,1015.5,0
2025-03-20 15:00:00,Mumbai,28.4,60.0407336708837,1013.1,0
2025-03-20 15:00:00,New_Delhi,23.6,55.23793400248324,1013.3,0
2025-03-20 18:00:00,Chennai,28.2,80.37983931978188,1015.0,0
2025-03-20 18:00:00,Hyderabad,27.4,60.18498206209946,1013.1,0
2025-03-20 18:00:00,Kolkata,26.4,60.71246271379855,1015.4,0
2025-03-20 18:00:00,Mumbai,27.8,68.61530293019021,1014.2,0
2025-03-20 18:00:00,New_Delhi,19.6,70.54987572913048,1014.6,0
2025-03-20 21:00:00,Chennai,27.8,82.77031896665545,1013.2,0
2025-03-20 21:00:00,Hyderabad,25.8,65.72304383264904,1013.0,0
2025-03-20 21:00:00,Kolkata,26.0,61.77549134798711,1013.2,0
2025-03-20 21:00:00,Mumbai,27.0,76.8936310454662,1012.4,0
2025-03-20 21:00:00,New_Delhi,17.8,79.9831780603204,1013.8,0
2025-03-21 00:00:00,Chennai,26.4,90.3983661985558,1014.3,0
2025-03-21 00:00:00,Hyderabad,24.2,77.41908148932836,1013.6,0
2025-03-21 00:00:00,Kolkata,25.6,65.68142590172316,1015.1,0
2025-03-21 00:00:00,Mumbai,25.6,74.36025581723416,1013.5,0
2025-03-21 00:00:00,New_Delhi,17.2,83.60845992494205,1014.3,0
2025-03-21 03:00:00,Chennai,30.0,71.5698382304094,1016.3,0
2025-03-21 03:00:00,Hyderabad,25.8,75.31315110466264,1015.2,0
2025-03-21 03:00:00,Kolkata,27.8,64.52631135592681,1017.1,0
2025-03-21 03:00:00,Mumbai,26.0,71.7285371211518,1015.5,0
2025-03-21 03:00:00,New_Delhi,21.0,64.70523940925912,1015.5,0
2025-03-21 06:00:00,Chennai,34.4,53.18487560759012,1015.9,0
2025-03-21 06:00:00,Hyderabad,33.0,39.22629843238397,1013.5,0
2025-03-21 06:00:00,Kolkata,31.4,48.37727494139183,1017.2,0
2025-03-21 06:00:00,Mumbai,33.2,32.01800578264064,1015.6,0
2025-03-21 06:00:00,New_Delhi,29.8,35.69535509975479,1015.3,0
2025-03-21 09:00:00,Chennai,34.2,53.13543895263694,1012.5,0
2025-03-21 09:00:00,Hyderabad,34.8,32.24820405115471,1009.7,0
2025-03-21 09:00:00,Kolkata,29.4,46.35792582818312,1014.8,0
2025-03-21 09:00:00,Mumbai,33.2,28.47562138126054,1012.7,0
2025-03-21 09:00:00,New_Delhi,32.0,23.97898558916218,1012.4,0
2025-03-21 12:00:00,Chennai,31.8,62.67121379518331,1012.3,0
2025-03-21 12:00:00,Hyderabad,34.2,36.67809609053658,1007.8,0
2025-03-21 12:00:00,Kolkata,26.6,58.14346599287039,1014.1,0
2025-03-21 12:00:00,Mumbai,31.2,40.50335344032537,1011.9,0
2025-03-21 12:00:00,New_Delhi,30.8,28.77145310922289,1010.8,0
2025-03-21 15:00:00,Chennai,29.0,74.91450415439337,1013.8,0
2025-03-21 15:00:00,Hyderabad,30.6,48.77428920867762,1011.2,0
2025-03-21 15:00:00,Kolkata,24.0,75.02229317138162,1017.2,0
2025-03-21 15:00:00,Mumbai,27.8,62.17688027991124,1013.2,0
2025-03-21 15:00:00,New_Delhi,24.4,50.63448661826776,1012.4,0
2025-03-21 18:00:00,Chennai,28.4,78.97572139747378,1014.1,0
2025-03-21 18:00:00,Hyderabad,24.6,76.05569943022546,1013.6,0
2025-03-21 18:00:00,Kolkata,23.0,77.72260499738547,1014.8,0
2025-03-21 18:00:00,Mumbai,26.2,77.71524355462877,1013.5,0
2025-03-21 18:00:00,New_Delhi,19.6,70.54987572913048,1012.9,0
2025-03-21 21:00:00,Chennai,27.8,84.2669381064797,1012.0,0
2025-03-21 21:00:00,Hyderabad,21.6,96.3886437157889,1012.8,0
2025-03-21 21:00:00,Kolkata,22.2,86.28930225728149,1013.5,0
2025-03-21 21:00:00,Mumbai,26.0,77.68587617563927,1012.9,0
2025-03-21 21:00:00,New_Delhi,17.6,79.95556914093304,1011.4,0
2025-03-22 00:00:00,Chennai,26.8,87.24318141227258,1012.6,0
2025-03-22 00:00:00,Hyderabad,22.4,87.92469649009101,1012.5,0
2025-03-22 00:00:00,Kolkata,21.8,84.12824237082634,1015.6,0
2025-03-22 00:00:00,Mumbai,24.0,83.33878752130364,1012.4,0
2025-03-22 00:00:00,New_Delhi,18.0,78.47368296970863,1011.4,0
2025-03-22 03:00:00,Chennai,29.6,78.20620296447258,1015.3,0
2025-03-22 03:00:00,Hyderabad,25.2,83.98487805984742,1013.4,0
2025-03-22 03:00:00,Kolkata,23.0,73.00116957092115,1018.3,0
2025-03-22 03:00:00,Mumbai,25.0,81.93813716288261,1014.8,0
2025-03-22 03:00:00,New_Delhi,22.2,58.20608486944994,1013.4,0
2025-03-22 06:00:00,Chennai,34.2,53.13543895263694,1014.5,0
2025-03-22 06:00:00,Hyderabad,30.6,57.65224821817565,1012.5,0
2025-03-22 06:00:00,Kolkata,20.8,88.8904490414604,1018.9,0
2025-03-22 06:00:00,Mumbai,32.2,42.61834193389208,1014.4,0
2025-03-22 06:00:00,New_Delhi,29.8,35.69535509975479,1013.3,0
2025-03-22 09:00:00,Chennai,34.6,56.524933034712646,1011.8,0
2025-03-22 09:00:00,Hyderabad,34.2,44.23972976636763,1008.8,0
2025-03-22 09:00:00,Kolkata,26.0,61.77549134798711,1013.8,0
2025-03-22 09:00:00,Mumbai,32.6,46.33771859701847,1011.2,0
2025-03-22 09:00:00,New_Delhi,30.6,33.65098588696691,1010.7,0
2025-03-22 12:00:00,Chennai,31.4,70.96895584191402,1011.3,0
2025-03-22 12:00:00,Hyderabad,31.0,48.272370927012055,1009.1,0
2025-03-22 12:00:00,Kolkata,25.2,65.59798637911615,1014.5,0
2025-03-22 12:00:00,Mumbai,31.2,53.6947284534463,1009.8,0
2025-03-22 12:00:00,New_Delhi,30.2,29.975749665046227,1010.2,0
2025-03-22 15:00:00,Chennai,29.4,74.97860136800087,1013.0,0
2025-03-22 15:00:00,Hyderabad,27.8,58.06387612446219,1012.0,0
2025-03-22 15:00:00,Kolkata,22.2,79.0779705442933,1015.3,0
2025-03-22 15:00:00,Mumbai,28.0,77.50922415182016,1011.6,0
2025-03-22 15:00:00,New_Delhi,23.2,59.20534118595157,1013.0,0
2025-03-22 18:00:00,Chennai,28.8,80.45782143103412,1014.0,0
2025-03-22 18:00:00,Hyderabad,26.0,69.97800026454519,1012.9,0
2025-03-22 18:00:00,Kolkata,22.0,82.07643342444838,1014.9,0
2025-03-22 18:00:00,Mumbai,26.4,84.11596226208941,1012.0,0
2025-03-22 18:00:00,New_Delhi,19.4,75.70554565099692,1013.5,0
2025-03-22 21:00:00,Chennai,28.2,83.31179804309043,1011.9,0
2025-03-22 21:00:00,Kolkata,21.6,84.10614279932157,1013.9,0
2025-03-22 21:00:00,Mumbai,26.4,87.207659213301,1010.9,0
2025-03-22 21:00:00,New_Delhi,18.4,78.53229749671034,1013.0,0
2025-03-23 00:00:00,Chennai,27.4,87.29619508920601,1011.5,0
2025-03-23 00:00:00,Hyderabad,24.4,83.89661650096087,1012.1,0
2025-03-23 00:00:00,Kolkata,20.6,87.22105196053376,1014.1,0
2025-03-23 00:00:00,Mumbai,25.0,91.39891921824884,1011.4,0
2025-03-23 00:00:00,New_Delhi,16.0,85.11660736746623,1013.8,0
2025-03-23 03:00:00,Chennai,29.6,76.82235153000387,1015.0,0
2025-03-23 03:00:00,Hyderabad,26.0,78.16158824199735,1014.7,0
2025-03-23 03:00:00,Kolkata,25.4,69.86503547584091,1017.7,0
2025-03-23 03:00:00,Mumbai,26.8,85.68910507577876,1013.5,0
2025-03-23 03:00:00,New_Delhi,19.8,67.01712979382484,1015.8,0
2025-03-23 06:00:00,Chennai,34.6,54.52982508908034,1014.2,0
2025-03-23 06:00:00,Hyderabad,30.2,64.63661092775321,1013.2,0
2025-03-23 06:00:00,Kolkata,29.0,59.0735624167008,1016.6,0
2025-03-23 06:00:00,Mumbai,32.0,63.85356133058713,1013.0,0
2025-03-23 06:00:00,New_Delhi,31.0,35.106357858138395,1014.8,0
2025-03-23 09:00:00,Chennai,34.0,51.81527988036216,1011.7,0
2025-03-23 09:00:00,Hyderabad,33.0,47.02181414496014,1009.6,0
2025-03-23 09:00:00,Kolkata,30.2,52.78587755627143,1013.3,0
2025-03-23 09:00:00,Mumbai,33.4,53.58367919813461,1010.4,0
2025-03-23 09:00:00,New_Delhi,33.8,24.77469053939285,1012.1,0
2025-03-23 12:00:00,Chennai,31.4,66.06520314217083,1011.5,0
2025-03-23 12:00:00,Hyderabad,31.4,49.59587656532929,1009.5,0
2025-03-23 12:00:00,Kolkata,29.0,57.98691806209805,1012.9,0
2025-03-23 12:00:00,Mumbai,32.0,62.71443976755974,1009.8,0
2025-03-23 12:00:00,New_Delhi,32.6,23.97357887066861,1011.5,0
2025-03-23 15:00:00,Chennai,29.0,77.65543578652992,1013.8,0
2025-03-23 15:00:00,Hyderabad,29.2,59.120014838601264,1011.6,0
2025-03-23 15:00:00,Kolkata,26.4,73.58514111197726,1014.9,0
2025-03-23 15:00:00,Mumbai,29.2,76.30480387190515,1012.0,0
2025-03-23 15:00:00,New_Delhi,24.4,53.33223433397086,1014.0,0
2025-03-23 18:00:00,Chennai,28.6,80.43187680667027,1013.8,0
2025-03-23 18:00:00,Hyderabad,28.2,64.61083295723954,1012.1,0
2025-03-23 18:00:00,Kolkata,24.4,81.86439065070549,1014.8,0
2025-03-23 18:00:00,Mumbai,26.6,82.62997382431229,1013.3,0
2025-03-23 18:00:00,New_Delhi,20.0,72.470856291407,1014.7,0
2025-03-23 21:00:00,Chennai,28.0,83.28921441559984,1011.6,0
2025-03-23 21:00:00,Hyderabad,27.0,70.16498573439732,1010.4,0
2025-03-23 21:00:00,Kolkata,24.0,83.33878752130364,1014.0,0
2025-03-23 21:00:00,Mumbai,27.4,84.22401507730588,1012.0,0
2025-03-23 21:00:00,New_Delhi,17.8,82.07631714611342,1013.7,0
2025-03-24 00:00:00,Chennai,27.4,87.29619508920601,1012.0,0
2025-03-24 00:00:00,Hyderabad,25.2,82.46414440188865,1010.8,0
2025-03-24 00:00:00,Kolkata,21.2,88.92223841871977,1014.3,0
2025-03-24 00:00:00,Mumbai,25.6,90.3437793367858,1011.7,0
2025-03-24 00:00:00,New_Delhi,16.4,89.68180342228284,1013.8,0
2025-03-24 03:00:00,Chennai,29.2,77.68451620551635,1014.8,0
2025-03-24 03:00:00,Hyderabad,26.4,75.40904545009995,1014.7,0
2025-03-24 03:00:00,Kolkata,26.6,66.71100927209127,1016.7,0
2025-03-24 03:00:00,Mumbai,27.4,84.22401507730588,1014.3,0
2025-03-24 03:00:00,New_Delhi,20.0,81.3101072483957,1015.8,0
2025-03-24 06:00:00,Chennai,33.8,55.99737982292572,1014.2,0
2025-03-24 06:00:00,Hyderabad,32.0,53.2366666229233,1013.1,0
2025-03-24 06:00:00,Kolkata,30.4,48.417392184797706,1015.2,0
2025-03-24 06:00:00,Mumbai,31.6,67.30181208332723,1013.6,0
2025-03-24 06:00:00,New_Delhi,32.6,25.805101125515584,1014.4,0
2025-03-24 09:00:00,Chennai,34.0,56.04514311511978,1011.0,0
2025-03-24 09:00:00,Hyderabad,31.2,50.16365432932336,1009.4,0
2025-03-24 09:00:00,Kolkata,32.0,42.56404372344561,1011.1,0
2025-03-24 09:00:00,Mumbai,30.4,73.3709976155314,1009.4,0
2025-03-24 09:00:00,New_Delhi,35.2,21.013563958474627,1010.9,0
2025-03-24 12:00:00,Chennai,31.2,66.82152314124305,1010.5,0
2025-03-24 12:00:00,Hyderabad,32.2,42.08506389659526,1008.5,0
2025-03-24 12:00:00,Kolkata,30.2,41.53843202706828,1010.8,0
2025-03-24 12:00:00,Mumbai,32.0,57.981228496846505,1008.9,0
2025-03-24 12:00:00,New_Delhi,34.4,17.431268811346435,1009.5,0
2025-03-24 15:00:00,Chennai,28.6,73.50891633549199,1012.8,0
2025-03-24 15:00:00,Hyderabad,30.4,48.721895803573176,1011.4,0
2025-03-24 15:00:00,Kolkata,25.6,65.68142590172316,1013.0,0
2025-03-24 15:00:00,Mumbai,29.2,70.99802751141195,1011.1,0
2025-03-24 15:00:00,New_Delhi,24.8,53.7798922788436,1012.3,0
2025-03-24 18:00:00,Chennai,27.6,78.39069896683198,1012.3,0
2025-03-24 18:00:00,Hyderabad,27.2,63.60534781707548,1011.5,0
2025-03-24 18:00:00,Kolkata,23.4,77.78185620897757,1012.5,0
2025-03-24 18:00:00,Mumbai,26.8,81.17128800561531,1011.5,0
2025-03-24 18:00:00,New_Delhi,20.6,68.055920529955,1012.5,0
2025-03-24 21:00:00,Chennai,26.0,87.17199233244091,1009.8,0
2025-03-24 21:00:00,Hyderabad,25.8,69.50825287141733,1010.0,0
2025-03-24 21:00:00,Kolkata,23.0,79.19032580005634,1010.7,0
2025-03-24 21:00:00,Mumbai,25.2,85.01229874539116,1009.2,0
2025-03-24 21:00:00,New_Delhi,18.6,77.05578821552338,1011.0,0
2025-03-25 00:00:00,Chennai,26.0,87.17199233244091,1010.5,0
2025-03-25 00:00:00,Hyderabad,24.6,80.39509424447246,1009.8,0
2025-03-25 00:00:00,Kolkata,22.8,84.23807515262574,1010.4,0
2025-03-25 00:00:00,Mumbai,24.0,84.88741479671322,1008.8,0
2025-03-25 00:00:00,New_Delhi,18.0,80.52893541547579,1010.1,0
2025-03-25 03:00:00,Chennai,28.6,77.59711341151534,1012.0,0
2025-03-25 03:00:00,Hyderabad,27.8,65.72995303712338,1011.3,0
2025-03-25 03:00:00,Kolkata,27.4,62.864093985522686,1011.5,0
2025-03-25 03:00:00,Mumbai,27.4,74.20346731676847,1010.9,0
2025-03-25 03:00:00,New_Delhi,22.6,58.68162414536218,1011.3,0
2025-03-25 06:00:00,Chennai,33.8,53.68225023084101,1011.0,0
2025-03-25 06:00:00,Hyderabad,33.0,40.2290384129899,1009.9,0
2025-03-25 06:00:00,Kolkata,32.2,45.944408730541696,1010.2,0
2025-03-25 06:00:00,Mumbai,32.4,61.68118591242464,1010.7,0
2025-03-25 06:00:00,New_Delhi,34.4,23.95938123840472,1009.7,0
2025-03-25 09:00:00,Chennai,34.0,50.879846925795135,1008.4,0
2025-03-25 09:00:00,Hyderabad,35.2,27.727669136733944,1005.9,0
2025-03-25 09:00:00,Kolkata,32.4,41.87507194517404,1006.8,0
2025-03-25 09:00:00,Mumbai,33.2,55.51706303841751,1007.3,0
2025-03-25 09:00:00,New_Delhi,36.8,16.354945940893458,1006.3,0
2025-03-25 12:00:00,Chennai,31.2,63.30103708820237,1007.7,0
2025-03-25 12:00:00,Hyderabad,33.6,31.715436176430018,1004.7,0
2025-03-25 12:00:00,Kolkata,31.6,41.13215316466405,1006.2,0
2025-03-25 12:00:00,Mumbai,31.8,58.99875377243572,1006.1,0
2025-03-25 12:00:00,New_Delhi,35.4,22.071708640496635,1005.0,0
2025-03-25 15:00:00,Chennai,28.4,67.8977377259484,1009.9,0
2025-03-25 15:00:00,Hyderabad,30.4,44.32639814039418,1007.5,0
2025-03-25 15:00:00,Kolkata,27.2,64.39902384767183,1008.5,0
2025-03-25 15:00:00,Mumbai,28.8,77.62630156297041,1008.3,0
2025-03-25 15:00:00,New_Delhi,26.2,53.7896414941051,1007.0,0
2025-03-25 18:00:00,Chennai,27.6,76.98390463811192,1009.9,0
2025-03-25 18:00:00,Hyderabad,28.0,60.69806228799576,1008.0,0
2025-03-25 18:00:00,Kolkata,26.4,70.48621381671374,1007.8,0
2025-03-25 18:00:00,Mumbai,27.4,85.74806761675889,1009.1,0
2025-03-25 18:00:00,New_Delhi,22.0,65.75997484481925,1007.6,0
2025-03-25 21:00:00,Chennai,26.4,84.11596226208941,1008.3,0
2025-03-25 21:00:00,Kolkata,26.0,70.4120836701745,1006.7,0
2025-03-25 21:00:00,Mumbai,26.0,90.37112970835472,1007.7,0
2025-03-25 21:00:00,New_Delhi,20.0,74.35848005153662,1006.2,0
2025-03-26 00:00:00,Chennai,25.0,89.75868022431183,1008.6,0
2025-03-26 00:00:00,Hyderabad,24.2,83.36164573364587,1007.7,0
2025-03-26 00:00:00,Kolkata,25.4,78.5546900174901,1007.4,0
2025-03-26 00:00:00,Mumbai,25.0,93.06534216930643,1007.7,0
2025-03-26 00:00:00,New_Delhi,18.8,80.6361044510389,1006.1,0
2025-03-26 03:00:00,Chennai,28.4,76.18203664070896,1010.6,0
2025-03-26 03:00:00,Hyderabad,28.6,56.11768390700195,1009.2,0
2025-03-26 03:00:00,Kolkata,31.0,57.04447541902918,1009.4,0
2025-03-26 03:00:00,Mumbai,27.0,87.26088849314073,1009.7,0
2025-03-26 03:00:00,New_Delhi,25.0,52.46098604096623,1007.7,0
2025-03-26 06:00:00,Chennai,33.4,50.11110420939171,1010.1,0
2025-03-26 06:00:00,Hyderabad,33.6,36.97978318480615,1008.0,0
2025-03-26 06:00:00,Kolkata,35.0,39.7719574485718,1007.0,1
2025-03-26 06:00:00,Mumbai,30.8,67.95498445600064,1010.0,0
2025-03-26 06:00:00,New_Delhi,37.4,18.62295724982144,1007.0,0
2025-03-26 09:00:00,Chennai,33.4,54.566580431863855,1006.9,0
2025-03-26 09:00:00,Hyderabad,36.0,24.054393911527903,1004.1,0
2025-03-26 09:00:00,Kolkata,36.6,35.078281208658936,1004.6,0
2025-03-26 09:00:00,Mumbai,31.6,60.03485302219658,1007.5,0
2025-03-26 09:00:00,New_Delhi,38.4,17.877345205478758,1004.3,0
2025-03-26 12:00:00,Chennai,31.2,64.45604167734498,1006.1,0
2025-03-26 12:00:00,Hyderabad,34.6,23.85223586414993,1003.7,0
2025-03-26 12:00:00,Kolkata,33.0,50.00855048668853,1004.3,0
2025-03-26 12:00:00,Mumbai,30.4,61.61247622848766,1007.0,0
2025-03-26 12:00:00,New_Delhi,37.0,18.77975754092577,1003.2,0
2025-03-26 15:00:00,Chennai,28.4,77.56787120852722,1008.7,0
2025-03-26 15:00:00,Hyderabad,31.0,38.92495944169838,1006.5,0
2025-03-26 15:00:00,Kolkata,28.8,74.88236905493878,1006.4,0
2025-03-26 15:00:00,Mumbai,27.6,76.98390463811192,1008.9,0
2025-03-26 15:00:00,New_Delhi,27.0,53.310417727475865,1005.2,0
2025-03-26 18:00:00,Chennai,27.6,79.81995065848324,1009.7,0
2025-03-26 18:00:00,Hyderabad,28.4,49.122479432816846,1007.6,0
2025-03-26 18:00:00,Kolkata,27.4,82.72371961951407,1006.2,0
2025-03-26 18:00:00,Mumbai,26.8,79.71242342812477,1009.9,0
2025-03-26 18:00:00,New_Delhi,26.0,52.38113667098585,1005.9,0
2025-03-26 21:00:00,Chennai,26.4,88.79047072518293,1008.4,0
2025-03-26 21:00:00,Hyderabad,26.6,57.05350515682117,1007.0,0
2025-03-26 21:00:00,Kolkata,26.0,88.7589455109383,1005.1,0
2025-03-26 21:00:00,Mumbai,25.4,86.59275173505719,1009.0,0
2025-03-26 21:00:00,New_Delhi,21.6,75.57843550109602,1005.7,0
2025-03-27 00:00:00,Chennai,26.0,87.17199233244091,1008.6,0
2025-03-27 00:00:00,Hyderabad,25.0,68.92406520064893,1007.8,0
2025-03-27 00:00:00,Kolkata,25.6,91.4357072125878,1005.6,0
2025-03-27 00:00:00,Mumbai,25.0,86.5553591977721,1009.2,0
2025-03-27 00:00:00,New_Delhi,20.4,79.82930712381024,1006.0,0
2025-03-27 03:00:00,Chennai,28.2,78.94802076163292,1010.5,0
2025-03-27 03:00:00,Hyderabad,29.0,48.3534241765764,1009.4,0
2025-03-27 03:00:00,Kolkata,30.0,72.866865390855,1007.3,0
2025-03-27 03:00:00,Mumbai,26.4,81.1206589392812,1011.3,0
2025-03-27 03:00:00,New_Delhi,28.0,32.05795178025862,1007.4,0
2025-03-27 06:00:00,Chennai,34.0,50.879846925795135,1009.8,0
2025-03-27 06:00:00,Hyderabad,35.4,27.961553093536555,1007.2,0
2025-03-27 06:00:00,Kolkata,35.2,48.76749423683094,1006.1,0
2025-03-27 06:00:00,Mumbai,30.4,66.66180868247822,1011.5,0
2025-03-27 06:00:00,New_Delhi,34.4,23.021057791269424,1006.9,0
2025-03-27 09:00:00,Chennai,37.4,35.95888767942709,1006.0,0
2025-03-27 09:00:00,Hyderabad,37.8,21.80037124933173,1003.5,0
2025-03-27 09:00:00,Kolkata,36.8,24.73929452746284,1002.7,0
2025-03-27 09:00:00,Mumbai,31.2,62.164195185628046,1009.1,0
2025-03-27 09:00:00,New_Delhi,36.2,21.5459856277023,1004.5,0
2025-03-27 12:00:00,Chennai,34.4,61.02394829813572,1005.0,0
2025-03-27 12:00:00,Hyderabad,35.8,22.17222729438138,1002.6,0
2025-03-27 12:00:00,Kolkata,34.0,36.85574088649532,1001.8,0
2025-03-27 12:00:00,Mumbai,29.4,67.27251207661499,1007.7,0
2025-03-27 12:00:00,New_Delhi,34.4,27.33521470107888,1002.8,0
2025-03-27 15:00:00,Chennai,29.8,76.85229197010862,1007.1,0
2025-03-27 15:00:00,Hyderabad,30.4,35.168481523546795,1005.0,0
2025-03-27 15:00:00,Kolkata,30.0,44.50001175620574,1003.9,0
2025-03-27 15:00:00,Mumbai,27.0,69.73535987777385,1009.2,0
2025-03-27 15:00:00,New_Delhi,27.2,53.70027276375083,1004.3,0
2025-03-27 18:00:00,Chennai,28.6,81.88293095675748,1007.7,0
2025-03-27 18:00:00,Hyderabad,29.2,48.71326748516829,1005.7,0
2025-03-27 18:00:00,Kolkata,28.2,57.08066190917436,1004.1,0
2025-03-27 18:00:00,Mumbai,25.6,79.0650667975322,1009.8,0
2025-03-27 18:00:00,New_Delhi,24.2,64.56624616462973,1005.3,0
2025-03-27 21:00:00,Chennai,28.0,85.80667728802291,1006.9,0
2025-03-27 21:00:00,Hyderabad,28.5,53.35242584525911,1004.5,0
2025-03-27 21:00:00,Kolkata,27.6,59.114546352705645,1003.2,0
2025-03-27 21:00:00,Mumbai,25.7,79.56323178868395,1008.7,0
2025-03-28 00:00:00,Chennai,26.6,87.22543835052973,1007.3,0
2025-03-28 00:00:00,Hyderabad,25.7,67.36237296936908,1006.4,0
2025-03-28 00:00:00,Kolkata,26.6,70.95832333742634,1004.1,0
2025-03-28 00:00:00,Mumbai,23.7,86.96406149787475,1008.8,0
2025-03-28 00:00:00,New_Delhi,22.5,54.96138356928234,1007.6,0
2025-03-28 03:00:00,Chennai,29.0,79.0585121873896,1009.3,0
2025-03-28 03:00:00,Hyderabad,29.8,47.956204800317984,1008.8,0
2025-03-28 03:00:00,Kolkata,32.0,54.55620730373795,1006.2,0
2025-03-28 03:00:00,Mumbai,26.0,80.57864267765963,1010.9,0
2025-03-28 06:00:00,Chennai,34.8,47.49343066312642,1008.7,0
2025-03-28 06:00:00,Hyderabad,36.0,27.76077966696984,1006.7,0
2025-03-28 06:00:00,Kolkata,36.5,31.29293045777764,1005.9,0
2025-03-28 06:00:00,Mumbai,32.0,52.26545370306257,1010.5,0
2025-03-28 06:00:00,New_Delhi,30.6,23.775914742998225,1010.5,0
2025-03-28 09:00:00,Chennai,36.0,55.52354788757412,1005.5,0
2025-03-28 09:00:00,Hyderabad,38.4,24.670862274438228,1002.6,0
2025-03-28 09:00:00,Kolkata,39.4,26.23248224820905,1002.3,0
2025-03-28 09:00:00,Mumbai,32.6,57.42298925056439,1007.2,0
2025-03-28 09:00:00,New_Delhi,31.8,15.792617447715598,1008.4,0
2025-03-28 12:00:00,Chennai,33.4,59.01062869308959,1004.7,0
2025-03-28 12:00:00,Hyderabad,36.6,27.741111017812543,1001.8,0
2025-03-28 12:00:00,Kolkata,36.0,34.47881056042972,1001.6,0
2025-03-28 12:00:00,Mumbai,32.0,55.56458760321053,1005.9,0
2025-03-28 12:00:00,New_Delhi,30.2,16.579095611644558,1007.2,0
2025-03-28 15:00:00,Chennai,30.0,78.26294962837345,1007.5,0
2025-03-28 15:00:00,Hyderabad,33.0,38.24558131362726,1005.3,0
2025-03-28 15:00:00,Kolkata,32.2,46.81069212850426,1004.1,0
2025-03-28 15:00:00,Mumbai,30.2,52.78587755627143,1007.2,0
2025-03-28 15:00:00,New_Delhi,23.8,28.805066997462703,1010.1,0
2025-03-28 18:00:00,Chennai,28.8,84.87449545917907,1007.9,0
2025-03-28 18:00:00,Hyderabad,30.2,48.36480078064783,1006.5,0
2025-03-28 18:00:00,Kolkata,30.2,61.19367991310041,1004.9,0
2025-03-28 18:00:00,Mumbai,26.2,63.38846253625371,1008.1,0
2025-03-28 18:00:00,New_Delhi,21.4,28.133600798024737,1011.1,0
2025-03-28 21:00:00,Chennai,27.6,90.47939854432096,1006.3,0
2025-03-28 21:00:00,Hyderabad,28.5,55.74412733643472,1005.3,0
2025-03-28 21:00:00,Kolkata,29.8,62.23530658956874,1003.7,0
2025-03-28 21:00:00,Mumbai,24.6,59.15689306068407,1006.6,0
2025-03-28 21:00:00,New_Delhi,19.0,30.59967719343667,1010.2,0
2025-03-29 00:00:00,Chennai,27.0,92.06569807815052,1006.8,0
2025-03-29 00:00:00,Hyderabad,27.2,61.2755708956097,1005.5,0
2025-03-29 00:00:00,Kolkata,27.0,81.19652945190819,1005.0,0
2025-03-29 00:00:00,Mumbai,23.2,59.20534118595157,1006.4,0
2025-03-29 00:00:00,New_Delhi,17.2,38.13087212647274,1009.5,0
2025-03-29 03:00:00,Chennai,29.2,76.30480387190515,1009.5,0
2025-03-29 03:00:00,Hyderabad,29.4,55.96339522610917,1007.7,0
2025-03-29 03:00:00,Kolkata,31.2,57.44189089337356,1007.9,0
2025-03-29 03:00:00,Mumbai,25.4,52.90301503946089,1008.6,0
2025-03-29 03:00:00,New_Delhi,19.2,34.11213814277426,1011.3,0
2025-03-29 06:00:00,Chennai,36.4,37.51072942618642,1009.0,0
2025-03-29 06:00:00,Hyderabad,35.6,31.448650559969103,1006.8,0
2025-03-29 06:00:00,Kolkata,36.0,26.01802538173466,1007.5,0
2025-03-29 06:00:00,Mumbai,36.0,27.76077966696984,1008.1,0
2025-03-29 06:00:00,New_Delhi,26.4,18.57207866405237,1011.0,0
2025-03-29 09:00:00,Chennai,38.4,25.15219584538922,1005.7,0
2025-03-29 09:00:00,Hyderabad,38.2,22.924221702947804,1002.6,0
2025-03-29 09:00:00,Kolkata,37.2,23.58116080743896,1004.8,0
2025-03-29 09:00:00,Mumbai,35.2,43.96344994864194,1006.0,0
2025-03-29 09:00:00,New_Delhi,29.0,19.208546184677655,1008.7,0
2025-03-29 12:00:00,Chennai,35.0,27.316482202350663,1005.2,0
2025-03-29 12:00:00,Hyderabad,36.6,27.03527167152197,1002.0,0
2025-03-29 12:00:00,Kolkata,35.0,30.689533252523866,1004.2,0
2025-03-29 12:00:00,Mumbai,32.4,58.42677310946739,1004.8,0
2025-03-29 12:00:00,New_Delhi,28.2,22.829141112552136,1007.3,0
2025-03-29 15:00:00,Chennai,25.8,93.66341932268438,1007.7,0
2025-03-29 15:00:00,Hyderabad,33.4,41.36300195183094,1005.2,0
2025-03-29 15:00:00,Kolkata,31.0,72.1742265807024,1006.6,0
2025-03-29 15:00:00,Mumbai,30.0,64.98787314987105,1007.0,0
2025-03-29 15:00:00,New_Delhi,24.0,30.300541796119845,1009.5,0
2025-03-29 18:00:00,Chennai,28.2,83.31179804309043,1008.9,0
2025-03-29 18:00:00,Hyderabad,31.2,48.32485319316293,1006.7,0
2025-03-29 18:00:00,Kolkata,28.8,86.39309843177878,1007.5,0
2025-03-29 18:00:00,Mumbai,27.6,72.89528290675949,1007.9,0
2025-03-29 18:00:00,New_Delhi,21.0,43.16618438618589,1010.0,0
2025-03-29 21:00:00,Chennai,27.4,87.29619508920601,1007.4,0
2025-03-29 21:00:00,Hyderabad,28.6,55.07601922060314,1005.9,0
2025-03-29 21:00:00,Kolkata,28.2,88.93074165144274,1006.8,0
2025-03-29 21:00:00,Mumbai,28.0,77.50922415182016,1006.5,0
2025-03-29 21:00:00,New_Delhi,20.0,43.178369762212895,1009.0,0
2025-03-30 00:00:00,Chennai,26.6,89.33864171287273,1008.2,0
2025-03-30 00:00:00,Hyderabad,26.4,63.03704464993361,1007.5,0
2025-03-30 00:00:00,Kolkata,27.8,92.11072068322818,1008.7,0
2025-03-30 00:00:00,Mumbai,26.0,85.60993471040011,1006.9,0
2025-03-30 00:00:00,New_Delhi,17.6,52.619216182914606,1009.2,0
2025-03-30 03:00:00,Chennai,28.6,76.21281246926864,1010.7,0
2025-03-30 03:00:00,Hyderabad,29.8,50.4296069090089,1008.7,0
2025-03-30 03:00:00,Kolkata,30.7,70.84306522449279,1011.3,0
2025-03-30 03:00:00,Mumbai,27.6,79.81995065848324,1009.0,0
2025-03-30 03:00:00,New_Delhi,22.2,32.40513559486615,1011.0,0
2025-03-30 06:00:00,Chennai,33.8,51.76501461107679,1010.3,0
2025-03-30 06:00:00,Hyderabad,35.8,27.7076435174709,1007.9,0
2025-03-30 06:00:00,Kolkata,33.8,55.99737982292572,1010.6,0
2025-03-30 06:00:00,Mumbai,34.8,45.50365698828102,1008.9,0
2025-03-30 06:00:00,New_Delhi,28.6,17.419815567288964,1011.9,0
2025-03-30 09:00:00,Chennai,34.8,47.49343066312642,1006.9,0
2025-03-30 09:00:00,Hyderabad,37.4,25.056058208910382,1004.3,0
2025-03-30 09:00:00,Kolkata,36.0,47.51709753362507,1007.5,0
2025-03-30 09:00:00,Mumbai,34.6,57.54622405958298,1006.4,0
2025-03-30 09:00:00,New_Delhi,31.4,16.73753870282832,1009.4,0
2025-03-30 12:00:00,Chennai,30.4,62.74695361986276,1007.1,0
2025-03-30 12:00:00,Hyderabad,36.0,25.514336525414304,1003.6,0
2025-03-30 12:00:00,Kolkata,33.4,56.921652839435055,1006.6,0
2025-03-30 12:00:00,Mumbai,33.2,43.69896640701049,1005.2,0
2025-03-30 12:00:00,New_Delhi,31.4,20.35323302915732,1008.0,0
2025-03-30 15:00:00,Chennai,28.4,71.71785815951927,1009.4,0
2025-03-30 15:00:00,Hyderabad,32.0,30.669278302572017,1007.1,0
2025-03-30 15:00:00,Kolkata,30.6,78.34767637456054,1009.0,0
2025-03-30 15:00:00,Mumbai,31.0,40.44839100350285,1007.4,0
2025-03-30 15:00:00,New_Delhi,22.8,44.25980132916405,1010.1,0
2025-03-30 18:00:00,Chennai,28.0,75.66221487345534,1010.5,0
2025-03-30 18:00:00,Hyderabad,29.0,39.63814122610528,1008.7,0
2025-03-30 18:00:00,Kolkata,28.4,81.85865421535438,1009.2,0
2025-03-30 18:00:00,Mumbai,29.8,72.83270468535767,1009.1,0
2025-03-30 18:00:00,New_Delhi,18.0,61.95539331922447,1011.5,0
2025-03-30 21:00:00,Chennai,26.4,84.11596226208941,1009.0,0
2025-03-30 21:00:00,Hyderabad,27.0,47.51502307284202,1007.5,0
2025-03-30 21:00:00,Kolkata,27.6,85.767643247121,1008.4,0
2025-03-30 21:00:00,Mumbai,28.4,80.40588280898815,1007.8,0
2025-03-30 21:00:00,New_Delhi,15.4,70.67868220689287,1010.7,0
2025-03-31 00:00:00,Chennai,25.6,87.13618000678832,1009.1,0
2025-03-31 00:00:00,Hyderabad,25.0,55.58687336421952,1008.1,0
2025-03-31 00:00:00,Kolkata,27.4,88.86871874139695,1009.6,0
2025-03-31 00:00:00,Mumbai,26.4,77.7445561070048,1007.4,0
2025-03-31 00:00:00,New_Delhi,15.4,64.76683280888665,1010.6,0
2025-03-31 03:00:00,Chennai,28.2,76.15120458899845,1011.2,0
2025-03-31 03:00:00,Hyderabad,29.4,38.98430343088916,1009.7,0
2025-03-31 03:00:00,Kolkata,29.8,78.23460259362332,1011.2,0
2025-03-31 03:00:00,Mumbai,28.4,77.56787120852722,1009.6,0
2025-03-31 03:00:00,New_Delhi,22.0,41.72047144372751,1011.9,0
2025-03-31 06:00:00,Chennai,32.4,56.00051948884619,1011.0,0
2025-03-31 06:00:00,Hyderabad,33.0,30.146730226998415,1009.1,0
2025-03-31 06:00:00,Kolkata,32.6,64.36278271700262,1010.6,0
2025-03-31 06:00:00,Mumbai,32.4,63.9379440059793,1009.3,0
2025-03-31 06:00:00,New_Delhi,30.6,23.775914742998225,1011.4,0
2025-03-31 09:00:00,Chennai,33.6,48.35343825000899,1008.3,0
2025-03-31 09:00:00,Hyderabad,37.0,21.60175114496833,1005.3,0
2025-03-31 09:00:00,Kolkata,34.4,54.15456428793436,1007.3,0
2025-03-31 09:00:00,Mumbai,33.0,65.60442666205464,1006.6,0
2025-03-31 09:00:00,New_Delhi,34.2,17.14620860766476,1008.7,0
2025-03-31 12:00:00,Chennai,30.4,61.98862195426484,1007.2,0
2025-03-31 12:00:00,Hyderabad,34.4,31.72927889151988,1004.1,0
2025-03-31 12:00:00,Kolkata,32.6,57.42298925056439,1006.2,0
2025-03-31 12:00:00,Mumbai,32.0,57.981228496846505,1005.1,0
2025-03-31 12:00:00,New_Delhi,33.2,15.551560740562442,1007.1,0
2025-03-31 15:00:00,Chennai,28.4,71.71785815951927,1009.2,0
2025-03-31 15:00:00,Hyderabad,30.0,38.64825104261309,1007.0,0
2025-03-31 15:00:00,Kolkata,29.4,76.33535606218936,1008.3,0
2025-03-31 15:00:00,Mumbai,29.6,66.09873806993735,1006.9,0
2025-03-31 15:00:00,New_Delhi,26.0,27.649648092873097,1009.4,0
2025-03-31 18:00:00,Chennai,28.0,72.96396353006286,1009.9,0
2025-03-31 18:00:00,Hyderabad,28.4,51.34886048777216,1007.5,0
2025-03-31 18:00:00,Kolkata,28.0,84.79181717750924,1008.4,0
2025-03-31 18:00:00,Mumbai,28.6,83.35683314726084,1007.9,0
2025-03-31 18:00:00,New_Delhi,22.8,46.99653076285457,1009.5,0
2025-03-31 21:00:00,Chennai,26.4,81.1206589392812,1008.3,0
2025-03-31 21:00:00,Hyderabad,26.8,58.19100139585605,1007.1,0
2025-03-31 21:00:00,Kolkata,27.6,85.767643247121,1007.3,0
2025-03-31 21:00:00,Mumbai,27.6,82.7470419948832,1006.5,0
2025-03-31 21:00:00,New_Delhi,18.0,58.33927054435667,1008.5,0
2025-04-01 00:00:00,Chennai,26.0,82.55918218789247,1008.5,0
2025-04-01 00:00:00,Hyderabad,25.6,72.1012975805863,1008.1,0
2025-04-01 00:00:00,Kolkata,26.8,87.24318141227258,1008.3,0
2025-04-01 00:00:00,Mumbai,27.0,84.18092213796281,1006.5,0
2025-04-01 00:00:00,New_Delhi,15.4,68.35085631112041,1008.8,0
2025-04-01 03:00:00,Chennai,28.8,70.92566455258084,1010.6,0
2025-04-01 03:00:00,Hyderabad,26.4,54.183993266159504,1010.0,0
2025-04-01 03:00:00,Kolkata,30.4,74.24982249791255,1010.2,0
2025-04-01 03:00:00,Mumbai,28.6,79.00337009946395,1008.4,0
2025-04-01 03:00:00,New_Delhi,23.0,39.52820128128289,1010.5,0
2025-04-01 06:00:00,Chennai,32.0,55.56458760321053,1009.45,1
2025-04-01 06:00:00,Hyderabad,32.0,37.01095840873887,1008.8,0
2025-04-01 06:00:00,Kolkata,34.5,54.50552812110256,1009.6,0
2025-04-01 06:00:00,Mumbai,33.4,52.2972859735491,1008.4,0
2025-04-01 06:00:00,New_Delhi,31.6,18.906160491241973,1010.6,0
2025-04-01 09:00:00,Chennai,33.5,52.00506525387822,1008.3,0
2025-04-01 09:00:00,Hyderabad,33.6,31.715436176430018,1005.7,0
2025-04-01 09:00:00,Kolkata,35.0,55.948293602131415,1007.1,0
2025-04-01 09:00:00,Mumbai,37.6,33.63256917880905,1005.8,0
2025-04-01 09:00:00,New_Delhi,34.0,15.187644403923406,1008.1,0
2025-04-01 12:00:00,Chennai,30.6,61.656767739717175,1007.3,0
2025-04-01 12:00:00,Hyderabad,32.4,36.64963680315888,1004.7,0
2025-04-01 12:00:00,Kolkata,32.2,55.9524546962478,1006.8,0
2025-04-01 12:00:00,Mumbai,30.2,72.90096632227306,1005.1,0
2025-04-01 12:00:00,New_Delhi,32.6,19.547956136602583,1006.9,0
2025-04-01 15:00:00,Chennai,29.0,69.68555280505707,1009.2,0
2025-04-01 15:00:00,Hyderabad,29.6,44.67534579608187,1007.8,0
2025-04-01 15:00:00,Kolkata,28.8,76.24353220041739,1009.1,0
2025-04-01 15:00:00,Mumbai,29.6,71.07014207384191,1006.3,0
2025-04-01 15:00:00,New_Delhi,24.2,46.14674793000722,1009.1,0
2025-04-01 18:00:00,Chennai,28.4,74.81792523943739,1009.5,0
2025-04-01 18:00:00,Hyderabad,27.6,58.01642284156709,1008.7,0
2025-04-01 18:00:00,Kolkata,27.8,84.2669381064797,1009.4,0
2025-04-01 18:00:00,Mumbai,29.2,76.30480387190515,1008.2,0
2025-04-01 18:00:00,New_Delhi,19.8,57.240597392791,1009.8,0
2025-04-01 21:00:00,Chennai,28.0,77.50922415182016,1007.9,0
2025-04-01 21:00:00,Hyderabad,26.2,62.99320032380773,1008.0,0
2025-04-01 21:00:00,Kolkata,27.2,85.72845277885752,1008.5,0
2025-04-01 21:00:00,Mumbai,28.0,77.50922415182016,1006.4,0
2025-04-01 21:00:00,New_Delhi,18.2,58.38819950727093,1009.0,0
2025-04-02 00:00:00,Chennai,27.0,82.67693820709039,1008.5,0
2025-04-02 00:00:00,Hyderabad,24.0,75.49051796773709,1009.3,0
2025-04-02 00:00:00,Kolkata,26.6,87.22543835052973,1009.3,0
2025-04-02 00:00:00,Mumbai,27.8,85.78717977072007,1005.8,0
2025-04-02 00:00:00,New_Delhi,15.2,78.57491552248868,1009.6,0
2025-04-02 03:00:00,Chennai,29.6,71.07014207384191,1011.1,0
2025-04-02 03:00:00,Hyderabad,26.8,65.11757425555096,1011.1,0
2025-04-02 03:00:00,Kolkata,30.4,70.36635155961307,1011.3,0
2025-04-02 03:00:00,Mumbai,28.8,76.24353220041739,1007.9,0
2025-04-02 03:00:00,New_Delhi,22.0,50.33069779383232,1011.5,0
2025-04-02 06:00:00,Chennai,34.0,52.76574284376031,1010.9,0
2025-04-02 06:00:00,Hyderabad,31.6,43.54057249253012,1009.8,0
2025-04-02 06:00:00,Kolkata,34.4,52.23042332735089,1010.8,0
2025-04-02 06:00:00,Mumbai,36.6,42.226041971973615,1008.8,0
2025-04-02 06:00:00,New_Delhi,33.2,17.883221392093798,1011.1,0
2025-04-02 09:00:00,Chennai,34.0,50.879846925795135,1008.5,0
2025-04-02 09:00:00,Hyderabad,33.6,36.05241858545189,1006.5,0
2025-04-02 09:00:00,Kolkata,35.8,49.217763132575975,1008.5,0
2025-04-02 09:00:00,Mumbai,35.0,51.75303582520855,1006.7,0
2025-04-02 09:00:00,New_Delhi,35.6,20.69259953376285,1008.5,0
2025-04-02 12:00:00,Chennai,31.4,59.989475281496674,1008.2,0
2025-04-02 12:00:00,Hyderabad,31.4,36.37338500183395,1005.9,0
2025-04-02 12:00:00,Kolkata,33.0,51.87931731051191,1008.5,0
2025-04-02 12:00:00,Mumbai,32.0,68.5931528079531,1005.9,0
2025-04-02 12:00:00,New_Delhi,34.8,16.469171906118376,1007.7,0
2025-04-02 15:00:00,Chennai,29.8,71.53436216643706,1010.6,0
2025-04-02 15:00:00,Hyderabad,29.6,49.12689642798932,1008.8,0
2025-04-02 15:00:00,Kolkata,29.4,74.97860136800087,1011.0,0
2025-04-02 15:00:00,Mumbai,29.6,74.118773297339,1009.2,0
2025-04-02 15:00:00,New_Delhi,25.0,48.53416938934112,1010.0,0
2025-04-02 18:00:00,Chennai,29.4,74.97860136800087,1011.3,0
2025-04-02 18:00:00,Hyderabad,28.4,57.12866458002468,1009.9,0
2025-04-02 18:00:00,Kolkata,27.8,78.41909711972701,1011.1,0
2025-04-02 18:00:00,Mumbai,29.2,72.29347307388345,1009.6,0
2025-04-02 18:00:00,New_Delhi,22.6,55.70877664423919,1010.7,0
2025-04-02 21:00:00,Chennai,29.0,80.48371679996085,1010.1,0
2025-04-02 21:00:00,Hyderabad,26.8,67.58193621694379,1009.2,0
2025-04-02 21:00:00,Kolkata,27.2,78.33374294989056,1010.3,0
2025-04-02 21:00:00,Mumbai,29.0,84.89506306062921,1008.6,0
2025-04-02 21:00:00,New_Delhi,18.0,70.7067670476825,1010.4,0
2025-04-03 00:00:00,Chennai,29.0,80.48371679996085,1010.5,0
2025-04-03 00:00:00,Hyderabad,26.2,72.65297888830925,1010.0,0
2025-04-03 00:00:00,Kolkata,26.6,87.22543835052973,1010.8,0
2025-04-03 00:00:00,Mumbai,28.0,77.50922415182016,1009.4,0
2025-04-03 00:00:00,New_Delhi,16.6,73.77464045947974,1010.5,0
2025-04-03 03:00:00,Chennai,25.2,94.76592069291524,1013.2,0
2025-04-03 03:00:00,Hyderabad,27.4,71.97764402340538,1012.1,0
2025-04-03 03:00:00,Kolkata,30.6,74.28243957799879,1013.2,0
2025-04-03 03:00:00,Mumbai,29.4,72.32825969825754,1012.1,0
2025-04-03 03:00:00,New_Delhi,24.6,41.336768101900304,1012.3,0
2025-04-03 06:00:00,Chennai,27.0,87.26088849314073,1013.5,0
2025-04-03 06:00:00,Hyderabad,31.8,54.17441650106471,1011.6,0
2025-04-03 06:00:00,Kolkata,35.0,54.62685359204623,1012.0,0
2025-04-03 06:00:00,Mumbai,34.0,59.50158303199722,1012.0,0
2025-04-03 06:00:00,New_Delhi,36.0,15.200531620102693,1011.3,0
2025-04-03 09:00:00,Chennai,30.4,75.58532357148971,1010.9,0
2025-04-03 09:00:00,Hyderabad,31.8,45.83783997346858,1007.9,0
2025-04-03 09:00:00,Kolkata,35.8,48.33450439193775,1009.5,0
2025-04-03 09:00:00,Mumbai,33.4,66.07497389595794,1010.0,0
2025-04-03 09:00:00,New_Delhi,37.8,17.034838215617974,1008.5,0
2025-04-03 12:00:00,Chennai,29.6,76.82235153000387,1009.1,0
2025-04-03 12:00:00,Hyderabad,22.0,96.39934967716894,1011.6,0
2025-04-03 12:00:00,Kolkata,33.2,62.22651784699078,1008.7,0
2025-04-03 12:00:00,Mumbai,31.4,78.92130681911149,1008.5,0
2025-04-03 12:00:00,New_Delhi,36.4,21.73949343179892,1007.4,0
2025-04-03 15:00:00,Chennai,27.6,87.31379479213656,1012.2,0
2025-04-03 15:00:00,Hyderabad,22.2,94.64989549968918,1014.2,0
2025-04-03 15:00:00,Kolkata,29.2,70.99802751141195,1011.3,0
2025-04-03 15:00:00,Mumbai,30.0,82.53623329490637,1010.7,0
2025-04-03 15:00:00,New_Delhi,25.6,44.15666517992496,1010.6,0
2025-04-03 18:00:00,Chennai,27.6,85.767643247121,1012.8,0
2025-04-03 18:00:00,Hyderabad,22.4,91.236779739715,1013.8,0
2025-04-03 18:00:00,Kolkata,28.0,70.35037364356444,1011.2,0
2025-04-03 18:00:00,Mumbai,29.6,82.00361602371757,1012.8,0
2025-04-03 18:00:00,New_Delhi,23.4,46.540218756159454,1011.3,0
2025-04-03 21:00:00,Chennai,27.0,88.83751596451742,1011.3,0
2025-04-03 21:00:00,Hyderabad,22.6,92.9437416009186,1014.4,0
2025-04-03 21:00:00,Kolkata,27.0,75.50441651181359,1010.3,0
2025-04-03 21:00:00,Mumbai,29.2,84.91559008084812,1011.5,0
2025-04-03 21:00:00,New_Delhi,20.6,62.95797615726987,1011.0,0
2025-04-04 00:00:00,Chennai,26.4,92.03168153578638,1011.3,0
2025-04-04 00:00:00,Hyderabad,22.0,92.91284830656912,1013.6,0
2025-04-04 00:00:00,Kolkata,27.0,84.18092213796281,1010.5,0
2025-04-04 00:00:00,Mumbai,28.8,87.93540259721783,1011.9,0
2025-04-04 00:00:00,New_Delhi,21.0,55.30679548545123,1010.5,0
2025-04-04 03:00:00,Chennai,30.0,71.5698382304094,1013.7,0
2025-04-04 03:00:00,Hyderabad,25.4,78.0747809293731,1013.2,0
2025-04-04 03:00:00,Kolkata,29.6,73.6763676530975,1012.1,0
2025-04-04 03:00:00,Mumbai,29.6,78.20620296447258,1013.8,0
2025-04-04 03:00:00,New_Delhi,25.2,47.33806540677984,1012.0,0
2025-04-04 06:00:00,Chennai,32.4,60.57918429384643,1012.3,0
2025-04-04 06:00:00,Hyderabad,29.8,53.6783681185955,1012.1,0
2025-04-04 06:00:00,Kolkata,34.0,47.57527310954328,1010.9,0
2025-04-04 06:00:00,Mumbai,32.8,65.56377770296238,1013.6,0
2025-04-04 06:00:00,New_Delhi,35.6,19.8746452037292,1011.0,0
2025-04-04 09:00:00,Chennai,33.2,62.22651784699078,1009.4,0
2025-04-04 09:00:00,Hyderabad,32.6,48.69053626792785,1008.7,0
2025-04-04 09:00:00,Kolkata,34.0,56.04514311511978,1007.8,0
2025-04-04 09:00:00,Mumbai,33.6,66.11508991681715,1010.5,0
2025-04-04 09:00:00,New_Delhi,37.6,14.617431668099456,1008.0,0
2025-04-04 12:00:00,Chennai,30.4,70.36635155961307,1008.5,0
2025-04-04 12:00:00,Hyderabad,31.4,46.59863618825752,1007.3,0
2025-04-04 12:00:00,Kolkata,32.6,59.54003872035679,1007.4,0
2025-04-04 12:00:00,Mumbai,32.8,37.46924482044774,1009.8,0
2025-04-04 12:00:00,New_Delhi,35.4,18.152605042806474,1006.5,0
2025-04-04 15:00:00,Chennai,29.0,80.48371679996085,1011.4,0
2025-04-04 15:00:00,Hyderabad,29.0,57.62862072005268,1010.1,0
2025-04-04 15:00:00,Kolkata,30.6,69.14973459026399,1009.3,0
2025-04-04 15:00:00,Mumbai,29.4,54.5893740362844,1010.8,0
2025-04-04 15:00:00,New_Delhi,28.6,37.270395215278505,1008.6,0
2025-04-04 18:00:00,Chennai,28.4,81.85865421535438,1012.1,0
2025-04-04 18:00:00,Hyderabad,26.6,72.72251516973928,1011.7,0
2025-04-04 18:00:00,Kolkata,29.0,69.68555280505707,1009.5,0
2025-04-04 18:00:00,Mumbai,28.6,79.00337009946395,1011.5,0
2025-04-04 18:00:00,New_Delhi,25.2,46.11683152073457,1009.0,0
2025-04-04 21:00:00,Chennai,27.6,85.767643247121,1010.0,0
2025-04-04 21:00:00,Hyderabad,25.8,73.93712658825068,1010.5,0
2025-04-04 21:00:00,Kolkata,28.0,78.44744220055776,1008.7,0
2025-04-04 21:00:00,Mumbai,26.0,77.68587617563927,1010.1,0
2025-04-04 21:00:00,New_Delhi,21.2,55.72319363893078,1008.6,0
2025-04-05 00:00:00,Chennai,27.4,85.74806761675889,1010.4,0
2025-04-05 00:00:00,Hyderabad,24.4,81.86439065070549,1010.3,0
2025-04-05 00:00:00,Kolkata,27.0,87.26088849314073,1008.7,0
2025-04-05 00:00:00,Mumbai,26.0,77.68587617563927,1010.1,0
2025-04-05 00:00:00,New_Delhi,20.0,60.79528448615172,1008.8,0
2025-04-05 03:00:00,Chennai,29.8,74.15162297941144,1012.1,0
2025-04-05 03:00:00,Hyderabad,27.6,66.50269741030709,1012.2,0
2025-04-05 03:00:00,Kolkata,32.0,66.1862478230639,1010.4,0
2025-04-05 03:00:00,Mumbai,27.2,71.06754970374743,1012.1,0
2025-04-05 03:00:00,New_Delhi,24.4,46.5063267929088,1010.6,0
2025-04-05 06:00:00,Chennai,32.2,62.75759984410254,1012.1,0
2025-04-05 06:00:00,Hyderabad,32.8,41.72101114049615,1011.3,0
2025-04-05 06:00:00,Kolkata,36.0,42.58451355254139,1009.2,0
2025-04-05 06:00:00,Mumbai,35.6,32.26012319959513,1011.7,0
2025-04-05 06:00:00,New_Delhi,32.8,26.030575786984052,1009.6,0
2025-04-05 09:00:00,Chennai,32.4,61.68118591242464,1009.1,0
2025-04-05 09:00:00,Hyderabad,34.8,34.80744362533323,1006.7,0
2025-04-05 09:00:00,Kolkata,37.4,27.07187336928704,1006.2,0
2025-04-05 09:00:00,Mumbai,35.0,41.7961255281048,1009.0,0
2025-04-05 09:00:00,New_Delhi,34.8,25.36751209609522,1006.7,0
2025-04-05 12:00:00,Chennai,31.0,65.58856385714532,1007.6,0
2025-04-05 12:00:00,Hyderabad,33.4,38.8428460506641,1005.8,0
2025-04-05 12:00:00,Kolkata,34.6,35.64457641060854,1005.0,0
2025-04-05 12:00:00,Mumbai,33.0,53.160307816284856,1006.9,0
2025-04-05 12:00:00,New_Delhi,34.8,24.544870461351312,1004.9,0
2025-04-05 15:00:00,Chennai,29.0,74.91450415439337,1009.8,0
2025-04-05 15:00:00,Hyderabad,30.8,47.91892153763767,1007.9,0
2025-04-05 15:00:00,Kolkata,30.6,58.00662433733898,1006.8,0
2025-04-05 15:00:00,Mumbai,30.6,67.91613145039247,1008.3,0
2025-04-05 15:00:00,New_Delhi,26.8,45.65607414971515,1006.2,0
2025-04-05 18:00:00,Chennai,27.8,85.78717977072007,1010.3,0
2025-04-05 18:00:00,Hyderabad,28.6,59.71585729495092,1009.1,0
2025-04-05 18:00:00,Kolkata,29.6,76.82235153000387,1007.5,0
2025-04-05 18:00:00,Mumbai,27.6,76.98390463811192,1009.1,0
2025-04-05 18:00:00,New_Delhi,22.0,62.45866938263309,1006.9,0
2025-04-05 21:00:00,Chennai,27.2,88.85313336738866,1008.6,0
2025-04-05 21:00:00,Hyderabad,27.8,62.95154501071838,1008.0,0
2025-04-05 21:00:00,Kolkata,29.0,77.65543578652992,1006.9,0
2025-04-05 21:00:00,Mumbai,28.4,87.90192756472376,1008.2,0
2025-04-05 21:00:00,New_Delhi,20.2,65.8046365225661,1005.8,0
2025-04-06 00:00:00,Chennai,26.4,90.3983661985558,1008.8,0
2025-04-06 00:00:00,Hyderabad,25.8,73.93712658825068,1008.6,0
2025-04-06 00:00:00,Kolkata,27.6,87.31379479213656,1007.9,0
2025-04-06 00:00:00,Mumbai,26.0,88.7589455109383,1008.1,0
2025-04-06 00:00:00,New_Delhi,19.4,68.70265881807667,1006.2,0
2025-04-06 03:00:00,Chennai,30.0,74.18441432342445,1011.0,0
2025-04-06 03:00:00,Hyderabad,27.8,66.95323599407915,1010.3,0
2025-04-06 03:00:00,Kolkata,31.6,69.75114396222972,1009.5,0
2025-04-06 03:00:00,Mumbai,28.0,85.80667728802291,1010.4,0
2025-04-06 03:00:00,New_Delhi,26.0,42.84009175285799,1007.9,0
2025-04-06 06:00:00,Chennai,34.2,55.09142552871042,1009.7,0
2025-04-06 06:00:00,Hyderabad,33.8,43.86006957213443,1008.9,0
2025-04-06 06:00:00,Kolkata,36.0,47.51709753362507,1008.5,0
2025-04-06 06:00:00,Mumbai,33.4,66.07497389595794,1010.8,0
2025-04-06 06:00:00,New_Delhi,34.4,28.241950602567226,1007.3,0
2025-04-06 09:00:00,Chennai,32.8,67.93722542562669,1006.9,0
2025-04-06 09:00:00,Hyderabad,36.4,31.465003128740204,1004.8,0
2025-04-06 09:00:00,Kolkata,37.0,34.75063988732095,1005.5,0
2025-04-06 09:00:00,Mumbai,33.0,66.78088716309055,1007.6,0
2025-04-06 09:00:00,New_Delhi,37.4,21.558446805204667,1004.6,0
2025-04-06 12:00:00,Chennai,31.2,73.50477620307173,1006.7,0
2025-04-06 12:00:00,Hyderabad,35.6,21.25426230685544,1004.0,0
2025-04-06 12:00:00,Kolkata,33.4,60.08005109311657,1005.4,0
2025-04-06 12:00:00,Mumbai,31.8,72.31259150236149,1006.6,0
2025-04-06 12:00:00,New_Delhi,36.6,26.861299999603084,1003.4,0
2025-04-06 15:00:00,Chennai,29.6,75.45996920875774,1009.1,0
2025-04-06 15:00:00,Hyderabad,30.2,46.278798643836375,1007.5,0
2025-04-06 15:00:00,Kolkata,29.0,80.48371679996085,1008.8,0
2025-04-06 15:00:00,Mumbai,29.8,82.51286135002354,1008.1,0
2025-04-06 15:00:00,New_Delhi,28.0,49.33018462848313,1005.5,0
2025-04-06 18:00:00,Chennai,29.0,80.48371679996085,1010.3,0
2025-04-06 18:00:00,Hyderabad,27.6,64.08671358098601,1008.9,0
2025-04-06 18:00:00,Kolkata,28.0,85.80667728802291,1008.3,0
2025-04-06 18:00:00,Mumbai,28.8,86.39309843177878,1009.3,0
2025-04-06 18:00:00,New_Delhi,24.2,64.56624616462973,1006.8,0
2025-04-06 21:00:00,Chennai,28.0,85.80667728802291,1008.9,0
2025-04-06 21:00:00,Hyderabad,26.6,61.90990499404835,1007.7,0
2025-04-06 21:00:00,Kolkata,27.0,92.06569807815052,1007.7,0
2025-04-06 21:00:00,Mumbai,26.4,87.207659213301,1008.2,0
2025-04-06 21:00:00,New_Delhi,22.6,69.33008235227456,1006.3,0
2025-04-07 00:00:00,Chennai,27.8,87.33135888966177,1009.4,0
2025-04-07 00:00:00,Hyderabad,25.2,70.70123925097194,1008.2,0
2025-04-07 00:00:00,Kolkata,26.2,93.68166338882529,1010.9,0
2025-04-07 00:00:00,Mumbai,26.6,93.69982968596882,1008.1,0
2025-04-07 00:00:00,New_Delhi,21.2,80.44432006422227,1007.5,0
2025-04-07 03:00:00,Chennai,30.2,76.91200889831605,1010.7,0
2025-04-07 03:00:00,Hyderabad,29.2,54.20083800068684,1009.8,0
2025-04-07 03:00:00,Kolkata,30.4,70.36635155961307,1012.1,0
2025-04-07 03:00:00,Mumbai,27.6,79.81995065848324,1010.5,0
2025-04-07 03:00:00,New_Delhi,27.4,45.23136161944047,1009.1,0
2025-04-07 06:00:00,Chennai,35.2,51.80309518672777,1009.3,0
2025-04-07 06:00:00,Hyderabad,34.6,37.96272027452613,1008.5,0
2025-04-07 06:00:00,Kolkata,34.2,56.43016906202208,1011.0,0
2025-04-07 06:00:00,Mumbai,33.4,61.166394066179166,1010.3,0
2025-04-07 06:00:00,New_Delhi,37.0,26.45016408617501,1008.7,0
2025-04-07 09:00:00,Chennai,35.0,53.65377696725721,1006.3,0
2025-04-07 09:00:00,Hyderabad,37.2,25.49525951811417,1004.7,0
2025-04-07 09:00:00,Kolkata,34.7,51.67783063169643,1007.9,0
2025-04-07 09:00:00,Mumbai,35.0,55.948293602131415,1006.8,0
2025-04-07 09:00:00,New_Delhi,39.0,23.57855146940932,1005.5,0
2025-04-07 12:00:00,Chennai,31.6,69.75114396222972,1006.6,0
2025-04-07 12:00:00,Hyderabad,35.4,32.0012433427219,1003.8,0
2025-04-07 12:00:00,Kolkata,32.4,58.07462671157151,1008.4,0
2025-04-07 12:00:00,Mumbai,35.0,41.7961255281048,1005.2,0
2025-04-07 12:00:00,New_Delhi,39.0,24.984600421891,1004.4,0
2025-04-07 15:00:00,Chennai,29.8,75.49139258129554,1009.7,0
2025-04-07 15:00:00,Hyderabad,31.0,43.10411576643139,1007.3,0
2025-04-07 15:00:00,Kolkata,29.1,73.15158970021204,1011.9,0
2025-04-07 15:00:00,Mumbai,31.8,54.17441650106471,1007.3,0
2025-04-07 18:00:00,Chennai,29.2,80.5095630310082,1009.4000000000001,1
2025-04-07 18:00:00,Hyderabad,28.0,50.92200554979948,1009.9,0
2025-04-07 18:00:00,Kolkata,28.1,85.30798128019565,1012.5,0
2025-04-07 18:00:00,Mumbai,30.0,57.5102579017241,1009.2,0
2025-04-07 18:00:00,New_Delhi,25.6,62.86125501610535,1008.3,0
2025-04-07 21:00:00,Chennai,28.0,84.79181717750924,1009.1,0
2025-04-07 21:00:00,Hyderabad,27.0,57.51084662663192,1008.6,0
2025-04-07 21:00:00,Kolkata,27.5,89.9378598335319,1011.7,0
2025-04-07 21:00:00,Mumbai,26.8,68.00051812091587,1007.9,0
2025-04-07 21:00:00,New_Delhi,23.6,68.65136550436802,1008.1,0
2025-04-08 00:00:00,Chennai,27.8,85.78717977072007,1010.0,0
2025-04-08 00:00:00,Hyderabad,25.8,56.14103766785647,1009.8,0
2025-04-08 00:00:00,Kolkata,26.6,92.59243562392378,1013.2,0
2025-04-08 00:00:00,Mumbai,25.2,77.56785584692332,1008.5,0
2025-04-08 00:00:00,New_Delhi,23.2,60.7486535053691,1009.4,0
2025-04-08 03:00:00,Chennai,30.6,74.28243957799879,1011.9,0
2025-04-08 03:00:00,Hyderabad,27.4,55.12572226070839,1011.9,0
2025-04-08 03:00:00,Kolkata,30.0,74.18441432342445,1015.2,0
2025-04-08 03:00:00,Mumbai,28.8,74.88236905493878,1010.6,0
2025-04-08 03:00:00,New_Delhi,28.2,47.22867288372724,1011.7,0
2025-04-08 06:00:00,Chennai,34.2,54.105694175209415,1010.9,0
2025-04-08 06:00:00,Hyderabad,32.2,43.15754496006277,1010.8,0
2025-04-08 06:00:00,Kolkata,33.8,46.3683932576894,1014.3,0
2025-04-08 06:00:00,Mumbai,33.4,61.166394066179166,1010.8,0
2025-04-08 06:00:00,New_Delhi,36.8,29.44232873331925,1011.4,0
2025-04-08 09:00:00,Chennai,34.2,59.54690108998311,1008.8,0
2025-04-08 09:00:00,Hyderabad,35.0,35.08323569099895,1007.4,0
2025-04-08 09:00:00,Kolkata,34.4,53.18487560759012,1011.1,0
2025-04-08 09:00:00,Mumbai,34.4,56.47758336128222,1008.3,0
2025-04-08 09:00:00,New_Delhi,40.2,23.578242715460775,1008.1,0
2025-04-08 12:00:00,Chennai,32.0,61.59314569456349,1008.6,0
2025-04-08 12:00:00,Hyderabad,34.4,34.25947780046964,1006.1,0
2025-04-08 12:00:00,Kolkata,31.6,58.95264595485285,1011.0,0
2025-04-08 12:00:00,Mumbai,33.4,51.35032689190111,1006.2,0
2025-04-08 12:00:00,New_Delhi,38.0,32.501122392393675,1006.2,0
2025-04-08 15:00:00,Chennai,29.8,68.58338730413207,1011.1,0
2025-04-08 15:00:00,Hyderabad,31.4,42.40083442903001,1008.5,0
2025-04-08 15:00:00,Kolkata,29.2,70.99802751141195,1013.6,0
2025-04-08 15:00:00,Mumbai,31.4,59.989475281496674,1008.2,0
2025-04-08 15:00:00,New_Delhi,31.2,52.710735539122425,1007.9,0
2025-04-08 18:00:00,Chennai,29.6,72.36298568854065,1011.7,0
2025-04-08 18:00:00,Kolkata,28.2,77.5385748300523,1013.1,0
2025-04-08 18:00:00,Mumbai,30.4,63.89968880381284,1009.7,0
2025-04-08 18:00:00,New_Delhi,29.0,62.82580292280707,1008.9,0
2025-04-08 21:00:00,Chennai,28.4,78.97572139747378,1009.2,0
2025-04-08 21:00:00,Hyderabad,27.6,65.28490529550307,1008.3,0
2025-04-08 21:00:00,Kolkata,27.4,79.79314536748959,1011.5,0
2025-04-08 21:00:00,Mumbai,27.8,79.84670514036797,1008.2,0
2025-04-08 21:00:00,New_Delhi,27.8,62.17688027991124,1007.8,0
2025-04-09 00:00:00,Chennai,28.0,81.80996009312997,1008.9,0
2025-04-09 00:00:00,Hyderabad,24.6,60.2985071406063,1009.9,0
2025-04-09 00:00:00,Kolkata,26.0,85.60993471040011,1011.7,0
2025-04-09 00:00:00,Mumbai,28.6,77.59711341151534,1009.6,0
2025-04-09 00:00:00,New_Delhi,25.4,72.96297423706713,1008.8,0
2025-04-09 03:00:00,Chennai,30.4,70.36635155961307,1010.7,0
2025-04-09 03:00:00,Hyderabad,28.2,52.27884179837241,1010.0,0
2025-04-09 03:00:00,Kolkata,30.4,62.74695361986276,1013.5,0
2025-04-09 03:00:00,Mumbai,29.8,78.23460259362332,1011.0,0
2025-04-09 03:00:00,New_Delhi,29.4,50.9622753196638,1009.7,0
2025-04-09 06:00:00,Chennai,34.4,54.15456428793436,1010.4,0
2025-04-09 06:00:00,Hyderabad,33.6,33.39178221005169,1009.3,0
2025-04-09 06:00:00,Kolkata,34.0,51.81527988036216,1012.5,0
2025-04-09 06:00:00,Mumbai,33.2,68.41626758283552,1010.2,0
2025-04-09 06:00:00,New_Delhi,37.2,35.904653948451546,1008.3,0
2025-04-09 09:00:00,Chennai,34.4,49.15636027363035,1007.7,0
2025-04-09 09:00:00,Hyderabad,36.0,32.7814069388172,1005.4,0
2025-04-09 09:00:00,Kolkata,35.1,40.29687986596621,1008.8,0
2025-04-09 09:00:00,Mumbai,33.4,70.9081702429426,1007.3,0
2025-04-09 09:00:00,New_Delhi,40.0,30.674828547160963,1004.4,0
2025-04-09 12:00:00,Chennai,31.6,62.25158297844957,1007.0,0
2025-04-09 12:00:00,Hyderabad,34.4,35.36498660662708,1004.1,0
2025-04-09 12:00:00,Kolkata,32.2,50.11093393474899,1007.9,0
2025-04-09 12:00:00,Mumbai,32.0,73.63761837389029,1005.5,0
2025-04-09 12:00:00,New_Delhi,38.0,41.07815749378226,1001.7,0
2025-04-09 15:00:00,Chennai,29.2,74.94658155009306,1008.7,0
2025-04-09 15:00:00,Hyderabad,30.4,49.95678938165823,1006.0,0
2025-04-09 15:00:00,Kolkata,29.4,65.65748852781738,1009.9,0
2025-04-09 15:00:00,Mumbai,30.0,81.08968974474207,1006.8,0
2025-04-09 15:00:00,New_Delhi,32.4,52.68765751422521,1003.6,0
2025-04-09 18:00:00,Chennai,28.2,80.37983931978188,1009.3,0
2025-04-09 18:00:00,Hyderabad,29.4,53.24504541596325,1007.4,0
2025-04-09 18:00:00,Kolkata,27.4,74.20346731676847,1008.9,0
2025-04-09 18:00:00,Mumbai,29.6,83.46865512129703,1008.3,0
2025-04-09 18:00:00,New_Delhi,30.2,51.80975429231799,1004.5,0
2025-04-09 21:00:00,Chennai,27.0,84.18092213796281,1007.0,0
2025-04-09 21:00:00,Hyderabad,28.2,58.15857836497427,1006.5,0
2025-04-09 21:00:00,Kolkata,26.8,76.86342849595185,1007.6,0
2025-04-09 21:00:00,Mumbai,28.6,83.35683314726084,1006.7,0
2025-04-09 21:00:00,New_Delhi,28.4,58.56882075141338,1004.6,0
2025-04-10 00:00:00,Chennai,27.0,88.83751596451742,1007.3,0
2025-04-10 00:00:00,Hyderabad,25.2,78.04573617296006,1007.6,0
2025-04-10 00:00:00,Kolkata,26.4,81.1206589392812,1007.4,0
2025-04-10 00:00:00,Mumbai,29.0,84.89506306062921,1007.5,0
2025-04-10 00:00:00,New_Delhi,26.8,61.18521534996033,1003.8,0
2025-04-10 03:00:00,Chennai,30.0,72.866865390855,1009.3,0
2025-04-10 03:00:00,Hyderabad,28.8,65.13443465552596,1007.3,0
2025-04-10 03:00:00,Kolkata,30.1,71.58755331607388,1009.1,0
2025-04-10 03:00:00,Mumbai,30.2,79.69205742002245,1009.8,0
2025-04-10 03:00:00,New_Delhi,29.8,55.02841769124526,1003.6,0
2025-04-10 06:00:00,Chennai,34.8,49.55903704428391,1007.7,0
2025-04-10 06:00:00,Hyderabad,34.8,33.082260847898056,1005.6,0
2025-04-10 06:00:00,Kolkata,34.0,54.05676031075814,1007.8,0
2025-04-10 06:00:00,Mumbai,33.2,64.48770817549526,1008.9,0
2025-04-10 06:00:00,New_Delhi,36.6,31.71925344879024,1003.3,0
2025-04-10 09:00:00,Chennai,36.6,58.009334396515534,1004.1,0
2025-04-10 09:00:00,Hyderabad,37.2,28.4405857176929,1006.4,0
2025-04-10 09:00:00,Kolkata,33.4,53.58367919813461,1004.4,0
2025-04-10 09:00:00,Mumbai,32.4,70.31283604150148,1006.3,0
2025-04-10 09:00:00,New_Delhi,39.0,25.797166624372338,1000.1,0
2025-04-10 12:00:00,Chennai,32.6,64.36278271700262,1003.1,0
2025-04-10 12:00:00,Hyderabad,28.8,40.36094617843937,1003.8,0
2025-04-10 12:00:00,Kolkata,28.2,77.5385748300523,1003.1,0
2025-04-10 12:00:00,Mumbai,31.4,70.96895584191402,1004.7,0
2025-04-10 12:00:00,New_Delhi,38.2,30.194774756742188,997.2,0
2025-04-10 15:00:00,Chennai,31.0,73.47141965449843,1005.4,0
2025-04-10 15:00:00,Hyderabad,28.2,38.65026095295583,1004.7,0
2025-04-10 15:00:00,Kolkata,27.8,72.92965355193031,1006.2,0
2025-04-10 15:00:00,Mumbai,29.6,75.45996920875774,1005.8,0
2025-04-10 15:00:00,New_Delhi,30.0,42.28779086879617,1002.0,0
2025-04-10 18:00:00,Chennai,30.6,82.60607945629376,1006.4,0
2025-04-10 18:00:00,Hyderabad,26.6,51.86850699632642,1005.6,0
2025-04-10 18:00:00,Kolkata,21.2,88.92223841871977,1009.2,0
2025-04-10 18:00:00,Mumbai,28.8,79.03096698905824,1007.5,0
2025-04-10 18:00:00,New_Delhi,28.0,53.22632223446673,1000.8,0
2025-04-10 21:00:00,Chennai,30.4,82.58284223811447,1004.9,0
2025-04-10 21:00:00,Hyderabad,25.5,57.8807899005222,1005.5,0
2025-04-10 21:00:00,Kolkata,21.6,94.6262323612536,1004.2,0
2025-04-10 21:00:00,Mumbai,28.4,78.97572139747378,1006.8,0
2025-04-10 21:00:00,New_Delhi,25.4,65.63974012452589,1001.7,0
2025-04-11 00:00:00,Chennai,29.4,76.33535606218936,1005.4,0
2025-04-11 00:00:00,Hyderabad,24.8,74.68849815889978,1005.8,0
2025-04-11 00:00:00,Kolkata,21.4,85.67552411246282,1004.4,0
2025-04-11 00:00:00,Mumbai,27.0,87.26088849314073,1006.5,0
2025-04-11 00:00:00,New_Delhi,24.0,70.47837778915957,1002.2,0
2025-04-11 03:00:00,Chennai,29.2,73.60956501820533,1007.6,0
2025-04-11 03:00:00,Hyderabad,27.2,57.55876022674434,1006.7,0
2025-04-11 03:00:00,Kolkata,25.6,74.36025581723416,1007.3,0
2025-04-11 03:00:00,Mumbai,29.0,80.48371679996085,1008.1,0
2025-04-11 03:00:00,New_Delhi,25.6,68.61205443506742,1003.9,0
2025-04-11 06:00:00,Chennai,34.2,48.80620230029397,1007.2,0
2025-04-11 06:00:00,Hyderabad,32.4,46.28468477422319,1005.9,0
2025-04-11 06:00:00,Kolkata,30.8,61.70099247044744,1006.1,0
2025-04-11 06:00:00,Mumbai,34.0,59.50158303199722,1008.0,0
2025-04-11 06:00:00,New_Delhi,31.6,44.09229390843783,1003.5,0
2025-04-11 09:00:00,Chennai,34.2,58.49166556113909,1005.4,0
2025-04-11 09:00:00,Hyderabad,36.0,35.13495594592394,1002.1,0
2025-04-11 09:00:00,Kolkata,33.2,56.53234399526844,1003.3,0
2025-04-11 09:00:00,Mumbai,33.8,60.52964398250845,1006.0,0
2025-04-11 09:00:00,New_Delhi,35.0,40.7730224591144,1000.8,0
2025-04-11 12:00:00,Chennai,31.8,69.78813164326573,1004.0,0
2025-04-11 12:00:00,Hyderabad,35.8,29.174487190820365,1000.9,0
2025-04-11 12:00:00,Kolkata,31.2,59.58083797061803,1003.3,0
2025-04-11 12:00:00,Mumbai,31.4,69.71409411644107,1005.3,0
2025-04-11 12:00:00,New_Delhi,33.0,61.07786865205016,998.0,0
2025-04-11 15:00:00,Chennai,30.6,78.34767637456054,1007.0,0
2025-04-11 15:00:00,Hyderabad,29.6,50.377857978380256,1003.8,0
2025-04-11 15:00:00,Kolkata,30.0,69.03626644470846,1005.2,0
2025-04-11 15:00:00,Mumbai,29.4,76.33535606218936,1007.3,0
2025-04-11 15:00:00,New_Delhi,22.2,72.40123365463968,1009.3,0
2025-04-11 18:00:00,Chennai,30.4,78.31948639832048,1007.3,0
2025-04-11 18:00:00,Hyderabad,28.4,51.34886048777216,1005.3,0
2025-04-11 18:00:00,Kolkata,27.0,83.67695517522091,1005.8,1
2025-04-11 18:00:00,Mumbai,29.0,76.27419595958764,1008.2,0
2025-04-11 18:00:00,New_Delhi,21.8,75.61066811578078,1004.0,0
2025-04-11 21:00:00,Chennai,28.8,77.62630156297041,1006.2,0
2025-04-11 21:00:00,Hyderabad,28.0,50.92200554979948,1005.2,0
2025-04-11 21:00:00,Kolkata,26.8,85.68910507577876,1006.4,0
2025-04-11 21:00:00,Mumbai,28.4,77.56787120852722,1007.2,0
2025-04-11 21:00:00,New_Delhi,21.6,78.49717461310503,1004.6,0
2025-04-12 00:00:00,Chennai,27.6,72.89528290675949,1006.5,0
2025-04-12 00:00:00,Hyderabad,27.4,54.0915461444333,1006.0,0
2025-04-12 00:00:00,Kolkata,26.2,90.92709016838808,1005.5,0
2025-04-12 00:00:00,Mumbai,27.0,82.67693820709039,1007.8,0
2025-04-12 00:00:00,New_Delhi,20.0,81.3101072483957,1005.2,0
2025-04-12 03:00:00,Chennai,29.2,63.25549180025208,1008.4,0
2025-04-12 03:00:00,Hyderabad,28.8,55.12527410197304,1008.3,0
2025-04-12 03:00:00,Kolkata,31.0,73.47141965449843,1007.6,0
2025-04-12 03:00:00,Mumbai,29.4,73.6429959001216,1009.8,0
2025-04-12 03:00:00,New_Delhi,24.0,78.3540921272656,1007.8,0
2025-04-12 06:00:00,Chennai,35.0,44.72667147816544,1007.7,0
2025-04-12 06:00:00,Hyderabad,34.4,32.55377835955569,1006.7,0
2025-04-12 06:00:00,Kolkata,34.0,59.50158303199722,1006.9,0
2025-04-12 06:00:00,Mumbai,33.0,58.56563201949948,1009.9,0
2025-04-12 06:00:00,New_Delhi,30.4,42.940755780776726,1007.4,0
2025-04-12 09:00:00,Chennai,38.8,47.107247743404976,1004.4,0
2025-04-12 09:00:00,Hyderabad,37.4,21.98877350725192,1003.6,0
2025-04-12 09:00:00,Kolkata,34.6,53.55559032656666,1005.3,0
2025-04-12 09:00:00,Mumbai,32.8,63.26317222090716,1008.4,0
2025-04-12 09:00:00,New_Delhi,34.0,37.7986152362036,1004.9,0
2025-04-12 12:00:00,Chennai,33.2,57.91132175434653,1004.8,0
2025-04-12 12:00:00,Hyderabad,36.2,18.34058136019216,1002.7,0
2025-04-12 12:00:00,Kolkata,33.0,52.19700204876771,1004.1,0
2025-04-12 12:00:00,Mumbai,32.0,66.1862478230639,1007.8,0
2025-04-12 12:00:00,New_Delhi,33.2,40.79331842939581,1003.9,0
2025-04-12 15:00:00,Chennai,31.2,66.82152314124305,1007.1,0
2025-04-12 15:00:00,Hyderabad,29.2,32.60757748877105,1005.4,0
2025-04-12 15:00:00,Kolkata,30.0,75.5227593496699,1008.3,0
2025-04-12 15:00:00,Mumbai,29.6,75.45996920875774,1009.2,0
2025-04-12 15:00:00,New_Delhi,28.0,55.62172468270759,1006.1,0
2025-04-12 18:00:00,Chennai,30.6,78.34767637456054,1008.4,0
2025-04-12 18:00:00,Hyderabad,26.4,43.23273979593402,1007.3,0
2025-04-12 18:00:00,Kolkata,28.0,58.11126126861089,1007.2,0
2025-04-12 18:00:00,Mumbai,28.8,76.24353220041739,1010.3,0
2025-04-12 18:00:00,New_Delhi,25.8,49.38256381356927,1007.0,0
2025-04-12 21:00:00,Chennai,30.0,82.53623329490637,1007.3,0
2025-04-12 21:00:00,Hyderabad,25.8,52.32972267192697,1006.4,0
2025-04-12 21:00:00,Kolkata,26.4,59.578657328843455,1006.0,0
2025-04-12 21:00:00,Mumbai,28.0,77.50922415182016,1009.2,0
2025-04-12 21:00:00,New_Delhi,23.0,60.70242277903299,1006.7,0
2025-04-13 00:00:00,Chennai,29.4,80.53536024141098,1006.8,0
2025-04-13 00:00:00,Hyderabad,25.4,53.24405446028007,1006.6,0
2025-04-13 00:00:00,Kolkata,25.2,66.84248971294873,1008.2,0
2025-04-13 00:00:00,Mumbai,26.0,85.60993471040011,1009.4,0
2025-04-13 00:00:00,New_Delhi,22.0,65.75997484481925,1007.1,0
2025-04-13 03:00:00,Chennai,30.8,74.31499881924898,1009.5,0
2025-04-13 03:00:00,Hyderabad,28.4,42.11951680264468,1010.4,0
2025-04-13 03:00:00,Kolkata,29.0,52.81250691100612,1009.9,0
2025-04-13 03:00:00,Mumbai,28.4,78.97572139747378,1011.9,0
2025-04-13 03:00:00,New_Delhi,27.8,48.03519294854642,1008.4,0
2025-04-13 06:00:00,Chennai,36.0,52.31450796094774,1009.5,0
2025-04-13 06:00:00,Hyderabad,34.0,27.95142296371297,1009.3,0
2025-04-13 06:00:00,Kolkata,33.6,44.07919835272044,1010.3,0
2025-04-13 06:00:00,Mumbai,32.2,62.75759984410254,1011.8,0
2025-04-13 06:00:00,New_Delhi,34.8,37.77973372953484,1008.9,0
2025-04-13 09:00:00,Chennai,35.4,50.9259925271208,1006.4,0
2025-04-13 09:00:00,Hyderabad,36.4,26.808619702160907,1005.2,0
2025-04-13 09:00:00,Kolkata,35.2,38.12643666764187,1007.5,0
2025-04-13 09:00:00,Mumbai,32.4,70.31283604150148,1006.3,0
2025-04-13 09:00:00,New_Delhi,35.8,29.174487190820365,1006.1,0
2025-04-13 12:00:00,Chennai,32.2,72.80896276194781,1005.7,0
2025-04-13 12:00:00,Hyderabad,36.4,21.59573238459412,1003.4,0
2025-04-13 12:00:00,Kolkata,34.0,40.7555733388534,1006.5,0
2025-04-13 12:00:00,Mumbai,31.6,71.00478678077775,1008.1,0
2025-04-13 12:00:00,New_Delhi,34.2,39.80263123545171,1004.6,0
2025-04-13 15:00:00,Chennai,30.2,84.02682856635852,1008.3,0
2025-04-13 15:00:00,Hyderabad,30.8,38.62074136751776,1007.1,0
2025-04-13 15:00:00,Kolkata,30.2,66.22048006651374,1008.6,0
2025-04-13 15:00:00,Mumbai,29.0,80.48371679996085,1010.0,0
2025-04-13 15:00:00,New_Delhi,28.2,57.08066190917436,1006.4,0
2025-04-13 18:00:00,Chennai,30.4,79.71870652103674,1009.4,0
2025-04-13 18:00:00,Hyderabad,29.0,43.946155053240304,1008.2,0
2025-04-13 18:00:00,Kolkata,28.6,67.52405842467928,1009.0,0
2025-04-13 18:00:00,Mumbai,28.6,83.35683314726084,1010.0,0
2025-04-13 18:00:00,New_Delhi,25.0,68.06816085251297,1007.5,0
2025-04-13 21:00:00,Chennai,29.0,86.41175942849821,1007.9,0
2025-04-13 21:00:00,Hyderabad,27.6,52.79005868609021,1006.9,0
2025-04-13 21:00:00,Kolkata,27.5,79.3273455189966,1008.5,0
2025-04-13 21:00:00,Mumbai,26.8,88.82186644716782,1008.5,0
2025-04-13 21:00:00,New_Delhi,23.4,74.9242703691049,1006.8,0
2025-04-14 00:00:00,Chennai,28.2,92.13309053912468,1008.5,0
2025-04-14 00:00:00,Hyderabad,26.8,53.25972640302064,1008.1,0
2025-04-14 00:00:00,Kolkata,26.9,85.69895678665716,1008.8,0
2025-04-14 00:00:00,Mumbai,26.2,90.38476214988124,1008.6,0
2025-04-14 00:00:00,New_Delhi,22.2,80.57705408572946,1007.4,0
2025-04-14 03:00:00,Chennai,31.6,74.88472135092377,1010.7,0
2025-04-14 03:00:00,Hyderabad,29.0,43.946155053240304,1009.7,0
2025-04-14 03:00:00,Kolkata,31.0,67.99377352527183,1011.0,0
2025-04-14 03:00:00,Mumbai,28.0,75.66221487345534,1010.9,0
2025-04-14 03:00:00,New_Delhi,26.8,59.67162131243744,1009.5,0
2025-04-14 06:00:00,Chennai,35.0,59.02423742118093,1009.4,0
2025-04-14 06:00:00,Hyderabad,34.4,38.871852097828096,1007.9,0
2025-04-14 06:00:00,Kolkata,34.2,50.01039226884028,1010.2,0
2025-04-14 06:00:00,Mumbai,36.0,37.16964323456104,1010.3,0
2025-04-14 06:00:00,New_Delhi,34.2,39.80263123545171,1008.4,0
2025-04-14 09:00:00,Chennai,35.0,56.95764470575925,1006.6,0
2025-04-14 09:00:00,Hyderabad,37.0,25.94243284848407,1003.8,0
2025-04-14 09:00:00,Kolkata,34.4,44.02068870730294,1007.3,0
2025-04-14 09:00:00,Mumbai,36.6,45.97749152844388,1007.5,0
2025-04-14 09:00:00,New_Delhi,36.8,31.974658842450037,1006.4,0
2025-04-14 12:00:00,Chennai,32.0,66.1862478230639,1006.1,0
2025-04-14 12:00:00,Hyderabad,34.4,29.175058206768867,1003.5,0
2025-04-14 12:00:00,Kolkata,33.4,45.97775128380732,1005.7,0
2025-04-14 12:00:00,Mumbai,35.6,30.655174972735665,1006.3,0
2025-04-14 12:00:00,New_Delhi,35.6,34.15354409695408,1005.1,0
2025-04-14 15:00:00,Chennai,30.0,71.5698382304094,1008.5,0
2025-04-14 15:00:00,Hyderabad,29.8,35.46278496531403,1006.3,0
2025-04-14 15:00:00,Kolkata,30.8,56.99686339899115,1008.9,0
2025-04-14 15:00:00,Mumbai,30.6,67.91613145039247,1007.8,0
2025-04-14 15:00:00,New_Delhi,30.6,46.385645157686106,1007.0,0
2025-04-14 18:00:00,Chennai,29.6,76.82235153000387,1009.9,0
2025-04-14 18:00:00,Hyderabad,26.6,45.898403812751,1007.7,0
2025-04-14 18:00:00,Kolkata,23.8,73.5987618697542,1011.7,0
2025-04-14 18:00:00,Mumbai,29.0,80.48371679996085,1009.2,0
2025-04-14 18:00:00,New_Delhi,26.7,62.710398857438776,1007.7,0
2025-04-14 21:00:00,Chennai,28.8,81.90716097068722,1008.6,0
2025-04-14 21:00:00,Hyderabad,25.8,57.58626205974758,1007.4,0
2025-04-14 21:00:00,Kolkata,24.2,75.05484782499553,1009.2,0
2025-04-14 21:00:00,Mumbai,27.8,82.77031896665545,1007.9,0
2025-04-14 21:00:00,New_Delhi,26.2,60.66674488054539,1007.1,0
2025-04-15 00:00:00,Chennai,28.0,84.79181717750924,1008.5,0
2025-04-15 00:00:00,Hyderabad,25.6,57.173530456297016,1007.8,0
2025-04-15 00:00:00,Kolkata,24.8,74.2273526631688,1009.9,0
2025-04-15 00:00:00,Mumbai,26.2,90.38476214988124,1008.1,0
2025-04-15 00:00:00,New_Delhi,24.6,66.30194413180494,1008.1,0
2025-04-15 03:00:00,Chennai,30.6,74.28243957799879,1010.5,0
2025-04-15 03:00:00,Hyderabad,29.2,48.71326748516829,1009.3,0
2025-04-15 03:00:00,Kolkata,27.2,68.49913989698025,1012.9,0
2025-04-15 03:00:00,Mumbai,29.6,74.118773297339,1009.7,0
2025-04-15 03:00:00,New_Delhi,28.6,52.38077030558968,1010.0,0
2025-04-15 06:00:00,Chennai,34.6,52.28033074523809,1009.5,0
2025-04-15 06:00:00,Hyderabad,35.4,37.23854235763857,1007.6,0
2025-04-15 06:00:00,Kolkata,31.5,54.76831857149927,1011.4,0
2025-04-15 06:00:00,Mumbai,35.2,51.80309518672777,1009.6,0
2025-04-15 06:00:00,New_Delhi,35.8,35.972362202956724,1009.0,0
2025-04-15 09:00:00,Chennai,34.6,62.1607155268384,1006.8,0
2025-04-15 09:00:00,Hyderabad,34.6,32.81742176023508,1004.3,0
2025-04-15 09:00:00,Kolkata,33.4,49.19896559376817,1008.1,0
2025-04-15 09:00:00,Mumbai,36.2,38.39843004146409,1007.3,0
2025-04-15 09:00:00,New_Delhi,37.4,30.17138580025373,1006.5,0
2025-04-15 12:00:00,Chennai,31.6,73.57131384659597,1006.3,0
2025-04-15 12:00:00,Hyderabad,32.2,38.26880011810744,1003.7,0
2025-04-15 12:00:00,Kolkata,32.2,49.19123426488576,1006.9,0
2025-04-15 12:00:00,Mumbai,32.8,56.43711760467723,1006.0,0
2025-04-15 12:00:00,New_Delhi,36.2,34.750765230103056,1004.9,0
2025-04-15 15:00:00,Chennai,30.2,71.60525312499601,1009.1,0
2025-04-15 15:00:00,Hyderabad,29.0,43.946155053240304,1006.1,0
2025-04-15 15:00:00,Kolkata,30.4,62.74695361986276,1008.9,0
2025-04-15 15:00:00,Mumbai,29.4,74.97860136800087,1007.6,0
2025-04-15 15:00:00,New_Delhi,30.2,55.12649636528158,1006.2,0
2025-04-15 18:00:00,Chennai,29.6,79.6118092261478,1010.3,0
2025-04-15 18:00:00,Hyderabad,28.4,45.50266645634338,1006.8,0
2025-04-15 18:00:00,Kolkata,28.8,72.2237174181299,1010.1,0
2025-04-15 18:00:00,Mumbai,28.8,76.24353220041739,1008.6,0
2025-04-15 18:00:00,New_Delhi,27.4,62.864093985522686,1007.2,0
2025-04-15 21:00:00,Chennai,29.0,83.40169277956687,1008.4,0
2025-04-15 21:00:00,Hyderabad,25.8,81.04434812185663,1008.3,0
2025-04-15 21:00:00,Kolkata,28.0,77.50922415182016,1008.9,0
2025-04-15 21:00:00,Mumbai,27.4,78.36224761821416,1007.4,0
2025-04-15 21:00:00,New_Delhi,25.2,72.03021897074997,1006.5,0
2025-04-16 00:00:00,Chennai,29.0,79.0585121873896,1008.5,0
2025-04-16 00:00:00,Hyderabad,24.6,73.2781992066413,1009.1,0
2025-04-16 00:00:00,Kolkata,27.2,82.70035172790627,1009.3,0
2025-04-16 00:00:00,Mumbai,25.8,85.59004257177266,1007.6,0
2025-04-16 00:00:00,New_Delhi,24.2,73.66692388726497,1007.0,0
2025-04-16 03:00:00,Chennai,30.6,75.61652127297627,1010.7,0
2025-04-16 03:00:00,Hyderabad,28.0,61.83725955078121,1009.5,0
2025-04-16 03:00:00,Kolkata,30.2,75.55406963834521,1011.0,0
2025-04-16 03:00:00,Mumbai,29.0,73.57607488115697,1009.1,0
2025-04-16 03:00:00,New_Delhi,29.2,49.64461630711475,1008.4,0
2025-04-16 06:00:00,Chennai,24.5,95.8868298976468,1012.2,0
2025-04-16 06:00:00,Hyderabad,33.6,45.465552681174856,1007.8,0
2025-04-16 06:00:00,Kolkata,33.8,53.68225023084101,1008.95,1
2025-04-16 06:00:00,Mumbai,33.2,63.34828851792842,1009.1,0
2025-04-16 06:00:00,New_Delhi,35.8,33.354730599537746,1007.6,0
2025-04-16 09:00:00,Chennai,27.0,90.43900875787912,1007.7,0
2025-04-16 09:00:00,Hyderabad,36.4,37.27842485196985,1004.5,0
2025-04-16 09:00:00,Kolkata,28.4,67.8977377259484,1006.9,0
2025-04-16 09:00:00,Mumbai,32.8,64.40448947276589,1007.9,0
2025-04-16 09:00:00,New_Delhi,38.2,31.159285531465866,1004.5,0
2025-04-16 12:00:00,Chennai,28.8,81.90716097068722,1007.0,0
2025-04-16 12:00:00,Hyderabad,34.8,39.22513217863886,1003.3,0
2025-04-16 12:00:00,Kolkata,31.2,61.04527320720593,1006.2,0
2025-04-16 12:00:00,Mumbai,31.6,68.51690400466761,1006.9,0
2025-04-16 12:00:00,New_Delhi,37.2,34.15933416663978,1002.5,0
2025-04-16 15:00:00,Chennai,28.0,88.91528354225218,1009.0,0
2025-04-16 15:00:00,Hyderabad,31.0,45.91183326611469,1006.0,0
2025-04-16 15:00:00,Kolkata,29.4,73.6429959001216,1008.7,0
2025-04-16 15:00:00,Mumbai,29.0,81.9313443709877,1008.2,0
2025-04-16 15:00:00,New_Delhi,31.5,50.24097144484442,1004.0,0
2025-04-16 18:00:00,Chennai,27.8,88.89979374390309,1009.9,0
2025-04-16 18:00:00,Hyderabad,29.8,52.68499081489726,1006.7,0
2025-04-16 18:00:00,Kolkata,28.8,80.45782143103412,1009.2,0
2025-04-16 18:00:00,Mumbai,28.4,83.33433758376981,1009.4,0
2025-04-16 18:00:00,New_Delhi,30.0,49.23154765101147,1004.9,0
2025-04-16 21:00:00,Chennai,27.2,90.45250000428204,1008.1,0
2025-04-16 21:00:00,Hyderabad,27.8,61.792693437680576,1006.9,0
2025-04-16 21:00:00,Kolkata,27.6,85.767643247121,1007.7,0
2025-04-16 21:00:00,Mumbai,27.8,81.29701074620921,1008.1,0
2025-04-16 21:00:00,New_Delhi,27.8,55.57264582369571,1003.8,0
2025-04-17 00:00:00,Chennai,27.0,92.06569807815052,1008.8,0
2025-04-17 00:00:00,Hyderabad,25.8,72.13674292629761,1008.2,0
2025-04-17 00:00:00,Kolkata,27.2,90.45250000428204,1007.6,0
2025-04-17 00:00:00,Mumbai,26.2,87.18984390567529,1007.9,0
2025-04-17 00:00:00,New_Delhi,27.2,56.128403601107394,1006.3,0
2025-04-17 03:00:00,Chennai,29.6,82.00361602371757,1010.3,0
2025-04-17 03:00:00,Hyderabad,28.8,60.13232984013959,1009.0,0
2025-04-17 03:00:00,Kolkata,30.6,75.61652127297627,1009.6,0
2025-04-17 03:00:00,Mumbai,28.6,77.59711341151534,1009.7,0
2025-04-17 03:00:00,New_Delhi,29.2,47.19509821714919,1005.9,0
2025-04-17 06:00:00,Chennai,34.0,61.66375454243735,1009.4,0
2025-04-17 06:00:00,Hyderabad,32.8,47.848622814316805,1008.1,0
2025-04-17 06:00:00,Kolkata,35.0,55.948293602131415,1007.9,0
2025-04-17 06:00:00,Mumbai,32.4,65.48228630790443,1009.3,0
2025-04-17 06:00:00,New_Delhi,36.8,32.79139048773444,1004.8,0
2025-04-17 09:00:00,Chennai,33.8,62.727505384680136,1006.2,0
2025-04-17 09:00:00,Hyderabad,35.4,41.64615844084455,1004.1,0
2025-04-17 09:00:00,Kolkata,34.8,51.3917601011513,1004.2,0
2025-04-17 09:00:00,Mumbai,32.0,65.01074996458017,1007.5,0
2025-04-17 09:00:00,New_Delhi,39.6,28.000573030926077,1001.6,0
2025-04-17 12:00:00,Chennai,31.2,70.93306375697343,1005.5,0
2025-04-17 12:00:00,Hyderabad,34.8,40.97258514783202,1002.1,0
2025-04-17 12:00:00,Kolkata,27.4,62.864093985522686,1004.1,0
2025-04-17 12:00:00,Mumbai,31.0,69.22506422320274,1005.9,0
2025-04-17 12:00:00,New_Delhi,38.8,31.71365248393076,999.3,0
2025-04-17 15:00:00,Chennai,29.8,76.85229197010862,1007.0,0
2025-04-17 15:00:00,Hyderabad,30.4,43.21479799263632,1004.8,0
2025-04-17 15:00:00,Kolkata,23.2,89.62675163391533,1007.8,0
2025-04-17 15:00:00,Mumbai,29.0,80.48371679996085,1007.2,0
2025-04-17 15:00:00,New_Delhi,31.8,54.17441650106471,1000.8,0
2025-04-17 18:00:00,Chennai,29.4,80.53536024141098,1008.1,0
2025-04-17 18:00:00,Hyderabad,29.8,50.4296069090089,1005.8,0
2025-04-17 18:00:00,Kolkata,23.8,86.44226467052783,1007.0,0
2025-04-17 18:00:00,Mumbai,28.6,80.43187680667027,1008.4,0
2025-04-17 18:00:00,New_Delhi,29.2,58.034152283639216,1002.2,0
2025-04-17 21:00:00,Chennai,28.4,86.35566419509173,1006.9,0
2025-04-17 21:00:00,Hyderabad,28.4,56.06903573472428,1004.9,0
2025-04-17 21:00:00,Kolkata,24.0,84.88741479671322,1006.1,0
2025-04-17 21:00:00,Mumbai,27.4,84.22401507730588,1007.1,0
2025-04-17 21:00:00,New_Delhi,28.0,63.385341541150645,1001.8,0
2025-04-18 00:00:00,Chennai,27.8,88.89979374390309,1007.5,0
2025-04-18 00:00:00,Hyderabad,27.2,70.63370855789137,1005.8,0
2025-04-18 00:00:00,Kolkata,23.2,92.97443596255128,1007.3,0
2025-04-18 00:00:00,Mumbai,26.4,87.207659213301,1006.9,0
2025-04-18 00:00:00,New_Delhi,26.4,67.92169298232594,1002.9,0
2025-04-18 03:00:00,Chennai,30.6,74.28243957799879,1009.6,0
2025-04-18 03:00:00,Hyderabad,29.2,69.30240807153618,1008.1,0
2025-04-18 03:00:00,Kolkata,28.2,77.5385748300523,1008.3,0
2025-04-18 03:00:00,Mumbai,28.8,77.62630156297041,1008.9,0
2025-04-18 03:00:00,New_Delhi,29.0,56.56535492258467,1004.2,0
2025-04-18 06:00:00,Chennai,34.6,69.48622469453805,1008.7,0
2025-04-18 06:00:00,Hyderabad,34.2,49.10484250169348,1006.4,0
2025-04-18 06:00:00,Kolkata,30.7,67.12427744757353,1008.9,0
2025-04-18 06:00:00,Mumbai,32.2,65.05199403084112,1009.1,0
2025-04-18 06:00:00,New_Delhi,35.6,42.21680392673285,1003.3,0
2025-04-18 09:00:00,Chennai,34.6,64.39740048201318,1005.8,0
2025-04-18 09:00:00,Hyderabad,37.6,29.656204649264065,1002.3,0
2025-04-18 09:00:00,Kolkata,29.2,69.72295309892432,1007.5,0
2025-04-18 09:00:00,Mumbai,32.6,63.22051607138405,1006.7,0
2025-04-18 09:00:00,New_Delhi,39.8,32.78216640912338,1000.1,0
2025-04-18 12:00:00,Chennai,32.2,71.53290094917851,1004.6,0
2025-04-18 12:00:00,Hyderabad,33.2,34.812067231790884,1002.1,0
2025-04-18 12:00:00,Kolkata,26.2,71.76431122414668,1004.7,0
2025-04-18 12:00:00,Mumbai,31.4,68.47868492425357,1005.3,0
2025-04-18 12:00:00,New_Delhi,39.0,35.07520089076709,997.8,0
2025-04-18 15:00:00,Chennai,30.4,81.13972960661955,1004.7,0
2025-04-18 15:00:00,Hyderabad,23.4,94.69675973556868,1007.1,0
2025-04-18 15:00:00,Kolkata,25.8,79.09289790144875,1006.4,0
2025-04-18 15:00:00,Mumbai,29.4,77.71354294293734,1006.7,0
2025-04-18 15:00:00,New_Delhi,33.0,55.468825283877344,1000.8,0
2025-04-18 18:00:00,Chennai,30.0,83.5130798716472,1007.9,0
2025-04-18 18:00:00,Hyderabad,25.2,87.10022146859102,1007.1,0
2025-04-18 18:00:00,Kolkata,24.2,89.70035155341864,1007.2,0
2025-04-18 18:00:00,Mumbai,28.6,81.88293095675748,1007.8,0
2025-04-18 18:00:00,New_Delhi,28.0,63.385341541150645,1003.5,0
2025-04-18 21:00:00,Chennai,29.0,89.51636332080271,1006.6,0
2025-04-18 21:00:00,Hyderabad,25.4,79.52227117093726,1006.1,0
2025-04-18 21:00:00,Kolkata,23.6,92.9947891827328,1005.1,0
2025-04-18 21:00:00,Mumbai,28.4,80.40588280898815,1006.9,0
2025-04-18 21:00:00,New_Delhi,26.4,65.03350399798012,1002.1,0
2025-04-19 00:00:00,Chennai,29.0,85.90358327490499,1007.5,0
2025-04-19 00:00:00,Hyderabad,25.2,80.96759377108864,1006.7,0
2025-04-19 00:00:00,Kolkata,23.4,94.69675973556868,1006.2,0
2025-04-19 00:00:00,Mumbai,28.0,80.3537462205201,1007.6,0
2025-04-19 00:00:00,New_Delhi,26.0,64.54478501053977,1002.3,0
2025-04-19 03:00:00,Chennai,30.4,78.31948639832048,1008.7,0
2025-04-19 03:00:00,Hyderabad,27.6,73.33997411889106,1008.9,0
2025-04-19 03:00:00,Kolkata,27.0,85.7087986323302,1008.4,0
2025-04-19 03:00:00,Mumbai,29.8,76.85229197010862,1009.5,0
2025-04-19 03:00:00,New_Delhi,29.8,59.624049885095886,1005.1,0
2025-04-19 06:00:00,Chennai,34.2,62.81318702880705,1007.9,0
2025-04-19 06:00:00,Hyderabad,33.6,47.47064953081122,1006.8,0
2025-04-19 06:00:00,Kolkata,31.8,68.55505992605102,1007.4,0
2025-04-19 06:00:00,Mumbai,32.4,63.9379440059793,1009.4,0
2025-04-19 06:00:00,New_Delhi,34.8,48.36926414281864,1004.4,0
2025-04-19 09:00:00,Chennai,35.6,63.85354265585009,1004.2,0
2025-04-19 09:00:00,Hyderabad,36.2,41.60522879555488,1002.9,0
2025-04-19 09:00:00,Kolkata,33.4,59.01062869308959,1004.2,0
2025-04-19 09:00:00,Mumbai,32.6,64.36278271700262,1007.2,0
2025-04-19 09:00:00,New_Delhi,38.8,31.71365248393076,1000.4,0
2025-04-19 12:00:00,Chennai,32.2,72.80896276194781,1003.7,0
2025-04-19 12:00:00,Hyderabad,32.4,50.4720828467304,1003.1,0
2025-04-19 12:00:00,Kolkata,31.8,61.54902645234908,1003.5,0
2025-04-19 12:00:00,Mumbai,31.8,64.96944081021161,1005.9,0
2025-04-19 12:00:00,New_Delhi,36.0,42.58451355254139,999.3,0
2025-04-19 15:00:00,Chennai,30.6,82.60607945629376,1006.5,0
2025-04-19 15:00:00,Hyderabad,30.6,55.56557299066436,1004.8,0
2025-04-19 15:00:00,Kolkata,30.0,76.88217771852533,1005.4,0
2025-04-19 15:00:00,Mumbai,29.4,74.97860136800087,1007.3,0
2025-04-19 15:00:00,New_Delhi,31.8,53.1868368284505,1001.2,0
2025-04-19 18:00:00,Chennai,30.4,82.58284223811447,1007.4,0
2025-04-19 18:00:00,Hyderabad,29.2,64.03403591828733,1005.2,0
2025-04-19 18:00:00,Kolkata,28.6,84.8538871735531,1005.7,0
2025-04-19 18:00:00,Mumbai,29.0,76.27419595958764,1008.1,0
2025-04-19 18:00:00,New_Delhi,29.6,57.06157172075657,1002.4,0
2025-04-19 21:00:00,Chennai,30.0,84.99729439748566,1006.1,0
2025-04-19 21:00:00,Hyderabad,27.8,68.19643184527753,1004.3,0
2025-04-19 21:00:00,Kolkata,28.2,88.93074165144274,1004.5,0
2025-04-19 21:00:00,Mumbai,27.0,85.7087986323302,1006.7,0
2025-04-19 21:00:00,New_Delhi,28.0,63.385341541150645,1002.1,0
2025-04-20 00:00:00,Chennai,29.2,84.91559008084812,1006.1,0
2025-04-20 00:00:00,Hyderabad,27.2,78.80873430111363,1004.7,0
2025-04-20 00:00:00,Kolkata,28.8,90.55942797559786,1005.6,0
2025-04-20 00:00:00,Mumbai,26.0,90.37112970835472,1006.8,0
2025-04-20 00:00:00,New_Delhi,26.6,70.95832333742634,1002.4,0
2025-04-20 03:00:00,Chennai,31.2,76.157651318818,1008.7,0
2025-04-20 03:00:00,Hyderabad,31.0,59.17352784031437,1006.8,0
2025-04-20 03:00:00,Kolkata,31.4,77.54420157006253,1007.6,0
2025-04-20 03:00:00,Mumbai,28.8,74.88236905493878,1008.8,0
2025-04-20 03:00:00,New_Delhi,29.0,62.82580292280707,1004.2,0
2025-04-20 06:00:00,Chennai,35.6,53.16143044853384,1008.2,0
2025-04-20 06:00:00,Hyderabad,35.0,45.00180555000711,1006.2,0
2025-04-20 06:00:00,Kolkata,35.0,62.2470562760692,1006.9,0
2025-04-20 06:00:00,Mumbai,33.4,57.95790307855285,1009.4,0
2025-04-20 06:00:00,New_Delhi,36.8,39.76737580820146,1003.6,0
2025-04-20 09:00:00,Chennai,36.4,49.66824386732687,1005.1,0
2025-04-20 09:00:00,Hyderabad,38.4,32.81270322329177,1002.7,0
2025-04-20 09:00:00,Kolkata,35.4,57.05144460973204,1003.9,0
2025-04-20 09:00:00,Mumbai,32.6,63.22051607138405,1007.9,0
2025-04-20 09:00:00,New_Delhi,37.0,34.75063988732095,1001.4,0
2025-04-20 12:00:00,Chennai,33.2,70.45783465512956,1004.3,0
2025-04-20 12:00:00,Hyderabad,33.4,45.41238877320061,1003.3,0
2025-04-20 12:00:00,Kolkata,33.8,67.33350659401705,1003.7,0
2025-04-20 12:00:00,Mumbai,31.6,66.9009929053849,1007.1,0
2025-04-20 12:00:00,New_Delhi,37.8,38.12347027279238,999.9,0
2025-04-20 15:00:00,Chennai,30.8,81.1895795616241,1007.2,0
2025-04-20 15:00:00,Hyderabad,30.2,51.80975429231799,1006.2,0
2025-04-20 15:00:00,Kolkata,31.0,79.79835457938422,1006.3,0
2025-04-20 15:00:00,Mumbai,29.6,72.36298568854065,1008.3,0
2025-04-20 15:00:00,New_Delhi,33.2,50.05985802509319,1002.2,0
2025-04-20 18:00:00,Chennai,30.2,84.02682856635852,1009.1,0
2025-04-20 18:00:00,Hyderabad,29.0,60.17802618273944,1008.0,0
2025-04-20 18:00:00,Kolkata,30.2,86.52294575570109,1005.9,0
2025-04-20 18:00:00,Mumbai,28.6,80.43187680667027,1009.4,0
2025-04-20 18:00:00,New_Delhi,30.4,63.89968880381284,1004.0,0
2025-04-20 21:00:00,Chennai,29.8,84.97692867892383,1007.9,0
2025-04-20 21:00:00,Hyderabad,27.8,64.12941567504818,1007.6,0
2025-04-20 21:00:00,Kolkata,29.8,88.01849942848882,1005.8,0
2025-04-20 21:00:00,Mumbai,27.8,85.78717977072007,1008.4,0
2025-04-20 21:00:00,New_Delhi,28.8,72.2237174181299,1004.1,0
2025-04-21 00:00:00,Chennai,29.2,90.58588438387352,1007.9,0
2025-04-21 00:00:00,Hyderabad,27.0,77.36165189255982,1008.2,0
2025-04-21 00:00:00,Kolkata,27.6,79.81995065848324,1007.1,0
2025-04-21 00:00:00,Mumbai,26.6,88.80618472944694,1008.1,0
2025-04-21 00:00:00,New_Delhi,27.2,74.17038364277866,1004.3,0
2025-04-21 03:00:00,Chennai,31.0,78.40390010984709,1010.6,0
2025-04-21 03:00:00,Hyderabad,30.0,59.66996262593302,1009.6,0
2025-04-21 03:00:00,Kolkata,31.0,74.7889561009917,1008.7,0
2025-04-21 03:00:00,Mumbai,29.0,77.65543578652992,1010.4,0
2025-04-21 03:00:00,New_Delhi,30.2,58.98867435336403,1006.2,0
2025-04-21 06:00:00,Chennai,34.6,57.54622405958298,1011.2,0
2025-04-21 06:00:00,Hyderabad,35.4,40.62901999396109,1008.5,0
2025-04-21 06:00:00,Kolkata,34.4,66.66465260488106,1008.0,0
2025-04-21 06:00:00,Mumbai,33.0,62.18308645409979,1011.2,0
2025-04-21 06:00:00,New_Delhi,37.4,18.62295724982144,1006.2,0
2025-04-21 09:00:00,Chennai,35.2,54.02524542945505,1007.7,0
2025-04-21 09:00:00,Hyderabad,38.0,32.29845987259446,1004.5,0
2025-04-21 09:00:00,Kolkata,34.8,63.31273208033373,1005.5,0
2025-04-21 09:00:00,Mumbai,32.4,66.6618617053601,1009.6,0
2025-04-21 09:00:00,New_Delhi,40.4,15.113929141953584,1004.3,0
2025-04-21 12:00:00,Chennai,33.0,64.44613125580591,1007.1,0
2025-04-21 12:00:00,Hyderabad,34.8,40.97258514783202,1005.4,0
2025-04-21 12:00:00,Kolkata,32.4,72.8428529693439,1006.2,0
2025-04-21 12:00:00,Mumbai,31.6,67.30181208332723,1008.9,0
2025-04-21 12:00:00,New_Delhi,39.2,14.857450038180408,1003.6,0
2025-04-21 15:00:00,Chennai,30.0,81.08968974474207,1009.8,0
2025-04-21 15:00:00,Hyderabad,32.0,51.30980970284382,1008.1,0
2025-04-21 15:00:00,Kolkata,30.4,82.58284223811447,1007.8,0
2025-04-21 15:00:00,Mumbai,29.4,79.11344799319119,1010.6,0
2025-04-21 15:00:00,New_Delhi,29.6,30.211855074977827,1006.4,0
2025-04-21 18:00:00,Chennai,30.0,84.00528111799692,1009.4,1
2025-04-21 18:00:00,Hyderabad,29.8,60.73115651479413,1009.4,0
2025-04-21 18:00:00,Kolkata,30.0,82.53623329490637,1007.6,0
2025-04-21 18:00:00,Mumbai,28.8,81.90716097068722,1010.1,0
2025-04-21 18:00:00,New_Delhi,26.4,36.65329060599471,1007.7,0
2025-04-21 21:00:00,Chennai,29.0,84.89506306062921,1009.0,0
2025-04-21 21:00:00,Hyderabad,28.6,63.5148338477734,1007.6,0
2025-04-21 21:00:00,Kolkata,29.6,83.46865512129703,1007.5,0
2025-04-21 21:00:00,Mumbai,27.4,85.74806761675889,1009.4,0
2025-04-21 21:00:00,New_Delhi,22.4,51.10736991039426,1006.8,0
2025-04-22 00:00:00,Chennai,27.6,90.47939854432096,1009.6,0
2025-04-22 00:00:00,Kolkata,29.2,84.91559008084812,1007.4,0
2025-04-22 00:00:00,Mumbai,25.6,90.3437793367858,1009.1,0
2025-04-22 00:00:00,New_Delhi,21.8,38.65431573961301,1007.1,0
2025-04-22 03:00:00,Chennai,30.6,75.61652127297627,1012.4,0
2025-04-22 03:00:00,Hyderabad,31.2,54.02628630041925,1010.3,0
2025-04-22 03:00:00,Kolkata,31.6,77.57315316138988,1009.1,0
2025-04-22 03:00:00,Mumbai,28.6,65.09275319702243,1011.2,0
2025-04-22 03:00:00,New_Delhi,29.0,26.24717503874793,1008.5,0
2025-04-22 06:00:00,Chennai,34.0,56.04514311511978,1011.8,0
2025-04-22 06:00:00,Hyderabad,36.2,37.9248363286197,1008.9,0
2025-04-22 06:00:00,Kolkata,36.0,62.82773211022938,1007.7,0
2025-04-22 06:00:00,Mumbai,34.8,50.4681130797898,1010.9,0
2025-04-22 06:00:00,New_Delhi,37.8,17.034838215617974,1008.0,0
2025-04-22 09:00:00,Chennai,35.0,56.95764470575925,1008.1,0
2025-04-22 09:00:00,Hyderabad,39.0,29.65499937595699,1005.3,0
2025-04-22 09:00:00,Kolkata,37.0,59.47636032563509,1005.7,0
2025-04-22 09:00:00,Mumbai,33.8,66.15514213531858,1008.9,0
2025-04-22 09:00:00,New_Delhi,39.6,13.394835504989356,1006.3,0
2025-04-22 12:00:00,Chennai,32.4,60.57918429384643,1007.6,0
2025-04-22 12:00:00,Hyderabad,36.6,35.74172434256208,1004.9,0
2025-04-22 12:00:00,Kolkata,33.2,71.70815945941659,1005.3,0
2025-04-22 12:00:00,Mumbai,33.0,63.3057630010676,1007.5,0
2025-04-22 12:00:00,New_Delhi,38.4,13.709868239939826,1004.5,0
2025-04-22 15:00:00,Chennai,30.2,75.10610737068166,1009.8,0
2025-04-22 15:00:00,Hyderabad,32.4,51.41140557397461,1008.2,0
2025-04-22 15:00:00,Kolkata,30.6,82.60607945629376,1006.7,0
2025-04-22 15:00:00,Mumbai,31.4,64.49787905022467,1008.7,0
2025-04-22 15:00:00,New_Delhi,30.0,28.745414262989726,1006.2,0
2025-04-22 18:00:00,Chennai,29.6,81.03945906223336,1010.8,0
2025-04-22 18:00:00,Hyderabad,32.0,53.2366666229233,1008.1,0
2025-04-22 18:00:00,Kolkata,30.4,84.04833399732397,1006.0,0
2025-04-22 18:00:00,Mumbai,30.0,79.66535824918688,1010.1,0
2025-04-22 18:00:00,New_Delhi,24.6,46.86737390966147,1007.2,0
2025-04-22 21:00:00,Chennai,28.8,86.39309843177878,1009.4,0
2025-04-22 21:00:00,Hyderabad,29.8,59.624049885095886,1007.0,0
2025-04-22 21:00:00,Kolkata,30.2,84.02682856635852,1004.5,0
2025-04-22 21:00:00,Mumbai,28.8,83.37928484286573,1008.8,0
2025-04-22 21:00:00,New_Delhi,22.2,44.98967489901452,1005.7,0
2025-04-23 00:00:00,Chennai,28.0,87.34888747491027,1008.8,0
2025-04-23 00:00:00,Hyderabad,28.2,69.53531636044694,1007.8,0
2025-04-23 00:00:00,Kolkata,30.0,83.5130798716472,1005.3,0
2025-04-23 00:00:00,Mumbai,27.0,85.7087986323302,1007.8,0
2025-04-23 00:00:00,New_Delhi,20.6,50.29198184383752,1005.8,0
2025-04-23 03:00:00,Chennai,31.0,72.1742265807024,1010.7,0
2025-04-23 03:00:00,Hyderabad,32.0,51.30980970284382,1009.2,0
2025-04-23 03:00:00,Kolkata,33.0,72.94417143512577,1006.7,0
2025-04-23 03:00:00,Mumbai,29.4,84.9360766224706,1010.4,0
2025-04-23 03:00:00,New_Delhi,28.2,26.93794324176731,1006.8,0
2025-04-23 06:00:00,Chennai,35.2,47.887740242840856,1009.9,0
2025-04-23 06:00:00,Hyderabad,36.6,36.64343315838347,1007.5,0
2025-04-23 06:00:00,Kolkata,37.6,54.60603761012383,1005.8,0
2025-04-23 06:00:00,Mumbai,33.2,67.21631066718778,1009.9,0
2025-04-23 06:00:00,New_Delhi,37.0,16.62515404910194,1005.8,0
2025-04-23 09:00:00,Chennai,35.4,51.85309266039345,1006.3,0
2025-04-23 09:00:00,Hyderabad,38.8,29.41610548326664,1003.4,0
2025-04-23 09:00:00,Kolkata,39.4,34.753581971405104,1002.3,0
2025-04-23 09:00:00,Mumbai,33.0,65.60442666205464,1007.3,0
2025-04-23 09:00:00,New_Delhi,39.4,13.82133498163495,1002.6,0
2025-04-23 12:00:00,Chennai,33.1,60.73559796466132,1005.4,0
2025-04-23 12:00:00,Hyderabad,38.0,28.652994851071,1002.0,0
2025-04-23 12:00:00,Kolkata,36.2,58.94885638848755,1001.6,0
2025-04-23 12:00:00,Mumbai,32.6,66.70160074556692,1005.6,0
2025-04-23 12:00:00,New_Delhi,38.0,15.21569271449628,1001.3,0
2025-04-23 15:00:00,Chennai,30.6,75.61652127297627,1007.6,0
2025-04-23 15:00:00,Hyderabad,34.2,34.86428527198036,1004.5,0
2025-04-23 15:00:00,Kolkata,30.8,81.1895795616241,1003.7,0
2025-04-23 15:00:00,Mumbai,30.4,78.31948639832048,1006.8,0
2025-04-23 15:00:00,New_Delhi,29.4,33.983847686134666,1002.7,0
2025-04-23 18:00:00,Chennai,29.8,79.63860889063328,1008.5,0
2025-04-23 18:00:00,Hyderabad,32.2,44.25395027155304,1005.4,0
2025-04-23 18:00:00,Kolkata,30.6,79.74530566981048,1003.3,0
2025-04-23 18:00:00,Mumbai,29.6,81.03945906223336,1008.2,0
2025-04-23 18:00:00,New_Delhi,24.2,48.95659267969773,1003.3,0
2025-04-23 21:00:00,Chennai,28.8,86.39309843177878,1007.1,0
2025-04-23 21:00:00,Hyderabad,30.2,53.11481851499087,1004.5,0
2025-04-23 21:00:00,Kolkata,30.4,78.31948639832048,1002.7,0
2025-04-23 21:00:00,Mumbai,27.6,79.81995065848324,1007.2,0
2025-04-23 21:00:00,New_Delhi,22.4,59.78486476769296,1002.2,0
2025-04-24 00:00:00,Chennai,29.0,84.89506306062921,1007.6,0
2025-04-24 00:00:00,Hyderabad,29.0,55.51934107513355,1005.7,0
2025-04-24 00:00:00,Kolkata,30.2,81.1147334710309,1004.3,0
2025-04-24 00:00:00,Mumbai,26.2,85.62978692730046,1006.9,0
2025-04-24 00:00:00,New_Delhi,21.2,49.45259241649359,1002.0,0
2025-04-24 03:00:00,Chennai,31.4,72.24352874821913,1009.5,0
2025-04-24 03:00:00,Hyderabad,31.8,48.78382679727445,1008.0,0
2025-04-24 03:00:00,Kolkata,32.8,74.20237605491754,1006.3,0
2025-04-24 03:00:00,Mumbai,29.6,79.6118092261478,1009.2,0
2025-04-24 03:00:00,New_Delhi,28.6,24.40585094149811,1003.7,0
2025-04-24 06:00:00,Chennai,36.5,51.509081559279046,1008.5,0
2025-04-24 06:00:00,Hyderabad,36.6,36.64343315838347,1006.4,0
2025-04-24 06:00:00,Kolkata,35.6,59.51052447634323,1006.3,0
2025-04-24 06:00:00,Mumbai,33.4,63.76827162149033,1009.2,0
2025-04-24 06:00:00,New_Delhi,37.6,14.617431668099456,1003.5,0
2025-04-24 09:00:00,Chennai,36.8,50.97294305997948,1005.4,0
2025-04-24 09:00:00,Hyderabad,38.6,28.44991904388325,1003.2,0
2025-04-24 09:00:00,Kolkata,36.8,58.05529218032499,1003.1,0
2025-04-24 09:00:00,Mumbai,33.2,63.34828851792842,1006.6,0
2025-04-24 09:00:00,New_Delhi,40.2,12.97162689917149,1001.1,0
2025-04-24 12:00:00,Chennai,33.0,66.78088716309055,1004.8,0
2025-04-24 12:00:00,Hyderabad,37.4,31.734874438119547,1001.6,0
2025-04-24 12:00:00,Kolkata,34.4,69.0453935523037,1002.6,0
2025-04-24 12:00:00,Mumbai,32.2,63.89578539017188,1005.6,0
2025-04-24 12:00:00,New_Delhi,39.4,14.499537619503553,999.6,0
2025-04-24 15:00:00,Chennai,30.6,79.74530566981048,1006.9,0
2025-04-24 15:00:00,Hyderabad,33.6,40.646775257089054,1004.8,0
2025-04-24 15:00:00,Kolkata,31.2,82.67552340966292,1004.9,0
2025-04-24 15:00:00,Mumbai,29.8,71.53436216643706,1007.0,0
2025-04-24 15:00:00,New_Delhi,31.2,33.379105166835565,1001.7,0
2025-04-24 18:00:00,Chennai,30.0,82.53623329490637,1008.3,0
2025-04-24 18:00:00,Hyderabad,31.6,45.49854256025797,1005.8,0
2025-04-24 18:00:00,Kolkata,30.4,85.53649748682237,1004.8,0
2025-04-24 18:00:00,Mumbai,28.8,80.45782143103412,1008.3,0
2025-04-24 18:00:00,New_Delhi,25.4,57.125066941783295,1002.9,0
2025-04-24 21:00:00,Chennai,30.0,84.00528111799692,1007.8499999999999,1
2025-04-24 21:00:00,Hyderabad,31.0,48.272370927012055,1004.8,0
2025-04-24 21:00:00,Kolkata,29.6,88.00194722290112,1003.8,0
2025-04-24 21:00:00,Mumbai,28.4,78.97572139747378,1006.8,0
2025-04-24 21:00:00,New_Delhi,24.2,61.760459816300205,1002.4,0
2025-04-25 00:00:00,Chennai,29.0,87.95208930052544,1007.4,0
2025-04-25 00:00:00,Hyderabad,28.8,61.25572764126239,1005.9,0
2025-04-25 00:00:00,Kolkata,29.2,89.53097661456914,1004.9,0
2025-04-25 00:00:00,Mumbai,26.8,85.68910507577876,1007.0,0
2025-04-25 00:00:00,New_Delhi,23.6,49.44120636361245,1002.6,0
2025-04-25 03:00:00,Chennai,31.4,74.85285642920122,1009.8,0
2025-04-25 03:00:00,Hyderabad,32.4,50.4720828467304,1008.0,0
2025-04-25 03:00:00,Kolkata,32.6,75.48318952612465,1007.0,0
2025-04-25 03:00:00,Mumbai,29.4,73.6429959001216,1009.4,0
2025-04-25 03:00:00,New_Delhi,30.0,23.78156233489987,1004.3,0
2025-04-25 06:00:00,Chennai,35.0,54.95462646615871,1008.9,0
2025-04-25 06:00:00,Hyderabad,36.6,29.38880417382878,1006.7,0
2025-04-25 06:00:00,Kolkata,36.0,67.36747715222042,1006.8,0
2025-04-25 06:00:00,Mumbai,32.8,53.11061120012084,1010.1,0
2025-04-25 06:00:00,New_Delhi,38.2,17.593208837608703,1004.5,0
2025-04-25 09:00:00,Chennai,36.4,50.87246310030946,1005.4,0
2025-04-25 09:00:00,Hyderabad,38.8,27.26604709427872,1003.5,0
2025-04-25 09:00:00,Kolkata,36.8,64.47495867258432,1003.8,0
2025-04-25 09:00:00,Mumbai,33.6,47.17954352157042,1007.1,0
2025-04-25 09:00:00,New_Delhi,40.4,14.512765120138209,1001.9,0
2025-04-25 12:00:00,Chennai,33.0,67.97575322043862,1005.0,0
2025-04-25 12:00:00,Hyderabad,36.8,32.79139048773444,1002.3,0
2025-04-25 12:00:00,Kolkata,33.8,68.53017385519429,1003.2,0
2025-04-25 12:00:00,Mumbai,32.8,46.39069479422688,1006.1,0
2025-04-25 12:00:00,New_Delhi,39.6,20.04378955656311,1000.6,0
2025-04-25 15:00:00,Chennai,30.4,81.13972960661955,1008.0,0
2025-04-25 15:00:00,Hyderabad,30.2,43.16031285814627,1007.2,0
2025-04-25 15:00:00,Kolkata,30.6,82.60607945629376,1005.0,0
2025-04-25 15:00:00,Mumbai,30.0,57.5102579017241,1007.7,0
2025-04-25 15:00:00,New_Delhi,29.6,45.24761159831436,1002.5,0
2025-04-25 18:00:00,Chennai,30.0,83.5130798716472,1009.0,0
2025-04-25 18:00:00,Hyderabad,30.2,46.278798643836375,1007.0,0
2025-04-25 18:00:00,Kolkata,29.2,89.53097661456914,1004.7,0
2025-04-25 18:00:00,Mumbai,28.6,74.85017612547131,1008.4,0
2025-04-25 18:00:00,New_Delhi,25.6,53.29501411484861,1003.4,0
2025-04-25 21:00:00,Chennai,29.2,86.43038313933076,1006.6,0
2025-04-25 21:00:00,Hyderabad,28.8,50.48794788775513,1005.3,0
2025-04-25 21:00:00,Kolkata,28.8,90.55942797559786,1003.7,0
2025-04-25 21:00:00,Mumbai,28.6,76.21281246926864,1007.0,0
2025-04-25 21:00:00,New_Delhi,23.0,63.49078489906616,1002.4,0
2025-04-26 00:00:00,Chennai,29.0,87.95208930052544,1007.1,0
2025-04-26 00:00:00,Hyderabad,26.6,62.29807222676058,1006.8,0
2025-04-26 00:00:00,Kolkata,28.4,88.94616815571688,1005.3,0
2025-04-26 00:00:00,Mumbai,28.0,75.66221487345534,1007.1,0
2025-04-26 00:00:00,New_Delhi,21.6,66.95489662993805,1002.7,0
2025-04-26 03:00:00,Chennai,31.6,72.27808999036708,1009.8,0
2025-04-26 03:00:00,Hyderabad,30.2,48.36480078064783,1008.6,0
2025-04-26 03:00:00,Kolkata,32.6,69.11441091335229,1007.3,0
2025-04-26 03:00:00,Mumbai,29.8,67.3516781237725,1009.1,0
2025-04-26 03:00:00,New_Delhi,29.4,35.120123771064485,1003.9,0
2025-04-26 06:00:00,Chennai,36.0,53.578100478732416,1007.9,0
2025-04-26 06:00:00,Hyderabad,35.6,33.938452756931795,1006.6,0
2025-04-26 06:00:00,Kolkata,35.0,61.15610416717985,1006.8,0
2025-04-26 06:00:00,Mumbai,33.2,50.05985802509319,1008.9,0
2025-04-26 06:00:00,New_Delhi,39.6,14.74108068739631,1003.2,0
2025-04-26 09:00:00,Chennai,35.6,54.1226737456844,1006.2,0
2025-04-26 09:00:00,Hyderabad,38.0,29.3888783319295,1003.3,0
2025-04-26 09:00:00,Kolkata,35.2,61.56152645528508,1004.9,0
2025-04-26 09:00:00,Mumbai,33.6,53.632996598820334,1006.6,0
2025-04-26 09:00:00,New_Delhi,39.6,14.74108068739631,1001.3,0
2025-04-26 12:00:00,Chennai,32.2,67.82126335429727,1006.3,0
2025-04-26 12:00:00,Hyderabad,36.0,35.13495594592394,1002.5,0
2025-04-26 12:00:00,Kolkata,33.0,67.97575322043862,1003.9,0
2025-04-26 12:00:00,Mumbai,31.6,60.03485302219658,1006.1,0
2025-04-26 12:00:00,New_Delhi,37.6,14.617431668099456,1000.9,0
2025-04-26 15:00:00,Chennai,30.2,75.55406963834521,1008.2,0
2025-04-26 15:00:00,Hyderabad,31.6,48.73166147401666,1006.0,0
2025-04-26 15:00:00,Kolkata,31.0,77.48613913975385,1006.8,0
2025-04-26 15:00:00,Mumbai,29.6,69.7975639784289,1007.4,0
2025-04-26 15:00:00,New_Delhi,32.0,33.382797528971295,1003.1,0
2025-04-26 18:00:00,Chennai,29.6,81.03945906223336,1009.2,0
2025-04-26 18:00:00,Hyderabad,31.0,57.04447541902918,1007.3,0
2025-04-26 18:00:00,Kolkata,24.6,80.39509424447246,1008.8,0
2025-04-26 18:00:00,Mumbai,29.0,74.91450415439337,1008.9,0
2025-04-26 18:00:00,New_Delhi,32.4,24.573523244555258,1004.0,0
2025-04-26 21:00:00,Chennai,28.8,86.39309843177878,1007.4,0
2025-04-26 21:00:00,Hyderabad,28.4,60.78878404872881,1005.7,0
2025-04-26 21:00:00,Kolkata,25.6,79.0650667975322,1004.1,0
2025-04-26 21:00:00,Mumbai,28.4,77.56787120852722,1007.9,0
2025-04-26 21:00:00,New_Delhi,28.4,41.577721781983016,1002.7,0
2025-04-27 00:00:00,Chennai,28.4,88.94616815571688,1007.9,0
2025-04-27 00:00:00,Hyderabad,27.2,78.80873430111363,1007.4,0
2025-04-27 00:00:00,Kolkata,25.0,75.65014160748107,1007.8,0
2025-04-27 00:00:00,Mumbai,26.8,84.15931168305403,1008.1,0
2025-04-27 00:00:00,New_Delhi,29.0,34.550110818955254,1003.0,0
2025-04-27 03:00:00,Chennai,31.8,71.04055669606059,1010.6,0
2025-04-27 03:00:00,Hyderabad,27.2,78.80873430111363,1009.8,0
2025-04-27 03:00:00,Kolkata,30.0,66.17996487728405,1008.8,1
2025-04-27 03:00:00,Mumbai,29.2,73.60956501820533,1009.3,0
2025-04-27 03:00:00,New_Delhi,29.6,41.90837816982436,1005.8,0
2025-04-27 06:00:00,Chennai,34.8,55.56746983976959,1010.2,0
2025-04-27 06:00:00,Hyderabad,31.0,57.04447541902918,1009.6,0
2025-04-27 06:00:00,Kolkata,33.4,57.95790307855285,1009.8,0
2025-04-27 06:00:00,Mumbai,33.0,61.07786865205016,1009.5,0
2025-04-27 06:00:00,New_Delhi,36.4,21.73949343179892,1005.5,0
2025-04-27 09:00:00,Chennai,34.6,64.39740048201318,1007.6,0
2025-04-27 09:00:00,Hyderabad,33.0,53.160307816284856,1006.2,0
2025-04-27 09:00:00,Kolkata,34.4,52.23042332735089,1006.7,0
2025-04-27 09:00:00,Mumbai,33.2,56.53234399526844,1006.9,0
2025-04-27 09:00:00,New_Delhi,39.8,16.91626088779316,1003.1,0
2025-04-27 12:00:00,Chennai,31.4,69.71409411644107,1007.0,0
2025-04-27 12:00:00,Hyderabad,30.4,56.55250112657328,1005.7,0
2025-04-27 12:00:00,Kolkata,32.8,65.56377770296238,1006.3,0
2025-04-27 12:00:00,Mumbai,32.6,58.47312526786792,1005.4,0
2025-04-27 12:00:00,New_Delhi,39.2,27.5447614977496,1001.5,0
2025-04-27 15:00:00,Chennai,31.4,69.71409411644107,1007.0,0
2025-04-27 15:00:00,Hyderabad,29.8,60.73115651479413,1007.4,0
2025-04-27 15:00:00,Kolkata,29.2,65.21759803719027,1007.1,0
2025-04-27 15:00:00,Mumbai,29.6,71.07014207384191,1007.3,0
2025-04-27 15:00:00,New_Delhi,30.4,45.17650799961525,1003.5,0
2025-04-27 18:00:00,Chennai,29.8,79.63860889063328,1010.0,0
2025-04-27 18:00:00,Hyderabad,29.2,64.03403591828733,1008.6,0
2025-04-27 18:00:00,Kolkata,29.2,81.95548127118022,1007.5,0
2025-04-27 18:00:00,Mumbai,28.8,80.45782143103412,1009.1,0
2025-04-27 18:00:00,New_Delhi,30.4,30.230706402917875,1003.8,0
2025-04-27 21:00:00,Chennai,29.2,81.95548127118022,1007.9,0
2025-04-27 21:00:00,Hyderabad,28.0,68.2354185957526,1007.4,0
2025-04-27 21:00:00,Kolkata,29.0,81.9313443709877,1007.5,0
2025-04-27 21:00:00,Mumbai,28.4,77.56787120852722,1007.5,0
2025-04-27 21:00:00,New_Delhi,30.2,33.10220369576136,1003.9,0
2025-04-28 00:00:00,Chennai,28.6,84.8538871735531,1008.3,0
2025-04-28 00:00:00,Hyderabad,27.2,70.63370855789137,1007.4,0
2025-04-28 00:00:00,Kolkata,28.0,87.34888747491027,1007.4,0
2025-04-28 00:00:00,Mumbai,27.8,77.0138849054383,1007.5,0
2025-04-28 00:00:00,New_Delhi,24.2,58.6855506658225,1003.5,0
2025-04-28 03:00:00,Chennai,30.4,75.58532357148971,1009.8,0
2025-04-28 03:00:00,Hyderabad,28.8,54.10125610159533,1009.4,0
2025-04-28 03:00:00,Kolkata,31.4,73.53807422593974,1008.8,0
2025-04-28 03:00:00,Mumbai,30.4,67.87721438855921,1009.1,0
2025-04-28 03:00:00,New_Delhi,29.0,43.38606734691948,1004.4,0
2025-04-28 06:00:00,Chennai,35.4,55.05099865764974,1009.2,0
2025-04-28 06:00:00,Hyderabad,33.8,41.992255265524165,1007.6,0
2025-04-28 06:00:00,Kolkata,33.2,65.6450112786814,1008.1,0
2025-04-28 06:00:00,Mumbai,32.8,57.47000693595408,1008.6,0
2025-04-28 06:00:00,New_Delhi,37.0,30.448368465568105,1003.6,0
2025-04-28 09:00:00,Chennai,32.0,66.1862478230639,1006.6,0
2025-04-28 09:00:00,Hyderabad,35.8,34.86054448300015,1004.0,0
2025-04-28 09:00:00,Kolkata,32.4,62.80069413004488,1005.5,0
2025-04-28 09:00:00,Mumbai,33.0,57.5169590004615,1006.4,0
2025-04-28 09:00:00,New_Delhi,39.4,26.23248224820905,1001.1,0
2025-04-28 12:00:00,Chennai,32.6,65.52306428907129,1005.3,0
2025-04-28 12:00:00,Hyderabad,36.0,31.15786119941582,1001.7,0
2025-04-28 12:00:00,Kolkata,30.2,63.85719380100154,1005.5,0
2025-04-28 12:00:00,Mumbai,32.2,59.09077055251807,1004.7,0
2025-04-28 12:00:00,New_Delhi,37.8,32.2445661368062,999.7,0
2025-04-28 15:00:00,Chennai,30.0,78.26294962837345,1007.2,0
2025-04-28 15:00:00,Hyderabad,32.7,46.07729743785444,1004.1,0
2025-04-28 15:00:00,Kolkata,25.6,79.0650667975322,1007.8,0
2025-04-28 15:00:00,Mumbai,29.6,76.82235153000387,1006.0,0
2025-04-28 15:00:00,New_Delhi,32.0,47.93557266740621,1002.2,0
2025-04-28 18:00:00,Chennai,29.6,79.6118092261478,1008.5,0
2025-04-28 18:00:00,Hyderabad,31.0,48.272370927012055,1005.6,0
2025-04-28 18:00:00,Kolkata,24.8,86.53660587246388,1009.2,0
2025-04-28 18:00:00,Mumbai,29.0,77.65543578652992,1007.2,0
2025-04-28 18:00:00,New_Delhi,30.0,46.81329451325964,1003.6,0
2025-04-28 21:00:00,Chennai,29.2,81.95548127118022,1006.4,0
2025-04-28 21:00:00,Hyderabad,28.8,57.58106758326406,1005.2,0
2025-04-28 21:00:00,Kolkata,20.7,92.84522226972165,1007.0,0
2025-04-28 21:00:00,Mumbai,28.6,77.59711341151534,1006.2,0
2025-04-28 21:00:00,New_Delhi,28.6,47.63785276074488,1003.3,0
2025-04-29 00:00:00,Chennai,28.0,87.34888747491027,1007.0,0
2025-04-29 00:00:00,Hyderabad,27.2,65.20137437167065,1005.8,0
2025-04-29 00:00:00,Kolkata,21.4,96.38327293464556,1007.7,0
2025-04-29 00:00:00,Mumbai,26.4,85.64959932544602,1006.2,0
2025-04-29 00:00:00,New_Delhi,25.8,62.90530562007218,1004.5,0
2025-04-29 03:00:00,Chennai,30.8,78.37581423848806,1009.0,0
2025-04-29 03:00:00,Hyderabad,28.4,63.4717371913027,1009.0,0
2025-04-29 03:00:00,Kolkata,27.4,67.28568959900366,1009.9,0
2025-04-29 03:00:00,Mumbai,29.8,72.83270468535767,1008.1,0
2025-04-29 03:00:00,New_Delhi,26.8,53.25972640302064,1006.5,0
2025-04-29 06:00:00,Chennai,35.4,57.05144460973204,1008.5,0
2025-04-29 06:00:00,Hyderabad,34.8,43.85668992744258,1006.6,0
2025-04-29 06:00:00,Kolkata,30.2,58.98867435336403,1009.7,0
2025-04-29 06:00:00,Mumbai,32.8,61.03350741643827,1008.2,0
2025-04-29 06:00:00,New_Delhi,33.6,37.214873528497584,1005.4,0
2025-04-29 09:00:00,Chennai,35.6,54.1226737456844,1005.7,0
2025-04-29 09:00:00,Hyderabad,37.0,31.427829871773007,1002.8,0
2025-04-29 09:00:00,Kolkata,32.2,52.31576805297986,1007.0,0
2025-04-29 09:00:00,Mumbai,33.4,59.01062869308959,1006.1,0
2025-04-29 09:00:00,New_Delhi,36.4,34.1561734852254,1002.9,0
2025-04-29 12:00:00,Chennai,32.6,64.36278271700262,1004.7,0
2025-04-29 12:00:00,Hyderabad,36.0,39.551028058584606,1001.4,0
2025-04-29 12:00:00,Kolkata,30.8,55.61416368568698,1006.4,0
2025-04-29 12:00:00,Mumbai,32.0,66.1862478230639,1005.0,0
2025-04-29 12:00:00,New_Delhi,36.0,36.25291537431095,1001.2,0
2025-04-29 15:00:00,Chennai,30.4,75.58532357148971,1007.2,0
2025-04-29 15:00:00,Hyderabad,31.2,50.47601592432225,1004.5,0
2025-04-29 15:00:00,Kolkata,28.2,69.53531636044694,1008.4,0
2025-04-29 15:00:00,Mumbai,29.8,76.85229197010862,1006.4,0
2025-04-29 15:00:00,New_Delhi,31.2,49.23672164673712,1004.2,0
2025-04-29 18:00:00,Chennai,30.0,79.66535824918688,1008.4,0
2025-04-29 18:00:00,Hyderabad,29.8,54.68814270584078,1005.7,0
2025-04-29 18:00:00,Kolkata,27.2,78.33374294989056,1009.0,0
2025-04-29 18:00:00,Mumbai,29.4,76.33535606218936,1007.4,0
2025-04-29 18:00:00,New_Delhi,28.8,55.12527410197304,1004.6,0
2025-04-29 21:00:00,Chennai,28.8,84.87449545917907,1007.0,0
2025-04-29 21:00:00,Hyderabad,29.2,66.42028554635831,1004.5,0
2025-04-29 21:00:00,Kolkata,26.1,85.10498051565493,1006.9,0
2025-04-29 21:00:00,Mumbai,28.6,84.8538871735531,1006.6,0
2025-04-29 21:00:00,New_Delhi,27.8,56.62858157026191,1004.6,0
2025-04-30 00:00:00,Chennai,28.6,84.8538871735531,1007.0,0
2025-04-30 00:00:00,Hyderabad,28.0,69.49759780649958,1005.6,0
2025-04-30 00:00:00,Kolkata,25.1,91.40506672249664,1008.5,0
2025-04-30 00:00:00,Mumbai,27.0,81.19652945190819,1006.5,0
2025-04-30 00:00:00,New_Delhi,26.8,61.18521534996033,1005.7,0
2025-04-30 03:00:00,Chennai,31.0,72.1742265807024,1009.2,0
2025-04-30 03:00:00,Hyderabad,31.0,51.37238533316207,1007.2,0
2025-04-30 03:00:00,Kolkata,28.2,78.94802076163292,1010.4,0
2025-04-30 03:00:00,Mumbai,31.4,69.71409411644107,1009.5,0
2025-04-30 03:00:00,New_Delhi,28.8,57.58106758326406,1007.8,0
2025-04-30 06:00:00,Chennai,35.6,49.166526532934895,1008.9,0
2025-04-30 06:00:00,Hyderabad,36.0,39.551028058584606,1005.8,0
2025-04-30 06:00:00,Kolkata,23.4,96.43645035727724,1011.6,0
2025-04-30 06:00:00,Mumbai,33.4,60.08005109311657,1009.0,0
2025-04-30 06:00:00,New_Delhi,34.6,41.1735877430806,1006.7,0
2025-04-30 09:00:00,Chennai,36.6,52.77597731364829,1005.5,0
2025-04-30 09:00:00,Hyderabad,39.0,28.91806159839605,1001.2,0
2025-04-30 09:00:00,Kolkata,25.6,91.98598997205916,1008.3,0
2025-04-30 09:00:00,Mumbai,33.6,60.48499185110832,1007.1,0
2025-04-30 09:00:00,New_Delhi,37.0,33.89227876632347,1005.4,0
2025-04-30 12:00:00,Chennai,33.2,61.12216416914973,1004.7,0
2025-04-30 12:00:00,Hyderabad,38.0,21.42374462783004,1000.4,0
2025-04-30 12:00:00,Kolkata,27.0,82.67693820709039,1007.8,0
2025-04-30 12:00:00,Mumbai,31.8,68.55505992605102,1006.4,0
2025-04-30 12:00:00,New_Delhi,36.6,38.74560463151403,1002.4,0
2025-04-30 15:00:00,Chennai,31.0,73.47141965449843,1007.3,0
2025-04-30 15:00:00,Hyderabad,31.6,41.65699483910857,1004.2,0
2025-04-30 15:00:00,Kolkata,25.4,88.17753730223563,1008.7,0
2025-04-30 15:00:00,Mumbai,29.8,76.85229197010862,1007.0,0
2025-04-30 15:00:00,New_Delhi,32.2,50.11093393474899,1005.0,0
2025-04-30 18:00:00,Chennai,30.6,81.16467826556904,1008.4,0
2025-04-30 18:00:00,Hyderabad,30.0,46.22528758131515,1006.6,0
2025-04-30 18:00:00,Kolkata,24.4,93.03523459227986,1010.3,0
2025-04-30 18:00:00,Mumbai,29.2,80.5095630310082,1008.4,0
2025-04-30 18:00:00,New_Delhi,30.0,55.07749010874436,1006.4,0
2025-04-30 21:00:00,Chennai,29.4,84.9360766224706,1008.3,0
2025-04-30 21:00:00,Hyderabad,28.6,53.713553895834856,1005.6,0
2025-04-30 21:00:00,Kolkata,24.0,93.01505522924244,1009.1,0
2025-04-30 21:00:00,Mumbai,28.6,81.88293095675748,1007.2,0
2025-04-30 21:00:00,New_Delhi,29.0,59.0735624167008,1006.1,0
2025-05-01 00:00:00,Chennai,29.0,84.89506306062921,1007.6,0
2025-05-01 00:00:00,Hyderabad,26.6,71.39581590815916,1007.5,0
2025-05-01 00:00:00,Kolkata,23.6,96.44170390257318,1010.6,0
2025-05-01 00:00:00,Mumbai,27.8,84.2669381064797,1008.1,0
2025-05-01 00:00:00,New_Delhi,27.6,67.32558202207488,1007.3,0
2025-05-01 03:00:00,Chennai,31.0,73.47141965449843,1009.2,0
2025-05-01 03:00:00,Hyderabad,28.8,66.33925366327628,1007.7,0
2025-05-01 03:00:00,Kolkata,29.0,77.65543578652992,1012.0,0
2025-05-01 03:00:00,Mumbai,30.0,74.18441432342445,1009.4,0
2025-05-01 03:00:00,New_Delhi,30.0,58.58138510397075,1008.8,0
2025-05-01 06:00:00,Chennai,36.6,47.960341553351576,1009.2,0
2025-05-01 06:00:00,Hyderabad,34.0,51.81527988036216,1006.9,0
2025-05-01 06:00:00,Kolkata,32.6,51.77843588862952,1011.0,0
2025-05-01 06:00:00,Mumbai,33.4,61.166394066179166,1009.5,0
2025-05-01 06:00:00,New_Delhi,35.8,42.53092676973995,1007.7,0
2025-05-01 09:00:00,Chennai,36.6,50.92273339058732,1006.5,0
2025-05-01 09:00:00,Hyderabad,37.0,38.615240776120366,1004.0,0
2025-05-01 09:00:00,Kolkata,34.0,44.73595098412827,1007.9,0
2025-05-01 09:00:00,Mumbai,33.6,64.95378562281357,1008.1,0
2025-05-01 09:00:00,New_Delhi,37.6,38.777389609655614,1005.3,0
2025-05-01 12:00:00,Chennai,33.0,72.94417143512577,1005.7,0
2025-05-01 12:00:00,Hyderabad,36.8,37.6193125144546,1002.0,0
2025-05-01 12:00:00,Kolkata,32.6,48.39081829607048,1006.8,0
2025-05-01 12:00:00,Mumbai,32.6,64.36278271700262,1006.9,0
2025-05-01 12:00:00,New_Delhi,36.6,43.26947320144839,1005.3,0
2025-05-01 15:00:00,Chennai,31.0,79.79835457938422,1008.2,0
2025-05-01 15:00:00,Hyderabad,31.0,54.645691707211896,1005.2,0
2025-05-01 15:00:00,Kolkata,22.0,91.21143560546284,1012.5,0
2025-05-01 15:00:00,Mumbai,30.2,75.55406963834521,1007.8,0
2025-05-01 15:00:00,New_Delhi,32.8,48.74253525375261,1005.5,0
2025-05-01 18:00:00,Chennai,30.6,84.06979751556185,1008.5,0
2025-05-01 18:00:00,Hyderabad,30.2,61.19367991310041,1006.2,0
2025-05-01 18:00:00,Kolkata,21.4,98.17703680741111,1009.9,0
2025-05-01 18:00:00,Mumbai,29.4,81.97957178446406,1008.6,0
2025-05-01 18:00:00,New_Delhi,31.4,50.52742024257406,1005.7,0
2025-05-01 21:00:00,Chennai,30.0,86.50450703984572,1007.3,0
2025-05-01 21:00:00,Hyderabad,28.6,65.89451972688084,1007.2,0
2025-05-01 21:00:00,Kolkata,22.2,96.40468492682572,1009.1,0
2025-05-01 21:00:00,Mumbai,28.0,80.3537462205201,1008.1,0
2025-05-01 21:00:00,New_Delhi,29.0,64.38421540041374,1007.1,0
2025-05-02 00:00:00,Chennai,29.0,87.95208930052544,1008.5,0
2025-05-02 00:00:00,Hyderabad,26.0,78.16158824199735,1008.4,0
2025-05-02 00:00:00,Kolkata,22.0,94.64202501465913,1009.9,0
2025-05-02 00:00:00,Mumbai,26.8,88.82186644716782,1008.6,0
2025-05-02 00:00:00,New_Delhi,19.7,74.46752270641416,1012.1,0
2025-05-02 03:00:00,Chennai,31.4,74.85285642920122,1010.8,0
2025-05-02 03:00:00,Hyderabad,29.0,70.10874183711726,1008.7,0
2025-05-02 03:00:00,Kolkata,26.6,76.36659730018178,1011.5,0
2025-05-02 03:00:00,Mumbai,29.6,76.82235153000387,1009.8,0
2025-05-02 03:00:00,New_Delhi,19.7,84.55083001241458,1010.1,0
2025-05-02 06:00:00,Chennai,36.0,74.28805628119477,1009.0,0
2025-05-02 06:00:00,Hyderabad,33.6,51.40088317557658,1007.1,0
2025-05-02 06:00:00,Kolkata,30.4,62.74695361986276,1010.3,0
2025-05-02 06:00:00,Mumbai,33.4,59.01062869308959,1009.1,0
2025-05-02 06:00:00,New_Delhi,21.8,94.634137318415,1011.0,0
2025-05-02 09:00:00,Chennai,36.4,51.79231822369732,1006.5,0
2025-05-02 09:00:00,Hyderabad,37.2,36.353020243944506,1004.0,0
2025-05-02 09:00:00,Kolkata,33.0,55.468825283877344,1007.6,0
2025-05-02 09:00:00,Mumbai,33.6,60.48499185110832,1007.7,0
2025-05-02 09:00:00,New_Delhi,28.0,66.1763979306175,1008.6,0
2025-05-02 12:00:00,Chennai,33.0,65.60442666205464,1005.5,0
2025-05-02 12:00:00,Hyderabad,37.4,30.17138580025373,1001.1,0
2025-05-02 12:00:00,Kolkata,32.0,50.99468465735812,1006.5,0
2025-05-02 12:00:00,Mumbai,33.0,57.5169590004615,1006.3,0
2025-05-02 12:00:00,New_Delhi,28.0,59.577319147693366,1006.6,0
2025-05-02 15:00:00,Chennai,31.0,78.40390010984709,1007.9,0
2025-05-02 15:00:00,Hyderabad,28.0,53.22632223446673,1006.7,0
2025-05-02 15:00:00,Kolkata,27.8,77.0138849054383,1007.7,0
2025-05-02 15:00:00,Mumbai,30.4,67.87721438855921,1007.7,0
2025-05-02 15:00:00,New_Delhi,25.0,81.93813716288261,1006.5,0
2025-05-02 18:00:00,Chennai,30.6,79.74530566981048,1009.2,0
2025-05-02 18:00:00,Hyderabad,28.5,44.0923304651846,1006.5,0
2025-05-02 18:00:00,Kolkata,27.0,76.8936310454662,1007.9,0
2025-05-02 18:00:00,Mumbai,29.6,75.45996920875774,1008.6,0
2025-05-02 18:00:00,New_Delhi,23.6,89.65628406436801,1006.9,0
2025-05-02 21:00:00,Chennai,29.6,82.00361602371757,1006.9,0
2025-05-02 21:00:00,Hyderabad,27.2,56.128403601107394,1004.5,0
2025-05-02 21:00:00,Kolkata,26.6,78.2479077819723,1007.2,0
2025-05-02 21:00:00,Mumbai,28.8,77.62630156297041,1007.6,0
2025-05-02 21:00:00,New_Delhi,23.0,91.27459428964966,1006.0,0
2025-05-03 00:00:00,Chennai,29.0,86.41175942849821,1007.8,0
2025-05-03 00:00:00,Hyderabad,26.4,56.64557967688834,1006.5,0
2025-05-03 00:00:00,Kolkata,26.0,88.7589455109383,1008.1,0
2025-05-03 00:00:00,Mumbai,27.2,87.27855968744687,1007.6,0
2025-05-03 00:00:00,New_Delhi,22.6,94.66558503403644,1006.1,0
2025-05-03 03:00:00,Chennai,31.2,76.157651318818,1009.2,0
2025-05-03 03:00:00,Hyderabad,29.6,47.90329808859116,1008.5,0
2025-05-03 03:00:00,Kolkata,31.0,72.1742265807024,1009.9,0
2025-05-03 03:00:00,Mumbai,29.4,74.97860136800087,1009.2,0
2025-05-03 03:00:00,New_Delhi,25.0,81.93813716288261,1008.5,0
2025-05-03 06:00:00,Chennai,36.6,45.14992148381815,1008.4,0
2025-05-03 06:00:00,Hyderabad,35.6,40.93527578283119,1006.2,0
2025-05-03 06:00:00,Kolkata,33.6,54.61531066815499,1008.3,0
2025-05-03 06:00:00,Mumbai,34.2,50.93053928782519,1009.6,0
2025-05-03 06:00:00,New_Delhi,30.0,60.03674120681294,1007.1,0
2025-05-03 09:00:00,Chennai,37.2,51.37757364224426,1005.4,0
2025-05-03 09:00:00,Hyderabad,39.0,30.40837630826692,1002.7,0
2025-05-03 09:00:00,Kolkata,34.8,53.6047152540248,1005.2,0
2025-05-03 09:00:00,Mumbai,34.0,55.04309180081118,1008.0,0
2025-05-03 09:00:00,New_Delhi,33.8,42.518655700339295,1003.8,0
2025-05-03 12:00:00,Chennai,33.6,69.70861962540543,1004.8,0
2025-05-03 12:00:00,Hyderabad,36.2,36.992999443415286,1001.0,0
2025-05-03 12:00:00,Kolkata,32.2,58.02796060835696,1002.7,0
2025-05-03 12:00:00,Mumbai,33.0,57.5169590004615,1006.6,0
2025-05-03 12:00:00,New_Delhi,33.0,53.160307816284856,1000.9,0
2025-05-03 15:00:00,Chennai,31.6,78.94871738353811,1006.1,0
2025-05-03 15:00:00,Hyderabad,30.6,42.45189969098432,1004.5,0
2025-05-03 15:00:00,Kolkata,29.6,62.19134879390145,1005.9,0
2025-05-03 15:00:00,Mumbai,30.4,66.66180868247822,1007.5,0
2025-05-03 15:00:00,New_Delhi,29.8,62.23530658956874,1003.1,0
2025-05-03 18:00:00,Chennai,31.0,82.65241993308152,1006.9,0
2025-05-03 18:00:00,Hyderabad,29.0,49.59236810809483,1004.8,0
2025-05-03 18:00:00,Kolkata,25.6,79.0650667975322,1006.7,0
2025-05-03 18:00:00,Mumbai,29.6,71.07014207384191,1008.1,0
2025-05-03 18:00:00,New_Delhi,28.0,74.30236303611937,1003.6,0
2025-05-03 21:00:00,Chennai,29.8,85.4773855329206,1006.3,0
2025-05-03 21:00:00,Hyderabad,29.4,47.548518015880695,1004.2,0
2025-05-03 21:00:00,Kolkata,25.8,80.55257262849392,1005.6,0
2025-05-03 21:00:00,Mumbai,29.0,70.96187714437761,1007.1,0
2025-05-03 21:00:00,New_Delhi,26.2,82.58282556083142,1002.4,0
2025-05-04 00:00:00,Chennai,29.2,83.42405706602797,1006.0,0
2025-05-04 00:00:00,Hyderabad,27.0,62.38670843452056,1005.3,0
2025-05-04 00:00:00,Kolkata,25.4,81.98706192459,1006.6,0
2025-05-04 00:00:00,Mumbai,28.8,72.2237174181299,1007.2,0
2025-05-04 00:00:00,New_Delhi,25.2,86.57407445208088,1003.0,0
2025-05-04 03:00:00,Chennai,32.6,66.70160074556692,1008.3,0
2025-05-04 03:00:00,Hyderabad,28.4,75.27023327866294,1007.1,0
2025-05-04 03:00:00,Kolkata,29.8,61.10417493715189,1008.0,0
2025-05-04 03:00:00,Mumbai,31.0,63.25816670738013,1009.2,0
2025-05-04 03:00:00,New_Delhi,28.6,74.85017612547131,1004.7,0
2025-05-04 06:00:00,Chennai,36.0,50.46801146991017,1006.8,0
2025-05-04 06:00:00,Hyderabad,30.8,61.327434848702055,1006.9,0
2025-05-04 06:00:00,Kolkata,33.8,48.40540327509421,1006.7,0
2025-05-04 06:00:00,Mumbai,33.0,55.468825283877344,1010.0,0
2025-05-04 06:00:00,New_Delhi,33.0,52.19700204876771,1004.4,0
2025-05-04 09:00:00,Chennai,37.0,53.18854985835784,1004.4,0
2025-05-04 09:00:00,Hyderabad,35.2,42.36986035921609,1003.7,0
2025-05-04 09:00:00,Kolkata,34.8,46.34728534896258,1004.3,0
2025-05-04 09:00:00,Mumbai,33.4,55.56523594731952,1007.4,0
2025-05-04 09:00:00,New_Delhi,35.6,41.44373316515145,1001.0,0
2025-05-04 12:00:00,Chennai,28.0,87.34888747491027,1004.5,0
2025-05-04 12:00:00,Hyderabad,33.4,48.30141369843827,1002.1,0
2025-05-04 12:00:00,Kolkata,31.8,57.934430290493566,1004.2,0
2025-05-04 12:00:00,Mumbai,32.4,61.68118591242464,1005.9,0
2025-05-04 12:00:00,New_Delhi,34.6,41.1735877430806,999.6,0
2025-05-04 15:00:00,Chennai,26.0,90.37112970835472,1008.0,0
2025-05-04 15:00:00,Hyderabad,27.2,48.805654479797845,1005.8,0
2025-05-04 15:00:00,Kolkata,30.0,63.42769734725228,1006.8,0
2025-05-04 15:00:00,Mumbai,30.2,71.60525312499601,1006.5,0
2025-05-04 15:00:00,New_Delhi,30.6,52.23471331180272,1002.4,0
2025-05-04 18:00:00,Chennai,26.6,88.80618472944694,1008.1,0
2025-05-04 18:00:00,Hyderabad,26.4,70.0529871846676,1006.2,0
2025-05-04 18:00:00,Kolkata,28.0,75.66221487345534,1006.5,0
2025-05-04 18:00:00,Mumbai,30.0,72.866865390855,1007.6,0
2025-05-04 18:00:00,New_Delhi,28.4,60.0407336708837,1005.4,0
2025-05-04 21:00:00,Chennai,26.2,85.62978692730046,1006.5,0
2025-05-04 21:00:00,Hyderabad,26.0,73.97062900551056,1006.2,0
2025-05-04 21:00:00,Kolkata,27.4,76.95386898986409,1005.4,0
2025-05-04 21:00:00,Mumbai,29.0,77.65543578652992,1006.2,0
2025-05-04 21:00:00,New_Delhi,25.8,60.19419705576875,1005.7,0
2025-05-05 00:00:00,Chennai,26.0,82.55918218789247,1006.5,0
2025-05-05 00:00:00,Hyderabad,25.2,78.04573617296006,1005.9,0
2025-05-05 00:00:00,Kolkata,26.2,90.38476214988124,1006.3,0
2025-05-05 00:00:00,Mumbai,28.2,80.37983931978188,1006.1,0
2025-05-05 00:00:00,New_Delhi,23.8,70.44100737751522,1003.8,0
2025-05-05 03:00:00,Chennai,29.4,65.65748852781738,1008.0,0
2025-05-05 03:00:00,Hyderabad,29.2,64.03403591828733,1006.0,0
2025-05-05 03:00:00,Kolkata,31.0,72.1742265807024,1008.5,0
2025-05-05 03:00:00,Mumbai,31.0,67.99377352527183,1008.0,0
2025-05-05 03:00:00,New_Delhi,27.0,62.77637062843983,1005.7,0
2025-05-05 06:00:00,Chennai,33.4,53.58367919813461,1007.1,0
2025-05-05 06:00:00,Hyderabad,35.2,35.137881374560415,1005.9,0
2025-05-05 06:00:00,Kolkata,34.2,51.86548272705812,1007.3,0
2025-05-05 06:00:00,Mumbai,33.0,57.5169590004615,1008.2,0
2025-05-05 06:00:00,New_Delhi,31.2,47.132101292464135,1005.5,0
2025-05-05 09:00:00,Chennai,34.0,58.445589633486186,1005.1,0
2025-05-05 09:00:00,Hyderabad,38.0,27.05617159938341,1001.4,0
2025-05-05 09:00:00,Kolkata,34.8,52.01571725178496,1004.5,0
2025-05-05 09:00:00,Mumbai,33.4,57.95790307855285,1006.4,0
2025-05-05 09:00:00,New_Delhi,31.4,54.07572802922947,1004.7,0
2025-05-05 12:00:00,Chennai,32.0,59.04479527455803,1005.2,0
2025-05-05 12:00:00,Hyderabad,38.4,14.586577519639214,999.9,0
2025-05-05 12:00:00,Kolkata,33.4,53.58367919813461,1003.8,0
2025-05-05 12:00:00,Mumbai,32.2,62.75759984410254,1005.4,0
2025-05-05 12:00:00,New_Delhi,30.4,56.55250112657328,1004.0,0
2025-05-05 15:00:00,Chennai,30.0,78.26294962837345,1007.5,0
2025-05-05 15:00:00,Hyderabad,30.6,53.21506820591533,1004.9,0
2025-05-05 15:00:00,Kolkata,30.4,70.36635155961307,1006.5,0
2025-05-05 15:00:00,Mumbai,30.6,70.40290332892224,1008.2,0
2025-05-05 15:00:00,New_Delhi,27.4,69.81054652981949,1004.2,0
2025-05-05 18:00:00,Chennai,29.4,83.44637781059491,1007.9,0
2025-05-05 18:00:00,Hyderabad,24.0,75.49051796773709,1008.8,0
2025-05-05 18:00:00,Kolkata,29.0,77.65543578652992,1006.7,0
2025-05-05 18:00:00,Mumbai,30.2,71.60525312499601,1008.9,0
2025-05-05 18:00:00,New_Delhi,25.8,76.24292581518071,1004.8,0
2025-05-05 21:00:00,Chennai,28.8,87.93540259721783,1006.7,0
2025-05-05 21:00:00,Hyderabad,23.6,70.84771206081751,1006.7,0
2025-05-05 21:00:00,Kolkata,28.0,81.80996009312997,1005.9,0
2025-05-05 21:00:00,Mumbai,29.6,74.118773297339,1007.6,0
2025-05-05 21:00:00,New_Delhi,24.8,75.61833422287444,1003.9,0
2025-05-06 00:00:00,Chennai,28.0,87.34888747491027,1007.6,0
2025-05-06 00:00:00,Hyderabad,23.4,73.9924409170569,1007.6,0
2025-05-06 00:00:00,Kolkata,27.8,87.33135888966177,1007.1,0
2025-05-06 00:00:00,Mumbai,29.4,73.6429959001216,1008.1,0
2025-05-06 00:00:00,New_Delhi,23.4,81.23620952648784,1005.1,0
2025-05-06 03:00:00,Chennai,30.6,74.28243957799879,1009.5,0
2025-05-06 03:00:00,Hyderabad,28.1,54.95258946797789,1008.6,0
2025-05-06 03:00:00,Kolkata,32.8,67.93722542562669,1008.8,0
2025-05-06 03:00:00,Mumbai,31.0,66.78169156880611,1009.3,0
2025-05-06 03:00:00,New_Delhi,27.0,68.03983194402242,1006.4,0
2025-05-06 06:00:00,Chennai,35.2,55.99588621396323,1008.3,0
2025-05-06 06:00:00,Hyderabad,32.4,45.428135721503146,1007.4,0
2025-05-06 06:00:00,Kolkata,34.6,59.9922459088714,1007.7,0
2025-05-06 06:00:00,Mumbai,33.4,57.95790307855285,1009.1,0
2025-05-06 06:00:00,New_Delhi,33.0,44.74625811198047,1005.6,0
2025-05-06 09:00:00,Chennai,35.4,63.81179206152036,1005.1,0
2025-05-06 09:00:00,Hyderabad,36.6,28.46310759052904,1003.8,0
2025-05-06 09:00:00,Kolkata,34.0,57.40603103345707,1004.9,0
2025-05-06 09:00:00,Mumbai,33.6,59.056399786976336,1006.9,0
2025-05-06 09:00:00,New_Delhi,35.2,38.12643666764187,1003.3,0
2025-05-06 12:00:00,Chennai,32.6,67.89863459456423,1004.1,0
2025-05-06 12:00:00,Hyderabad,35.4,37.94338620840687,1002.3,0
2025-05-06 12:00:00,Kolkata,29.0,64.38421540041374,1005.2,0
2025-05-06 12:00:00,Mumbai,32.0,63.85356133058713,1005.6,0
2025-05-06 12:00:00,New_Delhi,33.8,41.4715829546882,1001.6,0
2025-05-06 15:00:00,Chennai,31.0,79.79835457938422,1008.0,0
2025-05-06 15:00:00,Hyderabad,31.4,51.793336482077336,1004.0,0
2025-05-06 15:00:00,Kolkata,27.6,79.81995065848324,1006.9,0
2025-05-06 15:00:00,Mumbai,30.8,71.71113203855039,1007.5,0
2025-05-06 15:00:00,New_Delhi,29.8,58.53467634002081,1003.1,0
2025-05-06 18:00:00,Chennai,28.0,80.3537462205201,1008.7,0
2025-05-06 18:00:00,Hyderabad,27.8,54.19164488057315,1006.7,0
2025-05-06 18:00:00,Kolkata,27.4,78.36224761821416,1006.3,0
2025-05-06 18:00:00,Mumbai,24.8,77.03212588839541,1010.3,0
2025-05-06 18:00:00,New_Delhi,27.8,60.6525992163582,1004.1,0
2025-05-06 21:00:00,Chennai,25.0,89.75868022431183,1006.0,0
2025-05-06 21:00:00,Hyderabad,24.8,76.08704806619014,1005.3,0
2025-05-06 21:00:00,Kolkata,27.8,75.63076994448524,1005.4,0
2025-05-06 21:00:00,Mumbai,25.0,77.06236252506079,1006.6,0
2025-05-06 21:00:00,New_Delhi,26.4,74.94939436271723,1004.2,0
2025-05-07 00:00:00,Chennai,25.0,84.99158907366431,1006.8,0
2025-05-07 00:00:00,Hyderabad,24.2,71.40372780863036,1007.4,0
2025-05-07 00:00:00,Kolkata,26.4,82.60642273476351,1006.6,0
2025-05-07 00:00:00,Mumbai,25.4,77.59744380650201,1007.3,0
2025-05-07 00:00:00,New_Delhi,25.8,74.85200261699907,1004.9,0
2025-05-07 03:00:00,Chennai,29.0,70.96187714437761,1008.0,0
2025-05-07 03:00:00,Hyderabad,26.8,53.25972640302064,1009.1,0
2025-05-07 03:00:00,Kolkata,31.0,69.22506422320274,1007.9,0
2025-05-07 03:00:00,Mumbai,28.0,72.96396353006286,1008.0,0
2025-05-07 03:00:00,New_Delhi,28.0,69.07461707385258,1006.3,0
2025-05-07 06:00:00,Chennai,35.8,46.32734637103948,1006.6,0
2025-05-07 06:00:00,Hyderabad,33.2,36.63609278601336,1005.7,0
2025-05-07 06:00:00,Kolkata,34.8,53.6047152540248,1005.9,0
2025-05-07 06:00:00,Mumbai,26.6,74.98174057282651,1008.3,0
2025-05-07 06:00:00,New_Delhi,33.0,52.19700204876771,1005.4,0
2025-05-07 09:00:00,Chennai,36.0,50.46801146991017,1004.5,0
2025-05-07 09:00:00,Hyderabad,36.4,22.323007819986127,1002.3,0
2025-05-07 09:00:00,Kolkata,35.2,54.02524542945505,1003.3,0
2025-05-07 09:00:00,Mumbai,32.8,57.47000693595408,1005.8,0
2025-05-07 09:00:00,New_Delhi,36.0,38.10665255354461,1002.0,0
2025-05-07 12:00:00,Chennai,32.0,57.981228496846505,1004.5,0
2025-05-07 12:00:00,Hyderabad,35.2,28.4561576229954,1001.4,0
2025-05-07 12:00:00,Kolkata,34.2,54.105694175209415,1002.3,0
2025-05-07 12:00:00,Mumbai,23.2,89.62675163391533,1006.9,0
2025-05-07 12:00:00,New_Delhi,32.0,46.757765745898766,1001.5,0
2025-05-07 15:00:00,Chennai,30.0,70.29306142592459,1007.7,0
2025-05-07 15:00:00,Hyderabad,32.0,42.03063257384145,1004.6,0
2025-05-07 15:00:00,Kolkata,31.0,67.99377352527183,1004.7,0
2025-05-07 15:00:00,Mumbai,22.8,92.95399507508202,1008.5,0
2025-05-07 15:00:00,New_Delhi,28.0,69.07461707385258,1003.6,0
2025-05-07 18:00:00,Chennai,29.8,81.06459831337503,1007.3,0
2025-05-07 18:00:00,Hyderabad,29.4,53.24504541596325,1005.2,0
2025-05-07 18:00:00,Kolkata,26.8,72.3130352999761,1006.9,0
2025-05-07 18:00:00,Mumbai,24.4,93.03523459227986,1007.6,0
2025-05-07 18:00:00,New_Delhi,27.4,75.567708226779,1003.8,0
2025-05-07 21:00:00,Chennai,28.8,77.62630156297041,1005.3,0
2025-05-07 21:00:00,Hyderabad,27.2,62.430923880536845,1005.2,0
2025-05-07 21:00:00,Kolkata,26.6,72.27790097107153,1006.1,0
2025-05-07 21:00:00,Mumbai,24.6,91.37426421535667,1005.9,0
2025-05-07 21:00:00,New_Delhi,25.8,82.03579612571595,1003.4,0
2025-05-08 00:00:00,Chennai,27.6,88.88427217188078,1005.8,0
2025-05-08 00:00:00,Hyderabad,24.6,71.47635226040329,1005.7,0
2025-05-08 00:00:00,Kolkata,28.6,81.88293095675748,1005.5,0
2025-05-08 00:00:00,Mumbai,24.6,91.37426421535667,1005.7,0
2025-05-08 00:00:00,New_Delhi,24.8,83.42994899232998,1004.3,0
2025-05-08 03:00:00,Chennai,30.0,64.98787314987105,1007.9,0
2025-05-08 03:00:00,Hyderabad,29.0,52.81250691100612,1007.6,0
2025-05-08 03:00:00,Kolkata,34.4,62.11744798829246,1006.8,0
2025-05-08 03:00:00,Mumbai,26.2,81.09527108176809,1008.1,0
2025-05-08 03:00:00,New_Delhi,27.4,74.20346731676847,1005.8,0
2025-05-08 06:00:00,Chennai,36.2,38.39843004146409,1007.5,0
2025-05-08 06:00:00,Hyderabad,34.2,37.61569649720977,1006.3,0
2025-05-08 06:00:00,Kolkata,37.2,48.40385237537138,1006.2,0
2025-05-08 06:00:00,Mumbai,31.4,66.06520314217083,1008.2,0
2025-05-08 06:00:00,New_Delhi,34.6,46.294665135954354,1004.8,0
2025-05-08 09:00:00,Chennai,35.6,49.166526532934895,1005.3,0
2025-05-08 09:00:00,Hyderabad,33.0,33.875398862078285,1004.8,1
2025-05-08 09:00:00,Kolkata,37.8,40.77566219121079,1004.6,0
2025-05-08 09:00:00,Mumbai,27.6,71.57535111923292,1007.7,0
2025-05-08 09:00:00,New_Delhi,36.2,39.11854885455013,1002.7,0
2025-05-08 12:00:00,Chennai,33.0,55.468825283877344,1005.0,0
2025-05-08 12:00:00,Hyderabad,35.0,31.48701446624713,1003.3,0
2025-05-08 12:00:00,Kolkata,36.4,46.76620535841806,1003.5,0
2025-05-08 12:00:00,Mumbai,30.2,61.19367991310041,1006.1,0
2025-05-08 12:00:00,New_Delhi,35.0,43.64082513984817,1001.5,0
2025-05-08 15:00:00,Chennai,31.0,70.89711040322032,1008.1,0
2025-05-08 15:00:00,Hyderabad,31.4,43.21275397907348,1005.8,0
2025-05-08 15:00:00,Kolkata,32.2,53.6134760314917,1005.9,0
2025-05-08 15:00:00,Mumbai,28.2,72.99821296932988,1007.0,0
2025-05-08 15:00:00,New_Delhi,30.4,60.12781595604137,1004.0,0
2025-05-08 18:00:00,Chennai,30.0,63.8146323928593,1009.2,0
2025-05-08 18:00:00,Hyderabad,26.4,70.0529871846676,1008.1,0
2025-05-08 18:00:00,Kolkata,31.0,77.48613913975385,1007.1,0
2025-05-08 18:00:00,Mumbai,28.0,77.50922415182016,1008.3,0
2025-05-08 18:00:00,New_Delhi,28.6,67.93691867434151,1004.7,0
2025-05-08 21:00:00,Chennai,28.2,71.68232431462354,1006.4,0
2025-05-08 21:00:00,Hyderabad,26.0,73.97062900551056,1007.5,0
2025-05-08 21:00:00,Kolkata,29.8,81.06459831337503,1005.7,0
2025-05-08 21:00:00,Mumbai,27.8,79.84670514036797,1006.9,0
2025-05-08 21:00:00,New_Delhi,27.0,73.68636116732236,1004.7,0
2025-05-09 00:00:00,Chennai,27.6,75.59926777139484,1007.3,0
2025-05-09 00:00:00,Hyderabad,25.2,73.38106367287797,1007.6,0
2025-05-09 00:00:00,Kolkata,29.2,83.42405706602797,1006.6,0
2025-05-09 00:00:00,Mumbai,26.4,84.11596226208941,1007.3,0
2025-05-09 00:00:00,New_Delhi,26.4,77.7445561070048,1005.1,0
2025-05-09 03:00:00,Chennai,30.6,63.94211751218886,1009.7,0
2025-05-09 03:00:00,Hyderabad,29.6,54.63879144543691,1008.7,0
2025-05-09 03:00:00,Kolkata,34.8,66.74349760257904,1008.0,0
2025-05-09 03:00:00,Mumbai,28.8,73.54252536250394,1009.4,0
2025-05-09 03:00:00,New_Delhi,29.6,60.68601439855552,1006.8,0
2025-05-09 06:00:00,Chennai,35.4,45.941504385664295,1008.2,0
2025-05-09 06:00:00,Hyderabad,34.6,36.32659347971913,1007.4,0
2025-05-09 06:00:00,Kolkata,37.6,51.78291421765802,1006.5,0
2025-05-09 06:00:00,Mumbai,31.6,62.25158297844957,1009.8,0
2025-05-09 06:00:00,New_Delhi,34.0,50.879846925795135,1006.8,0
2025-05-09 09:00:00,Chennai,35.8,48.33450439193775,1005.2,0
2025-05-09 09:00:00,Hyderabad,38.1,26.061624455094464,1003.9,0
2025-05-09 09:00:00,Kolkata,39.0,38.446811806277424,1004.3,0
2025-05-09 09:00:00,Mumbai,33.0,53.160307816284856,1006.8,0
2025-05-09 09:00:00,New_Delhi,36.0,41.80763114476111,1004.4,0
2025-05-09 12:00:00,Chennai,33.0,56.48476343652975,1005.7,0
2025-05-09 12:00:00,Hyderabad,35.8,27.7076435174709,1002.5,0
2025-05-09 12:00:00,Kolkata,34.4,49.15636027363035,1004.4,0
2025-05-09 12:00:00,Mumbai,32.0,62.71443976755974,1006.4,0
2025-05-09 12:00:00,New_Delhi,34.0,48.75448871884437,1002.6,0
2025-05-09 15:00:00,Chennai,31.0,70.89711040322032,1008.4,0
2025-05-09 15:00:00,Hyderabad,32.4,42.40527990144904,1005.2,0
2025-05-09 15:00:00,Kolkata,30.8,60.58625885317225,1005.7,0
2025-05-09 15:00:00,Mumbai,30.0,71.5698382304094,1008.4,0
2025-05-09 15:00:00,New_Delhi,30.8,61.70099247044744,1004.2,0
2025-05-09 18:00:00,Chennai,30.4,76.94178563223718,1008.6,0
2025-05-09 18:00:00,Hyderabad,25.8,81.04434812185663,1008.4,0
2025-05-09 18:00:00,Kolkata,30.6,74.28243957799879,1005.9,0
2025-05-09 18:00:00,Mumbai,26.2,90.38476214988124,1008.9,0
2025-05-09 18:00:00,New_Delhi,28.6,80.43187680667027,1005.1,0
2025-05-09 21:00:00,Chennai,29.6,82.00361602371757,1007.9,0
2025-05-09 21:00:00,Hyderabad,24.4,86.49898460860861,1006.8,0
2025-05-09 21:00:00,Kolkata,29.6,76.82235153000387,1004.9,0
2025-05-09 21:00:00,Mumbai,26.4,92.03168153578638,1007.1,0
2025-05-09 21:00:00,New_Delhi,27.2,78.33374294989056,1004.4,0
2025-05-10 00:00:00,Chennai,28.4,74.81792523943739,1007.5,0
2025-05-10 00:00:00,Hyderabad,25.2,87.10022146859102,1007.4,0
2025-05-10 00:00:00,Kolkata,29.4,80.53536024141098,1006.4,0
2025-05-10 00:00:00,Mumbai,26.4,88.79047072518293,1007.6,0
2025-05-10 00:00:00,New_Delhi,26.6,76.36659730018178,1004.7,0
2025-05-10 03:00:00,Chennai,31.0,66.78169156880611,1009.3,0
2025-05-10 03:00:00,Hyderabad,29.6,51.33434838713906,1007.2,0
2025-05-10 03:00:00,Kolkata,34.8,52.64629722905695,1007.9,0
2025-05-10 03:00:00,Mumbai,29.0,70.96187714437761,1009.2,0
2025-05-10 03:00:00,New_Delhi,30.4,65.07093044891502,1006.2,0
2025-05-10 06:00:00,Chennai,35.8,50.11512177516556,1008.7,0
2025-05-10 06:00:00,Hyderabad,34.0,37.56093216411774,1006.3,0
2025-05-10 06:00:00,Kolkata,38.6,42.50216258271229,1006.9,0
2025-05-10 06:00:00,Mumbai,32.6,59.54003872035679,1009.4,0
2025-05-10 06:00:00,New_Delhi,35.2,44.77976864883668,1005.6,0
2025-05-10 09:00:00,Chennai,35.4,56.04341471814388,1006.3,0
2025-05-10 09:00:00,Hyderabad,37.6,28.912497899944,1003.8,0
2025-05-10 09:00:00,Kolkata,38.0,39.12374583332483,1004.0,0
2025-05-10 09:00:00,Mumbai,32.8,61.03350741643827,1007.9,0
2025-05-10 09:00:00,New_Delhi,33.4,55.56523594731952,1003.8,0
2025-05-10 12:00:00,Chennai,34.0,60.21481737086436,1005.1,0
2025-05-10 12:00:00,Hyderabad,36.2,32.01476293480324,1002.0,0
2025-05-10 12:00:00,Kolkata,37.6,38.777389609655614,1002.7,0
2025-05-10 12:00:00,Mumbai,32.8,62.13958951433999,1006.0,0
2025-05-10 12:00:00,New_Delhi,30.0,64.98787314987105,1002.5,0
2025-05-10 15:00:00,Chennai,31.4,72.24352874821913,1007.5,0
2025-05-10 15:00:00,Hyderabad,31.8,50.00794215353572,1005.9,0
2025-05-10 15:00:00,Kolkata,34.2,55.09142552871042,1004.7,0
2025-05-10 15:00:00,Mumbai,30.0,71.5698382304094,1008.5,0
2025-05-10 15:00:00,New_Delhi,28.6,70.46084618703307,1005.1,0
2025-05-10 18:00:00,Chennai,30.6,79.74530566981048,1008.2,0
2025-05-10 18:00:00,Hyderabad,30.0,58.58138510397075,1006.6,0
2025-05-10 18:00:00,Kolkata,32.4,69.07688914571028,1005.7,0
2025-05-10 18:00:00,Mumbai,29.6,72.36298568854065,1008.9,0
2025-05-10 18:00:00,New_Delhi,26.8,84.15931168305403,1004.9,0
2025-05-10 21:00:00,Chennai,30.0,84.99729439748566,1006.8,0
2025-05-10 21:00:00,Hyderabad,28.6,63.5148338477734,1006.1,0
2025-05-10 21:00:00,Kolkata,31.6,74.88472135092377,1004.7,0
2025-05-10 21:00:00,Mumbai,28.8,79.03096698905824,1007.5,0
2025-05-10 21:00:00,New_Delhi,26.0,90.37112970835472,1003.8,0
2025-05-11 00:00:00,Chennai,29.4,84.9360766224706,1007.1,0
2025-05-11 00:00:00,Hyderabad,27.8,66.95323599407915,1006.4,0
2025-05-11 00:00:00,Kolkata,31.0,64.4141386029017,1005.8,0
2025-05-11 00:00:00,Mumbai,27.8,81.29701074620921,1007.8,0
2025-05-11 00:00:00,New_Delhi,24.8,88.12759322404811,1003.7,0
2025-05-11 03:00:00,Chennai,32.0,73.63761837389029,1008.3,0
2025-05-11 03:00:00,Hyderabad,31.6,43.54057249253012,1007.0,0
2025-05-11 03:00:00,Kolkata,34.2,54.105694175209415,1006.6,0
2025-05-11 03:00:00,Mumbai,29.8,74.15162297941144,1009.2,0
2025-05-11 03:00:00,New_Delhi,27.8,74.26945688504365,1005.8,0
2025-05-11 06:00:00,Chennai,36.6,52.77597731364829,1007.1,0
2025-05-11 06:00:00,Hyderabad,35.8,34.86054448300015,1005.2,0
2025-05-11 06:00:00,Kolkata,39.0,41.09659842463328,1005.0,0
2025-05-11 06:00:00,Mumbai,34.6,52.28033074523809,1008.4,0
2025-05-11 06:00:00,New_Delhi,34.4,45.11935390234125,1005.1,0
2025-05-11 09:00:00,Chennai,31.6,54.12510474048353,1005.5,0
2025-05-11 09:00:00,Hyderabad,37.8,29.89819825353998,1001.9,0
2025-05-11 09:00:00,Kolkata,39.2,36.22294826543474,1001.4,0
2025-05-11 09:00:00,Mumbai,34.0,57.40603103345707,1006.4,0
2025-05-11 09:00:00,New_Delhi,37.0,34.75063988732095,1002.3,0
2025-05-11 12:00:00,Chennai,30.0,78.26294962837345,1004.1,0
2025-05-11 12:00:00,Hyderabad,36.8,29.630662377283578,1000.1,0
2025-05-11 12:00:00,Kolkata,37.8,39.79310136191578,1000.1,0
2025-05-11 12:00:00,Mumbai,33.2,60.03499793790983,1004.7,0
2025-05-11 12:00:00,New_Delhi,37.4,33.57845250351837,998.4,0
2025-05-11 15:00:00,Chennai,30.2,76.91200889831605,1005.4,0
2025-05-11 15:00:00,Hyderabad,33.8,42.78402067473592,1003.4,0
2025-05-11 15:00:00,Kolkata,34.2,57.45282698261636,1002.5,0
2025-05-11 15:00:00,Mumbai,30.6,71.67589990470815,1006.7,0
2025-05-11 15:00:00,New_Delhi,31.0,38.18234194260357,1003.0,0
2025-05-11 18:00:00,Chennai,30.0,84.99729439748566,1006.2,0
2025-05-11 18:00:00,Hyderabad,32.0,45.89115300275965,1005.0,0
2025-05-11 18:00:00,Kolkata,32.0,71.07626571001893,1003.5,0
2025-05-11 18:00:00,Mumbai,30.0,75.5227593496699,1007.7,0
2025-05-11 18:00:00,New_Delhi,30.4,40.80283577060398,1004.0,0
2025-05-11 21:00:00,Chennai,29.2,87.96874224697314,1004.6,0
2025-05-11 21:00:00,Hyderabad,30.4,49.6455182941857,1003.7,0
2025-05-11 21:00:00,Kolkata,31.6,74.88472135092377,1002.7,0
2025-05-11 21:00:00,Mumbai,28.6,81.88293095675748,1006.4,0
2025-05-11 21:00:00,New_Delhi,28.6,47.63785276074488,1004.3,0
2025-05-12 00:00:00,Chennai,28.8,86.39309843177878,1004.5,0
2025-05-12 00:00:00,Hyderabad,29.0,59.0735624167008,1004.5,0
2025-05-12 00:00:00,Kolkata,30.2,65.02943476343613,1003.0,0
2025-05-12 00:00:00,Mumbai,28.0,85.80667728802291,1006.2,0
2025-05-12 00:00:00,New_Delhi,25.6,64.45946580818865,1003.2,0
2025-05-12 03:00:00,Chennai,30.8,79.77185498360923,1006.3,0
2025-05-12 03:00:00,Hyderabad,31.2,52.710735539122425,1006.1,0
2025-05-12 03:00:00,Kolkata,33.6,52.66619140083634,1004.5,0
2025-05-12 03:00:00,Mumbai,30.2,71.60525312499601,1007.8,0
2025-05-12 03:00:00,New_Delhi,28.8,56.51707465542158,1004.1,0
2025-05-12 06:00:00,Chennai,36.8,45.202582325350185,1005.1,0
2025-05-12 06:00:00,Hyderabad,35.4,39.880531644008144,1004.4,0
2025-05-12 06:00:00,Kolkata,38.2,39.4173123688915,1003.1,0
2025-05-12 06:00:00,Mumbai,33.6,52.66619140083634,1007.6,0
2025-05-12 06:00:00,New_Delhi,35.2,35.36023154295352,1003.7,0
2025-05-12 09:00:00,Chennai,37.4,47.879066969889,1002.6,0
2025-05-12 09:00:00,Hyderabad,36.6,38.26953142956605,1001.6,0
2025-05-12 09:00:00,Kolkata,39.8,39.13162347250542,1000.9,0
2025-05-12 09:00:00,Mumbai,33.4,55.56523594731952,1005.5,0
2025-05-12 09:00:00,New_Delhi,37.6,30.416667598915254,1001.5,0
2025-05-12 12:00:00,Chennai,34.0,61.66375454243735,1002.6,0
2025-05-12 12:00:00,Hyderabad,35.2,39.57943572525667,999.5,0
2025-05-12 12:00:00,Kolkata,36.0,50.46801146991017,999.6,0
2025-05-12 12:00:00,Mumbai,32.6,61.72510709079442,1003.7,0
2025-05-12 12:00:00,New_Delhi,37.4,34.427551192444014,999.0,0
2025-05-12 15:00:00,Chennai,31.4,69.71409411644107,1004.8,0
2025-05-12 15:00:00,Hyderabad,33.2,49.14728523903349,1002.4,0
2025-05-12 15:00:00,Kolkata,31.3,77.98664291124476,1002.3,0
2025-05-12 15:00:00,Mumbai,30.6,70.40290332892224,1006.0,0
2025-05-12 15:00:00,New_Delhi,31.8,56.541515718697454,1000.5,0
2025-05-12 18:00:00,Chennai,31.0,74.7889561009917,1004.75,1
2025-05-12 18:00:00,Kolkata,27.0,83.67695517522091,1002.5999999999999,1
2025-05-12 18:00:00,Mumbai,30.0,70.29306142592459,1005.65,1
2025-05-12 21:00:00,Chennai,30.0,76.88217771852533,1004.7,0
2025-05-12 21:00:00,Hyderabad,26.6,72.72251516973928,1004.8,0
2025-05-12 21:00:00,Kolkata,27.1,88.3173860672434,1002.9,0
2025-05-12 21:00:00,Mumbai,28.6,81.88293095675748,1005.3,0
2025-05-12 21:00:00,New_Delhi,29.0,45.66475006650691,1001.3,0
2025-05-13 00:00:00,Chennai,29.0,76.27419595958764,1004.8,0
2025-05-13 00:00:00,Hyderabad,27.4,66.46205248157912,1004.6,0
2025-05-13 00:00:00,Kolkata,26.4,89.32363226198176,1004.0,0
2025-05-13 00:00:00,Mumbai,28.4,84.83323810049623,1005.8,0
2025-05-13 00:00:00,New_Delhi,29.0,46.84304212720025,1002.1,0
2025-05-13 03:00:00,Chennai,32.6,58.47312526786792,1006.0,0
2025-05-13 03:00:00,Hyderabad,28.6,67.52405842467928,1007.0,0
2025-05-13 03:00:00,Kolkata,31.0,62.49764883972529,1004.35,1
2025-05-13 03:00:00,Mumbai,30.2,78.29124418971334,1007.8,0
2025-05-13 03:00:00,New_Delhi,31.2,41.54764966465231,1004.0,0
2025-05-13 06:00:00,Chennai,37.6,45.96196861442699,1005.6,0
2025-05-13 06:00:00,Hyderabad,33.6,47.47064953081122,1005.8,0
2025-05-13 06:00:00,Kolkata,35.0,57.98288887223963,1004.7,0
2025-05-13 06:00:00,Mumbai,32.8,63.26317222090716,1008.1,0
2025-05-13 06:00:00,New_Delhi,36.0,34.47881056042972,1003.9,0
2025-05-13 09:00:00,Chennai,35.8,53.210609064464286,1002.8,0
2025-05-13 09:00:00,Hyderabad,37.4,35.73653147705667,1001.5,0
2025-05-13 09:00:00,Kolkata,36.8,46.308552225333045,1002.3,0
2025-05-13 09:00:00,Mumbai,33.8,58.05086950800565,1005.7,0
2025-05-13 09:00:00,New_Delhi,39.6,30.18929755537695,1000.8,0
2025-05-13 12:00:00,Chennai,34.0,62.77037868066636,1002.4,0
2025-05-13 12:00:00,Hyderabad,34.6,39.91149946932693,1000.2,0
2025-05-13 12:00:00,Kolkata,34.6,50.11251052096988,1001.7,0
2025-05-13 12:00:00,Mumbai,32.4,62.80069413004488,1004.8,0
2025-05-13 12:00:00,New_Delhi,31.4,49.59587656532929,1001.2,0
2025-05-13 15:00:00,Chennai,31.4,72.24352874821913,1004.5,0
2025-05-13 15:00:00,Hyderabad,32.4,52.68765751422521,1003.1,0
2025-05-13 15:00:00,Kolkata,31.6,78.94871738353811,1003.6,0
2025-05-13 15:00:00,Mumbai,30.8,69.18743090524858,1006.5,0
2025-05-13 15:00:00,New_Delhi,28.6,53.713553895834856,1003.7,0
2025-05-13 18:00:00,Chennai,30.6,78.34767637456054,1006.2,0
2025-05-13 18:00:00,Hyderabad,30.2,53.11481851499087,1005.1,0
2025-05-13 18:00:00,Kolkata,30.4,79.71870652103674,1004.1,0
2025-05-13 18:00:00,Mumbai,30.0,74.18441432342445,1007.2,0
2025-05-13 18:00:00,New_Delhi,28.6,52.38077030558968,1002.2,0
2025-05-13 21:00:00,Chennai,29.8,84.97692867892383,1005.0,0
2025-05-13 21:00:00,Hyderabad,28.4,63.4717371913027,1004.7,0
2025-05-13 21:00:00,Kolkata,30.0,84.99729439748566,1003.1,0
2025-05-13 21:00:00,Mumbai,29.4,76.33535606218936,1006.0,0
2025-05-13 21:00:00,New_Delhi,27.6,54.14162894034234,1000.4,0
2025-05-14 00:00:00,Chennai,30.0,88.03501822943302,1005.4,0
2025-05-14 00:00:00,Hyderabad,26.6,71.39581590815916,1006.0,0
2025-05-14 00:00:00,Kolkata,29.2,83.42405706602797,1004.5,0
2025-05-14 00:00:00,Mumbai,28.6,80.43187680667027,1007.0,0
2025-05-14 00:00:00,New_Delhi,25.0,72.89363172362464,1003.3,0
2025-05-14 03:00:00,Chennai,32.0,73.63761837389029,1006.8,0
2025-05-14 03:00:00,Hyderabad,29.6,60.68601439855552,1007.5,0
2025-05-14 03:00:00,Kolkata,33.4,70.9081702429426,1006.4,0
2025-05-14 03:00:00,Mumbai,30.2,74.2171474546091,1008.0,0
2025-05-14 03:00:00,New_Delhi,28.8,57.58106758326406,1004.8,0
2025-05-14 06:00:00,Chennai,37.0,49.22877315128549,1006.3,0
2025-05-14 06:00:00,Hyderabad,34.6,40.91840530798248,1005.8,0
2025-05-14 06:00:00,Kolkata,36.0,59.60057162936797,1005.9,0
2025-05-14 06:00:00,Mumbai,33.6,60.48499185110832,1008.0,0
2025-05-14 06:00:00,New_Delhi,35.8,36.88410913604144,1004.3,0
2025-05-14 09:00:00,Chennai,36.2,56.90141318081153,1004.3,0
2025-05-14 09:00:00,Hyderabad,36.4,38.21528160361947,1002.9,0
2025-05-14 09:00:00,Kolkata,36.8,54.09249800503277,1003.2,0
2025-05-14 09:00:00,Mumbai,34.4,61.02394829813572,1005.8,0
2025-05-14 09:00:00,New_Delhi,39.0,26.63287397388671,1001.3,0
2025-05-14 12:00:00,Chennai,33.8,61.62000418347626,1002.9,0
2025-05-14 12:00:00,Hyderabad,35.4,41.64615844084455,1000.9,0
2025-05-14 12:00:00,Kolkata,34.4,59.59215392807818,1002.2,0
2025-05-14 12:00:00,Mumbai,31.6,71.00478678077775,1005.2,0
2025-05-14 12:00:00,New_Delhi,39.8,21.726639023970776,999.3,0
2025-05-14 15:00:00,Chennai,31.4,77.54420157006253,1005.7,0
2025-05-14 15:00:00,Hyderabad,28.8,63.55786320773016,1005.9,0
2025-05-14 15:00:00,Kolkata,32.0,71.07626571001893,1005.2,0
2025-05-14 15:00:00,Mumbai,30.4,69.11197515651446,1006.8,0
2025-05-14 15:00:00,New_Delhi,32.0,50.05946898334762,1001.0,0
2025-05-14 18:00:00,Chennai,30.8,82.62927198490198,1007.3,0
2025-05-14 18:00:00,Kolkata,30.6,79.74530566981048,1005.1,0
2025-05-14 18:00:00,Mumbai,28.8,79.03096698905824,1007.5,0
2025-05-14 18:00:00,New_Delhi,33.0,29.950617256444566,1002.3,0
2025-05-14 21:00:00,Chennai,30.0,86.50450703984572,1005.8,0
2025-05-14 21:00:00,Hyderabad,27.2,67.66128064356994,1005.3,0
2025-05-14 21:00:00,Kolkata,30.4,81.13972960661955,1004.3,0
2025-05-14 21:00:00,Mumbai,28.4,78.97572139747378,1006.4,0
2025-05-14 21:00:00,New_Delhi,28.8,45.61078044838573,1001.7,0
2025-05-15 00:00:00,Chennai,29.2,69.72295309892432,1006.1,0
2025-05-15 00:00:00,Hyderabad,27.4,69.38405747208641,1007.0,0
2025-05-15 00:00:00,Kolkata,30.0,82.53623329490637,1004.4,0
2025-05-15 00:00:00,Mumbai,28.0,80.3537462205201,1006.6,0
2025-05-15 00:00:00,New_Delhi,26.4,59.578657328843455,1002.7,0
2025-05-15 03:00:00,Chennai,31.6,57.53630530360317,1006.7,0
2025-05-15 03:00:00,Hyderabad,24.4,83.89661650096087,1010.1,0
2025-05-15 03:00:00,Kolkata,32.6,76.81671358719,1006.3,0
2025-05-15 03:00:00,Mumbai,30.6,74.28243957799879,1008.1,0
2025-05-15 03:00:00,New_Delhi,30.6,41.91458094264047,1004.0,0
2025-05-15 06:00:00,Chennai,37.0,46.3607638584979,1007.6,0
2025-05-15 06:00:00,Hyderabad,32.0,49.13932991257226,1006.8,0
2025-05-15 06:00:00,Kolkata,35.8,59.555580295945774,1005.7,0
2025-05-15 06:00:00,Mumbai,33.6,63.81035576931347,1008.2,0
2025-05-15 06:00:00,New_Delhi,36.4,27.33330347957152,1003.8,0
2025-05-15 09:00:00,Chennai,36.4,48.78152494046583,1004.6,0
2025-05-15 09:00:00,Hyderabad,34.4,41.63407948266954,1003.7,0
2025-05-15 09:00:00,Kolkata,37.0,55.761387344465895,1003.4,0
2025-05-15 09:00:00,Mumbai,34.0,61.66375454243735,1006.4,0
2025-05-15 09:00:00,New_Delhi,39.6,25.78788796724285,1001.3,0
2025-05-15 12:00:00,Chennai,33.8,58.05086950800565,1003.8,0
2025-05-15 12:00:00,Hyderabad,34.4,42.68039966966624,1002.0,0
2025-05-15 12:00:00,Kolkata,34.4,56.81646101218082,1002.6,0
2025-05-15 12:00:00,Mumbai,32.4,65.48228630790443,1005.6,0
2025-05-15 12:00:00,New_Delhi,40.0,21.21801194773784,999.1,0
2025-05-15 15:00:00,Chennai,31.8,73.60449518826249,1006.7,0
2025-05-15 15:00:00,Hyderabad,31.0,54.645691707211896,1005.1,0
2025-05-15 15:00:00,Kolkata,32.0,74.94828132337592,1007.0,0
2025-05-15 15:00:00,Mumbai,31.0,72.1742265807024,1006.4,0
2025-05-15 15:00:00,New_Delhi,32.8,41.45966418882386,1000.2,0
2025-05-15 18:00:00,Chennai,30.6,81.16467826556904,1007.6,0
2025-05-15 18:00:00,Hyderabad,28.8,60.13232984013959,1007.4,0
2025-05-15 18:00:00,Kolkata,26.0,87.17199233244091,1006.6,0
2025-05-15 18:00:00,Mumbai,30.6,72.96898936310727,1007.5,0
2025-05-15 18:00:00,New_Delhi,29.6,57.06157172075657,1001.0,0
2025-05-15 21:00:00,Chennai,30.6,82.60607945629376,1006.7,0
2025-05-15 21:00:00,Hyderabad,24.4,94.73534893450255,1007.4,0
2025-05-15 21:00:00,Kolkata,29.2,86.43038313933076,1004.4,0
2025-05-15 21:00:00,Mumbai,30.2,76.91200889831605,1006.3,0
2025-05-15 21:00:00,New_Delhi,28.6,62.73852597456136,1000.6,0
2025-05-16 00:00:00,Chennai,30.0,81.08968974474207,1004.9,0
2025-05-16 00:00:00,Hyderabad,24.4,96.4626030540391,1004.2,0
2025-05-16 00:00:00,Kolkata,29.4,89.54556000162309,1005.0,0
2025-05-16 00:00:00,Mumbai,30.2,78.29124418971334,1006.2,0
2025-05-16 00:00:00,New_Delhi,27.2,65.60582769317126,1001.3,0
2025-05-16 03:00:00,Chennai,31.6,68.51690400466761,1006.9,0
2025-05-16 03:00:00,Hyderabad,26.4,88.79047072518293,1008.1,0
2025-05-16 03:00:00,Kolkata,33.6,69.70861962540543,1006.2,0
2025-05-16 03:00:00,Mumbai,31.2,69.67698198453844,1007.5,0
2025-05-16 03:00:00,New_Delhi,33.0,43.64515780731752,1001.5,0
2025-05-16 06:00:00,Chennai,35.4,51.85309266039345,1007.0,0
2025-05-16 06:00:00,Hyderabad,28.4,75.27023327866294,1007.5,0
2025-05-16 06:00:00,Kolkata,36.4,58.99422053734538,1005.4,0
2025-05-16 06:00:00,Mumbai,33.8,62.727505384680136,1008.2,0
2025-05-16 06:00:00,New_Delhi,39.4,24.768359792202297,1002.4,0
2025-05-16 09:00:00,Chennai,35.2,50.87551178411221,1004.1,0
2025-05-16 09:00:00,Hyderabad,34.0,55.04309180081118,1003.3,0
2025-05-16 09:00:00,Kolkata,36.5,56.30367888959218,1003.1,0
2025-05-16 09:00:00,Mumbai,32.2,67.82126335429727,1005.9,0
2025-05-16 09:00:00,New_Delhi,42.0,21.568348256816964,999.0,0
2025-05-16 12:00:00,Chennai,32.6,63.22051607138405,1003.3,0
2025-05-16 12:00:00,Hyderabad,34.6,45.450730430393634,1001.4,0
2025-05-16 12:00:00,Kolkata,34.0,62.77037868066636,1002.1,0
2025-05-16 12:00:00,Mumbai,31.6,68.51690400466761,1005.5,0
2025-05-16 12:00:00,New_Delhi,27.2,75.53609118292528,1001.0,0
2025-05-16 15:00:00,Chennai,31.4,66.86129021440888,1006.1,0
2025-05-16 15:00:00,Hyderabad,31.2,59.58083797061803,1005.1,0
2025-05-16 15:00:00,Kolkata,31.6,74.88472135092377,1004.7,0
2025-05-16 15:00:00,Mumbai,30.8,71.71113203855039,1007.4,0
2025-05-16 15:00:00,New_Delhi,29.0,60.550183383368285,1000.4,0
2025-05-16 18:00:00,Chennai,31.0,77.48613913975385,1007.3,0
2025-05-16 18:00:00,Hyderabad,29.4,66.46070290917613,1005.8,0
2025-05-16 18:00:00,Kolkata,30.6,81.16467826556904,1005.4,0
2025-05-16 18:00:00,Mumbai,30.4,72.93500760473812,1007.1,0
2025-05-16 18:00:00,New_Delhi,28.4,54.68305210736864,1000.8,0
2025-05-16 21:00:00,Chennai,27.6,74.23649168800932,1005.8,0
2025-05-16 21:00:00,Hyderabad,28.6,70.03457368492587,1004.8,0
2025-05-16 21:00:00,Kolkata,30.0,82.53623329490637,1005.1,0
2025-05-16 21:00:00,Mumbai,30.4,72.93500760473812,1006.0,0
2025-05-16 21:00:00,New_Delhi,27.8,54.19164488057315,999.9,0
2025-05-17 00:00:00,Chennai,28.0,72.08347293059005,1004.5,0
2025-05-17 00:00:00,Hyderabad,26.8,77.3319727882649,1006.1,0
2025-05-17 00:00:00,Kolkata,30.0,84.99729439748566,1005.7,0
2025-05-17 00:00:00,Mumbai,30.2,74.2171474546091,1005.7,0
2025-05-17 00:00:00,New_Delhi,30.4,41.85979912286083,999.1,0
2025-05-17 03:00:00,Chennai,30.6,61.656767739717175,1006.0,0
2025-05-17 03:00:00,Hyderabad,28.6,67.52405842467928,1007.2,0
2025-05-17 03:00:00,Kolkata,32.2,77.65969087917847,1006.6,0
2025-05-17 03:00:00,Mumbai,30.4,78.31948639832048,1007.4,0
2025-05-17 03:00:00,New_Delhi,31.6,55.46769384647515,1002.4,0
2025-05-17 06:00:00,Chennai,34.6,53.55559032656666,1005.8,0
2025-05-17 06:00:00,Hyderabad,31.4,60.72113037024215,1005.5,0
2025-05-17 06:00:00,Kolkata,35.6,62.74261908933156,1005.9,0
2025-05-17 06:00:00,Mumbai,30.4,85.53649748682237,1008.1,0
2025-05-17 06:00:00,New_Delhi,37.8,31.44509296494908,1002.8,0
2025-05-17 09:00:00,Chennai,30.8,77.00117625197225,1004.2,0
2025-05-17 09:00:00,Hyderabad,33.4,52.2972859735491,1003.1,0
2025-05-17 09:00:00,Kolkata,35.6,57.43753526548385,1003.9,0
2025-05-17 09:00:00,Mumbai,32.8,67.93722542562669,1006.4,0
2025-05-17 09:00:00,New_Delhi,40.6,28.26315788748801,998.9,0
2025-05-17 12:00:00,Chennai,32.0,72.34703340707203,1003.8,0
2025-05-17 12:00:00,Hyderabad,33.8,49.60427705148923,1000.5,0
2025-05-17 12:00:00,Kolkata,33.6,58.00441896805416,1002.6,0
2025-05-17 12:00:00,Mumbai,32.4,63.9379440059793,1004.9,0
2025-05-17 12:00:00,New_Delhi,36.0,36.25291537431095,998.0,0
2025-05-17 15:00:00,Chennai,28.6,76.21281246926864,1006.4,0
2025-05-17 15:00:00,Hyderabad,31.0,59.53505705723449,1004.3,0
2025-05-17 15:00:00,Kolkata,31.4,70.96895584191402,1006.6,0
2025-05-17 15:00:00,Mumbai,30.4,75.58532357148971,1006.1,0
2025-05-17 15:00:00,New_Delhi,31.8,48.78382679727445,999.8,0
2025-05-17 18:00:00,Chennai,28.4,70.42408506037569,1006.8,0
2025-05-17 18:00:00,Hyderabad,29.2,65.21759803719027,1004.5,0
2025-05-17 18:00:00,Kolkata,26.0,90.37112970835472,1006.7,0
2025-05-17 18:00:00,Mumbai,30.0,75.5227593496699,1006.6,0
2025-05-17 18:00:00,New_Delhi,31.6,50.89250919922128,1000.4,0
2025-05-17 21:00:00,Chennai,28.6,77.59711341151534,1005.5,0
2025-05-17 21:00:00,Hyderabad,28.8,67.56355741939835,1004.5,0
2025-05-17 21:00:00,Kolkata,27.0,87.26088849314073,1005.4,0
2025-05-17 21:00:00,Mumbai,29.4,76.33535606218936,1005.5,0
2025-05-17 21:00:00,New_Delhi,30.0,49.23154765101147,999.5,0
2025-05-18 00:00:00,Chennai,28.0,78.44744220055776,1004.8,0
2025-05-18 00:00:00,Hyderabad,26.8,75.93379535179172,1005.3,0
2025-05-18 00:00:00,Kolkata,26.4,88.79047072518293,1005.3,0
2025-05-18 00:00:00,Mumbai,28.8,81.90716097068722,1006.0,0
2025-05-18 00:00:00,New_Delhi,28.0,59.577319147693366,1001.0,0
2025-05-18 03:00:00,Chennai,30.0,71.5698382304094,1006.1,0
2025-05-18 03:00:00,Hyderabad,29.4,65.25908019260346,1005.8,0
2025-05-18 03:00:00,Kolkata,28.0,90.50618565208272,1008.4,0
2025-05-18 03:00:00,Mumbai,31.0,65.58856385714532,1007.4,0
2025-05-18 03:00:00,New_Delhi,31.2,62.164195185628046,1003.0,0
2025-05-18 06:00:00,Chennai,35.0,52.6959049784361,1005.3,0
2025-05-18 06:00:00,Hyderabad,34.0,48.75448871884437,1004.7,0
2025-05-18 06:00:00,Kolkata,31.0,77.03079038177704,1007.6,0
2025-05-18 06:00:00,Mumbai,33.8,62.727505384680136,1007.1,0
2025-05-18 06:00:00,New_Delhi,37.6,33.63256917880905,1002.0,0
2025-05-18 09:00:00,Chennai,35.4,56.04341471814388,1002.5,0
2025-05-18 09:00:00,Hyderabad,35.8,40.98926336052007,1001.2,0
2025-05-18 09:00:00,Kolkata,30.2,70.32973763313946,1006.0,0
2025-05-18 09:00:00,Mumbai,34.0,58.445589633486186,1004.8,0
2025-05-18 09:00:00,New_Delhi,41.2,26.0366511487208,999.3,0
2025-05-18 12:00:00,Chennai,32.0,66.1862478230639,1002.6,0
2025-05-18 12:00:00,Hyderabad,32.4,57.029314759535474,1000.0,0
2025-05-18 12:00:00,Kolkata,29.4,68.50651160978764,1004.6,0
2025-05-18 12:00:00,Mumbai,31.8,66.14596424716504,1003.6,0
2025-05-18 12:00:00,New_Delhi,39.8,35.943354739958366,997.1,0
2025-05-18 15:00:00,Chennai,30.6,74.28243957799879,1004.2,0
2025-05-18 15:00:00,Hyderabad,31.0,60.26392569896982,1003.0,0
2025-05-18 15:00:00,Kolkata,28.0,81.80996009312997,1005.9,0
2025-05-18 15:00:00,Mumbai,30.8,70.43939306440934,1004.6,0
2025-05-18 15:00:00,New_Delhi,34.2,50.01039226884028,998.9,0
2025-05-18 18:00:00,Chennai,29.6,76.82235153000387,1004.4,0
2025-05-18 18:00:00,Hyderabad,29.2,67.64236009872468,1003.5,0
2025-05-18 18:00:00,Kolkata,28.8,83.37928484286573,1007.1,0
2025-05-18 18:00:00,Mumbai,30.4,72.93500760473812,1005.3,0
2025-05-18 18:00:00,New_Delhi,32.6,60.623956285700366,1000.0,0
2025-05-18 21:00:00,Chennai,27.8,87.33135888966177,1003.1,0
2025-05-18 21:00:00,Hyderabad,28.4,64.65299308404073,1003.3,0
2025-05-18 21:00:00,Kolkata,28.2,88.93074165144274,1005.3,0
2025-05-18 21:00:00,Mumbai,30.4,75.58532357148971,1004.0,0
2025-05-18 21:00:00,New_Delhi,30.8,67.95498445600064,999.1,0
2025-05-19 00:00:00,Chennai,27.2,85.72845277885752,1003.2,0
2025-05-19 00:00:00,Hyderabad,27.4,81.7365655889581,1004.6,0
2025-05-19 00:00:00,Kolkata,28.8,84.87449545917907,1006.3,0
2025-05-19 00:00:00,Mumbai,28.6,90.54615869442738,1004.4,0
2025-05-19 00:00:00,New_Delhi,29.2,73.60956501820533,1000.4,0
2025-05-19 03:00:00,Chennai,27.0,93.71791865005991,1006.1,0
2025-05-19 03:00:00,Hyderabad,29.4,70.18265788054528,1005.2,0
2025-05-19 03:00:00,Kolkata,32.4,74.13743365834232,1007.5,0
2025-05-19 03:00:00,Mumbai,29.6,88.00194722290112,1005.9,0
2025-05-19 03:00:00,New_Delhi,31.2,68.4404025650585,1003.1,0
2025-05-19 06:00:00,Chennai,30.2,78.75577037755664,1004.1,0
2025-05-19 06:00:00,Hyderabad,32.8,57.12388642133092,1004.5,0
2025-05-19 06:00:00,Kolkata,35.2,61.56152645528508,1006.6,0
2025-05-19 06:00:00,Mumbai,32.6,63.22051607138405,1006.2,0
2025-05-19 06:00:00,New_Delhi,35.6,53.16143044853384,1002.6,0
2025-05-19 09:00:00,Chennai,32.2,71.53290094917851,1002.8,0
2025-05-19 09:00:00,Hyderabad,34.0,49.959241845838434,1001.5,0
2025-05-19 09:00:00,Kolkata,35.0,55.28411899781748,1003.4,0
2025-05-19 09:00:00,Mumbai,33.6,63.81035576931347,1004.5,0
2025-05-19 09:00:00,New_Delhi,39.2,43.6955730544988,999.9,0
2025-05-19 12:00:00,Chennai,31.8,67.34108781459214,1001.6,0
2025-05-19 12:00:00,Hyderabad,33.8,48.70271536660474,999.4,0
2025-05-19 12:00:00,Kolkata,33.6,59.056399786976336,1003.2,0
2025-05-19 12:00:00,Mumbai,31.8,69.78813164326573,1002.8,0
2025-05-19 12:00:00,New_Delhi,39.4,45.61058194064101,997.1,0
2025-05-19 15:00:00,Chennai,29.5,85.95167540163044,1003.2,0
2025-05-19 15:00:00,Hyderabad,31.2,65.23625619134161,1002.3,0
2025-05-19 15:00:00,Kolkata,26.6,96.51914127003089,1006.0,0
2025-05-19 15:00:00,Mumbai,29.4,86.44896966030107,1004.6,0
2025-05-19 15:00:00,New_Delhi,34.2,59.54690108998311,998.3,0
2025-05-19 18:00:00,Chennai,28.8,86.39309843177878,1003.9,0
2025-05-19 18:00:00,Hyderabad,29.6,73.23627466407994,1003.5,0
2025-05-19 18:00:00,Kolkata,27.6,95.41595470562916,1005.0,0
2025-05-19 18:00:00,Mumbai,29.0,87.95208930052544,1005.5,0
2025-05-19 18:00:00,New_Delhi,32.8,62.13958951433999,999.8,0
2025-05-19 21:00:00,Chennai,28.8,86.39309843177878,1002.1,0
2025-05-19 21:00:00,Hyderabad,29.0,75.36535821707001,1002.2,0
2025-05-19 21:00:00,Kolkata,28.4,87.90192756472376,1003.3,0
2025-05-19 21:00:00,Mumbai,29.0,84.89506306062921,1003.1,0
2025-05-19 21:00:00,New_Delhi,32.0,65.01074996458017,999.2,0
2025-05-20 00:00:00,Chennai,28.6,87.91868204829599,1002.7,0
2025-05-20 00:00:00,Hyderabad,28.4,78.03469389209555,1002.9,0
2025-05-20 00:00:00,Kolkata,28.6,90.54615869442738,1003.7,0
2025-05-20 00:00:00,Mumbai,29.0,84.89506306062921,1003.6,0
2025-05-20 00:00:00,New_Delhi,30.2,70.32973763313946,999.8,0
2025-05-20 03:00:00,Chennai,28.4,93.78062725022616,1004.6,0
2025-05-20 03:00:00,Hyderabad,29.6,70.64371103998167,1004.6,0
2025-05-20 03:00:00,Kolkata,32.2,77.65969087917847,1005.2,0
2025-05-20 03:00:00,Mumbai,30.4,79.71870652103674,1004.7,0
2025-05-20 03:00:00,New_Delhi,31.0,66.78169156880611,1001.3,0
2025-05-20 06:00:00,Chennai,32.6,69.11441091335229,1003.7,0
2025-05-20 06:00:00,Hyderabad,33.4,51.35032689190111,1002.9,0
2025-05-20 06:00:00,Kolkata,34.4,64.35595460211525,1004.5,0
2025-05-20 06:00:00,Mumbai,33.0,70.42167655411042,1004.7,0
2025-05-20 06:00:00,New_Delhi,35.4,56.04341471814388,1000.3,0
2025-05-20 09:00:00,Chennai,33.0,70.42167655411042,1001.5,0
2025-05-20 09:00:00,Hyderabad,34.8,45.783358298631015,999.7,0
2025-05-20 09:00:00,Kolkata,36.2,53.62697094613858,1002.7,0
2025-05-20 09:00:00,Mumbai,33.8,64.9948432310438,1002.2,0
2025-05-20 09:00:00,New_Delhi,39.8,42.56485217000818,996.8,0
2025-05-20 12:00:00,Chennai,29.8,82.51286135002354,1001.9,0
2025-05-20 12:00:00,Hyderabad,33.8,48.70271536660474,998.8,0
2025-05-20 12:00:00,Kolkata,34.2,59.54690108998311,1002.0,0
2025-05-20 12:00:00,Mumbai,32.0,68.5931528079531,1001.3,0
2025-05-20 12:00:00,New_Delhi,40.0,42.87264368553528,995.2,0
2025-05-20 15:00:00,Chennai,26.8,93.15451744532716,1004.6,0
2025-05-20 15:00:00,Hyderabad,31.4,57.139500433232726,1001.6,0
2025-05-20 15:00:00,Kolkata,31.5,71.83396752672148,1004.5,0
2025-05-20 15:00:00,Mumbai,26.4,87.207659213301,1005.3,0
2025-05-20 15:00:00,New_Delhi,34.8,58.978670050887736,996.8,0
2025-05-20 18:00:00,Chennai,26.2,93.68166338882529,1004.9,0
2025-05-20 18:00:00,Hyderabad,29.8,64.55274470068998,1002.7,0
2025-05-20 18:00:00,Kolkata,30.4,75.58532357148971,1004.7,0
2025-05-20 18:00:00,Mumbai,25.4,88.17753730223563,1006.0,0
2025-05-20 18:00:00,New_Delhi,33.4,60.08005109311657,998.9,0
2025-05-20 21:00:00,Chennai,26.2,93.68166338882529,1003.3,0
2025-05-20 21:00:00,Hyderabad,28.6,70.03457368492587,1001.7,0
2025-05-20 21:00:00,Kolkata,29.4,79.11344799319119,1003.1,0
2025-05-20 21:00:00,Mumbai,25.2,91.41120774609278,1001.9,0
2025-05-20 21:00:00,New_Delhi,32.6,61.72510709079442,997.9,0
2025-05-21 00:00:00,Chennai,26.4,93.69075623120436,1004.6,0
2025-05-21 00:00:00,Hyderabad,27.0,78.78071949348664,1003.3,0
2025-05-21 00:00:00,Kolkata,29.0,84.89506306062921,1004.6,0
2025-05-21 00:00:00,Mumbai,25.6,90.3437793367858,1004.3,0
2025-05-21 00:00:00,New_Delhi,31.2,68.4404025650585,999.0,0
2025-05-21 03:00:00,Chennai,29.0,80.48371679996085,1005.7,0
2025-05-21 03:00:00,Hyderabad,27.4,77.42084507110732,1004.7,0
2025-05-21 03:00:00,Kolkata,33.2,72.97782727710387,1006.7,0
2025-05-21 03:00:00,Mumbai,27.8,82.77031896665545,1004.4,0
2025-05-21 03:00:00,New_Delhi,32.4,63.9379440059793,1002.9,0
2025-05-21 06:00:00,Chennai,33.4,60.08005109311657,1005.6,0
2025-05-21 06:00:00,Hyderabad,30.8,62.45409180674004,1004.0,0
2025-05-21 06:00:00,Kolkata,35.6,62.74261908933156,1005.6,0
2025-05-21 06:00:00,Mumbai,30.2,71.60525312499601,1005.2,0
2025-05-21 06:00:00,New_Delhi,37.4,51.42744511220352,1000.9,0
2025-05-21 09:00:00,Chennai,34.6,54.52982508908034,1003.2,0
2025-05-21 09:00:00,Hyderabad,29.0,72.69546161061416,1003.1,0
2025-05-21 09:00:00,Kolkata,36.8,53.1395653620466,1003.1,0
2025-05-21 09:00:00,Mumbai,32.2,66.22646690114202,1002.6,0
2025-05-21 09:00:00,New_Delhi,39.8,44.37822224313049,998.1,0
2025-05-21 12:00:00,Chennai,34.2,57.45282698261636,1002.4,0
2025-05-21 12:00:00,Hyderabad,25.4,93.08530694612072,1001.7,0
2025-05-21 12:00:00,Kolkata,34.6,63.27041910529518,1001.1,0
2025-05-21 12:00:00,Mumbai,32.0,66.1862478230639,1000.8,0
2025-05-21 12:00:00,New_Delhi,39.6,42.51196124073437,995.0,0
2025-05-21 15:00:00,Chennai,31.2,74.82093472023674,1005.0,0
2025-05-21 15:00:00,Hyderabad,25.6,95.34896308093464,1004.6,0
2025-05-21 15:00:00,Kolkata,32.0,72.34703340707203,1004.7,0
2025-05-21 15:00:00,Mumbai,30.4,78.31948639832048,1003.1,0
2025-05-21 15:00:00,New_Delhi,23.5,99.39863805888812,1002.9,0
2025-05-21 18:00:00,Chennai,29.6,83.46865512129703,1005.9,0
2025-05-21 18:00:00,Hyderabad,24.2,90.24714719552355,1005.6,0
2025-05-21 18:00:00,Kolkata,23.0,92.96422650821278,1008.7,0
2025-05-21 18:00:00,Mumbai,29.2,76.30480387190515,1004.0,0
2025-05-21 18:00:00,New_Delhi,24.6,77.00183279014861,999.8,0
2025-05-21 21:00:00,Chennai,28.0,84.79181717750924,1004.9,0
2025-05-21 21:00:00,Hyderabad,24.2,94.7276645424548,1003.9,0
2025-05-21 21:00:00,Kolkata,25.0,91.39891921824884,1004.5,0
2025-05-21 21:00:00,Mumbai,25.6,91.4357072125878,1002.2,0
2025-05-21 21:00:00,New_Delhi,25.0,72.89363172362464,999.4,0
2025-05-22 00:00:00,Chennai,28.4,69.15080360685214,1005.2,0
2025-05-22 00:00:00,Hyderabad,24.0,96.45217641736166,1004.5,0
2025-05-22 00:00:00,Kolkata,26.0,87.17199233244091,1003.3,0
2025-05-22 00:00:00,Mumbai,25.2,91.41120774609278,1001.8,0
2025-05-22 00:00:00,New_Delhi,24.0,83.33878752130364,1001.7,0
2025-05-22 03:00:00,Chennai,29.8,63.38474620448235,1007.4,0
2025-05-22 03:00:00,Hyderabad,24.4,93.03523459227986,1005.9,0
2025-05-22 03:00:00,Kolkata,27.4,81.24686676192346,1007.1,0
2025-05-22 03:00:00,Mumbai,27.6,84.24549777703992,1002.9,0
2025-05-22 06:00:00,Chennai,33.8,46.3683932576894,1006.3,0
2025-05-22 06:00:00,Hyderabad,29.2,68.88408621576289,1003.9,0
2025-05-22 06:00:00,Kolkata,31.6,67.30181208332723,1005.8,0
2025-05-22 06:00:00,Mumbai,31.0,65.58856385714532,1003.1,0
2025-05-22 06:00:00,New_Delhi,32.0,52.26545370306257,1003.1,0
2025-05-22 09:00:00,Chennai,36.4,43.21618022972479,1003.5,0
2025-05-22 09:00:00,Hyderabad,31.2,58.14727164768178,1000.6,0
2025-05-22 09:00:00,Kolkata,33.4,63.76827162149033,1002.8,0
2025-05-22 09:00:00,Mumbai,33.2,58.9647920354539,1000.4,0
2025-05-22 09:00:00,New_Delhi,34.0,50.879846925795135,1001.0,0
2025-05-22 12:00:00,Chennai,34.8,49.55903704428391,1002.6,0
2025-05-22 12:00:00,Hyderabad,31.6,53.13694270651922,1000.0,0
2025-05-22 12:00:00,Kolkata,32.4,63.9379440059793,1002.1,0
2025-05-22 12:00:00,Mumbai,31.0,73.47141965449843,1000.4,0
2025-05-22 12:00:00,New_Delhi,33.8,50.52043098784162,998.8,0
2025-05-22 15:00:00,Chennai,30.6,72.96898936310727,1004.3,0
2025-05-22 15:00:00,Hyderabad,29.2,66.42028554635831,1002.3,0
2025-05-22 15:00:00,Kolkata,30.6,75.61652127297627,1004.1,0
2025-05-22 15:00:00,Mumbai,30.4,75.58532357148971,1001.5,0
2025-05-22 15:00:00,New_Delhi,30.8,67.95498445600064,998.9,0
2025-05-22 18:00:00,Chennai,30.4,75.58532357148971,1005.4,0
2025-05-22 18:00:00,Hyderabad,27.8,68.19643184527753,1003.6,0
2025-05-22 18:00:00,Kolkata,30.0,82.53623329490637,1003.3,0
2025-05-22 18:00:00,Mumbai,30.0,81.08968974474207,1001.9,0
2025-05-22 18:00:00,New_Delhi,29.2,70.99802751141195,1000.2,0
2025-05-22 21:00:00,Chennai,29.4,74.97860136800087,1003.9,0
2025-05-22 21:00:00,Hyderabad,26.4,74.03745333814867,1002.3,0
2025-05-22 21:00:00,Kolkata,29.2,86.43038313933076,1002.3,0
2025-05-22 21:00:00,Mumbai,29.0,86.92256150044042,999.5,0
2025-05-22 21:00:00,New_Delhi,28.0,71.64672861133928,1000.2,0
2025-05-23 00:00:00,Chennai,28.4,84.83323810049623,1003.7,0
2025-05-23 00:00:00,Hyderabad,25.2,79.49489892026219,1002.6,0
2025-05-23 00:00:00,Kolkata,29.0,89.51636332080271,1003.0,0
2025-05-23 00:00:00,Mumbai,28.6,86.37440005285019,999.5,0
2025-05-23 00:00:00,New_Delhi,27.2,78.33374294989056,1000.6,0
2025-05-23 03:00:00,Chennai,31.4,67.26247234040332,1005.1,0
2025-05-23 03:00:00,Hyderabad,27.0,71.90678209614687,1003.5,0
2025-05-23 03:00:00,Kolkata,30.2,82.5595602209085,1004.2,0
2025-05-23 03:00:00,Mumbai,29.4,87.98536152503398,1000.7,0
2025-05-23 03:00:00,New_Delhi,29.8,68.58338730413207,1001.3,0
2025-05-23 06:00:00,Chennai,36.2,41.86135583652421,1003.8,0
2025-05-23 06:00:00,Hyderabad,30.2,58.62802673114032,1002.0,0
2025-05-23 06:00:00,Kolkata,31.6,74.88472135092377,1003.1,0
2025-05-23 06:00:00,Mumbai,32.0,77.63089769639963,1000.0,0
2025-05-23 06:00:00,New_Delhi,34.6,53.55559032656666,1000.1,0
2025-05-23 09:00:00,Chennai,37.8,40.77566219121079,1000.8,0
2025-05-23 09:00:00,Hyderabad,31.2,57.44189089337356,999.0,0
2025-05-23 09:00:00,Kolkata,34.0,61.66375454243735,1000.2,0
2025-05-23 09:00:00,Mumbai,33.0,71.67322751398581,998.1,0
2025-05-23 09:00:00,New_Delhi,36.4,48.78152494046583,997.5,0
2025-05-23 12:00:00,Chennai,34.8,48.36926414281864,1000.2,0
2025-05-23 12:00:00,Hyderabad,31.4,55.08058002977347,997.5,0
2025-05-23 12:00:00,Kolkata,31.2,73.50477620307173,1000.3,0
2025-05-23 12:00:00,Mumbai,28.6,76.21281246926864,997.1,0
2025-05-23 12:00:00,New_Delhi,36.2,49.617324489439085,995.3,0
2025-05-23 15:00:00,Chennai,31.6,73.57131384659597,1002.3,0
2025-05-23 15:00:00,Hyderabad,29.4,66.46070290917613,1000.0,0
2025-05-23 15:00:00,Kolkata,27.4,88.86871874139695,1002.5,0
2025-05-23 15:00:00,Mumbai,28.6,83.35683314726084,998.6,0
2025-05-23 15:00:00,New_Delhi,32.6,61.72510709079442,997.2,0
2025-05-23 18:00:00,Chennai,25.6,98.23312117951836,1004.1,0
2025-05-23 18:00:00,Hyderabad,27.4,76.02731162505535,1000.9,0
2025-05-23 18:00:00,Kolkata,27.4,88.86871874139695,1002.7,0
2025-05-23 18:00:00,Mumbai,28.4,88.94616815571688,999.8,0
2025-05-23 18:00:00,New_Delhi,31.2,65.62945434667039,998.3,0
2025-05-23 21:00:00,Chennai,25.4,96.48847066905626,1002.1,0
2025-05-23 21:00:00,Hyderabad,26.4,81.1206589392812,999.3,0
2025-05-23 21:00:00,Kolkata,27.6,88.88427217188078,1001.8,0
2025-05-23 21:00:00,Mumbai,28.6,81.88293095675748,999.7,0
2025-05-23 21:00:00,New_Delhi,30.0,66.17996487728405,998.1,0
2025-05-24 00:00:00,Chennai,26.4,90.3983661985558,1002.7,0
2025-05-24 00:00:00,Hyderabad,26.2,75.37713898357798,1000.5,0
2025-05-24 00:00:00,Kolkata,27.2,92.07698925377626,1002.8,0
2025-05-24 00:00:00,Mumbai,28.0,84.79181717750924,998.3,0
2025-05-24 00:00:00,New_Delhi,29.2,70.99802751141195,999.8,0
2025-05-24 03:00:00,Chennai,28.4,83.33433758376981,1003.9,0
2025-05-24 03:00:00,Hyderabad,27.0,74.59053556051053,1001.8,0
2025-05-24 03:00:00,Kolkata,30.0,86.50450703984572,1004.5,0
2025-05-24 03:00:00,Mumbai,30.0,82.53623329490637,999.9,0
2025-05-24 03:00:00,New_Delhi,32.0,61.59314569456349,1000.2,0
2025-05-24 06:00:00,Chennai,34.0,59.50158303199722,1002.9,0
2025-05-24 06:00:00,Hyderabad,29.0,63.99146967340664,1001.0,0
2025-05-24 06:00:00,Kolkata,34.0,61.66375454243735,1002.8,0
2025-05-24 06:00:00,Mumbai,32.0,74.94828132337592,1000.1,0
2025-05-24 06:00:00,New_Delhi,36.4,50.87246310030946,1000.0,0
2025-05-24 09:00:00,Chennai,34.8,55.56746983976959,1000.3,0
2025-05-24 09:00:00,Hyderabad,31.4,57.48913124065053,997.6,0
2025-05-24 09:00:00,Kolkata,31.0,81.21443360821415,1000.5,0
2025-05-24 09:00:00,Mumbai,32.6,66.70160074556692,998.4,0
2025-05-24 09:00:00,New_Delhi,37.8,50.02301172143749,997.4,0
2025-05-24 12:00:00,Chennai,32.2,62.75759984410254,1000.9,0
2025-05-24 12:00:00,Hyderabad,30.2,63.47058184400489,997.3,0
2025-05-24 12:00:00,Kolkata,31.2,74.82093472023674,1000.3,0
2025-05-24 12:00:00,Mumbai,31.8,68.55505992605102,997.1,0
2025-05-24 12:00:00,New_Delhi,37.0,49.22877315128549,995.5,0
2025-05-24 15:00:00,Chennai,30.8,71.71113203855039,1003.7,0
2025-05-24 15:00:00,Hyderabad,24.6,96.46779925124456,1002.2,0
2025-05-24 15:00:00,Kolkata,29.0,84.89506306062921,1003.5,0
2025-05-24 15:00:00,Mumbai,30.6,78.34767637456054,999.7,0
2025-05-24 15:00:00,New_Delhi,33.6,59.056399786976336,998.8,0
2025-05-24 18:00:00,Chennai,30.2,67.83823315041917,1004.1,0
2025-05-24 18:00:00,Hyderabad,25.2,88.69550382118368,1002.2,0
2025-05-24 18:00:00,Kolkata,29.0,84.89506306062921,1003.9,0
2025-05-24 18:00:00,Mumbai,28.4,88.94616815571688,1001.5,0
2025-05-24 18:00:00,New_Delhi,32.4,61.68118591242464,999.6,0
2025-05-24 21:00:00,Chennai,29.0,70.96187714437761,1002.6,0
2025-05-24 21:00:00,Hyderabad,25.4,85.5501381158545,1000.1,0
2025-05-24 21:00:00,Kolkata,28.6,87.91868204829599,1002.6,0
2025-05-24 21:00:00,Mumbai,28.0,92.12191734434786,1000.55,1
2025-05-24 21:00:00,New_Delhi,21.2,100.0,1004.4,0
2025-05-25 00:00:00,Chennai,28.4,77.56787120852722,1002.5,0
2025-05-25 00:00:00,Hyderabad,24.8,85.48997942635886,1001.3,0
2025-05-25 00:00:00,Kolkata,27.8,93.7538663078413,1003.1,0
2025-05-25 00:00:00,Mumbai,26.8,93.70888380751718,999.6,0
2025-05-25 00:00:00,New_Delhi,22.0,100.0,1001.5,0
2025-05-25 03:00:00,Chennai,32.0,60.12540926930006,1003.9,0
2025-05-25 03:00:00,Hyderabad,27.4,73.30600536406747,1001.7,0
2025-05-25 03:00:00,Kolkata,30.4,81.13972960661955,1004.6,0
2025-05-25 03:00:00,Mumbai,27.0,92.06569807815052,1001.5,0
2025-05-25 06:00:00,Chennai,33.8,57.01603340699637,1003.9,0
2025-05-25 06:00:00,Hyderabad,30.0,64.59471092157922,1001.8,0
2025-05-25 06:00:00,Kolkata,32.5,69.91710072643073,1004.0,0
2025-05-25 06:00:00,Mumbai,29.0,89.51636332080271,1002.8,0
2025-05-25 06:00:00,New_Delhi,28.2,78.94802076163292,1004.3,0
2025-05-25 09:00:00,Chennai,35.0,48.71594505052492,1001.5,0
2025-05-25 09:00:00,Hyderabad,31.2,60.67623983728871,999.2,0
2025-05-25 09:00:00,Kolkata,30.4,72.93500760473812,1002.2,0
2025-05-25 09:00:00,Mumbai,30.4,85.53649748682237,1001.1,0
2025-05-25 09:00:00,New_Delhi,29.8,72.83270468535767,1002.5,0
2025-05-25 12:00:00,Chennai,32.0,63.85356133058713,1001.4,0
2025-05-25 12:00:00,Hyderabad,30.4,60.12781595604137,998.4,0
2025-05-25 12:00:00,Kolkata,29.8,81.06459831337503,1001.0,0
2025-05-25 12:00:00,Mumbai,30.2,84.02682856635852,1000.5,0
2025-05-25 12:00:00,New_Delhi,31.0,67.99377352527183,1001.0,0
2025-05-25 15:00:00,Chennai,30.6,67.91613145039247,1005.5,0
2025-05-25 15:00:00,Hyderabad,27.0,74.59053556051053,1001.9,0
2025-05-25 15:00:00,Kolkata,29.2,80.5095630310082,1004.2,0
2025-05-25 15:00:00,Mumbai,30.0,86.50450703984572,1002.1,0
2025-05-25 15:00:00,New_Delhi,28.0,83.28921441559984,1001.6,0
2025-05-25 18:00:00,Chennai,28.2,70.38726092133687,1004.6,0
2025-05-25 18:00:00,Hyderabad,26.2,81.09527108176809,1002.6,0
2025-05-25 18:00:00,Kolkata,29.0,84.89506306062921,1004.1,0
2025-05-25 18:00:00,Mumbai,28.6,95.44891343392182,1003.9,0
2025-05-25 18:00:00,New_Delhi,27.0,88.83751596451742,1003.3,0
2025-05-25 21:00:00,Chennai,27.8,77.0138849054383,1002.9,0
2025-05-25 21:00:00,Hyderabad,25.6,90.3437793367858,1000.4,0
2025-05-25 21:00:00,Kolkata,28.4,86.35566419509173,1002.8,0
2025-05-25 21:00:00,Mumbai,28.8,93.7983735302794,1001.9,0
2025-05-25 21:00:00,New_Delhi,26.2,90.38476214988124,1002.5,0
2025-05-26 00:00:00,Chennai,27.6,79.81995065848324,1002.9,0
2025-05-26 00:00:00,Hyderabad,24.0,90.23322652420384,1001.1,0
2025-05-26 00:00:00,Kolkata,28.0,88.91528354225218,1002.4,0
2025-05-26 00:00:00,Mumbai,29.2,87.96874224697314,1000.8,0
2025-05-26 00:00:00,New_Delhi,26.6,87.22543835052973,1002.6,0
2025-05-26 03:00:00,Chennai,29.0,73.13460789145611,1004.4,0
2025-05-26 03:00:00,Hyderabad,25.0,85.51007272938315,1001.9,0
2025-05-26 03:00:00,Kolkata,32.2,71.53290094917851,1003.2,0
2025-05-26 03:00:00,Mumbai,28.6,95.44891343392182,1002.0,0
2025-05-26 03:00:00,New_Delhi,28.0,80.3537462205201,1004.0,0
2025-05-26 06:00:00,Chennai,32.6,57.42298925056439,1003.7,0
2025-05-26 06:00:00,Hyderabad,27.8,74.72082357195549,1001.0,0
2025-05-26 06:00:00,Kolkata,26.0,100.0,1003.3,0
2025-05-26 06:00:00,Mumbai,25.8,93.105186728661,1003.8,0
2025-05-26 06:00:00,New_Delhi,31.4,66.06520314217083,1002.9,0
2025-05-26 09:00:00,Chennai,33.2,56.53234399526844,1001.3,0
2025-05-26 09:00:00,Hyderabad,29.8,68.1706441435751,998.6,0
2025-05-26 09:00:00,Kolkata,26.0,100.0,1001.1,0
2025-05-26 09:00:00,Mumbai,26.8,92.0543831105128,1002.1,0
2025-05-26 09:00:00,New_Delhi,33.8,60.52964398250845,1000.3,0
2025-05-26 12:00:00,Chennai,33.2,56.53234399526844,1000.6,0
2025-05-26 12:00:00,Hyderabad,26.0,90.37112970835472,998.5,0
2025-05-26 12:00:00,Kolkata,26.0,100.0,1000.4,0
2025-05-26 12:00:00,Mumbai,28.4,93.78062725022616,1000.4,0
2025-05-26 12:00:00,New_Delhi,34.8,58.978670050887736,997.7,0
2025-05-26 15:00:00,Chennai,31.8,74.91652960815853,1002.1,0
2025-05-26 15:00:00,Hyderabad,25.4,87.11821906243264,1000.8,0
2025-05-26 15:00:00,Kolkata,26.8,98.24867165262664,1002.0,0
2025-05-26 15:00:00,Mumbai,27.4,93.73593071403404,1001.4,0
2025-05-26 15:00:00,New_Delhi,30.4,75.58532357148971,998.2,0
2025-05-26 18:00:00,Chennai,30.2,63.85719380100154,1002.8,0
2025-05-26 18:00:00,Hyderabad,25.2,87.10022146859102,1001.3,0
2025-05-26 18:00:00,Kolkata,26.5,95.9464708703928,1001.3,0
2025-05-26 18:00:00,Mumbai,27.0,95.39600874452508,1002.6,0
2025-05-26 18:00:00,New_Delhi,28.6,84.8538871735531,999.8,0
2025-05-26 21:00:00,Chennai,28.8,69.22673360721909,1001.0,0
2025-05-26 21:00:00,Hyderabad,24.8,91.38660473195172,1000.1,0
2025-05-26 21:00:00,Kolkata,26.0,98.23832753499846,999.6,0
2025-05-26 21:00:00,Mumbai,27.4,93.73593071403404,1001.3,0
2025-05-26 21:00:00,New_Delhi,27.4,85.74806761675889,1000.2,0
2025-05-27 00:00:00,Chennai,28.2,66.21721115814579,1001.2,0
2025-05-27 00:00:00,Hyderabad,24.2,93.02515571569042,999.4,0
2025-05-27 00:00:00,Kolkata,27.0,96.5292760949642,999.6,0
2025-05-27 00:00:00,Mumbai,25.0,94.75830253018952,1001.6,0
2025-05-27 00:00:00,New_Delhi,26.8,87.24318141227258,1000.0,0
2025-05-27 03:00:00,Chennai,30.0,61.14896099495759,1002.7,0
2025-05-27 03:00:00,Hyderabad,26.0,84.07244076824206,1001.2,0
2025-05-27 03:00:00,Kolkata,28.4,95.44234995416194,1000.9,0
2025-05-27 03:00:00,Mumbai,27.0,83.67695517522091,1002.6500000000001,1
2025-05-27 03:00:00,New_Delhi,30.0,71.5698382304094,1000.8,0
2025-05-27 06:00:00,Chennai,32.4,70.31283604150148,1002.6,0
2025-05-27 06:00:00,Hyderabad,29.8,68.1706441435751,1000.6,0
2025-05-27 06:00:00,Kolkata,31.8,72.31259150236149,999.4,0
2025-05-27 06:00:00,Mumbai,27.6,87.31379479213656,1003.7,0
2025-05-27 06:00:00,New_Delhi,35.6,52.21515920700269,999.6,0
2025-05-27 09:00:00,Chennai,34.4,54.15456428793436,1000.2,0
2025-05-27 09:00:00,Hyderabad,30.8,62.83365155694164,997.3,0
2025-05-27 09:00:00,Kolkata,29.2,90.58588438387352,998.1,0
2025-05-27 09:00:00,Mumbai,27.4,88.86871874139695,1001.6,0
2025-05-27 09:00:00,New_Delhi,36.4,45.92506574150559,997.4,0
2025-05-27 12:00:00,Chennai,33.6,56.9688756885708,999.1,0
2025-05-27 12:00:00,Hyderabad,30.0,66.17996487728405,999.3,1
2025-05-27 12:00:00,Kolkata,30.0,86.50450703984572,996.4,0
2025-05-27 12:00:00,Mumbai,27.0,88.83751596451742,1000.2,0
2025-05-27 12:00:00,New_Delhi,36.4,50.87246310030946,994.3,0
2025-05-27 15:00:00,Chennai,30.4,69.11197515651446,1001.8,0
2025-05-27 15:00:00,Hyderabad,24.6,94.74301669819424,1001.3,0
2025-05-27 15:00:00,Kolkata,28.2,92.13309053912468,997.6,0
2025-05-27 15:00:00,Mumbai,26.6,88.80618472944694,1002.1,0
2025-05-27 15:00:00,New_Delhi,32.2,70.27643339934488,995.6,0
2025-05-27 18:00:00,Chennai,29.6,74.118773297339,1002.5,0
2025-05-27 18:00:00,Hyderabad,24.4,96.4626030540391,1001.6,0
2025-05-27 18:00:00,Kolkata,28.2,93.77172585847173,998.1,0
2025-05-27 18:00:00,Mumbai,26.6,90.41194193154736,1003.3,0
2025-05-27 18:00:00,New_Delhi,30.6,78.34767637456054,998.4,0
2025-05-27 21:00:00,Chennai,29.2,76.30480387190515,1000.6,0
2025-05-27 21:00:00,Hyderabad,24.2,94.7276645424548,999.7,0
2025-05-27 21:00:00,Kolkata,25.8,100.0,996.5,0
2025-05-27 21:00:00,Mumbai,26.4,92.03168153578638,1002.3,0
2025-05-27 21:00:00,New_Delhi,29.2,84.91559008084812,997.7,0
2025-05-28 00:00:00,Chennai,28.6,70.46084618703307,1001.0,0
2025-05-28 00:00:00,Hyderabad,24.0,84.88741479671322,998.0,0
2025-05-28 00:00:00,Kolkata,26.0,94.23292497092102,996.95,1
2025-05-28 00:00:00,Mumbai,26.0,93.67255110424423,1001.4,0
2025-05-28 00:00:00,New_Delhi,28.8,83.37928484286573,997.2,0
2025-05-28 03:00:00,Chennai,30.6,62.79033585952567,1002.0,0
2025-05-28 03:00:00,Hyderabad,25.8,81.04434812185663,1001.3,0
2025-05-28 03:00:00,Kolkata,28.8,90.55942797559786,997.4,0
2025-05-28 03:00:00,Mumbai,27.8,88.89979374390309,1002.9,0
2025-05-28 03:00:00,New_Delhi,32.2,70.27643339934488,999.2,0
2025-05-28 06:00:00,Chennai,35.0,44.72667147816544,1001.6,0
2025-05-28 06:00:00,Hyderabad,28.4,71.28430644471217,1000.7,0
2025-05-28 06:00:00,Kolkata,30.2,82.5595602209085,997.2,0
2025-05-28 06:00:00,Mumbai,31.0,77.48613913975385,1003.1,0
2025-05-28 06:00:00,New_Delhi,36.2,53.62697094613858,998.6,0
2025-05-28 09:00:00,Chennai,35.0,44.72667147816544,999.5,0
2025-05-28 09:00:00,Hyderabad,29.8,64.55274470068998,998.5,0
2025-05-28 09:00:00,Kolkata,28.6,92.1553667873356,994.3,0
2025-05-28 09:00:00,Mumbai,31.6,76.21857827105511,1001.5,0
2025-05-28 09:00:00,New_Delhi,37.8,47.98196923843544,995.9,0
2025-05-28 12:00:00,Chennai,34.6,46.294665135954354,999.3,0
2025-05-28 12:00:00,Hyderabad,28.8,70.07168933719818,997.4,0
2025-05-28 12:00:00,Kolkata,29.8,82.0276141014992,994.1,0
2025-05-28 12:00:00,Mumbai,25.6,90.3437793367858,1000.2,0
2025-05-28 12:00:00,New_Delhi,37.0,49.22877315128549,993.6,0
2025-05-28 15:00:00,Chennai,32.2,59.09077055251807,1001.4,0
2025-05-28 15:00:00,Hyderabad,26.0,78.16158824199735,999.8,0
2025-05-28 15:00:00,Kolkata,29.2,83.42405706602797,995.2,0
2025-05-28 15:00:00,Mumbai,25.8,91.99744908137735,1001.6,0
2025-05-28 15:00:00,New_Delhi,33.2,68.41626758283552,994.1,0
2025-05-28 18:00:00,Chennai,31.0,59.53505705723449,1001.8,0
2025-05-28 18:00:00,Hyderabad,25.2,89.77318651955946,1000.8,0
2025-05-28 18:00:00,Kolkata,28.4,84.83323810049623,994.2,0
2025-05-28 18:00:00,Mumbai,25.6,93.09525743190017,1001.9,0
2025-05-28 18:00:00,New_Delhi,31.8,67.34108781459214,995.9,0
2025-05-28 21:00:00,Chennai,29.8,64.94624549390848,1000.0,0
2025-05-28 21:00:00,Hyderabad,24.8,88.12759322404811,999.6,0
2025-05-28 21:00:00,Kolkata,26.8,92.0543831105128,992.4,0
2025-05-28 21:00:00,Mumbai,25.8,91.99744908137735,1001.1,0
2025-05-28 21:00:00,New_Delhi,30.8,73.00291172196927,994.8,0
2025-05-29 00:00:00,Chennai,29.4,63.298643541066646,1001.3,0
2025-05-29 00:00:00,Hyderabad,24.6,86.51781437617485,999.0,0
2025-05-29 00:00:00,Kolkata,26.2,92.0202947964304,991.9,0
2025-05-29 00:00:00,Mumbai,25.8,94.78867673105134,1000.7,0
2025-05-29 00:00:00,New_Delhi,30.0,76.88217771852533,995.5,0
2025-05-29 03:00:00,Chennai,29.6,66.09873806993735,1002.6,0
2025-05-29 03:00:00,Hyderabad,26.0,82.55918218789247,1000.4,0
2025-05-29 03:00:00,Kolkata,28.6,83.35683314726084,993.0,0
2025-05-29 03:00:00,Mumbai,28.6,80.43187680667027,1002.0,0
2025-05-29 03:00:00,New_Delhi,33.0,63.3057630010676,996.7,0
2025-05-29 06:00:00,Chennai,34.8,46.34728534896258,1001.8,0
2025-05-29 06:00:00,Hyderabad,28.0,74.75324908997443,1000.0,0
2025-05-29 06:00:00,Kolkata,28.4,92.14424033203444,991.1,0
2025-05-29 06:00:00,Mumbai,31.0,74.7889561009917,1000.9,1
2025-05-29 06:00:00,New_Delhi,37.0,52.25085066985851,995.8,0
2025-05-29 09:00:00,Chennai,35.2,49.66137214526371,999.5,0
2025-05-29 09:00:00,Hyderabad,29.8,68.1706441435751,997.9,0
2025-05-29 09:00:00,Kolkata,28.0,92.12191734434786,988.1,0
2025-05-29 09:00:00,Mumbai,32.8,75.51424951083074,999.8,0
2025-05-29 09:00:00,New_Delhi,38.4,50.4714192355173,993.1,0
2025-05-29 12:00:00,Chennai,34.0,50.879846925795135,998.9,0
2025-05-29 12:00:00,Hyderabad,27.0,70.16498573439732,998.0,0
2025-05-29 12:00:00,Kolkata,26.8,98.24867165262664,988.4,0
2025-05-29 12:00:00,Mumbai,32.2,74.979976618763,999.2,0
2025-05-29 12:00:00,New_Delhi,34.4,49.15636027363035,992.7,0
2025-05-29 15:00:00,Chennai,32.6,58.47312526786792,1001.3,0
2025-05-29 15:00:00,Hyderabad,24.8,80.91617618975445,1000.1,0
2025-05-29 15:00:00,Kolkata,26.6,98.24609415561164,990.6,0
2025-05-29 15:00:00,Mumbai,30.2,86.52294575570109,1000.7,0
2025-05-29 15:00:00,New_Delhi,31.2,50.47601592432225,993.3,0
2025-05-29 18:00:00,Chennai,31.2,63.30103708820237,1001.7,0
2025-05-29 18:00:00,Hyderabad,25.6,78.10377110822357,1000.0,0
2025-05-29 18:00:00,Kolkata,26.4,98.24351098143454,991.5,0
2025-05-29 18:00:00,Mumbai,30.0,86.50450703984572,1002.2,0
2025-05-29 18:00:00,New_Delhi,29.4,62.14732383319959,993.5,0
2025-05-29 21:00:00,Chennai,30.0,69.03626644470846,1000.3,0
2025-05-29 21:00:00,Hyderabad,25.6,82.5117563848295,999.1,0
2025-05-29 21:00:00,Kolkata,26.2,98.24092211346162,991.3,0
2025-05-29 21:00:00,Mumbai,30.0,84.99729439748566,1000.7,0
2025-05-29 21:00:00,New_Delhi,28.6,72.18874813372028,994.2,0
2025-05-30 00:00:00,Chennai,29.0,66.78535949708609,1001.1,0
2025-05-30 00:00:00,Hyderabad,25.0,90.30253888900404,999.8,0
2025-05-30 00:00:00,Kolkata,26.4,96.51405730461325,993.2,0
2025-05-30 00:00:00,Mumbai,29.8,88.01849942848882,1000.6,0
2025-05-30 00:00:00,New_Delhi,28.2,74.33521026919057,994.1,0
2025-05-30 03:00:00,Chennai,29.6,67.31212756795189,1002.4,0
2025-05-30 03:00:00,Hyderabad,26.0,82.55918218789247,1001.4,0
2025-05-30 03:00:00,Kolkata,29.0,84.89506306062921,995.6,0
2025-05-30 03:00:00,Mumbai,30.8,81.1895795616241,1002.4,0
2025-05-30 03:00:00,New_Delhi,30.6,69.14973459026399,995.9,0
2025-05-30 06:00:00,Chennai,32.0,57.981228496846505,1002.8,0
2025-05-30 06:00:00,Hyderabad,31.0,66.3818887938788,1000.3,0
2025-05-30 06:00:00,Kolkata,34.0,67.37244576814547,995.7,0
2025-05-30 06:00:00,Mumbai,32.4,74.13743365834232,1003.0,0
2025-05-30 06:00:00,New_Delhi,32.2,55.9524546962478,996.6,0
2025-05-30 09:00:00,Chennai,27.6,92.09950049107172,1001.6,0
2025-05-30 09:00:00,Hyderabad,33.2,54.18821271508536,998.1,0
2025-05-30 09:00:00,Kolkata,34.8,63.31273208033373,995.3,0
2025-05-30 09:00:00,Mumbai,33.6,72.19806731088487,1002.2,0
2025-05-30 09:00:00,New_Delhi,32.0,56.93448027880228,995.1,0
2025-05-30 12:00:00,Chennai,28.0,93.76280556198172,1001.5,0
2025-05-30 12:00:00,Hyderabad,31.4,59.62655225243648,996.8,0
2025-05-30 12:00:00,Kolkata,32.6,70.34917736761386,996.4,0
2025-05-30 12:00:00,Mumbai,32.2,74.10487661671202,1001.4,0
2025-05-30 12:00:00,New_Delhi,33.8,51.76501461107679,992.6,0
2025-05-30 15:00:00,Chennai,25.8,94.78867673105134,1003.8,0
2025-05-30 15:00:00,Hyderabad,29.8,65.73955575357787,1000.5,0
2025-05-30 15:00:00,Kolkata,30.6,81.16467826556904,998.4,0
2025-05-30 15:00:00,Mumbai,30.6,82.60607945629376,1003.1,0
2025-05-30 15:00:00,New_Delhi,30.8,60.58625885317225,994.2,0
2025-05-30 18:00:00,Chennai,26.0,88.7589455109383,1003.4499999999999,1
2025-05-30 18:00:00,Kolkata,31.0,87.10069428371511,999.5,0
2025-05-30 18:00:00,Mumbai,30.4,82.58284223811447,1005.0,0
2025-05-30 18:00:00,New_Delhi,28.6,73.50891633549199,996.2,0
2025-05-30 21:00:00,Chennai,26.0,92.00888400052642,1003.1,0
2025-05-30 21:00:00,Hyderabad,27.6,79.3410195196288,1001.4,0
2025-05-30 21:00:00,Kolkata,30.4,89.61803111590942,997.8,0
2025-05-30 21:00:00,Mumbai,30.0,83.5130798716472,1003.7,0
2025-05-30 21:00:00,New_Delhi,26.8,82.65347894376836,995.7,0
2025-05-31 00:00:00,Chennai,26.6,84.13765842724912,1004.1,0
2025-05-31 00:00:00,Hyderabad,25.6,79.54959126313932,1002.9,0
2025-05-31 00:00:00,Kolkata,29.0,92.17754994106518,999.0,0
2025-05-31 00:00:00,Mumbai,29.8,82.51286135002354,1004.4,0
2025-05-31 00:00:00,New_Delhi,26.6,87.22543835052973,996.7,0
2025-05-31 03:00:00,Chennai,30.0,64.98787314987105,1005.8,0
2025-05-31 03:00:00,Hyderabad,26.4,74.03745333814867,1003.8,0
2025-05-31 03:00:00,Kolkata,33.1,74.25093310524629,1000.0,0
2025-05-31 03:00:00,Mumbai,30.6,79.74530566981048,1006.0,0
2025-05-31 03:00:00,New_Delhi,31.0,64.4141386029017,997.8,0
2025-05-31 06:00:00,Chennai,34.0,52.76574284376031,1005.6,0
2025-05-31 06:00:00,Hyderabad,31.0,54.645691707211896,1004.0,0
2025-05-31 06:00:00,Kolkata,35.4,67.25128721615818,999.6,0
2025-05-31 06:00:00,Mumbai,33.0,72.94417143512577,1006.9,0
2025-05-31 06:00:00,New_Delhi,36.6,43.26947320144839,997.0,0
2025-05-31 09:00:00,Chennai,36.2,45.87258435676028,1003.9,0
2025-05-31 09:00:00,Hyderabad,34.0,45.01303182239883,1001.9,0
2025-05-31 09:00:00,Kolkata,31.6,82.72159738179782,997.8,0
2025-05-31 09:00:00,Mumbai,32.8,74.20237605491754,1006.0,0
2025-05-31 09:00:00,New_Delhi,39.0,40.11510367549571,994.9,0
2025-05-31 12:00:00,Chennai,34.4,57.499557963952576,1003.5,0
2025-05-31 12:00:00,Hyderabad,34.0,41.26764941426599,1001.2,0
2025-05-31 12:00:00,Kolkata,31.8,73.60449518826249,997.7,0
2025-05-31 12:00:00,Mumbai,32.0,71.07626571001893,1004.6,0
2025-05-31 12:00:00,New_Delhi,31.4,50.52742024257406,996.7,0
2025-05-31 15:00:00,Chennai,31.0,78.40390010984709,1004.8,0
2025-05-31 15:00:00,Hyderabad,30.8,51.32134411473673,1003.1,0
2025-05-31 15:00:00,Kolkata,31.0,85.59526014060029,1000.2,0
2025-05-31 15:00:00,Mumbai,30.4,78.31948639832048,1005.6,0
2025-05-31 15:00:00,New_Delhi,30.4,56.55250112657328,996.3,0
2025-05-31 18:00:00,Chennai,30.0,82.53623329490637,1005.9,0
2025-05-31 18:00:00,Hyderabad,29.6,54.63879144543691,1003.9,0
2025-05-31 18:00:00,Kolkata,30.0,92.23260387388136,1000.1,0
2025-05-31 18:00:00,Mumbai,30.0,79.66535824918688,1007.2,0
2025-05-31 18:00:00,New_Delhi,29.6,52.30674462542291,998.5,0
2025-05-31 21:00:00,Chennai,29.2,73.60956501820533,1004.9,0
2025-05-31 21:00:00,Hyderabad,28.0,65.77119451823714,1003.6,0
2025-05-31 21:00:00,Kolkata,30.0,91.1671536010179,998.4,0
2025-05-31 21:00:00,Mumbai,28.2,90.5195376072018,1005.2,0
2025-05-31 21:00:00,New_Delhi,28.8,56.51707465542158,997.1,0
2025-06-01 00:00:00,Chennai,29.0,66.78535949708609,1005.7,0
2025-06-01 00:00:00,Hyderabad,26.4,70.0529871846676,1004.5,0
2025-06-01 00:00:00,Kolkata,29.2,92.18860676693176,999.2,0
2025-06-01 00:00:00,Mumbai,26.4,87.207659213301,1005.3,0
2025-06-01 00:00:00,New_Delhi,28.8,55.12527410197304,997.6,0
2025-06-01 03:00:00,Chennai,31.2,61.04527320720593,1007.8,0
2025-06-01 03:00:00,Hyderabad,28.0,64.56860575309092,1006.9,0
2025-06-01 03:00:00,Kolkata,33.2,75.57620351995676,999.7,0
2025-06-01 03:00:00,Mumbai,28.8,87.93540259721783,1006.6,0
2025-06-01 06:00:00,Chennai,35.2,45.8888450476227,1006.9,0
2025-06-01 06:00:00,Hyderabad,31.0,52.0129263013748,1005.3666666666667,1
2025-06-01 06:00:00,Kolkata,36.6,61.14795125757947,998.8,0
2025-06-01 06:00:00,Mumbai,31.0,82.65241993308152,1006.9,0
2025-06-01 06:00:00,New_Delhi,34.6,45.17243194873731,998.8,0
2025-06-01 09:00:00,Chennai,38.0,41.07815749378226,1004.6,0
2025-06-01 09:00:00,Hyderabad,34.0,41.26764941426599,1003.8333333333333,1
2025-06-01 09:00:00,Kolkata,38.0,50.07345504495615,997.6,0
2025-06-01 09:00:00,Mumbai,32.6,67.89863459456423,1005.5,0
2025-06-01 09:00:00,New_Delhi,37.0,47.48991405743266,996.8,0
2025-06-01 12:00:00,Chennai,36.6,48.832792621081225,1004.3,0
2025-06-01 12:00:00,Hyderabad,33.6,41.67699875120779,1002.3,0
2025-06-01 12:00:00,Kolkata,35.8,63.89522935666694,997.1,0
2025-06-01 12:00:00,Mumbai,32.0,69.82505728068918,1004.8,0
2025-06-01 12:00:00,New_Delhi,23.0,98.19871205791138,1000.7,0
2025-06-01 15:00:00,Chennai,31.2,76.157651318818,1005.9,0
2025-06-01 15:00:00,Hyderabad,28.6,65.89451972688084,1004.7,0
2025-06-01 15:00:00,Kolkata,31.2,73.50477620307173,999.5,0
2025-06-01 15:00:00,Mumbai,30.2,78.29124418971334,1005.4,0
2025-06-01 15:00:00,New_Delhi,24.4,94.73534893450255,998.1,0
2025-06-01 18:00:00,Chennai,30.6,75.61652127297627,1007.4,0
2025-06-01 18:00:00,Hyderabad,28.0,64.56860575309092,1005.7,0
2025-06-01 18:00:00,Kolkata,29.0,86.41175942849821,999.8,0
2025-06-01 18:00:00,Mumbai,29.8,78.23460259362332,1005.8,0
2025-06-01 18:00:00,New_Delhi,24.4,89.71497940989825,997.5,0
2025-06-01 21:00:00,Chennai,30.2,76.91200889831605,1006.0,0
2025-06-01 21:00:00,Hyderabad,27.2,66.42134103227126,1004.8,0
2025-06-01 21:00:00,Kolkata,28.8,87.93540259721783,1000.0,0
2025-06-01 21:00:00,Mumbai,28.2,90.5195376072018,1004.1,0
2025-06-01 21:00:00,New_Delhi,26.4,67.92169298232594,996.7,0
2025-06-02 00:00:00,Chennai,29.0,77.65543578652992,1006.4,0
2025-06-02 00:00:00,Hyderabad,25.4,74.78677922090901,1005.8,0
2025-06-02 00:00:00,Kolkata,29.4,89.54556000162309,998.1,0
2025-06-02 00:00:00,Mumbai,28.0,92.12191734434786,1004.1,0
2025-06-02 00:00:00,New_Delhi,25.0,80.44778939452424,997.5,0
2025-06-02 03:00:00,Chennai,32.6,52.73766518450572,1007.9,0
2025-06-02 03:00:00,Hyderabad,27.6,69.4219684883362,1006.4,0
2025-06-02 03:00:00,Kolkata,34.2,63.93621970684363,999.8,0
2025-06-02 03:00:00,Mumbai,29.0,87.95208930052544,1005.5,0
2025-06-02 06:00:00,Chennai,35.8,40.73714199718271,1006.5,0
2025-06-02 06:00:00,Hyderabad,31.6,53.13694270651922,1004.8,0
2025-06-02 06:00:00,Kolkata,37.0,48.35250304538567,999.3,0
2025-06-02 06:00:00,Mumbai,32.0,69.82505728068918,1005.5,0
2025-06-02 06:00:00,New_Delhi,33.8,50.52043098784162,998.9,0
2025-06-02 09:00:00,Chennai,37.8,41.77941499803934,1004.3,0
2025-06-02 09:00:00,Hyderabad,31.4,50.84132733234328,1003.0,0
2025-06-02 09:00:00,Kolkata,39.0,42.86488420992912,997.9,0
2025-06-02 09:00:00,Mumbai,33.0,69.1892678326449,1004.0,0
2025-06-02 09:00:00,New_Delhi,35.6,46.274902906140255,996.3,0
2025-06-02 12:00:00,Chennai,34.8,52.64629722905695,1004.2,0
2025-06-02 12:00:00,Hyderabad,29.0,61.3005571175413,1002.8,0
2025-06-02 12:00:00,Kolkata,37.0,48.35250304538567,997.8,0
2025-06-02 12:00:00,Mumbai,32.8,69.15187043596707,1003.5,0
2025-06-02 12:00:00,New_Delhi,32.6,50.523270115947824,996.5,0
2025-06-02 15:00:00,Chennai,31.6,66.1056160585513,1006.5,0
2025-06-02 15:00:00,Hyderabad,28.8,56.16626483504383,1004.0,0
2025-06-02 15:00:00,Kolkata,32.2,61.63719881412483,1000.2,0
2025-06-02 15:00:00,Mumbai,30.4,79.71870652103674,1004.7,0
2025-06-02 15:00:00,New_Delhi,30.2,49.28378027609706,998.6,0
2025-06-02 18:00:00,Chennai,30.6,75.61652127297627,1007.0,0
2025-06-02 18:00:00,Hyderabad,28.2,63.42857312642764,1004.6,0
2025-06-02 18:00:00,Kolkata,31.6,60.03485302219658,1001.4,0
2025-06-02 18:00:00,Mumbai,30.0,78.26294962837345,1005.8,0
2025-06-02 18:00:00,New_Delhi,28.2,59.62356658779815,998.5,0
2025-06-02 21:00:00,Chennai,30.0,74.62820502423824,1006.85,1
2025-06-02 21:00:00,Kolkata,29.0,70.10874183711726,1001.25,1
2025-06-02 21:00:00,Mumbai,29.4,83.44637781059491,1004.2,0
2025-06-03 00:00:00,Chennai,29.4,67.27251207661499,1006.7,0
2025-06-03 00:00:00,Hyderabad,25.6,73.44933327378524,1005.0,0
2025-06-03 00:00:00,Kolkata,29.8,82.0276141014992,1001.1,0
2025-06-03 00:00:00,Mumbai,29.8,79.63860889063328,1004.3,0
2025-06-03 00:00:00,New_Delhi,26.2,62.20916153073495,1000.3,0
2025-06-03 03:00:00,Chennai,32.4,52.68765751422521,1007.9,0
2025-06-03 03:00:00,Hyderabad,27.6,68.1573799292512,1006.7,0
2025-06-03 03:00:00,Kolkata,34.2,66.62513546519824,1002.3,0
2025-06-03 03:00:00,Mumbai,30.8,79.77185498360923,1006.1,0
2025-06-03 03:00:00,New_Delhi,27.0,60.09299888935582,1000.8,0
2025-06-03 06:00:00,Chennai,36.0,40.791130956418186,1007.2,0
2025-06-03 06:00:00,Hyderabad,31.2,54.02628630041925,1005.3,0
2025-06-03 06:00:00,Kolkata,36.4,47.908694402066544,1001.9,0
2025-06-03 06:00:00,Mumbai,32.4,70.31283604150148,1006.2,0
2025-06-03 06:00:00,New_Delhi,32.6,47.50135055929089,1000.1,0
2025-06-03 09:00:00,Chennai,37.2,41.11405443334469,1004.5,0
2025-06-03 09:00:00,Hyderabad,32.0,50.05946898334762,1002.9,0
2025-06-03 09:00:00,Kolkata,38.6,42.50216258271229,999.3,0
2025-06-03 09:00:00,Mumbai,33.4,67.25543915862544,1004.5,0
2025-06-03 09:00:00,New_Delhi,31.0,53.64502413942176,1000.6,0
2025-06-03 12:00:00,Chennai,36.8,44.38835366041097,1003.8,0
2025-06-03 12:00:00,Hyderabad,32.2,48.28637302369594,1001.7,0
2025-06-03 12:00:00,Kolkata,33.6,59.056399786976336,999.4,0
2025-06-03 12:00:00,Mumbai,28.2,86.33689076158295,1003.7,0
2025-06-03 12:00:00,New_Delhi,32.2,50.11093393474899,999.0,0
2025-06-03 15:00:00,Chennai,28.0,92.12191734434786,1006.3,0
2025-06-03 15:00:00,Hyderabad,29.6,60.68601439855552,1003.6,0
2025-06-03 15:00:00,Kolkata,30.6,72.96898936310727,1001.9,0
2025-06-03 15:00:00,Mumbai,30.2,82.5595602209085,1005.0,0
2025-06-03 15:00:00,New_Delhi,29.0,66.78535949708609,1000.9,0
2025-06-03 18:00:00,Chennai,29.8,81.06459831337503,1007.4,0
2025-06-03 18:00:00,Hyderabad,29.0,60.17802618273944,1004.8,0
2025-06-03 18:00:00,Kolkata,26.2,100.0,1003.9,0
2025-06-03 18:00:00,Mumbai,30.0,84.99729439748566,1005.5,0
2025-06-03 18:00:00,New_Delhi,28.2,61.12083252766046,1003.2,0
2025-06-03 21:00:00,Chennai,29.2,70.99802751141195,1006.2,0
2025-06-03 21:00:00,Hyderabad,28.2,61.881757646591936,1004.6,0
2025-06-03 21:00:00,Kolkata,24.6,100.0,1002.4,0
2025-06-03 21:00:00,Mumbai,28.2,90.5195376072018,1004.1,0
2025-06-03 21:00:00,New_Delhi,25.8,71.69270020375919,1001.2,0
2025-06-04 00:00:00,Chennai,28.6,76.21281246926864,1007.0,0
2025-06-04 00:00:00,Hyderabad,26.4,68.76728555973749,1005.6,0
2025-06-04 00:00:00,Kolkata,25.0,93.06534216930643,1002.8,0
2025-06-04 00:00:00,Mumbai,25.0,96.47815756865955,1004.5,0
2025-06-04 00:00:00,New_Delhi,25.4,74.3271201935749,1001.6,0
2025-06-04 03:00:00,Chennai,31.4,62.20792223032527,1008.5,0
2025-06-04 03:00:00,Hyderabad,28.6,62.35350135009037,1007.2,0
2025-06-04 03:00:00,Kolkata,27.4,90.46596324112936,1004.3,0
2025-06-04 03:00:00,Mumbai,26.2,90.38476214988124,1006.4,0
2025-06-04 03:00:00,New_Delhi,27.0,71.03120402884956,1003.5,0
2025-06-04 06:00:00,Chennai,35.4,44.83281126238255,1007.4,0
2025-06-04 06:00:00,Hyderabad,32.4,46.28468477422319,1005.9,0
2025-06-04 06:00:00,Kolkata,32.2,77.65969087917847,1004.4,0
2025-06-04 06:00:00,Mumbai,26.6,92.0430442850652,1007.3,0
2025-06-04 06:00:00,New_Delhi,30.6,58.00662433733898,1004.3,0
2025-06-04 09:00:00,Chennai,37.6,37.83597623983439,1005.2,0
2025-06-04 09:00:00,Hyderabad,34.6,42.734210826075305,1003.2,0
2025-06-04 09:00:00,Kolkata,31.2,72.20890765279174,1003.2,0
2025-06-04 09:00:00,Mumbai,28.6,81.88293095675748,1007.0,0
2025-06-04 09:00:00,New_Delhi,33.4,45.97775128380732,1003.1,0
2025-06-04 12:00:00,Chennai,33.8,61.62000418347626,1004.6,0
2025-06-04 12:00:00,Hyderabad,33.6,41.67699875120779,1002.3,0
2025-06-04 12:00:00,Kolkata,28.8,77.62630156297041,1002.5,0
2025-06-04 12:00:00,Mumbai,28.8,79.03096698905824,1005.8,0
2025-06-04 12:00:00,New_Delhi,33.6,40.140099313942,1001.7,0
2025-06-04 15:00:00,Chennai,30.4,65.07093044891502,1006.7,0
2025-06-04 15:00:00,Hyderabad,31.4,47.48064606544448,1004.5,0
2025-06-04 15:00:00,Kolkata,27.6,82.7470419948832,1005.3,0
2025-06-04 15:00:00,Mumbai,27.0,84.18092213796281,1007.3,0
2025-06-04 15:00:00,New_Delhi,29.8,52.35746956789925,1003.7,0
2025-06-04 18:00:00,Chennai,30.6,74.28243957799879,1007.9,0
2025-06-04 18:00:00,Hyderabad,28.0,64.56860575309092,1006.8,0
2025-06-04 18:00:00,Kolkata,27.8,88.89979374390309,1006.0,0
2025-06-04 18:00:00,Mumbai,26.4,90.3983661985558,1008.0,0
2025-06-04 18:00:00,New_Delhi,27.2,71.06754970374743,1004.0,0
2025-06-04 21:00:00,Chennai,30.0,67.39116386417841,1005.9,0
2025-06-04 21:00:00,Hyderabad,26.0,64.14261894523437,1006.5,0
2025-06-04 21:00:00,Kolkata,28.0,88.91528354225218,1005.3,0
2025-06-04 21:00:00,Mumbai,26.2,90.38476214988124,1006.6,0
2025-06-04 21:00:00,New_Delhi,27.0,57.51084662663192,1004.9,0
2025-06-05 00:00:00,Chennai,29.0,76.27419595958764,1007.0,0
2025-06-05 00:00:00,Hyderabad,26.0,70.84852701016716,1006.2,0
2025-06-05 00:00:00,Kolkata,27.2,92.07698925377626,1005.1,0
2025-06-05 00:00:00,Mumbai,26.2,88.7747243479242,1007.3,0
2025-06-05 00:00:00,New_Delhi,26.0,69.11686987087296,1005.9,0
2025-06-05 03:00:00,Chennai,32.0,54.55620730373795,1008.7,0
2025-06-05 03:00:00,Hyderabad,27.4,66.87275915526591,1008.2,0
2025-06-05 03:00:00,Kolkata,29.4,87.98536152503398,1007.3,0
2025-06-05 03:00:00,Mumbai,29.2,80.5095630310082,1009.3,0
2025-06-05 03:00:00,New_Delhi,28.4,62.30944777937724,1007.6,0
2025-06-05 06:00:00,Chennai,35.4,44.01674985155224,1007.8,0
2025-06-05 06:00:00,Hyderabad,31.8,51.25891739621022,1007.2,0
2025-06-05 06:00:00,Kolkata,32.8,69.15187043596707,1005.8,0
2025-06-05 06:00:00,Mumbai,31.8,68.55505992605102,1009.3,0
2025-06-05 06:00:00,New_Delhi,32.6,48.39081829607048,1007.0,0
2025-06-05 09:00:00,Chennai,37.0,43.64011479942673,1005.4,0
2025-06-05 09:00:00,Hyderabad,34.4,42.41668029519114,1004.3,0
2025-06-05 09:00:00,Kolkata,32.2,70.27643339934488,1004.4,0
2025-06-05 09:00:00,Mumbai,32.8,61.03350741643827,1007.9,0
2025-06-05 09:00:00,New_Delhi,36.0,40.791130956418186,1004.8,0
2025-06-05 12:00:00,Chennai,34.5,45.704096128433925,1005.3,0
2025-06-05 12:00:00,Hyderabad,33.4,45.41238877320061,1003.4,0
2025-06-05 12:00:00,Kolkata,28.2,87.36638064071765,1003.9,0
2025-06-05 12:00:00,Mumbai,30.2,79.69205742002245,1007.1,0
2025-06-05 12:00:00,New_Delhi,36.0,38.10665255354461,1003.2,0
2025-06-05 15:00:00,Chennai,31.5,68.90726770553644,1007.6,0
2025-06-05 15:00:00,Hyderabad,28.2,68.27434030475051,1007.2,0
2025-06-05 15:00:00,Kolkata,27.8,95.4225747975266,1006.4,0
2025-06-05 15:00:00,Mumbai,28.8,81.90716097068722,1009.1,0
2025-06-05 15:00:00,New_Delhi,32.8,48.74253525375261,1004.9,0
2025-06-05 18:00:00,Chennai,30.8,70.01988787206955,1008.5,0
2025-06-05 18:00:00,Hyderabad,27.2,75.99619656068727,1007.8,0
2025-06-05 18:00:00,Kolkata,27.0,96.5292760949642,1006.8,0
2025-06-05 18:00:00,Mumbai,27.4,87.29619508920601,1009.9,0
2025-06-05 18:00:00,New_Delhi,30.0,63.8146323928593,1005.7,0
2025-06-05 21:00:00,Chennai,30.2,77.36937390933495,1007.5,0
2025-06-05 21:00:00,Hyderabad,27.6,69.4219684883362,1007.0,0
2025-06-05 21:00:00,Kolkata,27.2,96.53432701791446,1006.3,0
2025-06-05 21:00:00,Mumbai,27.2,90.45250000428204,1008.0,0
2025-06-05 21:00:00,New_Delhi,28.0,71.64672861133928,1005.5,0
2025-06-06 00:00:00,Chennai,29.4,77.71354294293734,1008.3,0
2025-06-06 00:00:00,Hyderabad,26.4,76.80285560648711,1007.6,0
2025-06-06 00:00:00,Kolkata,27.2,96.53432701791446,1006.3,0
2025-06-06 00:00:00,Mumbai,27.4,92.08825670296544,1004.5,0
2025-06-06 00:00:00,New_Delhi,26.6,78.2479077819723,1005.7,0
2025-06-06 03:00:00,Chennai,31.0,65.58856385714532,1008.6,0
2025-06-06 03:00:00,Hyderabad,29.6,66.90551465127179,1008.0,0
2025-06-06 03:00:00,Kolkata,31.6,78.94871738353811,1007.5,0
2025-06-06 03:00:00,Mumbai,29.4,83.44637781059491,1009.8,0
2025-06-06 03:00:00,New_Delhi,30.4,59.03498811368648,1006.3,0
2025-06-06 06:00:00,Chennai,35.4,50.9259925271208,1008.0,0
2025-06-06 06:00:00,Hyderabad,34.4,46.24198815742465,1006.6,0
2025-06-06 06:00:00,Kolkata,34.8,62.20391825591429,1006.4,0
2025-06-06 06:00:00,Mumbai,29.6,75.45996920875774,1010.3,0
2025-06-06 06:00:00,New_Delhi,36.6,43.26947320144839,1005.4,0
2025-06-06 09:00:00,Chennai,36.6,54.044002417811576,1005.5,0
2025-06-06 09:00:00,Hyderabad,36.0,39.551028058584606,1004.1,0
2025-06-06 09:00:00,Kolkata,35.0,63.35498062475399,1004.1,0
2025-06-06 09:00:00,Mumbai,30.0,82.53623329490637,1009.1,0
2025-06-06 09:00:00,New_Delhi,37.6,41.47296725483938,1003.3,0
2025-06-06 12:00:00,Chennai,34.0,63.89432970526357,1004.7,0
2025-06-06 12:00:00,Hyderabad,34.8,40.46647720039389,1002.6,0
2025-06-06 12:00:00,Kolkata,33.2,68.41626758283552,1003.2,0
2025-06-06 12:00:00,Mumbai,30.2,79.69205742002245,1007.9,0
2025-06-06 12:00:00,New_Delhi,35.6,47.12632022224541,1001.7,0
2025-06-06 15:00:00,Chennai,31.8,71.04055669606059,1007.4,0
2025-06-06 15:00:00,Hyderabad,30.0,58.58138510397075,1006.5,0
2025-06-06 15:00:00,Kolkata,29.8,68.58338730413207,1006.0,0
2025-06-06 15:00:00,Mumbai,29.8,83.49088910584811,1009.0,0
2025-06-06 15:00:00,New_Delhi,32.4,56.00051948884619,1002.8,0
2025-06-06 18:00:00,Chennai,31.4,76.18814229624397,1008.6,0
2025-06-06 18:00:00,Hyderabad,28.6,68.76927971586183,1006.6,0
2025-06-06 18:00:00,Kolkata,24.0,89.68569309935684,1006.3,0
2025-06-06 18:00:00,Mumbai,29.2,84.91559008084812,1009.5,0
2025-06-06 18:00:00,New_Delhi,29.8,67.3516781237725,1003.7,0
2025-06-06 21:00:00,Chennai,30.6,69.14973459026399,1007.4,0
2025-06-06 21:00:00,Hyderabad,27.6,68.1573799292512,1005.7,0
2025-06-06 21:00:00,Kolkata,25.4,88.17753730223563,1004.6,0
2025-06-06 21:00:00,Mumbai,28.0,81.80996009312997,1008.6,0
2025-06-06 21:00:00,New_Delhi,28.0,77.50922415182016,1003.2,0
2025-06-07 00:00:00,Chennai,29.4,68.50651160978764,1008.0,0
2025-06-07 00:00:00,Hyderabad,28.2,64.61083295723954,1006.5,0
2025-06-07 00:00:00,Kolkata,25.8,91.99744908137735,1006.3,0
2025-06-07 00:00:00,Mumbai,26.4,92.03168153578638,1008.6,0
2025-06-07 00:00:00,New_Delhi,27.2,75.53609118292528,1003.8,0
2025-06-07 03:00:00,Chennai,30.4,69.11197515651446,1009.2,0
2025-06-07 03:00:00,Hyderabad,30.6,60.173252756991545,1007.5,0
2025-06-07 03:00:00,Kolkata,30.8,67.95498445600064,1007.3,0
2025-06-07 03:00:00,Mumbai,27.8,92.11072068322818,1010.5,0
2025-06-07 03:00:00,New_Delhi,32.0,60.12540926930006,1004.9,0
2025-06-07 06:00:00,Chennai,35.2,49.66137214526371,1008.0,0
2025-06-07 06:00:00,Hyderabad,35.4,41.64615844084455,1006.1,0
2025-06-07 06:00:00,Kolkata,34.6,57.54622405958298,1005.8,0
2025-06-07 06:00:00,Mumbai,31.0,76.1271052167908,1010.5,0
2025-06-07 06:00:00,New_Delhi,37.6,41.47296725483938,1003.6,0
2025-06-07 09:00:00,Chennai,37.6,38.777389609655614,1005.5,0
2025-06-07 09:00:00,Hyderabad,37.6,34.2676897004728,1002.3,0
2025-06-07 09:00:00,Kolkata,35.0,59.02423742118093,1003.5,0
2025-06-07 09:00:00,Mumbai,28.2,87.36638064071765,1010.1,0
2025-06-07 09:00:00,New_Delhi,39.2,38.735066959012194,1001.8,0
2025-06-07 12:00:00,Chennai,37.8,43.588141538408586,1004.6,0
2025-06-07 12:00:00,Hyderabad,30.6,54.547295560496046,1003.9,0
2025-06-07 12:00:00,Kolkata,34.0,63.89432970526357,1002.3,0
2025-06-07 12:00:00,Mumbai,28.0,84.79181717750924,1008.5,0
2025-06-07 12:00:00,New_Delhi,38.0,42.857891490135415,1000.2,0
2025-06-07 15:00:00,Chennai,33.0,65.60442666205464,1006.1,0
2025-06-07 15:00:00,Hyderabad,30.0,59.66996262593302,1007.0,0
2025-06-07 15:00:00,Kolkata,32.2,73.6706835261597,1004.1,0
2025-06-07 15:00:00,Mumbai,27.0,84.18092213796281,1009.1,0
2025-06-07 15:00:00,New_Delhi,33.4,63.76827162149033,1000.7,0
2025-06-07 18:00:00,Chennai,31.2,72.20890765279174,1007.1,0
2025-06-07 18:00:00,Hyderabad,28.2,69.53531636044694,1006.9,0
2025-06-07 18:00:00,Kolkata,30.8,81.1895795616241,1005.3,0
2025-06-07 18:00:00,Mumbai,26.2,88.7747243479242,1009.9,0
2025-06-07 18:00:00,New_Delhi,32.4,65.48228630790443,1001.4,0
2025-06-07 21:00:00,Chennai,30.2,81.1147334710309,1005.6,0
2025-06-07 21:00:00,Hyderabad,27.2,67.66128064356994,1006.2,0
2025-06-07 21:00:00,Kolkata,30.0,84.99729439748566,1003.7,0
2025-06-07 21:00:00,Mumbai,26.0,90.37112970835472,1008.3,0
2025-06-07 21:00:00,New_Delhi,30.0,70.29306142592459,1001.0,0
2025-06-08 00:00:00,Chennai,29.4,77.71354294293734,1006.4,0
2025-06-08 00:00:00,Hyderabad,26.4,74.03745333814867,1006.3,0
2025-06-08 00:00:00,Kolkata,29.0,90.57266984744004,1004.2,0
2025-06-08 00:00:00,Mumbai,26.0,93.67255110424423,1008.6,0
2025-06-08 00:00:00,New_Delhi,29.6,67.31212756795189,1002.4,0
2025-06-08 03:00:00,Chennai,32.8,56.43711760467723,1007.2,0
2025-06-08 03:00:00,Hyderabad,29.0,65.17604956351583,1007.2,0
2025-06-08 03:00:00,Kolkata,33.2,72.97782727710387,1004.8,0
2025-06-08 03:00:00,Mumbai,28.6,83.35683314726084,1009.7,0
2025-06-08 03:00:00,New_Delhi,33.0,62.18308645409979,1003.3,0
2025-06-08 06:00:00,Chennai,36.8,44.38835366041097,1006.1,0
2025-06-08 06:00:00,Hyderabad,33.4,51.35032689190111,1005.6,0
2025-06-08 06:00:00,Kolkata,35.2,58.02912462233106,1003.8,0
2025-06-08 06:00:00,Mumbai,31.4,73.53807422593974,1009.5,0
2025-06-08 06:00:00,New_Delhi,39.0,37.75064647144954,1002.1,0
2025-06-08 09:00:00,Chennai,37.0,47.48991405743266,1004.1,0
2025-06-08 09:00:00,Hyderabad,37.0,37.210291011720045,1001.9,0
2025-06-08 09:00:00,Kolkata,35.4,53.11218922804798,1001.4,0
2025-06-08 09:00:00,Mumbai,32.6,69.11441091335229,1008.1,0
2025-06-08 09:00:00,New_Delhi,41.2,32.554064328405865,999.2,0
2025-06-08 15:00:00,Chennai,29.4,68.50651160978764,1006.6,0
2025-06-08 15:00:00,Hyderabad,31.2,53.6947284534463,1003.9,0
2025-06-08 15:00:00,Kolkata,31.4,80.31973345807687,1002.9,0
2025-06-08 15:00:00,Mumbai,30.4,79.71870652103674,1008.6,0
2025-06-08 15:00:00,New_Delhi,35.2,57.00457686086793,998.4,0
2025-06-08 18:00:00,Chennai,29.4,64.46861316110979,1006.3,0
2025-06-08 18:00:00,Hyderabad,29.0,63.99146967340664,1005.0,0
2025-06-08 18:00:00,Kolkata,30.4,85.53649748682237,1003.6,0
2025-06-08 18:00:00,Mumbai,30.2,79.69205742002245,1008.9,0
2025-06-08 18:00:00,New_Delhi,32.2,71.53290094917851,998.9,0
2025-06-08 21:00:00,Chennai,28.6,73.50891633549199,1005.0,0
2025-06-08 21:00:00,Kolkata,30.0,88.03501822943302,1002.7,0
2025-06-08 21:00:00,Mumbai,30.0,82.53623329490637,1007.6,0
2025-06-08 21:00:00,New_Delhi,30.4,76.94178563223718,998.7,0
2025-06-09 00:00:00,Chennai,28.2,74.33521026919057,1005.4,0
2025-06-09 00:00:00,Hyderabad,26.0,72.61811825905968,1004.2,0
2025-06-09 00:00:00,Kolkata,29.2,90.58588438387352,1003.0,0
2025-06-09 00:00:00,Mumbai,29.4,79.11344799319119,1007.0,0
2025-06-09 00:00:00,New_Delhi,28.6,70.46084618703307,999.8,0
2025-06-09 03:00:00,Chennai,31.2,63.30103708820237,1006.2,0
2025-06-09 03:00:00,Hyderabad,25.8,72.58319579661809,1007.5,0
2025-06-09 03:00:00,Kolkata,33.4,72.1636734164623,1003.7,0
2025-06-09 03:00:00,Mumbai,30.6,76.97150804274018,1009.2,0
2025-06-09 03:00:00,New_Delhi,33.8,48.40540327509421,1001.4,0
2025-06-09 06:00:00,Chennai,36.0,46.37973350596264,1005.3,0
2025-06-09 06:00:00,Hyderabad,26.7,62.710398857438776,1006.2,0
2025-06-09 06:00:00,Kolkata,35.6,57.43753526548385,1002.5,0
2025-06-09 06:00:00,Mumbai,31.6,71.00478678077775,1009.3,0
2025-06-09 06:00:00,New_Delhi,40.0,37.78978117320692,1000.9,0
2025-06-09 09:00:00,Chennai,38.2,38.46606569671515,1002.6,0
2025-06-09 09:00:00,Hyderabad,29.6,57.06157172075657,1003.1,0
2025-06-09 09:00:00,Kolkata,36.6,54.044002417811576,999.2,0
2025-06-09 09:00:00,Mumbai,33.2,64.48770817549526,1007.2,0
2025-06-09 09:00:00,New_Delhi,42.2,31.450370758024583,997.8,0
2025-06-09 12:00:00,Chennai,32.0,54.55620730373795,1002.5,0
2025-06-09 12:00:00,Hyderabad,29.0,67.6029912702051,1002.0,0
2025-06-09 12:00:00,Kolkata,34.2,57.45282698261636,998.7,0
2025-06-09 12:00:00,Mumbai,31.2,74.82093472023674,1005.8,0
2025-06-09 12:00:00,New_Delhi,43.0,24.589767206249142,995.5,0
2025-06-09 15:00:00,Chennai,31.7,59.3343988816004,1004.2,0
2025-06-09 15:00:00,Hyderabad,28.4,73.92044305683572,1002.0,0
2025-06-09 15:00:00,Kolkata,31.4,70.96895584191402,1001.4,0
2025-06-09 15:00:00,Mumbai,30.2,75.55406963834521,1006.7,0
2025-06-09 18:00:00,Chennai,30.4,63.89968880381284,1004.0,0
2025-06-09 18:00:00,Hyderabad,27.6,72.01298206177633,1003.2,0
2025-06-09 18:00:00,Kolkata,30.6,84.06979751556185,1001.8,0
2025-06-09 18:00:00,Mumbai,29.6,78.20620296447258,1007.8,0
2025-06-09 18:00:00,New_Delhi,32.4,48.33862566912473,997.1,0
2025-06-09 21:00:00,Chennai,29.2,68.46797755568882,1002.1,0
2025-06-09 21:00:00,Hyderabad,26.4,75.40904545009995,1001.8,0
2025-06-09 21:00:00,Kolkata,30.2,85.01762004491522,1001.3,0
2025-06-09 21:00:00,Mumbai,29.0,81.9313443709877,1005.4,0
2025-06-09 21:00:00,New_Delhi,30.4,48.417392184797706,997.1,0
2025-06-10 00:00:00,Chennai,28.0,75.66221487345534,1002.1,0
2025-06-10 00:00:00,Hyderabad,24.4,76.02429279335996,1001.5,0
2025-06-10 00:00:00,Kolkata,29.6,88.00194722290112,1000.8,0
2025-06-10 00:00:00,Mumbai,29.0,80.48371679996085,1004.9,0
2025-06-10 00:00:00,New_Delhi,30.8,39.120089148586175,998.8,0
2025-06-10 03:00:00,Chennai,31.6,60.03485302219658,1003.3,0
2025-06-10 03:00:00,Hyderabad,26.2,72.65297888830925,1002.9,0
2025-06-10 03:00:00,Kolkata,33.0,72.94417143512577,1002.0,0
2025-06-10 03:00:00,Mumbai,29.8,83.49088910584811,1006.9,0
2025-06-10 03:00:00,New_Delhi,34.2,39.06156806619288,1000.4,0
2025-06-10 06:00:00,Chennai,36.6,44.3354276416529,1001.7,0
2025-06-10 06:00:00,Hyderabad,29.6,65.30049614566528,1002.1,0
2025-06-10 06:00:00,Kolkata,35.4,55.05099865764974,1001.3,0
2025-06-10 06:00:00,Mumbai,31.6,72.27808999036708,1006.9,0
2025-06-10 06:00:00,New_Delhi,40.0,31.445728078034875,999.7,0
2025-06-10 09:00:00,Chennai,38.2,40.38910915232585,1000.1,0
2025-06-10 09:00:00,Hyderabad,29.0,70.10874183711726,1001.5,0
2025-06-10 09:00:00,Kolkata,32.4,69.07688914571028,1000.4,0
2025-06-10 09:00:00,Mumbai,33.4,68.4542986966963,1005.2,0
2025-06-10 09:00:00,New_Delhi,43.0,26.01042427037834,997.1,0
2025-06-10 12:00:00,Chennai,27.2,82.70035172790627,1000.4,0
2025-06-10 12:00:00,Hyderabad,28.8,71.35605992226263,1000.1,0
2025-06-10 12:00:00,Kolkata,31.2,76.157651318818,999.3,0
2025-06-10 12:00:00,Mumbai,32.6,67.89863459456423,1004.5,0
2025-06-10 12:00:00,New_Delhi,43.2,24.18184567146417,995.1,0
2025-06-10 15:00:00,Chennai,27.4,76.95386898986409,1001.8,0
2025-06-10 15:00:00,Hyderabad,27.0,75.96502451223623,1001.1,0
2025-06-10 15:00:00,Kolkata,30.6,85.55612371787966,1001.9,0
2025-06-10 15:00:00,Mumbai,30.6,76.97150804274018,1005.4,0
2025-06-10 15:00:00,New_Delhi,35.6,46.274902906140255,996.4,0
2025-06-10 18:00:00,Chennai,28.0,71.64672861133928,1002.0,0
2025-06-10 18:00:00,Hyderabad,26.4,80.14320113252735,1003.0,0
2025-06-10 18:00:00,Kolkata,30.2,84.02682856635852,1002.4,0
2025-06-10 18:00:00,Mumbai,30.0,78.26294962837345,1005.5,0
2025-06-10 18:00:00,New_Delhi,31.8,61.17889403213977,998.1,0
2025-06-10 21:00:00,Chennai,27.6,76.98390463811192,1000.7,0
2025-06-10 21:00:00,Hyderabad,25.8,85.59004257177266,1001.6,0
2025-06-10 21:00:00,Kolkata,29.4,84.9360766224706,1001.1,0
2025-06-10 21:00:00,Mumbai,29.8,83.49088910584811,1003.8,0
2025-06-10 21:00:00,New_Delhi,29.4,69.76029011528094,998.0,0
2025-06-11 00:00:00,Chennai,27.4,79.79314536748959,1001.0,0
2025-06-11 00:00:00,Hyderabad,24.8,80.42146721617324,1000.7,0
2025-06-11 00:00:00,Kolkata,29.2,90.58588438387352,1001.9,0
2025-06-11 00:00:00,Mumbai,29.4,81.97957178446406,1004.55,1
2025-06-11 00:00:00,New_Delhi,28.2,72.99821296932988,998.9,0
2025-06-11 03:00:00,Chennai,29.0,77.65543578652992,1002.5,0
2025-06-11 03:00:00,Kolkata,32.0,73.63761837389029,1003.1,0
2025-06-11 03:00:00,Mumbai,30.6,76.97150804274018,1005.3,0
2025-06-11 03:00:00,New_Delhi,35.0,38.79252543220958,1000.2,0
2025-06-11 06:00:00,Chennai,33.6,53.632996598820334,1002.2,0
2025-06-11 06:00:00,Hyderabad,29.8,66.94543581672319,1001.6,0
2025-06-11 06:00:00,Kolkata,33.8,63.852375094977866,1002.5,0
2025-06-11 06:00:00,Mumbai,32.4,71.56807265043355,1005.2,0
2025-06-11 06:00:00,New_Delhi,40.2,31.694485923523214,999.8,0
2025-06-11 09:00:00,Chennai,35.6,49.166526532934895,1000.0,0
2025-06-11 09:00:00,Hyderabad,32.2,54.60518702638903,999.0,0
2025-06-11 09:00:00,Kolkata,33.2,67.21631066718778,1001.3,0
2025-06-11 09:00:00,Mumbai,33.4,67.25543915862544,1003.7,0
2025-06-11 09:00:00,New_Delhi,43.0,31.470394113555383,997.6,0
2025-06-11 12:00:00,Chennai,35.0,49.01245956752089,999.0,0
2025-06-11 12:00:00,Hyderabad,30.6,59.08123488638958,998.3,0
2025-06-11 12:00:00,Kolkata,32.8,67.93722542562669,1000.1,0
2025-06-11 12:00:00,Mumbai,31.6,74.88472135092377,1002.1,0
2025-06-11 12:00:00,New_Delhi,41.6,39.14208363386464,995.9,0
2025-06-11 15:00:00,Chennai,30.6,71.67589990470815,1001.7,0
2025-06-11 15:00:00,Hyderabad,29.0,70.10874183711726,1000.1,0
2025-06-11 15:00:00,Kolkata,30.4,79.71870652103674,1002.3,0
2025-06-11 15:00:00,Mumbai,30.8,78.37581423848806,1003.1,0
2025-06-11 15:00:00,New_Delhi,36.8,65.60305700372541,997.6,0
2025-06-11 18:00:00,Chennai,27.6,84.24549777703992,1003.0,0
2025-06-11 18:00:00,Hyderabad,28.2,72.11862601726435,1000.7,0
2025-06-11 18:00:00,Kolkata,29.8,81.06459831337503,1002.5,0
2025-06-11 18:00:00,Mumbai,30.6,79.74530566981048,1004.8,0
2025-06-11 18:00:00,New_Delhi,35.4,70.85158490456723,998.5,0
2025-06-12 03:00:00,Chennai,29.0,74.46601257025355,1002.4,0
2025-06-12 03:00:00,Hyderabad,26.2,84.09422307879059,1002.0,0
2025-06-12 03:00:00,Kolkata,32.6,66.70160074556692,1003.9,0
2025-06-12 03:00:00,Mumbai,30.2,91.17952811176472,1002.7,0
2025-06-12 03:00:00,New_Delhi,34.0,67.37244576814547,1000.3,0
2025-06-12 06:00:00,Chennai,34.6,48.61266870807797,1001.8,0
2025-06-12 06:00:00,Hyderabad,31.2,62.92008375327216,1000.2,0
2025-06-12 06:00:00,Kolkata,34.2,59.54690108998311,1003.1,0
2025-06-12 06:00:00,Mumbai,32.0,71.07626571001893,1003.5,0
2025-06-12 06:00:00,New_Delhi,39.6,47.59318465246566,999.7,0
2025-06-12 09:00:00,Chennai,36.4,44.013743193713786,999.7,0
2025-06-12 09:00:00,Hyderabad,32.0,59.04479527455803,998.3,0
2025-06-12 09:00:00,Kolkata,33.0,66.78088716309055,1001.2,0
2025-06-12 09:00:00,Mumbai,32.6,67.89863459456423,1001.5,0
2025-06-12 09:00:00,New_Delhi,42.2,38.83700761697526,997.2,0
2025-06-12 12:00:00,Chennai,32.6,64.36278271700262,999.0,0
2025-06-12 12:00:00,Hyderabad,30.2,63.47058184400489,997.6,0
2025-06-12 12:00:00,Kolkata,32.8,63.26317222090716,1000.0,0
2025-06-12 12:00:00,Mumbai,32.2,71.53290094917851,1000.2,0
2025-06-12 12:00:00,New_Delhi,42.0,41.15561444937269,995.4,0
2025-06-12 15:00:00,Chennai,30.6,72.96898936310727,1001.3,0
2025-06-12 15:00:00,Hyderabad,27.0,74.13724053720264,999.55,1
2025-06-12 15:00:00,Kolkata,31.2,78.89384535394599,1002.1,0
2025-06-12 15:00:00,Mumbai,30.6,78.34767637456054,1001.0,0
2025-06-12 15:00:00,New_Delhi,37.2,57.47036914702227,997.7,0
2025-06-12 18:00:00,Chennai,27.8,85.78717977072007,1003.1,0
2025-06-12 18:00:00,Hyderabad,24.6,94.74301669819424,1001.5,0
2025-06-12 18:00:00,Kolkata,30.2,84.02682856635852,1003.2,0
2025-06-12 18:00:00,Mumbai,30.6,78.34767637456054,1002.6,0
2025-06-12 18:00:00,New_Delhi,35.2,62.65724917989903,998.2,0
2025-06-12 21:00:00,Chennai,27.0,85.7087986323302,1001.1,0
2025-06-12 21:00:00,Hyderabad,25.0,91.39891921824884,999.8,0
2025-06-12 21:00:00,Kolkata,29.0,90.57266984744004,1002.6,0
2025-06-12 21:00:00,Mumbai,26.4,92.03168153578638,1001.8,0
2025-06-12 21:00:00,New_Delhi,33.6,63.81035576931347,998.2,0
2025-06-13 00:00:00,Chennai,27.0,85.7087986323302,1001.6,0
2025-06-13 00:00:00,Hyderabad,25.0,96.47815756865955,1000.5,0
2025-06-13 00:00:00,Kolkata,29.0,89.51636332080271,1003.5,0
2025-06-13 00:00:00,Mumbai,26.0,92.00888400052642,1001.5,0
2025-06-13 00:00:00,New_Delhi,32.4,69.07688914571028,999.4,0
2025-06-13 03:00:00,Chennai,31.6,61.8772256506775,1004.0,0
2025-06-13 03:00:00,Hyderabad,26.4,88.79047072518293,1002.1,0
2025-06-13 03:00:00,Kolkata,33.0,67.97575322043862,1004.8,0
2025-06-13 03:00:00,Mumbai,27.0,92.06569807815052,1003.1,0
2025-06-13 03:00:00,New_Delhi,34.4,66.66465260488106,1000.2,0
2025-06-13 06:00:00,Chennai,36.0,46.37973350596264,1002.6,0
2025-06-13 06:00:00,Hyderabad,30.0,68.20937282413261,1001.2,0
2025-06-13 06:00:00,Kolkata,35.8,56.47211163775998,1002.9,0
2025-06-13 06:00:00,Mumbai,29.8,81.06459831337503,1003.0,0
2025-06-13 06:00:00,New_Delhi,40.2,50.92036616023319,999.4,0
2025-06-13 09:00:00,Chennai,37.0,43.64011479942673,1001.2,0
2025-06-13 09:00:00,Hyderabad,30.2,70.75268183697057,999.9,0
2025-06-13 09:00:00,Kolkata,36.2,54.59153725568461,1000.7,0
2025-06-13 09:00:00,Mumbai,30.0,81.08968974474207,1001.4,0
2025-06-13 09:00:00,New_Delhi,37.2,58.48794202473472,999.3,0
2025-06-13 12:00:00,Chennai,35.4,57.05144460973204,1000.4,0
2025-06-13 12:00:00,Hyderabad,30.4,68.28663793842222,999.1,0
2025-06-13 12:00:00,Kolkata,34.8,62.20391825591429,999.8,0
2025-06-13 12:00:00,Mumbai,29.8,84.97692867892383,999.8,0
2025-06-13 12:00:00,New_Delhi,37.4,55.52905138673923,997.3,0
2025-06-13 15:00:00,Chennai,31.2,74.82093472023674,1003.0,0
2025-06-13 15:00:00,Hyderabad,29.0,72.69546161061416,1000.7,0
2025-06-13 15:00:00,Kolkata,31.2,77.51519693628545,1001.6,0
2025-06-13 15:00:00,Mumbai,30.0,81.08968974474207,1001.1,0
2025-06-13 15:00:00,New_Delhi,33.8,63.852375094977866,998.7,0
2025-06-13 18:00:00,Chennai,28.5,73.93705162982768,1003.8,0
2025-06-13 18:00:00,Hyderabad,26.0,90.37112970835472,1002.5,0
2025-06-13 18:00:00,Kolkata,30.6,81.16467826556904,1001.8,0
2025-06-13 18:00:00,Mumbai,29.4,86.44896966030107,1002.0,0
2025-06-13 18:00:00,New_Delhi,32.4,66.6618617053601,999.2,0
2025-06-13 21:00:00,Chennai,27.8,79.36832881554842,1002.6,0
2025-06-13 21:00:00,Hyderabad,25.6,90.3437793367858,1001.2,0
2025-06-13 21:00:00,Kolkata,30.2,82.5595602209085,1001.4,0
2025-06-13 21:00:00,Mumbai,28.4,95.44234995416194,1000.5,0
2025-06-13 21:00:00,New_Delhi,31.8,67.34108781459214,998.4,0
2025-06-14 00:00:00,Chennai,27.6,79.81995065848324,1002.7,0
2025-06-14 00:00:00,Hyderabad,25.6,90.3437793367858,1001.5,0
2025-06-14 00:00:00,Kolkata,29.8,86.48603151527291,1001.8,0
2025-06-14 00:00:00,Mumbai,28.2,95.43577238155224,1000.1,0
2025-06-14 00:00:00,New_Delhi,31.6,72.27808999036708,999.3,0
2025-06-14 03:00:00,Chennai,31.6,66.1056160585513,1004.6,0
2025-06-14 03:00:00,Hyderabad,27.0,78.78071949348664,1002.4,0
2025-06-14 03:00:00,Kolkata,34.6,67.88429230577138,1002.7,0
2025-06-14 03:00:00,Mumbai,29.2,92.18860676693176,1001.1,0
2025-06-14 03:00:00,New_Delhi,33.2,68.41626758283552,1000.1,0
2025-06-14 06:00:00,Chennai,35.6,49.166526532934895,1003.7,0
2025-06-14 06:00:00,Hyderabad,29.2,70.1457313099043,1002.0,0
2025-06-14 06:00:00,Kolkata,35.8,61.6920702312266,1001.3,0
2025-06-14 06:00:00,Mumbai,32.2,74.979976618763,1001.2,0
2025-06-14 06:00:00,New_Delhi,38.6,56.46609653162918,998.6,0
2025-06-14 09:00:00,Chennai,37.0,43.64011479942673,1001.8,0
2025-06-14 09:00:00,Hyderabad,30.2,67.02508303477352,1000.6,0
2025-06-14 09:00:00,Kolkata,37.0,50.41873224708425,999.0,0
2025-06-14 09:00:00,Mumbai,32.4,71.56807265043355,999.0,0
2025-06-14 12:00:00,Chennai,36.4,45.92506574150559,1001.0,0
2025-06-14 12:00:00,Hyderabad,30.2,67.02508303477352,998.4,0
2025-06-14 12:00:00,Kolkata,34.4,61.02394829813572,998.7,0
2025-06-14 12:00:00,Mumbai,31.8,74.91652960815853,997.7,0
2025-06-14 12:00:00,New_Delhi,40.6,43.286747678560616,993.4,0
2025-06-14 15:00:00,Chennai,31.6,72.27808999036708,1003.5,0
2025-06-14 15:00:00,Hyderabad,28.0,72.52254772283483,1001.2,0
2025-06-14 15:00:00,Kolkata,31.8,73.60449518826249,1000.9,0
2025-06-14 15:00:00,Mumbai,29.6,91.14232765587904,999.2,0
2025-06-14 15:00:00,New_Delhi,36.6,65.56295187828647,994.4,0
2025-06-14 18:00:00,Chennai,28.2,72.99821296932988,1004.4,0
2025-06-14 18:00:00,Hyderabad,26.8,80.19613913478753,1001.6,0
2025-06-14 18:00:00,Kolkata,30.4,82.58284223811447,1001.3,0
2025-06-14 18:00:00,Mumbai,27.4,95.40932035991788,999.6,0
2025-06-14 18:00:00,New_Delhi,34.8,65.58229461658019,996.3,0
2025-06-14 21:00:00,Chennai,29.0,74.46601257025355,1003.7,1
2025-06-14 21:00:00,Hyderabad,25.6,81.01881277997141,1000.2,0
2025-06-14 21:00:00,Kolkata,29.8,84.97692867892383,1000.7,0
2025-06-14 21:00:00,Mumbai,27.2,92.07698925377626,997.6,0
2025-06-14 21:00:00,New_Delhi,33.7,71.3773506169242,996.3,0
2025-06-15 00:00:00,Chennai,28.2,74.33521026919057,1003.0,0
2025-06-15 00:00:00,Hyderabad,25.0,83.96287846488495,1000.4,0
2025-06-15 00:00:00,Kolkata,30.0,88.03501822943302,999.8,0
2025-06-15 00:00:00,Mumbai,27.0,95.39600874452508,997.9,0
2025-06-15 00:00:00,New_Delhi,23.6,100.0,995.9,0
2025-06-15 03:00:00,Chennai,30.1,63.06442896050136,1004.2,0
2025-06-15 03:00:00,Hyderabad,25.6,81.01881277997141,1001.8,0
2025-06-15 03:00:00,Kolkata,30.4,91.19187707365737,1001.2,0
2025-06-15 03:00:00,Mumbai,27.0,95.39600874452508,998.2,0
2025-06-15 06:00:00,Chennai,34.4,47.09995965271869,1003.6,0
2025-06-15 06:00:00,Hyderabad,27.2,74.62319571095497,1001.1,0
2025-06-15 06:00:00,Kolkata,26.8,95.38933139322062,1001.5,0
2025-06-15 06:00:00,Mumbai,28.2,93.77172585847173,998.3,0
2025-06-15 06:00:00,New_Delhi,33.6,64.95378562281357,998.5,0
2025-06-15 09:00:00,Chennai,34.8,50.4681130797898,1001.7,0
2025-06-15 09:00:00,Hyderabad,29.0,66.37980250404418,999.0,0
2025-06-15 09:00:00,Kolkata,30.8,78.37581423848806,998.9,0
2025-06-15 09:00:00,Mumbai,30.6,79.74530566981048,996.4,0
2025-06-15 09:00:00,New_Delhi,33.6,64.95378562281357,996.6,0
2025-06-15 12:00:00,Chennai,33.2,62.22651784699078,1001.4,0
2025-06-15 12:00:00,Hyderabad,30.0,64.59471092157922,997.5,0
2025-06-15 12:00:00,Kolkata,30.6,81.16467826556904,997.6,0
2025-06-15 12:00:00,Mumbai,28.2,90.5195376072018,995.7,0
2025-06-15 12:00:00,New_Delhi,34.6,57.54622405958298,994.0,0
2025-06-15 15:00:00,Chennai,31.0,76.1271052167908,1002.9,0
2025-06-15 15:00:00,Hyderabad,27.0,80.22253240188351,1000.7,0
2025-06-15 15:00:00,Kolkata,29.6,86.46751908713752,1000.4,0
2025-06-15 15:00:00,Mumbai,27.4,90.46596324112936,996.9,0
2025-06-15 15:00:00,New_Delhi,32.4,70.31283604150148,996.1,0
2025-06-15 18:00:00,Chennai,30.4,67.87721438855921,1004.6,0
2025-06-15 18:00:00,Hyderabad,25.6,82.5117563848295,1001.2,0
2025-06-15 18:00:00,Kolkata,29.2,84.91559008084812,1000.5,0
2025-06-15 18:00:00,Mumbai,27.0,92.06569807815052,997.7,0
2025-06-15 18:00:00,New_Delhi,31.0,76.1271052167908,998.4,0
2025-06-15 21:00:00,Chennai,28.4,70.42408506037569,1002.7,0
2025-06-15 21:00:00,Hyderabad,25.2,83.98487805984742,1000.1,0
2025-06-15 21:00:00,Kolkata,28.6,87.91868204829599,999.6,0
2025-06-15 21:00:00,Mumbai,26.6,93.69982968596882,995.8,0
2025-06-15 21:00:00,New_Delhi,30.8,75.64766286638326,997.1,0
2025-06-16 00:00:00,Chennai,27.8,71.61107092213882,1003.6,0
2025-06-16 00:00:00,Hyderabad,23.6,88.02677396309889,1000.5,0
2025-06-16 00:00:00,Kolkata,27.8,93.7538663078413,1000.5,0
2025-06-16 00:00:00,Mumbai,26.4,93.69075623120436,995.8,0
2025-06-16 00:00:00,New_Delhi,30.2,76.91200889831605,997.3,0
2025-06-16 03:00:00,Chennai,29.5,62.169344715820365,1004.5,0
2025-06-16 03:00:00,Hyderabad,26.0,84.07244076824206,1000.9,0
2025-06-16 03:00:00,Kolkata,30.8,78.37581423848806,999.8,0
2025-06-16 03:00:00,Mumbai,26.4,92.03168153578638,997.8,0
2025-06-16 03:00:00,New_Delhi,31.2,70.93306375697343,998.5,0
2025-06-16 06:00:00,Chennai,33.2,48.84635245467483,1003.9,0
2025-06-16 06:00:00,Hyderabad,28.0,70.7801894145969,1000.9,0
2025-06-16 06:00:00,Kolkata,32.6,70.34917736761386,999.1,0
2025-06-16 06:00:00,Mumbai,28.2,90.5195376072018,998.4,0
2025-06-16 06:00:00,New_Delhi,31.8,69.78813164326573,998.6,0
2025-06-16 09:00:00,Chennai,34.4,47.971851880140846,1002.8,0
2025-06-16 09:00:00,Hyderabad,30.8,60.58625885317225,998.9,0
2025-06-16 09:00:00,Kolkata,34.0,61.66375454243735,996.5,0
2025-06-16 09:00:00,Mumbai,26.8,93.70888380751718,998.2,0
2025-06-16 09:00:00,New_Delhi,31.8,66.14596424716504,997.2,0
2025-06-16 12:00:00,Chennai,34.0,49.65563394804311,1002.3,0
2025-06-16 12:00:00,Hyderabad,30.4,59.03498811368648,998.4,0
2025-06-16 12:00:00,Kolkata,30.0,83.5130798716472,997.0,0
2025-06-16 12:00:00,Mumbai,26.2,94.80376584735212,998.5,0
2025-06-16 12:00:00,New_Delhi,33.8,60.52964398250845,995.2,0
2025-06-16 15:00:00,Chennai,31.4,69.71409411644107,1004.0,0
2025-06-16 15:00:00,Hyderabad,26.4,75.40904545009995,1001.7,0
2025-06-16 15:00:00,Kolkata,28.8,90.55942797559786,998.9,0
2025-06-16 15:00:00,Mumbai,26.8,93.70888380751718,999.7,0
2025-06-16 15:00:00,New_Delhi,31.2,69.67698198453844,997.2,0
2025-06-16 18:00:00,Chennai,31.0,65.58856385714532,1005.3,0
2025-06-16 18:00:00,Hyderabad,26.2,76.77248501125355,1002.6,0
2025-06-16 18:00:00,Kolkata,27.6,95.41595470562916,999.3,0
2025-06-16 18:00:00,Mumbai,27.8,90.49280598950578,1000.9,0
2025-06-16 18:00:00,New_Delhi,30.2,75.55406963834521,998.4,0
2025-06-16 21:00:00,Chennai,29.0,70.10874183711726,1005.4,1
2025-06-16 21:00:00,Kolkata,27.4,92.08825670296544,997.3,0
2025-06-16 21:00:00,Mumbai,28.6,87.91868204829599,999.7,0
2025-06-16 21:00:00,New_Delhi,30.0,75.5227593496699,998.0,0
2025-06-17 00:00:00,Chennai,28.6,66.70492848245004,1005.5,0
2025-06-17 00:00:00,Hyderabad,25.0,80.94190986257107,1002.5,0
2025-06-17 00:00:00,Kolkata,27.2,95.40267171979632,997.1,0
2025-06-17 00:00:00,Mumbai,29.0,84.89506306062921,1000.1,0
2025-06-17 00:00:00,New_Delhi,29.2,80.5095630310082,997.9,0
2025-06-17 03:00:00,Chennai,31.0,59.53505705723449,1006.9,0
2025-06-17 03:00:00,Hyderabad,26.6,75.90250895113047,1003.7,0
2025-06-17 03:00:00,Kolkata,26.8,98.24867165262664,998.3,0
2025-06-17 03:00:00,Mumbai,30.2,81.1147334710309,1001.5,0
2025-06-17 03:00:00,New_Delhi,31.6,76.21857827105511,999.1,0
2025-06-17 06:00:00,Chennai,35.2,44.77976864883668,1006.0,0
2025-06-17 06:00:00,Hyderabad,31.0,57.04447541902918,1003.1,0
2025-06-17 06:00:00,Kolkata,28.0,95.42918067606378,997.7,0
2025-06-17 06:00:00,Mumbai,32.0,76.27928569930424,1002.5,0
2025-06-17 06:00:00,New_Delhi,34.6,61.06806519838046,998.5,0
2025-06-17 09:00:00,Chennai,37.6,41.47296725483938,1003.7,0
2025-06-17 09:00:00,Hyderabad,33.4,48.30141369843827,1001.2,0
2025-06-17 09:00:00,Kolkata,28.2,95.43577238155224,996.0,0
2025-06-17 09:00:00,Mumbai,32.2,74.10487661671202,1001.8,0
2025-06-17 09:00:00,New_Delhi,35.0,59.02423742118093,995.7,0
2025-06-17 12:00:00,Chennai,35.6,49.166526532934895,1003.0,0
2025-06-17 12:00:00,Hyderabad,32.6,47.50135055929089,1000.0,0
2025-06-17 12:00:00,Kolkata,28.4,95.44234995416194,995.6,0
2025-06-17 12:00:00,Mumbai,31.4,74.85285642920122,1000.6,0
2025-06-17 12:00:00,New_Delhi,27.2,93.72693426762004,996.4,0
2025-06-17 15:00:00,Chennai,33.4,53.58367919813461,1005.7,0
2025-06-17 15:00:00,Hyderabad,30.4,56.55250112657328,1002.5,0
2025-06-17 15:00:00,Kolkata,27.4,93.73593071403404,997.9,0
2025-06-17 15:00:00,Mumbai,30.0,81.08968974474207,1001.7,0
2025-06-17 15:00:00,New_Delhi,25.0,100.0,999.5,0
2025-06-17 18:00:00,Chennai,32.0,59.04479527455803,1006.6,0
2025-06-17 18:00:00,Hyderabad,29.0,59.0735624167008,1003.4,0
2025-06-17 18:00:00,Kolkata,27.0,96.5292760949642,998.1,0
2025-06-17 18:00:00,Mumbai,28.6,84.8538871735531,1002.0,0
2025-06-17 18:00:00,New_Delhi,25.8,100.0,998.5,0
2025-06-17 21:00:00,Chennai,30.2,62.70350473078234,1005.2,0
2025-06-17 21:00:00,Hyderabad,27.4,65.24317342339255,1002.6,0
2025-06-17 21:00:00,Kolkata,26.8,96.52421418955652,997.7,0
2025-06-17 21:00:00,Mumbai,27.6,92.09950049107172,1000.6,0
2025-06-17 21:00:00,New_Delhi,26.0,98.23832753499846,998.5,0
2025-06-18 00:00:00,Chennai,29.2,64.42644761526883,1005.8,0
2025-06-18 00:00:00,Hyderabad,25.4,76.65043863365821,1003.6,0
2025-06-18 00:00:00,Kolkata,26.4,98.24351098143454,996.1,0
2025-06-18 00:00:00,Mumbai,27.6,93.74490804295252,1000.7,0
2025-06-18 00:00:00,New_Delhi,26.2,98.24092211346162,997.9,0
2025-06-18 03:00:00,Chennai,31.6,57.53630530360317,1007.4,0
2025-06-18 03:00:00,Hyderabad,27.4,70.6704235036712,1004.6,0
2025-06-18 03:00:00,Kolkata,27.2,96.53432701791446,997.0,0
2025-06-18 03:00:00,Mumbai,29.8,83.49088910584811,1002.5,0
2025-06-18 03:00:00,New_Delhi,27.8,90.49280598950578,998.0,0
2025-06-18 06:00:00,Chennai,35.6,45.160659019080256,1006.1,0
2025-06-18 06:00:00,Hyderabad,31.2,58.14727164768178,1003.1,0
2025-06-18 06:00:00,Kolkata,27.2,96.53432701791446,996.4,0
2025-06-18 06:00:00,Mumbai,27.8,90.49280598950578,1003.0,0
2025-06-18 06:00:00,New_Delhi,30.8,74.31499881924898,997.8,0
2025-06-18 09:00:00,Chennai,37.4,41.16770639461373,1003.8,0
2025-06-18 09:00:00,Hyderabad,34.0,46.99509750229453,1000.7,0
2025-06-18 09:00:00,Kolkata,27.6,95.41595470562916,994.8,0
2025-06-18 09:00:00,Mumbai,28.0,88.91528354225218,1002.2,0
2025-06-18 09:00:00,New_Delhi,32.0,74.94828132337592,995.6,0
2025-06-18 12:00:00,Chennai,36.4,45.92506574150559,1003.6,0
2025-06-18 12:00:00,Hyderabad,33.0,47.90095343861191,1000.0,0
2025-06-18 12:00:00,Kolkata,27.2,95.40267171979632,994.8,0
2025-06-18 12:00:00,Mumbai,28.4,88.94616815571688,1001.0,0
2025-06-18 12:00:00,New_Delhi,34.0,65.03583657618948,998.6,0
2025-06-18 15:00:00,Chennai,31.6,72.27808999036708,1005.6,0
2025-06-18 15:00:00,Hyderabad,31.0,53.64502413942176,1001.8,0
2025-06-18 15:00:00,Kolkata,27.2,92.07698925377626,996.4,0
2025-06-18 15:00:00,Mumbai,27.0,92.06569807815052,1002.4,0
2025-06-18 15:00:00,New_Delhi,31.4,76.18814229624397,995.7,0
2025-06-18 18:00:00,Chennai,30.6,74.28243957799879,1006.2,0
2025-06-18 18:00:00,Hyderabad,29.4,54.5893740362844,1002.9,0
2025-06-18 18:00:00,Kolkata,27.2,82.70035172790627,997.0,0
2025-06-18 18:00:00,Mumbai,27.6,95.41595470562916,1002.4,0
2025-06-18 18:00:00,New_Delhi,29.8,78.23460259362332,996.2,0
2025-06-18 21:00:00,Chennai,30.0,70.29306142592459,1004.5,0
2025-06-18 21:00:00,Hyderabad,27.0,65.15950802191401,1002.2,0
2025-06-18 21:00:00,Kolkata,25.4,90.33006125111788,996.1,0
2025-06-18 21:00:00,Mumbai,28.6,87.91868204829599,1000.6,0
2025-06-18 21:00:00,New_Delhi,28.8,86.39309843177878,994.5,0
2025-06-19 00:00:00,Chennai,29.2,69.72295309892432,1005.5,0
2025-06-19 00:00:00,Hyderabad,25.6,73.90356382924116,1002.2,0
2025-06-19 00:00:00,Kolkata,24.0,96.45217641736166,997.3,0
2025-06-19 00:00:00,Mumbai,27.4,93.73593071403404,1007.0,0
2025-06-19 00:00:00,New_Delhi,28.2,87.36638064071765,994.9,0
2025-06-19 03:00:00,Chennai,31.2,61.04527320720593,1007.0,0
2025-06-19 03:00:00,Hyderabad,27.2,73.2719762056861,1003.3,0
2025-06-19 03:00:00,Kolkata,26.0,88.7589455109383,998.7,0
2025-06-19 03:00:00,Mumbai,27.8,92.11072068322818,1002.5,0
2025-06-19 03:00:00,New_Delhi,29.6,82.00361602371757,996.5,0
2025-06-19 06:00:00,Chennai,35.8,40.73714199718271,1006.4,0
2025-06-19 06:00:00,Hyderabad,30.2,64.63661092775321,1003.7,0
2025-06-19 06:00:00,Kolkata,27.4,88.86871874139695,998.8,0
2025-06-19 06:00:00,Mumbai,29.6,86.46751908713752,1003.1,0
2025-06-19 06:00:00,New_Delhi,32.0,72.34703340707203,996.5,0
2025-06-19 09:00:00,Chennai,37.0,41.31216998440242,1003.7,0
2025-06-19 09:00:00,Hyderabad,31.2,55.03175537814078,1001.3,0
2025-06-19 09:00:00,Kolkata,29.0,80.48371679996085,997.4,0
2025-06-19 09:00:00,Mumbai,28.8,90.55942797559786,1002.9,0
2025-06-19 09:00:00,New_Delhi,34.8,61.1121171224814,994.5,0
2025-06-19 12:00:00,Chennai,36.6,43.26947320144839,1003.4,0
2025-06-19 12:00:00,Hyderabad,32.6,48.69053626792785,1000.2,0
2025-06-19 12:00:00,Kolkata,28.4,86.35566419509173,997.2,0
2025-06-19 12:00:00,Mumbai,29.4,86.44896966030107,1002.4,0
2025-06-19 12:00:00,New_Delhi,35.8,54.49487551182243,993.2,0
2025-06-19 15:00:00,Chennai,32.0,72.34703340707203,1005.7,0
2025-06-19 15:00:00,Hyderabad,30.0,59.66996262593302,1003.3,0
2025-06-19 15:00:00,Kolkata,28.6,88.96156313904507,999.0,0
2025-06-19 15:00:00,Mumbai,28.8,89.50172004038727,1003.9,0
2025-06-19 15:00:00,New_Delhi,32.4,66.6618617053601,994.7,0
2025-06-19 18:00:00,Chennai,30.5,77.8722359079542,1007.1,0
2025-06-19 18:00:00,Hyderabad,27.8,69.45981522443017,1004.7,0
2025-06-19 18:00:00,Kolkata,28.4,85.33808418728073,1000.7,0
2025-06-19 18:00:00,Mumbai,29.0,87.95208930052544,1004.5,0
2025-06-19 18:00:00,New_Delhi,31.0,70.89711040322032,996.4,0
2025-06-19 21:00:00,Chennai,29.8,78.70017992928676,1005.9,0
2025-06-19 21:00:00,Hyderabad,26.6,75.44089377419326,1003.9,0
2025-06-19 21:00:00,Kolkata,26.6,94.8187901348208,999.7,0
2025-06-19 21:00:00,Mumbai,28.2,92.13309053912468,1003.0,0
2025-06-19 21:00:00,New_Delhi,28.8,79.03096698905824,996.5,0
2025-06-20 00:00:00,Chennai,29.0,76.27419595958764,1006.3,0
2025-06-20 00:00:00,Hyderabad,25.4,78.0747809293731,1004.6,0
2025-06-20 00:00:00,Kolkata,27.2,95.40267171979632,999.7,0
2025-06-20 00:00:00,Mumbai,28.4,88.94616815571688,1003.4,0
2025-06-20 00:00:00,New_Delhi,28.0,87.34888747491027,997.1,0
2025-06-20 03:00:00,Chennai,32.0,54.55620730373795,1007.5,0
2025-06-20 03:00:00,Hyderabad,27.6,73.33997411889106,1006.0,0
2025-06-20 03:00:00,Kolkata,28.8,89.50172004038727,1001.1,0
2025-06-20 03:00:00,Mumbai,29.6,83.46865512129703,1005.3,0
2025-06-20 03:00:00,New_Delhi,30.8,77.00117625197225,998.7,0
2025-06-20 06:00:00,Chennai,35.6,41.44373316515145,1006.9,0
2025-06-20 06:00:00,Hyderabad,30.8,58.05357342222434,1004.9,0
2025-06-20 06:00:00,Kolkata,29.4,84.9360766224706,1000.2,0
2025-06-20 06:00:00,Mumbai,30.0,86.50450703984572,1005.6,0
2025-06-20 06:00:00,New_Delhi,32.0,73.63761837389029,998.6,0
2025-06-20 09:00:00,Chennai,39.0,36.83962096843192,1003.9,0
2025-06-20 09:00:00,Hyderabad,33.8,44.95978777726947,1001.3,0
2025-06-20 09:00:00,Kolkata,29.8,84.97692867892383,999.4,0
2025-06-20 09:00:00,Mumbai,31.8,77.60205183026918,1004.6,0
2025-06-20 09:00:00,New_Delhi,33.0,70.42167655411042,997.5,0
2025-06-20 12:00:00,Chennai,37.2,41.87340030123058,1003.3,0
2025-06-20 12:00:00,Hyderabad,32.2,52.63758610494394,1000.9,0
2025-06-20 12:00:00,Kolkata,29.8,84.97692867892383,999.1,0
2025-06-20 12:00:00,Mumbai,30.6,79.74530566981048,1003.6,0
2025-06-20 12:00:00,New_Delhi,34.4,65.50141485922862,996.4,0
2025-06-20 15:00:00,Chennai,29.0,92.17754994106518,1006.2,0
2025-06-20 15:00:00,Hyderabad,30.4,57.60498492741043,1003.1,0
2025-06-20 15:00:00,Kolkata,29.0,93.80721852350112,1000.8,0
2025-06-20 15:00:00,Mumbai,29.8,82.51286135002354,1004.5,0
2025-06-20 15:00:00,New_Delhi,31.0,74.7889561009917,998.4,0
2025-06-20 18:00:00,Chennai,26.2,85.62978692730046,1007.6,0
2025-06-20 18:00:00,Hyderabad,27.6,69.4219684883362,1005.1,0
2025-06-20 18:00:00,Kolkata,28.6,95.44891343392182,1001.7,0
2025-06-20 18:00:00,Mumbai,29.6,83.46865512129703,1005.6,0
2025-06-20 18:00:00,New_Delhi,30.0,81.08968974474207,999.2,0
2025-06-20 21:00:00,Chennai,26.2,94.80376584735212,1005.8,0
2025-06-20 21:00:00,Hyderabad,26.0,72.61811825905968,1004.1,0
2025-06-20 21:00:00,Kolkata,28.2,96.55941799604425,1000.6,0
2025-06-20 21:00:00,Mumbai,29.4,83.44637781059491,1004.0,0
2025-06-20 21:00:00,New_Delhi,29.4,84.9360766224706,998.8,0
2025-06-21 00:00:00,Chennai,26.4,93.69075623120436,1006.0,0
2025-06-21 00:00:00,Hyderabad,25.0,76.11833883251128,1004.9,0
2025-06-21 00:00:00,Kolkata,27.0,92.06569807815052,1000.9,0
2025-06-21 00:00:00,Mumbai,29.0,84.89506306062921,1003.9,0
2025-06-21 00:00:00,New_Delhi,28.8,87.93540259721783,999.6,0
2025-06-21 03:00:00,Chennai,30.4,66.66180868247822,1007.8,0
2025-06-21 03:00:00,Hyderabad,27.6,68.1573799292512,1005.9,0
2025-06-21 03:00:00,Kolkata,30.8,81.1895795616241,1002.2,0
2025-06-21 03:00:00,Mumbai,30.0,82.53623329490637,1005.9,0
2025-06-21 03:00:00,New_Delhi,31.2,77.51519693628545,999.8,0
2025-06-21 06:00:00,Chennai,32.2,56.98193041235249,1007.1,0
2025-06-21 06:00:00,Hyderabad,32.2,52.63758610494394,1004.3,0
2025-06-21 06:00:00,Kolkata,34.0,63.89432970526357,1000.9,0
2025-06-21 06:00:00,Mumbai,31.8,74.91652960815853,1006.0,0
2025-06-21 06:00:00,New_Delhi,35.4,60.52699050467956,998.6,0
2025-06-21 09:00:00,Chennai,35.0,49.61023468200951,1004.9,0
2025-06-21 09:00:00,Hyderabad,34.6,42.734210826075305,1001.3,0
2025-06-21 09:00:00,Kolkata,33.0,67.97575322043862,999.3,0
2025-06-21 09:00:00,Mumbai,32.0,71.07626571001893,1005.1,0
2025-06-21 09:00:00,New_Delhi,37.0,56.42134380440192,997.3,0
2025-06-21 12:00:00,Chennai,35.0,44.72667147816544,1004.0,0
2025-06-21 12:00:00,Hyderabad,33.8,43.86006957213443,1000.4,0
2025-06-21 12:00:00,Kolkata,32.0,71.07626571001893,998.4,0
2025-06-21 12:00:00,Mumbai,30.8,74.31499881924898,1003.8,0
2025-06-21 12:00:00,New_Delhi,31.0,77.48613913975385,996.6,0
2025-06-21 15:00:00,Chennai,31.4,69.71409411644107,1006.1,0
2025-06-21 15:00:00,Hyderabad,30.8,52.28529670371479,1002.4,0
2025-06-21 15:00:00,Kolkata,30.2,86.52294575570109,1001.1,0
2025-06-21 15:00:00,Mumbai,29.4,80.53536024141098,1005.0,0
2025-06-21 15:00:00,New_Delhi,31.2,81.23924051845427,997.3,0
2025-06-21 18:00:00,Chennai,29.5,75.89623996338017,1006.5,0
2025-06-21 18:00:00,Hyderabad,28.2,64.61083295723954,1004.7,0
2025-06-21 18:00:00,Kolkata,29.8,89.57463737404579,1001.6,0
2025-06-21 18:00:00,Mumbai,29.2,84.91559008084812,1005.9,0
2025-06-21 18:00:00,New_Delhi,29.8,82.51286135002354,998.7,0
2025-06-21 21:00:00,Chennai,29.0,83.89690993013956,1005.65,1
2025-06-21 21:00:00,Kolkata,29.0,94.3560056132218,1000.85,1
2025-06-21 21:00:00,Mumbai,29.0,83.40169277956687,1004.0,0
2025-06-22 00:00:00,Chennai,29.6,64.11896805335266,1004.8,0
2025-06-22 00:00:00,Hyderabad,25.4,74.78677922090901,1004.4,0
2025-06-22 00:00:00,Kolkata,29.4,93.82485247729204,1000.1,0
2025-06-22 00:00:00,Mumbai,25.6,91.4357072125878,1004.2,0
2025-06-22 00:00:00,New_Delhi,29.8,82.51286135002354,997.8,0
2025-06-22 03:00:00,Chennai,31.2,61.04527320720593,1006.3,0
2025-06-22 03:00:00,Hyderabad,27.2,71.94224407779087,1005.7,0
2025-06-22 03:00:00,Kolkata,30.0,86.50450703984572,1001.5,0
2025-06-22 03:00:00,Mumbai,29.0,76.27419595958764,1005.3,0
2025-06-22 03:00:00,New_Delhi,32.0,73.63761837389029,999.0,0
2025-06-22 06:00:00,Chennai,33.0,51.87931731051191,1006.1,0
2025-06-22 06:00:00,Hyderabad,31.4,55.08058002977347,1004.2,0
2025-06-22 06:00:00,Kolkata,27.4,93.73593071403404,1001.0,0
2025-06-22 06:00:00,Mumbai,31.0,76.1271052167908,1005.4,0
2025-06-22 06:00:00,New_Delhi,34.2,67.80744627376714,999.0,0
2025-06-22 09:00:00,Chennai,34.6,49.20781804636321,1004.2,0
2025-06-22 09:00:00,Hyderabad,34.4,46.24198815742465,1001.0,0
2025-06-22 09:00:00,Kolkata,31.0,78.40390010984709,998.7,0
2025-06-22 09:00:00,Mumbai,31.4,73.53807422593974,1003.4,0
2025-06-22 09:00:00,New_Delhi,35.2,64.89993386286585,996.9,0
2025-06-22 12:00:00,Chennai,33.2,66.03479395995936,1003.0,0
2025-06-22 12:00:00,Hyderabad,34.0,41.010909884392014,999.2,0
2025-06-22 12:00:00,Kolkata,30.2,82.5595602209085,997.7,0
2025-06-22 12:00:00,Mumbai,31.0,73.47141965449843,1002.1,0
2025-06-22 12:00:00,New_Delhi,34.2,69.81872821780838,995.3,0
2025-06-22 15:00:00,Chennai,31.0,76.1271052167908,1005.8,0
2025-06-22 15:00:00,Hyderabad,31.6,48.73166147401666,1001.8,0
2025-06-22 15:00:00,Kolkata,29.0,89.51636332080271,1000.3,0
2025-06-22 15:00:00,Mumbai,29.2,81.95548127118022,1003.4,0
2025-06-22 15:00:00,New_Delhi,31.6,76.21857827105511,996.9,0
2025-06-22 18:00:00,Chennai,26.6,84.13765842724912,1008.0,0
2025-06-22 18:00:00,Hyderabad,29.0,60.17802618273944,1003.4,0
2025-06-22 18:00:00,Kolkata,28.8,92.16646996907036,1000.7,0
2025-06-22 18:00:00,Mumbai,29.6,83.46865512129703,1004.2,0
2025-06-22 18:00:00,New_Delhi,30.6,78.34767637456054,997.7,0
2025-06-22 21:00:00,Chennai,25.6,88.72729010944434,1005.7,0
2025-06-22 21:00:00,Hyderabad,26.4,71.35972072476868,1002.4,0
2025-06-22 21:00:00,Kolkata,28.6,93.78950978997815,1000.0,0
2025-06-22 21:00:00,Mumbai,28.0,87.34888747491027,1001.9,0
2025-06-22 21:00:00,New_Delhi,29.6,83.46865512129703,996.0,0
2025-06-23 00:00:00,Chennai,25.6,91.4357072125878,1005.1,0
2025-06-23 00:00:00,Hyderabad,25.0,76.58907524068796,1003.1,0
2025-06-23 00:00:00,Kolkata,28.2,92.13309053912468,998.8,0
2025-06-23 00:00:00,Mumbai,29.2,79.08600581526997,1002.0,0
2025-06-23 00:00:00,New_Delhi,29.0,89.51636332080271,996.4,0
2025-06-23 03:00:00,Chennai,27.5,83.73234961805122,1006.2,0
2025-06-23 03:00:00,Hyderabad,26.0,76.74205814496156,1003.9,0
2025-06-23 03:00:00,Kolkata,30.6,81.16467826556904,999.8,0
2025-06-23 03:00:00,Mumbai,29.2,83.42405706602797,1003.3,0
2025-06-23 03:00:00,New_Delhi,31.6,78.94871738353811,996.7,0
2025-06-23 06:00:00,Chennai,31.0,60.63128269788534,1005.5,0
2025-06-23 06:00:00,Hyderabad,29.4,61.76765120635756,1003.0,0
2025-06-23 06:00:00,Kolkata,33.0,66.78088716309055,999.0,0
2025-06-23 06:00:00,Mumbai,29.2,84.91559008084812,1003.6,0
2025-06-23 06:00:00,New_Delhi,36.0,59.60057162936797,996.4,0
2025-06-23 09:00:00,Chennai,33.5,52.00506525387822,1003.4,0
2025-06-23 09:00:00,Hyderabad,31.4,51.793336482077336,1000.0,0
2025-06-23 09:00:00,Kolkata,32.8,66.74127585978114,996.0,0
2025-06-23 09:00:00,Mumbai,30.6,76.97150804274018,1001.8,0
2025-06-23 09:00:00,New_Delhi,34.8,69.11990047734456,993.7,0
2025-06-23 12:00:00,Chennai,32.5,62.44723871738671,1002.6,0
2025-06-23 12:00:00,Hyderabad,29.6,64.11896805335266,999.1,0
2025-06-23 12:00:00,Kolkata,30.0,83.5130798716472,995.7,0
2025-06-23 12:00:00,Mumbai,30.2,76.91200889831605,1000.5,0
2025-06-23 12:00:00,New_Delhi,34.8,67.92262186231758,993.0,0
2025-06-23 15:00:00,Chennai,30.1,74.20078815780448,1004.7,0
2025-06-23 15:00:00,Hyderabad,28.2,59.62356658779815,1001.6,0
2025-06-23 15:00:00,Kolkata,30.0,78.26294962837345,998.1,0
2025-06-23 15:00:00,Mumbai,27.6,84.24549777703992,1001.7,0
2025-06-23 15:00:00,New_Delhi,30.2,74.2171474546091,994.2,0
2025-06-23 18:00:00,Chennai,29.8,67.3516781237725,1005.0,0
2025-06-23 18:00:00,Hyderabad,26.6,68.80592954249845,1002.2,0
2025-06-23 18:00:00,Kolkata,29.0,84.89506306062921,998.4,0
2025-06-23 18:00:00,Mumbai,26.6,90.41194193154736,1002.1,0
2025-06-23 18:00:00,New_Delhi,29.4,80.53536024141098,995.0,0
2025-06-23 21:00:00,Chennai,28.9,61.65653531414264,1003.4,0
2025-06-23 21:00:00,Hyderabad,25.2,73.38106367287797,1001.5,0
2025-06-23 21:00:00,Kolkata,28.4,87.90192756472376,996.4,0
2025-06-23 21:00:00,Mumbai,27.4,92.08825670296544,999.9,0
2025-06-23 21:00:00,New_Delhi,28.8,83.37928484286573,995.1,0
2025-06-24 00:00:00,Chennai,28.4,67.8977377259484,1004.0,0
2025-06-24 00:00:00,Hyderabad,24.4,78.89696564566025,1001.4,0
2025-06-24 00:00:00,Kolkata,28.0,92.12191734434786,996.5,0
2025-06-24 00:00:00,Mumbai,26.0,94.79622941585652,1000.2,0
2025-06-24 00:00:00,New_Delhi,29.4,91.1298760823704,994.8,0
2025-06-24 03:00:00,Chennai,29.4,64.46861316110979,1005.3,0
2025-06-24 03:00:00,Hyderabad,26.0,75.34517424505886,1002.2,0
2025-06-24 03:00:00,Kolkata,31.6,73.13800964473542,998.1,0
2025-06-24 03:00:00,Mumbai,28.6,87.91868204829599,1002.5,0
2025-06-24 03:00:00,New_Delhi,31.0,81.21443360821415,996.4,0
2025-06-24 06:00:00,Chennai,34.0,50.879846925795135,1004.4,0
2025-06-24 06:00:00,Hyderabad,27.4,70.6704235036712,1001.6,0
2025-06-24 06:00:00,Kolkata,33.6,62.6845670375821,997.5,0
2025-06-24 06:00:00,Mumbai,30.2,81.1147334710309,1002.0,0
2025-06-24 06:00:00,New_Delhi,34.0,69.78208647156907,996.0,0
2025-06-24 09:00:00,Chennai,36.4,41.15093514291351,1002.1,0
2025-06-24 09:00:00,Hyderabad,28.8,67.56355741939835,1000.3,0
2025-06-24 09:00:00,Kolkata,32.8,64.40448947276589,995.3,0
2025-06-24 09:00:00,Mumbai,30.4,78.31948639832048,1001.5,0
2025-06-24 09:00:00,New_Delhi,35.4,66.08722744082345,993.4,0
2025-06-24 12:00:00,Chennai,35.8,40.73714199718271,1001.2,0
2025-06-24 12:00:00,Hyderabad,27.8,69.45981522443017,999.4,0
2025-06-24 12:00:00,Kolkata,31.4,69.71409411644107,995.4,0
2025-06-24 12:00:00,Mumbai,30.0,78.26294962837345,1000.6,0
2025-06-24 12:00:00,New_Delhi,32.6,75.48318952612465,992.9,0
2025-06-24 15:00:00,Chennai,33.2,49.14728523903349,1003.1,0
2025-06-24 15:00:00,Hyderabad,26.0,73.97062900551056,1001.8,0
2025-06-24 15:00:00,Kolkata,30.0,78.26294962837345,998.3,0
2025-06-24 15:00:00,Mumbai,29.2,83.42405706602797,1001.7,0
2025-06-24 15:00:00,New_Delhi,31.2,78.89384535394599,994.8,0
2025-06-24 18:00:00,Chennai,32.0,52.26545370306257,1004.2,0
2025-06-24 18:00:00,Hyderabad,26.0,73.97062900551056,1002.8,0
2025-06-24 18:00:00,Kolkata,29.2,90.58588438387352,999.7,0
2025-06-24 18:00:00,Mumbai,29.4,81.97957178446406,1002.5,0
2025-06-24 18:00:00,New_Delhi,30.6,82.60607945629376,996.9,0
2025-06-24 21:00:00,Chennai,30.0,58.58138510397075,1002.6,0
2025-06-24 21:00:00,Hyderabad,25.2,78.04573617296006,1001.4,0
2025-06-24 21:00:00,Kolkata,28.8,92.16646996907036,997.5,0
2025-06-24 21:00:00,Mumbai,28.8,84.87449545917907,1000.6,0
2025-06-24 21:00:00,New_Delhi,31.2,82.67552340966292,996.1,0
2025-06-25 00:00:00,Chennai,29.6,60.68601439855552,1003.3,0
2025-06-25 00:00:00,Hyderabad,24.6,81.88902089566457,1000.7,0
2025-06-25 00:00:00,Kolkata,28.6,93.78950978997815,998.2,0
2025-06-25 00:00:00,Mumbai,29.0,83.40169277956687,1000.0,0
2025-06-25 00:00:00,New_Delhi,30.6,88.08437507661748,996.1,0
2025-06-25 03:00:00,Chennai,30.0,63.8146323928593,1005.6,0
2025-06-25 03:00:00,Hyderabad,26.0,73.97062900551056,1000.0333333333334,1
2025-06-25 03:00:00,Kolkata,31.2,77.51519693628545,999.5,0
2025-06-25 03:00:00,Mumbai,29.4,81.97957178446406,1001.9,0
2025-06-25 03:00:00,New_Delhi,31.0,88.11711421243372,998.7,0
2025-06-25 06:00:00,Chennai,33.0,59.27401124880875,1004.45,1
2025-06-25 06:00:00,Hyderabad,30.0,58.58138510397075,999.3666666666667,1
2025-06-25 06:00:00,Kolkata,32.6,69.11441091335229,999.2,0
2025-06-25 06:00:00,Mumbai,30.6,79.74530566981048,1002.2,0
2025-06-25 06:00:00,New_Delhi,32.4,83.29341218403941,999.3,0
2025-06-25 09:00:00,Chennai,33.6,52.66619140083634,1003.3,0
2025-06-25 09:00:00,Hyderabad,32.2,54.60518702638903,998.7,0
2025-06-25 09:00:00,Kolkata,31.2,82.67552340966292,997.3,0
2025-06-25 09:00:00,Mumbai,31.4,74.85285642920122,1000.9,0
2025-06-25 09:00:00,New_Delhi,33.4,74.29936225533098,997.9,0
2025-06-25 12:00:00,Chennai,33.0,55.468825283877344,1001.5,0
2025-06-25 12:00:00,Hyderabad,29.8,59.624049885095886,998.6,0
2025-06-25 12:00:00,Kolkata,31.0,77.03079038177704,997.1,0
2025-06-25 12:00:00,Mumbai,30.4,78.31948639832048,999.8,0
2025-06-25 12:00:00,New_Delhi,33.8,73.5047030667105,996.3,0
2025-06-25 15:00:00,Chennai,31.0,68.81248386416608,1003.9,0
2025-06-25 15:00:00,Hyderabad,27.2,74.62319571095497,1001.3,0
2025-06-25 15:00:00,Kolkata,29.7,82.98920703565307,999.9,0
2025-06-25 15:00:00,Mumbai,28.6,86.37440005285019,1001.4,0
2025-06-25 15:00:00,New_Delhi,31.4,78.92130681911149,998.1,0
2025-06-25 18:00:00,Chennai,30.8,61.70099247044744,1004.2,0
2025-06-25 18:00:00,Hyderabad,25.8,79.57685932121315,1002.5,0
2025-06-25 18:00:00,Kolkata,29.0,86.41175942849821,1000.3,0
2025-06-25 18:00:00,Mumbai,29.4,84.9360766224706,1001.8,0
2025-06-25 18:00:00,New_Delhi,30.4,82.58284223811447,1000.1,0
2025-06-25 21:00:00,Chennai,29.5,64.48967096870717,1003.5,0
2025-06-25 21:00:00,Hyderabad,24.8,85.48997942635886,1001.4,0
2025-06-25 21:00:00,Kolkata,28.4,88.94616815571688,999.3,0
2025-06-25 21:00:00,Mumbai,29.2,83.42405706602797,1000.4,0
2025-06-25 21:00:00,New_Delhi,29.8,84.97692867892383,999.8,0
2025-06-26 00:00:00,Chennai,29.2,66.82547661101904,1004.2,0
2025-06-26 00:00:00,Hyderabad,24.6,86.51781437617485,1001.7,0
2025-06-26 00:00:00,Kolkata,28.2,88.93074165144274,999.6,0
2025-06-26 00:00:00,Mumbai,29.2,86.43038313933076,1000.3,0
2025-06-26 00:00:00,New_Delhi,29.6,84.95652278782288,999.8,0
2025-06-26 03:00:00,Chennai,30.6,63.94211751218886,1006.2,0
2025-06-26 03:00:00,Hyderabad,27.0,75.96502451223623,1002.2,0
2025-06-26 03:00:00,Kolkata,28.8,92.16646996907036,1001.5,0
2025-06-26 03:00:00,Mumbai,29.8,82.51286135002354,1001.8,0
2025-06-26 03:00:00,New_Delhi,31.4,80.31973345807687,1001.4,0
2025-06-26 06:00:00,Chennai,34.4,50.98116999168349,1005.4,0
2025-06-26 06:00:00,Hyderabad,29.2,64.03403591828733,1002.8,0
2025-06-26 06:00:00,Kolkata,31.8,77.60205183026918,1000.5,0
2025-06-26 06:00:00,Mumbai,26.4,93.69075623120436,1002.8,0
2025-06-26 06:00:00,New_Delhi,36.2,58.94885638848755,1000.8,0
2025-06-26 09:00:00,Chennai,36.0,42.58451355254139,1003.6,0
2025-06-26 09:00:00,Hyderabad,29.0,65.17604956351583,1001.6,0
2025-06-26 09:00:00,Kolkata,31.6,77.57315316138988,999.3,0
2025-06-26 09:00:00,Mumbai,28.4,83.33433758376981,1001.6,0
2025-06-26 09:00:00,New_Delhi,37.6,53.65040916887702,998.3,0
2025-06-26 12:00:00,Chennai,35.2,46.73637773077028,1002.9,0
2025-06-26 12:00:00,Hyderabad,30.6,56.60048048213186,999.8,0
2025-06-26 12:00:00,Kolkata,29.0,90.57266984744004,999.3,0
2025-06-26 12:00:00,Mumbai,28.0,84.79181717750924,1000.4,0
2025-06-26 12:00:00,New_Delhi,36.4,57.96331263280552,996.9,0
2025-06-26 15:00:00,Chennai,31.2,76.157651318818,1004.5,0
2025-06-26 15:00:00,Hyderabad,29.0,60.17802618273944,1001.7,0
2025-06-26 15:00:00,Kolkata,28.8,84.87449545917907,1000.8,0
2025-06-26 15:00:00,Mumbai,28.6,83.35683314726084,1001.5,0
2025-06-26 15:00:00,New_Delhi,33.6,63.81035576931347,998.0,0
2025-06-26 18:00:00,Chennai,30.4,82.58284223811447,1005.2,0
2025-06-26 18:00:00,Hyderabad,27.2,66.42134103227126,1003.2,0
2025-06-26 18:00:00,Kolkata,28.6,84.8538871735531,1001.4,0
2025-06-26 18:00:00,Mumbai,28.6,81.88293095675748,1002.0,0
2025-06-26 18:00:00,New_Delhi,32.0,71.07626571001893,999.2,0
2025-06-26 21:00:00,Chennai,29.6,74.118773297339,1004.3,0
2025-06-26 21:00:00,Hyderabad,25.8,75.31315110466264,1002.5,0
2025-06-26 21:00:00,Kolkata,26.4,98.24351098143454,1000.5,0
2025-06-26 21:00:00,Mumbai,29.0,80.48371679996085,1000.6,0
2025-06-26 21:00:00,New_Delhi,30.6,78.34767637456054,998.4,0
2025-06-27 00:00:00,Chennai,29.0,67.6029912702051,1004.8,0
2025-06-27 00:00:00,Hyderabad,25.0,80.94190986257107,1003.0,0
2025-06-27 00:00:00,Kolkata,26.6,92.0430442850652,1000.1,0
2025-06-27 00:00:00,Mumbai,28.6,84.8538871735531,1000.4,0
2025-06-27 00:00:00,New_Delhi,30.0,81.08968974474207,999.9,0
2025-06-27 03:00:00,Chennai,31.2,57.44189089337356,1006.2,0
2025-06-27 03:00:00,Hyderabad,25.6,78.10377110822357,1003.7,0
2025-06-27 03:00:00,Kolkata,28.6,90.54615869442738,1001.3,0
2025-06-27 03:00:00,Mumbai,29.4,83.44637781059491,1001.6,0
2025-06-27 03:00:00,New_Delhi,32.6,71.60318423066752,1000.2,0
2025-06-27 06:00:00,Chennai,36.0,42.58451355254139,1005.8,0
2025-06-27 06:00:00,Hyderabad,30.8,56.99686339899115,1003.1,0
2025-06-27 06:00:00,Kolkata,31.0,79.79835457938422,1000.8,0
2025-06-27 06:00:00,Mumbai,31.2,74.82093472023674,1002.5,0
2025-06-27 06:00:00,New_Delhi,35.6,58.46599770220743,999.3,0
2025-06-27 09:00:00,Chennai,37.2,39.38899905609476,1003.9,0
2025-06-27 09:00:00,Hyderabad,32.6,48.69053626792785,1001.6,0
2025-06-27 09:00:00,Kolkata,30.4,85.53649748682237,999.1,0
2025-06-27 09:00:00,Mumbai,29.2,83.42405706602797,1002.7,0
2025-06-27 09:00:00,New_Delhi,38.0,54.06399520673431,997.2,0
2025-06-27 12:00:00,Chennai,37.0,41.81986488052018,1003.3,0
2025-06-27 12:00:00,Hyderabad,31.8,50.00794215353572,1000.3,0
2025-06-27 12:00:00,Kolkata,28.4,92.14424033203444,998.8,0
2025-06-27 12:00:00,Mumbai,30.0,82.53623329490637,1001.3,0
2025-06-27 12:00:00,New_Delhi,37.8,50.920729880972495,995.9,0
2025-06-27 15:00:00,Chennai,32.0,67.38029965170892,1005.2,0
2025-06-27 15:00:00,Hyderabad,28.2,67.03344873373467,1002.8,0
2025-06-27 15:00:00,Kolkata,28.8,92.16646996907036,1000.4,0
2025-06-27 15:00:00,Mumbai,29.2,80.5095630310082,1002.4,0
2025-06-27 15:00:00,New_Delhi,34.4,62.11744798829246,996.9,0
2025-06-27 18:00:00,Chennai,30.8,77.00117625197225,1006.2,0
2025-06-27 18:00:00,Hyderabad,27.6,70.70707520994743,1004.8,0
2025-06-27 18:00:00,Kolkata,28.8,93.7983735302794,1001.2,0
2025-06-27 18:00:00,Mumbai,28.8,79.03096698905824,1004.4,0
2025-06-27 18:00:00,New_Delhi,32.4,69.07688914571028,999.3,0
2025-06-27 21:00:00,Chennai,30.4,62.74695361986276,1005.3,0
2025-06-27 21:00:00,Hyderabad,26.2,74.00407121193724,1003.8,0
2025-06-27 21:00:00,Kolkata,28.0,88.91528354225218,1000.05,1
2025-06-27 21:00:00,Mumbai,28.8,80.45782143103412,1002.8,0
2025-06-27 21:00:00,New_Delhi,31.0,74.7889561009917,998.8,0
2025-06-28 00:00:00,Chennai,30.0,61.14896099495759,1005.4,0
2025-06-28 00:00:00,Hyderabad,25.2,74.75407846072603,1004.1,0
2025-06-28 00:00:00,Kolkata,28.0,92.12191734434786,998.9,0
2025-06-28 00:00:00,Mumbai,28.6,79.00337009946395,1002.9,0
2025-06-28 00:00:00,New_Delhi,29.8,81.06459831337503,998.4,0
2025-06-28 03:00:00,Chennai,31.4,56.79173434463173,1007.0,0
2025-06-28 03:00:00,Hyderabad,26.6,71.39581590815916,1004.9,0
2025-06-28 03:00:00,Kolkata,27.6,95.41595470562916,999.1,0
2025-06-28 03:00:00,Mumbai,29.8,75.49139258129554,1003.9,0
2025-06-28 03:00:00,New_Delhi,32.8,71.63823581141993,998.8,0
2025-06-28 06:00:00,Chennai,35.1,44.20746584225359,1006.1,0
2025-06-28 06:00:00,Hyderabad,29.8,58.17545062621481,1003.9,0
2025-06-28 06:00:00,Kolkata,28.2,93.77172585847173,999.1,0
2025-06-28 06:00:00,Mumbai,31.2,73.50477620307173,1004.5,0
2025-06-28 06:00:00,New_Delhi,35.6,58.46599770220743,997.4,0
2025-06-28 09:00:00,Chennai,37.0,43.64011479942673,1004.1,0
2025-06-28 09:00:00,Hyderabad,34.2,42.36275022628725,1001.1,0
2025-06-28 09:00:00,Kolkata,30.4,82.58284223811447,996.4,0
2025-06-28 09:00:00,Mumbai,32.0,68.5931528079531,1003.6,0
2025-06-28 09:00:00,New_Delhi,35.8,61.6920702312266,995.5,0
2025-06-28 12:00:00,Chennai,37.0,43.64011479942673,1002.9,0
2025-06-28 12:00:00,Hyderabad,33.2,44.24634143729821,1000.0,0
2025-06-28 12:00:00,Kolkata,27.8,92.11072068322818,996.1,0
2025-06-28 12:00:00,Mumbai,30.8,71.71113203855039,1002.5,0
2025-06-28 12:00:00,New_Delhi,29.4,74.97860136800087,995.6,0
2025-06-28 15:00:00,Chennai,32.0,63.85356133058713,1004.7,0
2025-06-28 15:00:00,Hyderabad,30.0,58.58138510397075,1002.2,0
2025-06-28 15:00:00,Kolkata,27.2,93.72693426762004,996.9,0
2025-06-28 15:00:00,Mumbai,27.0,82.67693820709039,1003.9,0
2025-06-28 15:00:00,New_Delhi,29.2,80.5095630310082,996.6,0
2025-06-28 18:00:00,Chennai,30.6,78.34767637456054,1006.1,0
2025-06-28 18:00:00,Hyderabad,28.8,60.13232984013959,1003.3,0
2025-06-28 18:00:00,Kolkata,27.2,93.72693426762004,997.7,0
2025-06-28 18:00:00,Mumbai,26.4,87.207659213301,1005.0,0
2025-06-28 18:00:00,New_Delhi,28.2,78.94802076163292,996.8,0
2025-06-28 21:00:00,Chennai,29.6,64.51071215170371,1004.3,0
2025-06-28 21:00:00,Hyderabad,26.8,67.58193621694379,1003.0,0
2025-06-28 21:00:00,Kolkata,26.8,95.38933139322062,995.4,0
2025-06-28 21:00:00,Mumbai,26.6,84.13765842724912,1004.0,0
2025-06-28 21:00:00,New_Delhi,28.0,85.80667728802291,995.8,0
2025-06-29 00:00:00,Chennai,29.4,63.298643541066646,1004.2,0
2025-06-29 00:00:00,Hyderabad,25.4,73.41522905629661,1002.9,0
2025-06-29 00:00:00,Kolkata,27.0,95.39600874452508,995.9,0
2025-06-29 00:00:00,Mumbai,28.4,84.83323810049623,1002.9,0
2025-06-29 00:00:00,New_Delhi,28.0,87.34888747491027,995.5,0
2025-06-29 03:00:00,Chennai,31.6,55.46769384647515,1005.8,0
2025-06-29 03:00:00,Hyderabad,26.2,72.65297888830925,1004.4,0
2025-06-29 03:00:00,Kolkata,29.0,84.89506306062921,996.1,0
2025-06-29 03:00:00,Mumbai,29.8,79.63860889063328,1004.4,0
2025-06-29 03:00:00,New_Delhi,30.4,79.71870652103674,996.1,0
2025-06-29 06:00:00,Chennai,34.6,45.17243194873731,1004.8,0
2025-06-29 06:00:00,Hyderabad,31.0,54.98286515247459,1002.9,0
2025-06-29 06:00:00,Kolkata,30.6,79.74530566981048,995.8,0
2025-06-29 06:00:00,Mumbai,31.0,73.47141965449843,1005.0,0
2025-06-29 06:00:00,New_Delhi,31.8,77.60205183026918,996.2,0
2025-06-29 09:00:00,Chennai,38.5,35.8130114134098,1002.4,0
2025-06-29 09:00:00,Hyderabad,32.4,47.44877789198737,1000.7,0
2025-06-29 09:00:00,Kolkata,33.2,69.2266032222682,993.7,0
2025-06-29 09:00:00,Mumbai,30.6,74.28243957799879,1004.2,0
2025-06-29 09:00:00,New_Delhi,30.4,81.13972960661955,994.7,0
2025-06-29 12:00:00,Chennai,37.0,48.35250304538567,1002.0,0
2025-06-29 12:00:00,Hyderabad,30.2,51.80975429231799,1000.7,0
2025-06-29 12:00:00,Kolkata,29.2,83.42405706602797,993.5,0
2025-06-29 12:00:00,Mumbai,30.2,75.55406963834521,1002.8,0
2025-06-29 12:00:00,New_Delhi,27.4,98.25637024612983,994.4,0
2025-06-29 15:00:00,Chennai,33.0,65.60442666205464,1004.0,0
2025-06-29 15:00:00,Hyderabad,25.8,70.81180097230059,1004.4,0
2025-06-29 15:00:00,Kolkata,28.4,86.35566419509173,995.9,0
2025-06-29 15:00:00,Mumbai,29.2,79.08600581526997,1003.5,0
2025-06-29 15:00:00,New_Delhi,26.2,100.0,995.5,0
2025-06-29 18:00:00,Chennai,31.8,65.35956383382464,1005.0,0
2025-06-29 18:00:00,Hyderabad,25.4,78.0747809293731,1004.9,0
2025-06-29 18:00:00,Kolkata,28.2,92.13309053912468,996.4,0
2025-06-29 18:00:00,Mumbai,29.0,80.48371679996085,1004.3,0
2025-06-29 18:00:00,New_Delhi,26.2,98.24092211346162,997.1,0
2025-06-29 21:00:00,Chennai,31.5,55.7837118359496,1003.8,0
2025-06-29 21:00:00,Hyderabad,25.0,80.94190986257107,1004.2,0
2025-06-29 21:00:00,Kolkata,28.0,93.76280556198172,994.5,0
2025-06-29 21:00:00,Mumbai,28.8,83.37928484286573,1002.1,0
2025-06-29 21:00:00,New_Delhi,26.2,100.0,995.7,0
2025-06-30 00:00:00,Chennai,30.4,56.55250112657328,1003.8,0
2025-06-30 00:00:00,Hyderabad,24.6,81.88902089566457,1003.0,0
2025-06-30 00:00:00,Kolkata,27.6,95.41595470562916,994.7,0
2025-06-30 00:00:00,Mumbai,28.8,81.90716097068722,1002.4,0
2025-06-30 00:00:00,New_Delhi,25.8,98.23572722928968,996.4,0
2025-06-30 03:00:00,Chennai,31.4,50.52742024257406,1005.4,0
2025-06-30 03:00:00,Hyderabad,25.6,78.10377110822357,1004.6,0
2025-06-30 03:00:00,Kolkata,28.8,92.16646996907036,996.2,0
2025-06-30 03:00:00,Mumbai,29.4,79.11344799319119,1003.8,0
2025-06-30 03:00:00,New_Delhi,25.4,98.23050936880628,998.0,0
2025-06-30 06:00:00,Chennai,34.6,44.07412084316889,1005.3,0
2025-06-30 06:00:00,Hyderabad,28.8,64.73711256760602,1003.4,0
2025-06-30 06:00:00,Kolkata,32.0,73.63761837389029,995.9,0
2025-06-30 06:00:00,Mumbai,31.2,72.20890765279174,1004.2,0
2025-06-30 06:00:00,New_Delhi,27.4,92.08825670296544,998.4,0
2025-06-30 09:00:00,Chennai,37.0,36.524784215721255,1002.8,0
2025-06-30 09:00:00,Hyderabad,30.2,58.62802673114032,1001.5,0
2025-06-30 09:00:00,Kolkata,32.2,72.80896276194781,994.3,0
2025-06-30 09:00:00,Mumbai,29.4,79.11344799319119,1003.0,0
2025-06-30 09:00:00,New_Delhi,30.4,82.58284223811447,996.6,0
2025-06-30 12:00:00,Chennai,35.4,45.10776278964171,1001.8,0
2025-06-30 12:00:00,Hyderabad,28.4,69.99739475484381,1001.2,0
2025-06-30 12:00:00,Kolkata,29.0,92.17754994106518,994.6,0
2025-06-30 12:00:00,Mumbai,27.8,82.77031896665545,1001.9,0
2025-06-30 12:00:00,New_Delhi,29.6,84.95652278782288,995.6,0
2025-06-30 15:00:00,Chennai,32.2,69.03930501374236,1004.6,0
2025-06-30 15:00:00,Hyderabad,23.0,94.10581804007526,1003.35,1
2025-06-30 15:00:00,Kolkata,28.4,93.78062725022616,996.8,0
2025-06-30 15:00:00,Mumbai,28.4,83.33433758376981,1003.6,0
2025-06-30 15:00:00,New_Delhi,27.8,92.11072068322818,996.8,0
2025-06-30 18:00:00,Chennai,32.0,60.12540926930006,1005.1,0
2025-06-30 18:00:00,Hyderabad,22.6,92.9437416009186,1005.5,0
2025-06-30 18:00:00,Kolkata,28.0,92.12191734434786,997.8,0
2025-06-30 18:00:00,Mumbai,29.0,79.0585121873896,1004.6,0
2025-06-30 18:00:00,New_Delhi,27.8,92.11072068322818,997.9,0
2025-06-30 21:00:00,Chennai,30.8,59.48920941788979,1004.3,0
2025-06-30 21:00:00,Hyderabad,23.0,94.6812063155598,1003.7,0
2025-06-30 21:00:00,Kolkata,27.6,93.74490804295252,996.6,0
2025-06-30 21:00:00,Mumbai,28.6,83.35683314726084,1003.1,0
2025-06-30 21:00:00,New_Delhi,26.6,98.24609415561164,997.0,0
2025-07-01 00:00:00,Chennai,30.4,57.95960848703658,1004.7,0
2025-07-01 00:00:00,Hyderabad,23.4,91.29967042540224,1003.3,0
2025-07-01 00:00:00,Kolkata,27.4,95.40932035991788,997.0,0
2025-07-01 00:00:00,Mumbai,28.4,83.33433758376981,1002.7,0
2025-07-01 00:00:00,New_Delhi,26.6,96.51914127003089,997.2,0
2025-07-01 03:00:00,Chennai,32.2,51.36063907880956,1005.7,0
2025-07-01 03:00:00,Hyderabad,24.2,86.48011646915207,1004.4,0
2025-07-01 03:00:00,Kolkata,30.0,81.08968974474207,998.3,0
2025-07-01 03:00:00,Mumbai,29.2,80.5095630310082,1004.3,0
2025-07-01 03:00:00,New_Delhi,27.6,88.88427217188078,1000.1,0
2025-07-01 06:00:00,Chennai,35.2,39.08979535895464,1005.6,0
2025-07-01 06:00:00,Hyderabad,26.4,81.1206589392812,1004.0,0
2025-07-01 06:00:00,Kolkata,31.2,81.23924051845427,998.4,0
2025-07-01 06:00:00,Mumbai,30.2,74.2171474546091,1004.9,0
2025-07-01 06:00:00,New_Delhi,30.8,75.64766286638326,999.8,0
2025-07-01 09:00:00,Chennai,36.4,39.41535291035404,1003.7,0
2025-07-01 09:00:00,Hyderabad,26.4,81.1206589392812,1002.8,0
2025-07-01 09:00:00,Kolkata,30.6,81.16467826556904,996.6,0
2025-07-01 09:00:00,Mumbai,30.8,74.31499881924898,1003.8,0
2025-07-01 09:00:00,New_Delhi,34.6,64.39740048201318,996.6,0
2025-07-01 12:00:00,Chennai,35.4,42.948937628723854,1002.8,0
2025-07-01 12:00:00,Hyderabad,27.8,72.04825832142134,1001.1,0
2025-07-01 12:00:00,Kolkata,30.2,93.31838831120952,996.0,0
2025-07-01 12:00:00,Mumbai,30.0,74.18441432342445,1002.6,0
2025-07-01 12:00:00,New_Delhi,34.6,64.39740048201318,995.0,0
2025-07-01 15:00:00,Chennai,32.4,57.029314759535474,1004.6,0
2025-07-01 15:00:00,Hyderabad,23.0,89.61193893447619,1004.7,0
2025-07-01 15:00:00,Kolkata,29.6,82.00361602371757,998.3,0
2025-07-01 15:00:00,Mumbai,29.0,80.48371679996085,1003.5,0
2025-07-01 15:00:00,New_Delhi,31.2,78.89384535394599,996.6,0
2025-07-01 18:00:00,Chennai,31.6,62.25158297844957,1005.7,0
2025-07-01 18:00:00,Hyderabad,22.4,94.6577488230315,1005.6,0
2025-07-01 18:00:00,Kolkata,29.0,86.41175942849821,999.1,0
2025-07-01 18:00:00,Mumbai,27.6,88.88427217188078,1004.2,0
2025-07-01 18:00:00,New_Delhi,30.2,81.1147334710309,997.7,0
2025-07-01 21:00:00,Chennai,31.4,54.07572802922947,1004.4,0
2025-07-01 21:00:00,Hyderabad,23.0,94.6812063155598,1003.6,0
2025-07-01 21:00:00,Kolkata,28.4,88.94616815571688,997.8,0
2025-07-01 21:00:00,Mumbai,29.0,81.9313443709877,1002.8,0
2025-07-01 21:00:00,New_Delhi,29.0,84.89506306062921,997.7,0
2025-07-02 00:00:00,Chennai,30.2,58.98867435336403,1004.7,0
2025-07-02 00:00:00,Hyderabad,23.0,94.6812063155598,1002.6,0
2025-07-02 00:00:00,Kolkata,27.6,95.41595470562916,998.0,0
2025-07-02 00:00:00,Mumbai,28.6,84.8538871735531,1002.6,0
2025-07-02 00:00:00,New_Delhi,28.6,88.96156313904507,997.9,0
2025-07-02 03:00:00,Chennai,31.3,55.73535182239239,1005.5,0
2025-07-02 03:00:00,Hyderabad,24.4,88.0941253601151,1003.4,0
2025-07-02 03:00:00,Kolkata,30.6,78.34767637456054,999.8,0
2025-07-02 03:00:00,Mumbai,29.2,81.95548127118022,1003.3,0
2025-07-02 03:00:00,New_Delhi,31.8,73.60449518826249,998.4,0
2025-07-02 06:00:00,Chennai,34.5,47.70572345276429,1005.3,0
2025-07-02 06:00:00,Hyderabad,25.0,89.75868022431183,1004.4,0
2025-07-02 06:00:00,Kolkata,32.4,70.31283604150148,998.6,0
2025-07-02 06:00:00,Mumbai,27.2,88.85313336738866,1003.9,0
2025-07-02 06:00:00,New_Delhi,35.0,63.35498062475399,998.2,0
2025-07-02 09:00:00,Chennai,36.4,42.17247812997893,1003.9,0
2025-07-02 09:00:00,Hyderabad,25.4,90.33006125111788,1003.1,0
2025-07-02 09:00:00,Kolkata,33.2,70.45783465512956,997.1,0
2025-07-02 09:00:00,Mumbai,29.4,81.97957178446406,1002.8,0
2025-07-02 09:00:00,New_Delhi,34.0,74.82818100424117,996.2,0
2025-07-02 12:00:00,Chennai,32.0,72.34703340707203,1003.3,0
2025-07-02 12:00:00,Hyderabad,25.0,91.95146683042388,1001.8,0
2025-07-02 12:00:00,Kolkata,28.8,87.93540259721783,996.9,0
2025-07-02 12:00:00,Mumbai,28.0,81.80996009312997,1001.8,0
2025-07-02 12:00:00,New_Delhi,34.6,61.06806519838046,994.6,0
2025-07-02 15:00:00,Chennai,27.6,87.31379479213656,1006.1,0
2025-07-02 15:00:00,Hyderabad,25.0,89.75868022431183,1003.5,0
2025-07-02 15:00:00,Kolkata,28.6,88.96156313904507,998.9,0
2025-07-02 15:00:00,Mumbai,26.2,88.7747243479242,1002.5,0
2025-07-02 15:00:00,New_Delhi,32.0,73.63761837389029,996.7,0
2025-07-02 18:00:00,Chennai,27.0,90.43900875787912,1005.9,0
2025-07-02 18:00:00,Hyderabad,24.6,86.51781437617485,1003.8,0
2025-07-02 18:00:00,Kolkata,28.4,92.14424033203444,1000.1,0
2025-07-02 18:00:00,Mumbai,26.4,92.03168153578638,1003.7,0
2025-07-02 18:00:00,New_Delhi,31.2,77.51519693628545,997.8,0
2025-07-02 21:00:00,Chennai,27.6,82.7470419948832,1005.0,0
2025-07-02 21:00:00,Hyderabad,24.6,86.51781437617485,1002.5,0
2025-07-02 21:00:00,Kolkata,28.0,93.76280556198172,998.7,0
2025-07-02 21:00:00,Mumbai,27.6,90.47939854432096,1001.7,0
2025-07-02 21:00:00,New_Delhi,29.8,88.01849942848882,997.8,0
2025-07-03 00:00:00,Chennai,27.6,79.81995065848324,1005.0,0
2025-07-03 00:00:00,Hyderabad,24.4,86.49898460860861,1002.4,0
2025-07-03 00:00:00,Kolkata,28.0,93.76280556198172,998.9,0
2025-07-03 00:00:00,Mumbai,27.8,87.33135888966177,1001.7,0
2025-07-03 00:00:00,New_Delhi,29.0,89.51636332080271,998.3,0
2025-07-03 03:00:00,Chennai,29.0,70.96187714437761,1006.8,0
2025-07-03 03:00:00,Hyderabad,25.0,82.44026830283795,1004.6,0
2025-07-03 03:00:00,Kolkata,31.4,76.18814229624397,1000.1,0
2025-07-03 03:00:00,Mumbai,29.0,81.9313443709877,1003.4,0
2025-07-03 03:00:00,New_Delhi,31.4,78.92130681911149,999.2,0
2025-07-03 06:00:00,Chennai,32.6,55.0366623119638,1006.0,0
2025-07-03 06:00:00,Hyderabad,27.8,72.48778233514803,1004.0,0
2025-07-03 06:00:00,Kolkata,33.4,70.9081702429426,999.7,0
2025-07-03 06:00:00,Mumbai,30.6,76.97150804274018,1003.8,0
2025-07-03 06:00:00,New_Delhi,35.2,66.04734321889784,998.5,0
2025-07-03 09:00:00,Chennai,33.8,49.60427705148923,1004.2,0
2025-07-03 09:00:00,Hyderabad,29.8,65.73955575357787,1002.5,0
2025-07-03 09:00:00,Kolkata,32.2,72.80896276194781,998.1,0
2025-07-03 09:00:00,Mumbai,31.4,72.24352874821913,1002.8,0
2025-07-03 09:00:00,New_Delhi,36.4,58.99422053734538,996.7,0
2025-07-03 12:00:00,Chennai,33.4,50.11110420939171,1003.7,0
2025-07-03 12:00:00,Hyderabad,28.6,67.52405842467928,1001.4,0
2025-07-03 12:00:00,Kolkata,29.8,92.22163900067572,997.9,0
2025-07-03 12:00:00,Mumbai,30.0,78.26294962837345,1002.0,0
2025-07-03 12:00:00,New_Delhi,35.2,64.89993386286585,995.4,0
2025-07-03 15:00:00,Chennai,31.5,58.217370712097605,1005.9,0
2025-07-03 15:00:00,Hyderabad,26.6,76.83317005878584,1003.8,0
2025-07-03 15:00:00,Kolkata,29.0,87.95208930052544,1000.5,0
2025-07-03 15:00:00,Mumbai,28.8,81.90716097068722,1003.7,0
2025-07-03 15:00:00,New_Delhi,33.0,70.42167655411042,996.9,0
2025-07-03 18:00:00,Chennai,30.8,61.327434848702055,1007.0,0
2025-07-03 18:00:00,Hyderabad,25.8,73.93712658825068,1004.9,0
2025-07-03 18:00:00,Kolkata,28.6,90.54615869442738,1000.1,0
2025-07-03 18:00:00,Mumbai,27.6,90.47939854432096,1004.1,0
2025-07-03 18:00:00,New_Delhi,31.2,79.82480457377302,999.0,0
2025-07-03 21:00:00,Chennai,30.0,61.90043484423167,1005.8,0
2025-07-03 21:00:00,Hyderabad,24.8,78.95321249408514,1004.0,0
2025-07-03 21:00:00,Kolkata,28.4,92.14424033203444,999.6,0
2025-07-03 21:00:00,Mumbai,27.6,87.31379479213656,1002.7,0
2025-07-03 21:00:00,New_Delhi,30.2,84.02682856635852,998.3,0
2025-07-04 00:00:00,Chennai,28.8,62.782198156408256,1006.4,0
2025-07-04 00:00:00,Hyderabad,24.4,81.86439065070549,1004.2,0
2025-07-04 00:00:00,Kolkata,28.0,93.76280556198172,999.5,0
2025-07-04 00:00:00,Mumbai,27.8,85.78717977072007,1002.8,0
2025-07-04 00:00:00,New_Delhi,29.4,86.44896966030107,998.9,0
2025-07-04 03:00:00,Chennai,30.6,61.656767739717175,1007.9,0
2025-07-04 03:00:00,Hyderabad,25.4,80.9932280365787,1006.2,0
2025-07-04 03:00:00,Kolkata,30.6,85.55612371787966,1000.4,0
2025-07-04 03:00:00,Mumbai,29.2,80.5095630310082,1004.8,0
2025-07-04 03:00:00,New_Delhi,32.2,74.979976618763,999.2,0
2025-07-04 06:00:00,Chennai,34.6,47.15230400200087,1006.7,0
2025-07-04 06:00:00,Hyderabad,28.4,67.07345637066688,1005.4,0
2025-07-04 06:00:00,Kolkata,29.6,92.2106512336583,999.8,0
2025-07-04 06:00:00,Mumbai,30.2,81.1147334710309,1005.1,0
2025-07-04 06:00:00,New_Delhi,35.6,59.51052447634323,998.0,0
2025-07-04 09:00:00,Chennai,36.0,42.58451355254139,1004.4,0
2025-07-04 09:00:00,Hyderabad,31.0,59.17352784031437,1003.5,0
2025-07-04 09:00:00,Kolkata,28.8,92.16646996907036,998.4,0
2025-07-04 09:00:00,Mumbai,30.2,79.69205742002245,1003.8,0
2025-07-04 09:00:00,New_Delhi,32.6,67.89863459456423,996.9,0
2025-07-04 12:00:00,Chennai,34.4,45.95905839180616,1003.7,0
2025-07-04 12:00:00,Hyderabad,30.4,57.60498492741043,1001.6,0
2025-07-04 12:00:00,Kolkata,27.0,96.5292760949642,998.5,0
2025-07-04 12:00:00,Mumbai,29.6,79.6118092261478,1002.9,0
2025-07-04 12:00:00,New_Delhi,32.2,76.30955739524246,995.7,0
2025-07-04 15:00:00,Chennai,32.6,55.0366623119638,1006.2,0
2025-07-04 15:00:00,Hyderabad,27.2,70.63370855789137,1005.4,0
2025-07-04 15:00:00,Kolkata,27.6,98.25892519962696,999.2,0
2025-07-04 15:00:00,Mumbai,28.8,80.45782143103412,1004.3,0
2025-07-04 15:00:00,New_Delhi,31.2,79.82480457377302,997.1,0
2025-07-04 18:00:00,Chennai,29.0,84.89506306062921,1007.0,0
2025-07-04 18:00:00,Hyderabad,25.8,75.31315110466264,1005.3,0
2025-07-04 18:00:00,Kolkata,26.6,98.24609415561164,1000.2,0
2025-07-04 18:00:00,Mumbai,26.4,92.03168153578638,1004.6,0
2025-07-04 18:00:00,New_Delhi,30.6,79.74530566981048,998.8,0
2025-07-04 21:00:00,Chennai,28.0,84.79181717750924,1006.3,0
2025-07-04 21:00:00,Hyderabad,25.0,78.0166367113774,1004.8,0
2025-07-04 21:00:00,Kolkata,26.4,98.24351098143454,998.4,0
2025-07-04 21:00:00,Mumbai,26.4,90.3983661985558,1003.7,0
2025-07-04 21:00:00,New_Delhi,30.2,84.02682856635852,998.1,0
2025-07-05 00:00:00,Chennai,29.0,64.38421540041374,1006.4,0
2025-07-05 00:00:00,Hyderabad,24.2,83.36164573364587,1004.5,0
2025-07-05 00:00:00,Kolkata,26.8,98.24867165262664,998.6,0
2025-07-05 00:00:00,Mumbai,27.0,88.83751596451742,1002.8,0
2025-07-05 00:00:00,New_Delhi,29.4,89.54556000162309,997.7,0
2025-07-05 03:00:00,Chennai,30.8,59.48920941788979,1007.4,0
2025-07-05 03:00:00,Hyderabad,25.8,78.13270683678482,1005.1,0
2025-07-05 03:00:00,Kolkata,28.4,95.44234995416194,999.0,0
2025-07-05 03:00:00,Mumbai,28.6,81.88293095675748,1003.9,0
2025-07-05 03:00:00,New_Delhi,30.8,81.1895795616241,998.1,0
2025-07-05 06:00:00,Chennai,35.8,43.32064620484594,1006.5,0
2025-07-05 06:00:00,Hyderabad,30.2,62.32302111052805,1005.0,0
2025-07-05 06:00:00,Kolkata,31.0,81.21443360821415,998.2,0
2025-07-05 06:00:00,Mumbai,28.6,84.8538871735531,1004.7,0
2025-07-05 06:00:00,New_Delhi,34.2,66.62513546519824,997.5,0
2025-07-05 09:00:00,Chennai,37.8,37.197239483545935,1002.8,0
2025-07-05 09:00:00,Hyderabad,31.2,56.05359172338208,1001.7,0
2025-07-05 09:00:00,Kolkata,30.6,78.34767637456054,996.3,0
2025-07-05 09:00:00,Mumbai,30.8,73.00291172196927,1003.5,0
2025-07-05 09:00:00,New_Delhi,36.4,56.94818470759056,995.1,0
2025-07-05 12:00:00,Chennai,37.8,36.74156859286328,1002.6,0
2025-07-05 12:00:00,Hyderabad,30.4,60.12781595604137,1001.3,0
2025-07-05 12:00:00,Kolkata,30.6,74.28243957799879,995.7,0
2025-07-05 12:00:00,Mumbai,28.8,79.03096698905824,1002.3,0
2025-07-05 12:00:00,New_Delhi,34.0,82.52110642676469,993.8,0
2025-07-05 15:00:00,Chennai,34.6,50.41729520575189,1004.9,0
2025-07-05 15:00:00,Hyderabad,27.4,70.6704235036712,1003.1,0
2025-07-05 15:00:00,Kolkata,29.2,83.42405706602797,997.8,0
2025-07-05 15:00:00,Mumbai,26.8,87.24318141227258,1003.7,0
2025-07-05 15:00:00,New_Delhi,32.2,82.79037750593562,996.0,0
2025-07-05 18:00:00,Chennai,33.0,52.19700204876771,1006.0,0
2025-07-05 18:00:00,Hyderabad,26.6,71.39581590815916,1003.9,0
2025-07-05 18:00:00,Kolkata,28.6,90.54615869442738,998.1,0
2025-07-05 18:00:00,Mumbai,28.2,83.31179804309043,1003.8,0
2025-07-05 18:00:00,New_Delhi,31.4,81.26400040514575,998.0,0
2025-07-05 21:00:00,Chennai,30.6,58.00662433733898,1004.9,0
2025-07-05 21:00:00,Hyderabad,25.2,74.75407846072603,1002.9,0
2025-07-05 21:00:00,Kolkata,28.2,92.13309053912468,996.0,0
2025-07-05 21:00:00,Mumbai,28.0,85.80667728802291,1003.6,0
2025-07-05 21:00:00,New_Delhi,30.6,85.55612371787966,996.4,0
2025-07-06 00:00:00,Chennai,29.8,61.10417493715189,1005.4,0
2025-07-06 00:00:00,Hyderabad,24.2,80.34219542746611,1003.1,0
2025-07-06 00:00:00,Kolkata,27.8,92.11072068322818,996.4,0
2025-07-06 00:00:00,Mumbai,26.8,87.24318141227258,1001.9,0
2025-07-06 00:00:00,New_Delhi,30.2,86.52294575570109,996.3,0
2025-07-06 03:00:00,Chennai,32.0,55.56458760321053,1006.0,0
2025-07-06 03:00:00,Hyderabad,25.2,78.04573617296006,1004.2,0
2025-07-06 03:00:00,Kolkata,28.8,89.50172004038727,997.0,0
2025-07-06 03:00:00,Mumbai,26.6,92.0430442850652,1003.0,0
2025-07-06 03:00:00,New_Delhi,30.6,79.74530566981048,997.9,0
2025-07-06 06:00:00,Chennai,35.8,42.53092676973995,1005.4,0
2025-07-06 06:00:00,Hyderabad,30.0,57.15705209678871,1002.6,0
2025-07-06 06:00:00,Kolkata,30.0,81.08968974474207,997.2,0
2025-07-06 06:00:00,Mumbai,29.0,81.9313443709877,1003.8,0
2025-07-06 06:00:00,New_Delhi,33.6,68.49226741509385,997.6,0
2025-07-06 09:00:00,Chennai,38.4,37.13092385735101,1002.9,0
2025-07-06 09:00:00,Hyderabad,32.0,52.26545370306257,1000.3,0
2025-07-06 09:00:00,Kolkata,29.0,87.95208930052544,995.2,0
2025-07-06 09:00:00,Mumbai,29.4,81.97957178446406,1002.8,0
2025-07-06 09:00:00,New_Delhi,34.0,69.78208647156907,995.7,0
2025-07-06 12:00:00,Chennai,37.0,39.09378371023023,1002.2,0
2025-07-06 12:00:00,Hyderabad,31.4,51.793336482077336,999.2,0
2025-07-06 12:00:00,Kolkata,28.6,88.96156313904507,994.9,0
2025-07-06 12:00:00,Mumbai,26.0,93.67255110424423,1002.1,0
2025-07-06 12:00:00,New_Delhi,33.6,73.47165693131991,993.6,0
2025-07-06 15:00:00,Chennai,34.4,50.98116999168349,1004.0,0
2025-07-06 15:00:00,Hyderabad,29.6,53.62840385858026,1001.1,0
2025-07-06 15:00:00,Kolkata,28.0,90.50618565208272,997.2,0
2025-07-06 15:00:00,Mumbai,28.2,84.81254813644145,1003.0,0
2025-07-06 15:00:00,New_Delhi,32.2,81.83609922989507,995.4,0
2025-07-06 18:00:00,Chennai,33.4,45.97775128380732,1004.7,0
2025-07-06 18:00:00,Hyderabad,27.6,61.36565243787712,1002.9,0
2025-07-06 18:00:00,Kolkata,27.4,95.40932035991788,997.1,0
2025-07-06 18:00:00,Mumbai,28.6,84.8538871735531,1003.8,0
2025-07-06 18:00:00,New_Delhi,31.6,82.72159738179782,996.5,0
2025-07-06 21:00:00,Chennai,31.6,51.84401660919995,1004.4,0
2025-07-06 21:00:00,Hyderabad,26.0,72.61811825905968,1002.0,0
2025-07-06 21:00:00,Kolkata,27.2,95.40267171979632,995.3,0
2025-07-06 21:00:00,Mumbai,28.0,85.80667728802291,1002.6,0
2025-07-06 21:00:00,New_Delhi,26.6,98.24609415561164,996.8,0
2025-07-07 00:00:00,Chennai,30.4,55.516916216092426,1005.0,0
2025-07-07 00:00:00,Hyderabad,25.2,74.75407846072603,1001.9,0
2025-07-07 00:00:00,Kolkata,26.8,95.38933139322062,995.7,0
2025-07-07 00:00:00,Mumbai,28.4,81.85865421535438,1002.6,0
2025-07-07 00:00:00,New_Delhi,26.4,96.51405730461325,998.6,0
2025-07-07 03:00:00,Chennai,31.8,52.21507571697287,1006.3,0
2025-07-07 03:00:00,Hyderabad,25.4,79.52227117093726,1003.6,0
2025-07-07 03:00:00,Kolkata,27.6,95.41595470562916,997.1,0
2025-07-07 03:00:00,Mumbai,28.8,80.45782143103412,1004.1,0
2025-07-07 03:00:00,New_Delhi,25.4,100.0,998.6,0
2025-07-07 06:00:00,Chennai,36.0,39.06432377676067,1005.6,0
2025-07-07 06:00:00,Hyderabad,27.2,70.63370855789137,1003.6,0
2025-07-07 06:00:00,Kolkata,27.8,93.7538663078413,996.9,0
2025-07-07 06:00:00,Mumbai,30.2,76.91200889831605,1004.5,0
2025-07-07 06:00:00,New_Delhi,27.8,88.89979374390309,1000.7,0
2025-07-07 09:00:00,Chennai,38.4,36.22948235999917,1003.1,0
2025-07-07 09:00:00,Hyderabad,30.6,52.23471331180272,1001.9,0
2025-07-07 09:00:00,Kolkata,28.4,93.78062725022616,995.5,0
2025-07-07 09:00:00,Mumbai,29.2,79.08600581526997,1003.8,0
2025-07-07 09:00:00,New_Delhi,34.0,58.445589633486186,997.4,0
2025-07-07 12:00:00,Chennai,37.8,37.197239483545935,1002.1,0
2025-07-07 12:00:00,Hyderabad,29.0,62.441405746041454,1001.4,0
2025-07-07 12:00:00,Kolkata,27.6,96.54439604252045,995.0,0
2025-07-07 12:00:00,Mumbai,29.0,80.48371679996085,1003.6,0
2025-07-07 12:00:00,New_Delhi,33.8,57.01603340699637,996.1,0
2025-07-07 15:00:00,Chennai,35.1,44.20746584225359,1004.6,0
2025-07-07 15:00:00,Hyderabad,27.8,64.12941567504818,1003.0,0
2025-07-07 15:00:00,Kolkata,26.6,98.24609415561164,997.0,0
2025-07-07 15:00:00,Mumbai,28.6,83.35683314726084,1004.4,0
2025-07-07 15:00:00,New_Delhi,30.8,71.71113203855039,996.8,0
2025-07-07 18:00:00,Chennai,33.0,50.00855048668853,1005.4,0
2025-07-07 18:00:00,Hyderabad,26.8,67.58193621694379,1003.8,0
2025-07-07 18:00:00,Kolkata,26.4,98.24351098143454,996.8,0
2025-07-07 18:00:00,Mumbai,28.4,84.83323810049623,1005.3,0
2025-07-07 18:00:00,New_Delhi,29.4,84.9360766224706,998.7,0
2025-07-07 21:00:00,Chennai,32.0,47.93557266740621,1004.7,0
2025-07-07 21:00:00,Hyderabad,25.4,73.41522905629661,1003.0,0
2025-07-07 21:00:00,Kolkata,26.2,98.24092211346162,996.0,0
2025-07-07 21:00:00,Mumbai,28.4,83.33433758376981,1003.5,0
2025-07-07 21:00:00,New_Delhi,28.6,86.37440005285019,998.0,0
2025-07-08 00:00:00,Chennai,30.1,58.24587292001354,1005.3,0
2025-07-08 00:00:00,Hyderabad,24.4,81.86439065070549,1003.1,0
2025-07-08 00:00:00,Kolkata,26.0,98.23832753499846,995.8,0
2025-07-08 00:00:00,Mumbai,28.4,84.83323810049623,1003.3,0
2025-07-08 00:00:00,New_Delhi,28.4,86.35566419509173,997.9,0
2025-07-08 03:00:00,Chennai,32.2,55.9524546962478,1006.9,0
2025-07-08 03:00:00,Hyderabad,26.0,76.74205814496156,1004.9,0
2025-07-08 03:00:00,Kolkata,25.4,100.0,997.2,0
2025-07-08 03:00:00,Mumbai,29.0,80.48371679996085,1005.2,0
2025-07-08 03:00:00,New_Delhi,30.8,79.77185498360923,999.4,0
2025-07-08 06:00:00,Chennai,35.6,42.21680392673285,1005.6,0
2025-07-08 06:00:00,Hyderabad,29.4,65.25908019260346,1004.3,0
2025-07-08 06:00:00,Kolkata,26.4,100.0,997.2,0
2025-07-08 06:00:00,Mumbai,29.8,79.63860889063328,1005.8,0
2025-07-08 06:00:00,New_Delhi,35.0,61.15610416717985,998.7,0
2025-07-08 09:00:00,Chennai,39.0,33.592570595449,1002.7,0
2025-07-08 09:00:00,Hyderabad,31.4,49.59587656532929,1001.7,0
2025-07-08 09:00:00,Kolkata,26.8,96.52421418955652,995.9,0
2025-07-08 09:00:00,Mumbai,30.2,78.29124418971334,1004.8,0
2025-07-08 09:00:00,New_Delhi,36.0,56.5192316286057,996.7,0
2025-07-08 12:00:00,Chennai,29.8,81.06459831337503,1003.0,0
2025-07-08 12:00:00,Hyderabad,27.4,71.97764402340538,1002.5,0
2025-07-08 12:00:00,Kolkata,26.8,96.52421418955652,995.9,0
2025-07-08 12:00:00,Mumbai,29.6,78.20620296447258,1003.6,0
2025-07-08 12:00:00,New_Delhi,36.4,57.96331263280552,994.8,0
2025-07-08 15:00:00,Chennai,29.8,72.83270468535767,1006.3,0
2025-07-08 15:00:00,Hyderabad,26.0,75.34517424505886,1004.2,0
2025-07-08 15:00:00,Kolkata,26.5,97.66575385837363,997.9,0
2025-07-08 15:00:00,Mumbai,28.8,83.37928484286573,1005.0,0
2025-07-08 15:00:00,New_Delhi,33.4,68.4542986966963,996.6,0
2025-07-08 18:00:00,Chennai,28.0,83.78747242805218,1006.3499999999999,1
2025-07-08 18:00:00,Hyderabad,25.0,73.3468369916369,1005.5,0
2025-07-08 18:00:00,Kolkata,26.2,98.24092211346162,998.6,0
2025-07-08 18:00:00,Mumbai,28.4,84.83323810049623,1005.5,0
2025-07-08 18:00:00,New_Delhi,31.4,74.85285642920122,998.7,0
2025-07-08 21:00:00,Chennai,27.0,88.83751596451742,1006.4,0
2025-07-08 21:00:00,Hyderabad,25.0,82.44026830283795,1004.1,0
2025-07-08 21:00:00,Kolkata,26.0,98.23832753499846,997.0,0
2025-07-08 21:00:00,Mumbai,28.0,87.34888747491027,1004.1,0
2025-07-08 21:00:00,New_Delhi,28.2,77.5385748300523,998.4,0
2025-07-09 00:00:00,Chennai,27.0,92.06569807815052,1006.0,0
2025-07-09 00:00:00,Hyderabad,24.8,82.4163453099894,1004.1,0
2025-07-09 00:00:00,Kolkata,26.0,96.503856108436,997.7,0
2025-07-09 00:00:00,Mumbai,28.0,85.80667728802291,1003.5,0
2025-07-09 00:00:00,New_Delhi,28.0,80.3537462205201,997.8,0
2025-07-09 03:00:00,Chennai,29.1,71.4097124267888,1006.4,0
2025-07-09 03:00:00,Hyderabad,25.6,78.10377110822357,1004.7,0
2025-07-09 03:00:00,Kolkata,26.4,96.51405730461325,999.4,0
2025-07-09 03:00:00,Mumbai,29.0,83.40169277956687,1004.8,0
2025-07-09 03:00:00,New_Delhi,28.8,80.45782143103412,1000.0,0
2025-07-09 06:00:00,Chennai,34.8,46.91729095791676,1006.3,0
2025-07-09 06:00:00,Hyderabad,29.6,59.21271704948028,1004.6,0
2025-07-09 06:00:00,Kolkata,27.2,98.2538096814028,999.5,0
2025-07-09 06:00:00,Mumbai,26.4,92.03168153578638,1005.6,0
2025-07-09 06:00:00,New_Delhi,32.4,69.07688914571028,999.8,0
2025-07-09 09:00:00,Chennai,37.4,38.2500885937212,1003.4,0
2025-07-09 09:00:00,Hyderabad,31.6,54.12510474048353,1002.0,0
2025-07-09 09:00:00,Kolkata,27.4,96.53936698995484,998.5,0
2025-07-09 09:00:00,Mumbai,29.6,78.20620296447258,1004.5,0
2025-07-09 09:00:00,New_Delhi,34.6,62.1607155268384,997.9,0
2025-07-09 12:00:00,Chennai,38.6,33.90265863289956,1001.8,0
2025-07-09 12:00:00,Hyderabad,27.0,71.90678209614687,1002.8,0
2025-07-09 12:00:00,Kolkata,26.4,98.24351098143454,998.3,0
2025-07-09 12:00:00,Mumbai,30.0,81.08968974474207,1003.9,0
2025-07-09 12:00:00,New_Delhi,33.4,67.25543915862544,996.1,0
2025-07-09 15:00:00,Chennai,32.0,71.07626571001893,1004.9,0
2025-07-09 15:00:00,Hyderabad,26.8,72.75719108246852,1004.0,0
2025-07-09 15:00:00,Kolkata,26.6,96.51914127003089,1000.3,0
2025-07-09 15:00:00,Mumbai,28.6,84.8538871735531,1005.2,0
2025-07-09 15:00:00,New_Delhi,26.0,94.79622941585652,1002.6,0
2025-07-09 18:00:00,Chennai,30.4,65.07093044891502,1005.8,0
2025-07-09 18:00:00,Hyderabad,26.6,76.83317005878584,1005.0,0
2025-07-09 18:00:00,Kolkata,26.2,96.5089622614157,1000.5,0
2025-07-09 18:00:00,Mumbai,28.4,86.35566419509173,1005.7,0
2025-07-09 18:00:00,New_Delhi,25.0,100.0,1001.9,0
2025-07-09 21:00:00,Chennai,29.6,69.7975639784289,1004.8,0
2025-07-09 21:00:00,Hyderabad,25.6,78.10377110822357,1003.5,0
2025-07-09 21:00:00,Kolkata,26.0,98.23832753499846,999.1,0
2025-07-09 21:00:00,Mumbai,28.2,84.81254813644145,1004.8,0
2025-07-09 21:00:00,New_Delhi,25.2,100.0,1000.2,0
2025-07-10 00:00:00,Chennai,29.0,79.0585121873896,1005.3,0
2025-07-10 00:00:00,Hyderabad,25.2,80.96759377108864,1004.2,0
2025-07-10 00:00:00,Kolkata,26.2,98.24092211346162,999.8,0
2025-07-10 00:00:00,Mumbai,28.0,84.79181717750924,1004.5,0
2025-07-10 00:00:00,New_Delhi,24.8,100.0,1000.7,0
2025-07-10 03:00:00,Chennai,31.4,58.54929693422029,1006.4,0
2025-07-10 03:00:00,Hyderabad,26.4,75.40904545009995,1005.1,0
2025-07-10 03:00:00,Kolkata,27.0,96.5292760949642,1001.2,0
2025-07-10 03:00:00,Mumbai,29.2,80.5095630310082,1005.4,0
2025-07-10 03:00:00,New_Delhi,25.6,100.0,1002.6,0
2025-07-10 06:00:00,Chennai,35.2,45.8888450476227,1005.8,0
2025-07-10 06:00:00,Hyderabad,29.8,60.73115651479413,1004.9,0
2025-07-10 06:00:00,Kolkata,27.0,95.39600874452508,1001.2,0
2025-07-10 06:00:00,Mumbai,30.6,75.61652127297627,1006.3,0
2025-07-10 06:00:00,New_Delhi,27.0,100.0,1003.0,0
2025-07-10 09:00:00,Chennai,38.0,37.48098388067243,1003.5,0
2025-07-10 09:00:00,Hyderabad,31.2,57.09202106944813,1003.5,0
2025-07-10 09:00:00,Kolkata,29.4,84.9360766224706,999.9,0
2025-07-10 09:00:00,Mumbai,31.6,72.27808999036708,1004.9,0
2025-07-10 09:00:00,New_Delhi,27.2,95.40267171979632,1001.2,0
2025-07-10 12:00:00,Chennai,31.8,69.78813164326573,1002.8,0
2025-07-10 12:00:00,Hyderabad,31.0,54.645691707211896,1001.9,0
2025-07-10 12:00:00,Kolkata,28.0,92.12191734434786,999.0,0
2025-07-10 12:00:00,Mumbai,29.6,81.03945906223336,1003.6,0
2025-07-10 12:00:00,New_Delhi,29.8,79.63860889063328,999.4,0
2025-07-10 15:00:00,Chennai,30.2,78.29124418971334,1004.2,0
2025-07-10 15:00:00,Hyderabad,28.0,69.49759780649958,1003.7,0
2025-07-10 15:00:00,Kolkata,27.4,96.53936698995484,1000.7,0
2025-07-10 15:00:00,Mumbai,28.0,83.28921441559984,1004.7,0
2025-07-10 15:00:00,New_Delhi,28.2,88.93074165144274,1001.4,0
2025-07-10 18:00:00,Chennai,30.6,74.28243957799879,1005.3,0
2025-07-10 18:00:00,Hyderabad,27.4,69.38405747208641,1004.6,0
2025-07-10 18:00:00,Kolkata,27.4,96.53936698995484,1001.4,0
2025-07-10 18:00:00,Mumbai,28.6,83.35683314726084,1005.5,0
2025-07-10 18:00:00,New_Delhi,27.4,93.73593071403404,1002.3,0
2025-07-10 21:00:00,Chennai,30.0,79.66535824918688,1003.4,0
2025-07-10 21:00:00,Kolkata,27.2,96.53432701791446,999.8,0
2025-07-10 21:00:00,Mumbai,28.4,83.33433758376981,1004.2,0
2025-07-10 21:00:00,New_Delhi,27.2,95.40267171979632,1000.9,0
2025-07-11 00:00:00,Chennai,29.2,81.95548127118022,1005.0,0
2025-07-11 00:00:00,Hyderabad,25.2,80.96759377108864,1003.7,0
2025-07-11 00:00:00,Kolkata,27.0,98.25124348905273,1000.0,0
2025-07-11 00:00:00,Mumbai,28.2,84.81254813644145,1003.9,0
2025-07-11 00:00:00,New_Delhi,27.0,95.39600874452508,1001.0,0
2025-07-11 03:00:00,Chennai,31.6,61.134420163955696,1005.6,0
2025-07-11 03:00:00,Hyderabad,27.2,70.63370855789137,1004.6,0
2025-07-11 03:00:00,Kolkata,29.6,86.46751908713752,1001.0,0
2025-07-11 03:00:00,Mumbai,28.6,84.8538871735531,1005.5,0
2025-07-11 03:00:00,New_Delhi,29.4,80.53536024141098,1001.1,0
2025-07-11 06:00:00,Chennai,36.2,39.11854885455013,1005.2,0
2025-07-11 06:00:00,Hyderabad,31.0,54.98286515247459,1004.7,0
2025-07-11 06:00:00,Kolkata,32.2,77.65969087917847,1000.7,0
2025-07-11 06:00:00,Mumbai,30.8,78.37581423848806,1006.1,0
2025-07-11 06:00:00,New_Delhi,28.0,84.79181717750924,1002.4,0
2025-07-11 09:00:00,Chennai,39.0,35.07520089076709,1002.9,0
2025-07-11 09:00:00,Hyderabad,32.0,52.26545370306257,1002.3,0
2025-07-11 09:00:00,Kolkata,32.2,74.979976618763,999.1,0
2025-07-11 09:00:00,Mumbai,31.4,76.18814229624397,1005.3,0
2025-07-11 09:00:00,New_Delhi,30.6,78.34767637456054,999.8,0
2025-07-11 12:00:00,Chennai,33.6,55.949551784696496,1002.0,0
2025-07-11 12:00:00,Hyderabad,29.8,60.73115651479413,1001.2,0
2025-07-11 12:00:00,Kolkata,30.4,84.04833399732397,998.6,0
2025-07-11 12:00:00,Mumbai,31.2,72.20890765279174,1004.1,0
2025-07-11 12:00:00,New_Delhi,33.0,67.97575322043862,997.8,0
2025-07-11 15:00:00,Chennai,31.2,74.82093472023674,1004.0,0
2025-07-11 15:00:00,Hyderabad,29.4,59.166399684716566,1002.9,0
2025-07-11 15:00:00,Kolkata,28.6,92.1553667873356,1000.3,0
2025-07-11 15:00:00,Mumbai,28.5,82.85143243314499,1005.0,0
2025-07-11 15:00:00,New_Delhi,30.2,85.01762004491522,999.5,0
2025-07-11 18:00:00,Chennai,26.8,90.42548942576909,1006.2,0
2025-07-11 18:00:00,Hyderabad,27.4,71.97764402340538,1004.3,0
2025-07-11 18:00:00,Kolkata,28.6,92.1553667873356,1001.3,0
2025-07-11 18:00:00,Mumbai,28.6,83.35683314726084,1006.5,0
2025-07-11 18:00:00,New_Delhi,29.0,89.51636332080271,1000.8,0
2025-07-11 21:00:00,Chennai,27.0,90.43900875787912,1004.5,0
2025-07-11 21:00:00,Hyderabad,26.0,78.16158824199735,1003.4,0
2025-07-11 21:00:00,Kolkata,28.4,92.14424033203444,1000.2,0
2025-07-11 21:00:00,Mumbai,28.4,83.33433758376981,1005.1,0
2025-07-11 21:00:00,New_Delhi,28.4,88.94616815571688,1000.4,0
2025-07-12 00:00:00,Chennai,26.6,90.41194193154736,1004.6,0
2025-07-12 00:00:00,Hyderabad,25.8,75.31315110466264,1004.5,0
2025-07-12 00:00:00,Kolkata,28.2,95.43577238155224,1000.5,0
2025-07-12 00:00:00,Mumbai,28.2,84.81254813644145,1005.1,0
2025-07-12 00:00:00,New_Delhi,27.8,93.7538663078413,1000.3,0
2025-07-12 03:00:00,Chennai,30.8,70.43939306440934,1006.0,0
2025-07-12 03:00:00,Hyderabad,27.4,67.70085403503145,1005.0,0
2025-07-12 03:00:00,Kolkata,32.0,79.0033862804747,1001.2,0
2025-07-12 03:00:00,Mumbai,29.2,80.5095630310082,1006.1,0
2025-07-12 03:00:00,New_Delhi,29.6,82.00361602371757,999.7,0
2025-07-12 06:00:00,Chennai,35.2,55.99588621396323,1005.3,0
2025-07-12 06:00:00,Hyderabad,31.2,52.710735539122425,1004.4,0
2025-07-12 06:00:00,Kolkata,33.4,70.9081702429426,1000.9,0
2025-07-12 06:00:00,Mumbai,31.0,77.48613913975385,1006.6,0
2025-07-12 06:00:00,New_Delhi,33.0,66.78088716309055,1001.4,0
2025-07-12 09:00:00,Chennai,37.8,38.12347027279238,1003.3,0
2025-07-12 09:00:00,Hyderabad,31.0,52.660462345880354,1003.6,0
2025-07-12 09:00:00,Kolkata,35.4,67.25128721615818,998.6,0
2025-07-12 09:00:00,Mumbai,31.4,72.24352874821913,1005.5,0
2025-07-12 09:00:00,New_Delhi,33.2,71.70815945941659,999.4,0
2025-07-12 12:00:00,Chennai,33.2,58.9647920354539,1003.0,0
2025-07-12 12:00:00,Hyderabad,31.4,58.54929693422029,1001.9,0
2025-07-12 12:00:00,Kolkata,31.4,76.18814229624397,999.4,0
2025-07-12 12:00:00,Mumbai,30.0,75.5227593496699,1004.7,0
2025-07-12 12:00:00,New_Delhi,27.4,100.0,999.4,0
2025-07-12 15:00:00,Chennai,28.4,81.85865421535438,1004.8,0
2025-07-12 15:00:00,Hyderabad,29.2,64.03403591828733,1003.5,0
2025-07-12 15:00:00,Kolkata,30.0,84.99729439748566,1000.3,0
2025-07-12 15:00:00,Mumbai,29.0,80.48371679996085,1006.3,0
2025-07-12 15:00:00,New_Delhi,27.0,95.39600874452508,1000.8,0
2025-07-12 18:00:00,Chennai,29.0,77.65543578652992,1006.1,0
2025-07-12 18:00:00,Hyderabad,27.8,69.45981522443017,1005.2,0
2025-07-12 18:00:00,Kolkata,29.0,89.51636332080271,1001.9,0
2025-07-12 18:00:00,Mumbai,28.8,79.03096698905824,1006.6,0
2025-07-12 18:00:00,New_Delhi,27.4,95.40932035991788,1000.4,0
2025-07-12 21:00:00,Chennai,28.8,79.03096698905824,1005.4,0
2025-07-12 21:00:00,Hyderabad,26.4,75.87116518171567,1003.7,0
2025-07-12 21:00:00,Kolkata,28.5,90.00824282803232,1000.4,0
2025-07-12 21:00:00,Mumbai,28.2,83.31179804309043,1005.1,0
2025-07-12 21:00:00,New_Delhi,27.2,96.53432701791446,999.9,0
2025-07-13 00:00:00,Chennai,29.0,69.68555280505707,1005.5,0
2025-07-13 00:00:00,Hyderabad,25.4,78.0747809293731,1004.3,0
2025-07-13 00:00:00,Kolkata,28.6,95.44891343392182,1000.8,0
2025-07-13 00:00:00,Mumbai,27.8,82.77031896665545,1004.9,0
2025-07-13 00:00:00,New_Delhi,27.0,96.5292760949642,1000.8,0
2025-07-13 03:00:00,Chennai,31.4,58.54929693422029,1006.1,0
2025-07-13 03:00:00,Hyderabad,27.0,73.23788651472466,1005.7,0
2025-07-13 03:00:00,Kolkata,30.6,85.55612371787966,1001.6,0
2025-07-13 03:00:00,Mumbai,27.8,90.49280598950578,1006.2,0
2025-07-13 03:00:00,New_Delhi,28.8,86.39309843177878,1002.1,0
2025-07-13 06:00:00,Chennai,35.2,43.96344994864194,1005.6,0
2025-07-13 06:00:00,Hyderabad,31.0,56.00535491373798,1004.9,0
2025-07-13 06:00:00,Kolkata,34.2,68.60580036819208,1000.4,0
2025-07-13 06:00:00,Mumbai,30.0,75.5227593496699,1006.3,0
2025-07-13 06:00:00,New_Delhi,27.6,98.25892519962696,1002.1,0
2025-07-13 09:00:00,Chennai,38.2,35.07566021250202,1003.4,0
2025-07-13 09:00:00,Hyderabad,32.4,48.33862566912473,1002.1,0
2025-07-13 09:00:00,Kolkata,30.0,83.5130798716472,999.6,0
2025-07-13 09:00:00,Mumbai,30.4,76.94178563223718,1004.6,0
2025-07-13 09:00:00,New_Delhi,31.2,78.89384535394599,999.0,0
2025-07-13 12:00:00,Chennai,34.6,53.55559032656666,1003.0,0
2025-07-13 12:00:00,Hyderabad,31.6,50.89250919922128,1000.3,0
2025-07-13 12:00:00,Kolkata,27.4,96.53936698995484,999.6,0
2025-07-13 12:00:00,Mumbai,29.4,79.11344799319119,1003.4,0
2025-07-13 12:00:00,New_Delhi,34.6,66.70410661306867,996.5,0
2025-07-13 15:00:00,Chennai,31.4,63.34384135735378,1005.4,0
2025-07-13 15:00:00,Hyderabad,30.0,59.66996262593302,1003.0,0
2025-07-13 15:00:00,Kolkata,27.8,94.86347768339076,1000.7,0
2025-07-13 15:00:00,Mumbai,28.8,80.45782143103412,1004.8,0
2025-07-13 15:00:00,New_Delhi,25.4,100.0,999.2,0
2025-07-13 18:00:00,Chennai,30.2,69.0741524820506,1006.4,0
2025-07-13 18:00:00,Hyderabad,28.4,64.65299308404073,1004.6,0
2025-07-13 18:00:00,Kolkata,27.6,96.54439604252045,1001.5,0
2025-07-13 18:00:00,Mumbai,26.4,93.69075623120436,1005.5,0
2025-07-13 18:00:00,New_Delhi,26.2,98.8242506754759,1000.1,0
2025-07-13 21:00:00,Chennai,29.6,71.07014207384191,1005.1,0
2025-07-13 21:00:00,Hyderabad,26.8,72.75719108246852,1003.7,0
2025-07-13 21:00:00,Kolkata,27.4,96.53936698995484,999.7,0
2025-07-13 21:00:00,Mumbai,27.2,90.45250000428204,1003.7,0
2025-07-13 21:00:00,New_Delhi,26.6,98.24609415561164,998.7,0
2025-07-14 00:00:00,Chennai,29.2,70.99802751141195,1005.2,0
2025-07-14 00:00:00,Hyderabad,25.0,78.98125580461064,1004.3,0
2025-07-14 00:00:00,Kolkata,27.0,94.27439081608838,999.1500000000001,1
2025-07-14 00:00:00,Mumbai,27.0,88.83751596451742,1003.9,1
2025-07-14 00:00:00,New_Delhi,25.6,100.0,999.0,0
2025-07-14 03:00:00,Chennai,31.4,59.989475281496674,1006.5,0
2025-07-14 03:00:00,Hyderabad,26.8,71.43184820560225,1005.2,0
2025-07-14 03:00:00,Kolkata,26.8,96.52421418955652,998.6,0
2025-07-14 03:00:00,Mumbai,27.4,88.86871874139695,1004.1,0
2025-07-14 03:00:00,New_Delhi,27.2,100.0,999.3,0
2025-07-14 06:00:00,Chennai,35.8,43.32064620484594,1006.0,0
2025-07-14 06:00:00,Hyderabad,31.2,55.03175537814078,1003.5,0
2025-07-14 06:00:00,Kolkata,27.0,95.39600874452508,997.6,0
2025-07-14 06:00:00,Mumbai,29.0,84.89506306062921,1004.3,0
2025-07-14 06:00:00,New_Delhi,29.4,84.9360766224706,999.3,0
2025-07-14 09:00:00,Chennai,38.6,38.105859618656055,1003.2,0
2025-07-14 09:00:00,Hyderabad,32.6,47.79623287069928,1001.2,0
2025-07-14 09:00:00,Kolkata,26.8,98.24867165262664,996.6,0
2025-07-14 09:00:00,Mumbai,29.2,80.5095630310082,1003.1,0
2025-07-14 09:00:00,New_Delhi,32.2,72.80896276194781,996.9,0
2025-07-14 12:00:00,Chennai,28.4,83.33433758376981,1002.9,0
2025-07-14 12:00:00,Hyderabad,32.6,48.69053626792785,1000.5,0
2025-07-14 12:00:00,Kolkata,26.8,96.52421418955652,997.1,0
2025-07-14 12:00:00,Mumbai,26.8,92.0543831105128,1003.0,0
2025-07-14 12:00:00,New_Delhi,32.4,70.31283604150148,995.3,0
2025-07-14 15:00:00,Chennai,28.6,87.91868204829599,1005.0,0
2025-07-14 15:00:00,Hyderabad,29.4,61.76765120635756,1002.8,0
2025-07-14 15:00:00,Kolkata,27.0,96.5292760949642,999.9,0
2025-07-14 15:00:00,Mumbai,25.8,96.49873881355715,1003.7,0
2025-07-14 15:00:00,New_Delhi,27.4,100.0,998.0,0
2025-07-14 18:00:00,Chennai,26.8,92.0543831105128,1006.2,0
2025-07-14 18:00:00,Hyderabad,27.0,65.56431854728334,1003.05,1
2025-07-14 18:00:00,Kolkata,27.0,95.39600874452508,1000.5,0
2025-07-14 18:00:00,Mumbai,28.0,83.78747242805218,1003.05,1
2025-07-14 18:00:00,New_Delhi,26.2,98.24092211346162,998.9,0
2025-07-14 21:00:00,Chennai,27.0,93.71791865005991,1005.0,0
2025-07-14 21:00:00,Hyderabad,26.0,70.84852701016716,1003.3,0
2025-07-14 21:00:00,Kolkata,27.0,95.39600874452508,999.1,0
2025-07-14 21:00:00,Mumbai,28.0,84.79181717750924,1002.4,0
2025-07-14 21:00:00,New_Delhi,26.4,96.51405730461325,997.7,0
2025-07-15 00:00:00,Chennai,26.2,90.38476214988124,1004.6,0
2025-07-15 00:00:00,Hyderabad,24.6,76.05569943022546,1003.6,0
2025-07-15 00:00:00,Kolkata,26.8,96.52421418955652,999.5,0
2025-07-15 00:00:00,Mumbai,27.0,93.71791865005991,1001.8,0
2025-07-15 00:00:00,New_Delhi,26.2,94.80376584735212,997.8,0
2025-07-15 03:00:00,Chennai,29.0,70.96187714437761,1005.9,0
2025-07-15 03:00:00,Hyderabad,26.0,73.97062900551056,1004.4,0
2025-07-15 03:00:00,Kolkata,26.2,96.5089622614157,1001.0,0
2025-07-15 03:00:00,Mumbai,28.8,86.39309843177878,1003.3,0
2025-07-15 03:00:00,New_Delhi,28.4,88.94616815571688,998.5,0
2025-07-15 06:00:00,Chennai,33.4,53.58367919813461,1005.4,0
2025-07-15 06:00:00,Hyderabad,29.2,64.03403591828733,1003.7,0
2025-07-15 06:00:00,Kolkata,27.0,95.39600874452508,1000.8,0
2025-07-15 06:00:00,Mumbai,26.4,94.8112860716802,1004.1,0
2025-07-15 06:00:00,New_Delhi,31.6,69.75114396222972,998.4,0
2025-07-15 09:00:00,Chennai,37.0,41.81986488052018,1002.1,0
2025-07-15 09:00:00,Hyderabad,31.6,57.53630530360317,1001.1,0
2025-07-15 09:00:00,Kolkata,28.6,92.1553667873356,999.3,0
2025-07-15 09:00:00,Mumbai,28.4,88.94616815571688,1003.3,0
2025-07-15 09:00:00,New_Delhi,33.4,64.91266364161814,996.3,0
2025-07-15 12:00:00,Chennai,35.0,49.61023468200951,1001.7,0
2025-07-15 12:00:00,Hyderabad,30.6,61.28291673810868,1000.3,0
2025-07-15 12:00:00,Kolkata,29.6,89.56011356164207,999.1,0
2025-07-15 12:00:00,Mumbai,28.8,84.87449545917907,1001.9,0
2025-07-15 12:00:00,New_Delhi,31.4,73.53807422593974,995.9,0
2025-07-15 15:00:00,Chennai,31.4,69.71409411644107,1003.9,0
2025-07-15 15:00:00,Hyderabad,29.0,68.84588152405523,1002.5,0
2025-07-15 15:00:00,Kolkata,28.6,95.44891343392182,1001.7,0
2025-07-15 15:00:00,Mumbai,28.0,84.79181717750924,1003.0,0
2025-07-15 15:00:00,New_Delhi,29.6,83.46865512129703,998.2,0
2025-07-15 18:00:00,Chennai,30.8,73.00291172196927,1004.9,0
2025-07-15 18:00:00,Hyderabad,27.6,72.01298206177633,1003.5,0
2025-07-15 18:00:00,Kolkata,28.4,95.44234995416194,1002.3,0
2025-07-15 18:00:00,Mumbai,28.2,86.33689076158295,1004.2,0
2025-07-15 18:00:00,New_Delhi,28.2,88.93074165144274,999.6,0
2025-07-15 21:00:00,Chennai,29.9,78.71409694872857,1003.4,0
2025-07-15 21:00:00,Hyderabad,26.4,75.40904545009995,1002.4,0
2025-07-15 21:00:00,Kolkata,28.0,95.42918067606378,1001.0,0
2025-07-15 21:00:00,Mumbai,27.6,90.47939854432096,1003.0,0
2025-07-15 21:00:00,New_Delhi,28.0,92.12191734434786,998.8,0
2025-07-16 00:00:00,Chennai,29.4,68.50651160978764,1003.1,0
2025-07-16 00:00:00,Hyderabad,25.4,80.9932280365787,1002.4,0
2025-07-16 00:00:00,Kolkata,28.0,98.26401833820742,1002.3,0
2025-07-16 00:00:00,Mumbai,27.6,90.47939854432096,1002.8,0
2025-07-16 00:00:00,New_Delhi,27.6,93.74490804295252,998.8,0
2025-07-16 03:00:00,Chennai,31.6,61.134420163955696,1004.9,0
2025-07-16 03:00:00,Hyderabad,27.6,72.01298206177633,1003.9,0
2025-07-16 03:00:00,Kolkata,27.0,95.39600874452508,1003.5,0
2025-07-16 03:00:00,Mumbai,29.0,84.89506306062921,1004.4,0
2025-07-16 03:00:00,New_Delhi,30.2,84.02682856635852,1000.0,0
2025-07-16 06:00:00,Chennai,34.6,49.20781804636321,1004.3,0
2025-07-16 06:00:00,Hyderabad,31.6,56.49370308745102,1002.5,0
2025-07-16 06:00:00,Kolkata,29.8,92.22163900067572,1003.1,0
2025-07-16 06:00:00,Mumbai,31.0,77.48613913975385,1004.5,0
2025-07-16 06:00:00,New_Delhi,33.4,72.1636734164623,999.8,0
2025-07-16 09:00:00,Chennai,38.0,42.857891490135415,1001.4,0
2025-07-16 09:00:00,Hyderabad,33.0,52.19700204876771,1000.4,0
2025-07-16 09:00:00,Kolkata,28.0,87.34888747491027,1002.0,0
2025-07-16 09:00:00,Mumbai,31.4,76.18814229624397,1003.6,0
2025-07-16 09:00:00,New_Delhi,27.2,100.0,999.1,0
2025-07-16 12:00:00,Chennai,33.4,59.01062869308959,1000.9,0
2025-07-16 12:00:00,Hyderabad,31.4,57.139500433232726,999.5,0
2025-07-16 12:00:00,Kolkata,28.4,92.14424033203444,1001.2,0
2025-07-16 12:00:00,Mumbai,30.6,75.61652127297627,1002.3,0
2025-07-16 12:00:00,New_Delhi,30.6,86.55971313917948,997.9,0
2025-07-16 15:00:00,Chennai,31.8,71.04055669606059,1004.1,0
2025-07-16 15:00:00,Hyderabad,29.0,69.26460271923597,1001.9,0
2025-07-16 15:00:00,Kolkata,27.8,93.7538663078413,1003.7,0
2025-07-16 15:00:00,Mumbai,28.8,81.90716097068722,1004.0,0
2025-07-16 15:00:00,New_Delhi,28.8,87.93540259721783,999.6,0
2025-07-16 18:00:00,Chennai,30.4,78.31948639832048,1004.7,0
2025-07-16 18:00:00,Hyderabad,27.6,75.14259465946004,1003.2,0
2025-07-16 18:00:00,Kolkata,28.2,95.43577238155224,1004.7,0
2025-07-16 18:00:00,Mumbai,28.6,84.8538871735531,1004.8,0
2025-07-16 18:00:00,New_Delhi,28.0,90.50618565208272,1001.0,0
2025-07-16 21:00:00,Chennai,27.8,72.92965355193031,1004.0,0
2025-07-16 21:00:00,Hyderabad,27.2,80.24887534084893,1002.1,0
2025-07-16 21:00:00,Kolkata,27.8,94.86347768339076,1003.7,0
2025-07-16 21:00:00,Mumbai,28.4,84.83323810049623,1003.8,0
2025-07-16 21:00:00,New_Delhi,28.0,90.50618565208272,1000.7,0
2025-07-17 00:00:00,Chennai,27.8,78.41909711972701,1003.6,0
2025-07-17 00:00:00,Hyderabad,26.2,81.5884931609857,1002.8,0
2025-07-17 00:00:00,Kolkata,27.4,96.53936698995484,1004.3,0
2025-07-17 00:00:00,Mumbai,28.2,84.81254813644145,1003.5,0
2025-07-17 00:00:00,New_Delhi,27.0,88.83751596451742,1001.2,0
2025-07-17 03:00:00,Chennai,29.6,69.7975639784289,1005.4,0
2025-07-17 03:00:00,Hyderabad,27.2,80.24887534084893,1004.0,0
2025-07-17 03:00:00,Kolkata,30.4,85.53649748682237,1005.3,0
2025-07-17 03:00:00,Mumbai,28.8,83.37928484286573,1005.2,0
2025-07-17 03:00:00,New_Delhi,28.2,81.83433063230953,1002.4,0
2025-07-17 06:00:00,Chennai,34.2,56.43016906202208,1004.3,0
2025-07-17 06:00:00,Hyderabad,32.0,62.3387060017596,1002.8,0
2025-07-17 06:00:00,Kolkata,34.0,65.03583657618948,1004.7,0
2025-07-17 06:00:00,Mumbai,30.2,78.29124418971334,1005.2,0
2025-07-17 06:00:00,New_Delhi,30.2,72.90096632227306,1002.7,0
2025-07-17 09:00:00,Chennai,37.0,44.17276978884076,1001.8,0
2025-07-17 09:00:00,Hyderabad,33.0,52.19700204876771,1000.5,0
2025-07-17 09:00:00,Kolkata,34.4,60.66320841650632,1002.9,0
2025-07-17 09:00:00,Mumbai,31.4,76.18814229624397,1003.9,0
2025-07-17 09:00:00,New_Delhi,32.6,71.60318423066752,1001.3,0
2025-07-17 12:00:00,Chennai,32.2,65.05199403084112,1002.1,0
2025-07-17 12:00:00,Hyderabad,32.0,60.12540926930006,1000.0,0
2025-07-17 12:00:00,Kolkata,31.4,76.18814229624397,1002.5,0
2025-07-17 12:00:00,Mumbai,30.2,75.55406963834521,1002.7,0
2025-07-17 12:00:00,New_Delhi,33.8,66.15514213531858,999.0,0
2025-07-17 15:00:00,Chennai,28.6,79.00337009946395,1005.3,0
2025-07-17 15:00:00,Hyderabad,24.8,94.75066788099174,1004.5,0
2025-07-17 15:00:00,Kolkata,30.2,84.02682856635852,1004.2,0
2025-07-17 15:00:00,Mumbai,29.0,81.9313443709877,1004.6,0
2025-07-17 15:00:00,New_Delhi,31.4,77.54420157006253,1001.1,0
2025-07-17 18:00:00,Chennai,28.2,80.37983931978188,1006.0,0
2025-07-17 18:00:00,Hyderabad,23.6,89.65628406436801,1004.9,0
2025-07-17 18:00:00,Kolkata,29.6,89.56011356164207,1005.2,0
2025-07-17 18:00:00,Mumbai,28.8,81.90716097068722,1005.9,0
2025-07-17 18:00:00,New_Delhi,25.4,100.0,1001.9,0
2025-07-17 21:00:00,Chennai,27.6,84.24549777703992,1004.7,0
2025-07-17 21:00:00,Hyderabad,23.6,89.65628406436801,1003.8,0
2025-07-17 21:00:00,Kolkata,29.2,92.18860676693176,1004.0,0
2025-07-17 21:00:00,Mumbai,28.4,81.85865421535438,1004.6,0
2025-07-17 21:00:00,New_Delhi,26.0,98.23832753499846,1001.2,0
2025-07-18 00:00:00,Chennai,26.2,92.0202947964304,1004.8,0
2025-07-18 00:00:00,Hyderabad,23.8,91.32464040055407,1004.0,0
2025-07-18 00:00:00,Kolkata,29.0,92.17754994106518,1004.2,0
2025-07-18 00:00:00,Mumbai,28.2,83.31179804309043,1004.1,0
2025-07-18 00:00:00,New_Delhi,26.2,96.5089622614157,1000.9,0
2025-07-18 03:00:00,Chennai,28.0,84.79181717750924,1005.8,0
2025-07-18 03:00:00,Hyderabad,25.8,90.35746879655076,1005.3,0
2025-07-18 03:00:00,Kolkata,30.0,88.03501822943302,1004.8,0
2025-07-18 03:00:00,Mumbai,29.4,80.53536024141098,1005.6,0
2025-07-18 03:00:00,New_Delhi,28.8,80.45782143103412,1001.5,0
2025-07-18 06:00:00,Chennai,32.0,60.12540926930006,1004.7,0
2025-07-18 06:00:00,Hyderabad,29.8,68.1706441435751,1003.7,0
2025-07-18 06:00:00,Kolkata,34.4,67.84590048124622,1003.9,0
2025-07-18 06:00:00,Mumbai,31.2,74.82093472023674,1006.0,0
2025-07-18 06:00:00,New_Delhi,33.0,64.44613125580591,1001.0,0
2025-07-18 09:00:00,Chennai,33.6,56.9688756885708,1003.1,0
2025-07-18 09:00:00,Hyderabad,32.0,64.62299807298612,1000.5,0
2025-07-18 09:00:00,Kolkata,27.4,98.25637024612983,1002.6,0
2025-07-18 09:00:00,Mumbai,32.0,71.07626571001893,1004.5,0
2025-07-18 09:00:00,New_Delhi,29.4,92.19964051006788,998.9,0
2025-07-18 12:00:00,Chennai,31.6,71.00478678077775,1002.0,0
2025-07-18 12:00:00,Hyderabad,24.0,96.45217641736166,1002.8,0
2025-07-18 12:00:00,Kolkata,28.8,90.55942797559786,1000.5,0
2025-07-18 12:00:00,Mumbai,31.0,72.1742265807024,1002.9,0
2025-07-18 12:00:00,New_Delhi,28.0,100.0,997.2,0
2025-07-18 15:00:00,Chennai,30.2,76.91200889831605,1003.6,0
2025-07-18 15:00:00,Hyderabad,23.2,96.43118524187918,1005.0,0
2025-07-18 15:00:00,Kolkata,28.4,92.14424033203444,1002.0,0
2025-07-18 15:00:00,Mumbai,29.2,77.68451620551635,1004.4,0
2025-07-18 15:00:00,New_Delhi,28.0,92.12191734434786,998.1,0
2025-07-18 18:00:00,Chennai,29.0,84.89506306062921,1005.5,0
2025-07-18 18:00:00,Hyderabad,23.2,94.6889914839052,1004.1,0
2025-07-18 18:00:00,Kolkata,28.4,97.12973912054358,1002.2,0
2025-07-18 18:00:00,Mumbai,28.8,79.03096698905824,1004.7,0
2025-07-18 18:00:00,New_Delhi,28.0,87.34888747491027,998.9,0
2025-07-18 21:00:00,Chennai,25.8,88.74313412721081,1002.7,0
2025-07-18 21:00:00,Hyderabad,23.5,90.7506289551033,1002.2,0
2025-07-18 21:00:00,Kolkata,28.0,95.42918067606378,1003.7,0
2025-07-18 21:00:00,Mumbai,28.6,79.00337009946395,1002.6,0
2025-07-18 21:00:00,New_Delhi,28.0,88.91528354225218,997.5,0
2025-07-19 00:00:00,Chennai,26.0,88.7589455109383,1002.3,0
2025-07-19 00:00:00,Hyderabad,23.4,91.29967042540224,1002.1,0
2025-07-19 00:00:00,Kolkata,28.2,93.77172585847173,1000.4,0
2025-07-19 00:00:00,Mumbai,28.0,84.79181717750924,1002.0,0
2025-07-19 00:00:00,New_Delhi,27.0,88.83751596451742,998.0,0
2025-07-19 03:00:00,Chennai,27.0,90.43900875787912,1004.3,0
2025-07-19 03:00:00,Hyderabad,25.2,87.10022146859102,1003.4,0
2025-07-19 03:00:00,Kolkata,32.2,80.42268984982785,1000.8,0
2025-07-19 03:00:00,Mumbai,29.0,81.9313443709877,1003.4,0
2025-07-19 03:00:00,New_Delhi,28.2,83.31179804309043,999.2,0
2025-07-19 06:00:00,Chennai,31.0,65.58856385714532,1003.3,0
2025-07-19 06:00:00,Hyderabad,29.2,70.57075275260742,1002.4,0
2025-07-19 06:00:00,Kolkata,27.8,88.89979374390309,1000.3,0
2025-07-19 06:00:00,Mumbai,30.8,74.31499881924898,1003.9,0
2025-07-19 06:00:00,New_Delhi,32.0,67.38029965170892,998.8,0
2025-07-19 09:00:00,Chennai,32.8,66.74127585978114,1000.6,0
2025-07-19 09:00:00,Hyderabad,32.2,61.26764304883957,998.7,0
2025-07-19 09:00:00,Kolkata,29.4,89.54556000162309,998.1,0
2025-07-19 09:00:00,Mumbai,31.8,72.31259150236149,1002.0,0
2025-07-19 09:00:00,New_Delhi,33.6,61.57618854983141,997.3,0
2025-07-19 12:00:00,Chennai,28.0,85.80667728802291,1000.7,0
2025-07-19 12:00:00,Hyderabad,25.0,93.06534216930643,1000.3,0
2025-07-19 12:00:00,Kolkata,30.6,82.60607945629376,997.2,0
2025-07-19 12:00:00,Mumbai,31.6,73.57131384659597,1000.8,0
2025-07-19 12:00:00,New_Delhi,33.4,62.26988379536871,995.3,0
2025-07-19 15:00:00,Chennai,26.8,88.82186644716782,1001.6,0
2025-07-19 15:00:00,Hyderabad,25.0,96.47815756865955,1001.8,0
2025-07-19 15:00:00,Kolkata,29.0,89.51636332080271,999.3,0
2025-07-19 15:00:00,Mumbai,29.2,80.5095630310082,1002.2,0
2025-07-19 15:00:00,New_Delhi,31.0,74.7889561009917,996.5,0
2025-07-19 18:00:00,Chennai,27.2,90.45250000428204,1002.2,0
2025-07-19 18:00:00,Hyderabad,25.0,96.47815756865955,1001.7,0
2025-07-19 18:00:00,Kolkata,29.0,90.57266984744004,1000.5,0
2025-07-19 18:00:00,Mumbai,29.0,80.48371679996085,1003.2,0
2025-07-19 18:00:00,New_Delhi,29.8,75.49139258129554,997.5,0
2025-07-19 21:00:00,Chennai,27.4,78.36224761821416,1000.6,0
2025-07-19 21:00:00,Hyderabad,25.0,94.75830253018952,1000.3,0
2025-07-19 21:00:00,Kolkata,28.8,92.16646996907036,998.6,0
2025-07-19 21:00:00,Mumbai,28.4,83.33433758376981,1001.1,0
2025-07-19 21:00:00,New_Delhi,28.8,86.39309843177878,997.5,0
2025-07-20 00:00:00,Chennai,27.2,75.53609118292528,1000.5,0
2025-07-20 00:00:00,Hyderabad,24.8,91.38660473195172,1001.2,0
2025-07-20 00:00:00,Kolkata,28.2,95.43577238155224,999.1,0
2025-07-20 00:00:00,Mumbai,28.2,83.31179804309043,1000.8,0
2025-07-20 00:00:00,New_Delhi,27.8,87.33135888966177,997.3,0
2025-07-20 03:00:00,Chennai,28.4,71.71785815951927,1003.0,0
2025-07-20 03:00:00,Hyderabad,26.4,81.1206589392812,1002.1,0
2025-07-20 03:00:00,Kolkata,31.3,79.37160546336736,1000.9,0
2025-07-20 03:00:00,Mumbai,27.8,88.89979374390309,1002.2,0
2025-07-20 03:00:00,New_Delhi,29.6,78.20620296447258,998.1,0
2025-07-20 06:00:00,Chennai,30.2,66.22048006651374,1002.9,0
2025-07-20 06:00:00,Hyderabad,30.0,66.98529190484982,1001.6,0
2025-07-20 06:00:00,Kolkata,33.4,73.0114248312194,1000.1,0
2025-07-20 06:00:00,Mumbai,27.4,90.46596324112936,1002.6,0
2025-07-20 06:00:00,New_Delhi,33.4,63.76827162149033,998.0,0
2025-07-20 09:00:00,Chennai,32.0,61.59314569456349,1000.6,0
2025-07-20 09:00:00,Hyderabad,28.0,80.3537462205201,999.9,0
2025-07-20 09:00:00,Kolkata,33.8,67.33350659401705,997.8,0
2025-07-20 09:00:00,Mumbai,26.6,93.69982968596882,1001.4,0
2025-07-20 09:00:00,New_Delhi,34.4,59.59215392807818,996.7,0
2025-07-20 12:00:00,Chennai,31.0,66.78169156880611,1000.1,0
2025-07-20 12:00:00,Hyderabad,28.6,73.95364541307103,998.3,0
2025-07-20 12:00:00,Kolkata,31.4,77.54420157006253,997.6,0
2025-07-20 12:00:00,Mumbai,27.6,88.88427217188078,1000.3,0
2025-07-20 12:00:00,New_Delhi,34.4,58.53767634739428,995.7,0
2025-07-20 15:00:00,Chennai,29.2,76.30480387190515,1002.2,0
2025-07-20 15:00:00,Hyderabad,26.8,83.15278064806493,1001.4,0
2025-07-20 15:00:00,Kolkata,29.8,88.01849942848882,999.9,0
2025-07-20 15:00:00,Mumbai,26.2,94.80376584735212,1001.7,0
2025-07-20 15:00:00,New_Delhi,31.4,73.53807422593974,997.3,0
2025-07-20 18:00:00,Chennai,29.2,70.99802751141195,1002.8,0
2025-07-20 18:00:00,Hyderabad,26.0,87.17199233244091,1002.0,0
2025-07-20 18:00:00,Kolkata,29.2,90.58588438387352,1001.5,0
2025-07-20 18:00:00,Mumbai,26.4,94.8112860716802,1003.2,0
2025-07-20 18:00:00,New_Delhi,30.4,78.31948639832048,999.0,0
2025-07-20 21:00:00,Chennai,28.0,77.50922415182016,1002.2,0
2025-07-20 21:00:00,Hyderabad,25.6,87.13618000678832,1001.2,0
2025-07-20 21:00:00,Kolkata,29.0,89.51636332080271,1000.0,0
2025-07-20 21:00:00,Mumbai,26.4,94.8112860716802,1001.6,0
2025-07-20 21:00:00,New_Delhi,29.4,81.97957178446406,998.4,0
2025-07-21 00:00:00,Chennai,26.6,87.22543835052973,1003.2,0
2025-07-21 00:00:00,Hyderabad,25.2,87.10022146859102,1001.6,0
2025-07-21 00:00:00,Kolkata,28.2,93.77172585847173,1000.4,0
2025-07-21 00:00:00,Mumbai,26.0,94.79622941585652,1001.6,0
2025-07-21 00:00:00,New_Delhi,28.6,86.37440005285019,999.5,0
2025-07-21 03:00:00,Chennai,27.0,85.7087986323302,1003.7,0
2025-07-21 03:00:00,Hyderabad,25.8,84.05061522100549,1002.6,0
2025-07-21 03:00:00,Kolkata,31.4,77.54420157006253,1002.1,0
2025-07-21 03:00:00,Mumbai,25.8,96.49873881355715,1003.6,0
2025-07-21 03:00:00,New_Delhi,29.8,82.51286135002354,1001.8,0
2025-07-21 06:00:00,Chennai,29.0,74.91450415439337,1003.8,0
2025-07-21 06:00:00,Hyderabad,29.0,74.01987296618722,1001.9,0
2025-07-21 06:00:00,Kolkata,34.0,59.50158303199722,1001.3,0
2025-07-21 06:00:00,Mumbai,26.4,94.8112860716802,1003.9,0
2025-07-21 06:00:00,New_Delhi,31.2,77.51519693628545,1001.9,0
2025-07-21 09:00:00,Chennai,31.4,66.06520314217083,1002.3,0
2025-07-21 09:00:00,Hyderabad,30.6,62.410468244766335,999.8,0
2025-07-21 09:00:00,Kolkata,34.4,62.11744798829246,998.8,0
2025-07-21 09:00:00,Mumbai,26.2,96.5089622614157,1002.9,0
2025-07-21 09:00:00,New_Delhi,32.4,72.8428529693439,1000.2,0
2025-07-21 12:00:00,Chennai,30.0,70.29306142592459,1001.7,0
2025-07-21 12:00:00,Hyderabad,27.0,74.59053556051053,1000.7,0
2025-07-21 12:00:00,Kolkata,32.0,73.63761837389029,998.2,0
2025-07-21 12:00:00,Mumbai,26.8,93.70888380751718,1002.4,0
2025-07-21 12:00:00,New_Delhi,29.4,83.44637781059491,999.7,0
2025-07-21 15:00:00,Chennai,28.4,74.81792523943739,1004.2,0
2025-07-21 15:00:00,Hyderabad,26.4,79.65835252904961,1002.7,0
2025-07-21 15:00:00,Kolkata,30.4,82.58284223811447,1000.9,0
2025-07-21 15:00:00,Mumbai,25.6,94.78110774663196,1004.5,0
2025-07-21 15:00:00,New_Delhi,27.8,85.78717977072007,999.8,0
2025-07-21 18:00:00,Chennai,27.4,78.36224761821416,1004.5,0
2025-07-21 18:00:00,Hyderabad,25.2,85.53012559102365,1003.1,0
2025-07-21 18:00:00,Kolkata,29.6,84.95652278782288,1001.3,0
2025-07-21 18:00:00,Mumbai,25.8,94.78867673105134,1005.1,0
2025-07-21 18:00:00,New_Delhi,28.2,90.5195376072018,1000.4,0
2025-07-21 21:00:00,Chennai,27.2,78.33374294989056,1002.8,0
2025-07-21 21:00:00,Hyderabad,24.8,87.06411594521353,1002.2,0
2025-07-21 21:00:00,Kolkata,29.2,84.91559008084812,999.7,0
2025-07-21 21:00:00,Mumbai,26.4,93.69075623120436,1003.5,0
2025-07-21 21:00:00,New_Delhi,28.8,87.93540259721783,1000.1,0
2025-07-22 00:00:00,Chennai,27.0,76.8936310454662,1003.4,0
2025-07-22 00:00:00,Hyderabad,24.2,88.07733960854361,1001.8,0
2025-07-22 00:00:00,Kolkata,28.6,92.1553667873356,999.9,0
2025-07-22 00:00:00,Mumbai,26.2,93.68166338882529,1003.6,0
2025-07-22 00:00:00,New_Delhi,28.8,90.55942797559786,999.9,0
2025-07-22 03:00:00,Chennai,28.4,73.03240199762554,1005.0,0
2025-07-22 03:00:00,Hyderabad,25.8,84.05061522100549,1003.1,0
2025-07-22 03:00:00,Kolkata,32.0,72.34703340707203,1001.0,0
2025-07-22 03:00:00,Mumbai,26.4,94.8112860716802,1004.8,0
2025-07-22 03:00:00,New_Delhi,30.6,82.60607945629376,1000.1,0
2025-07-22 06:00:00,Chennai,30.8,60.58625885317225,1004.8,0
2025-07-22 06:00:00,Hyderabad,28.8,68.80761273197709,1002.6,0
2025-07-22 06:00:00,Kolkata,33.4,64.91266364161814,1000.3,0
2025-07-22 06:00:00,Mumbai,27.6,92.09950049107172,1004.7,0
2025-07-22 06:00:00,New_Delhi,26.2,100.0,1000.0,0
2025-07-22 09:00:00,Chennai,31.0,65.58856385714532,1002.7,0
2025-07-22 09:00:00,Hyderabad,31.0,59.53505705723449,1000.0,0
2025-07-22 09:00:00,Kolkata,34.6,62.1607155268384,997.2,0
2025-07-22 09:00:00,Mumbai,28.6,83.35683314726084,1003.3,0
2025-07-22 09:00:00,New_Delhi,26.8,100.0,998.3,0
2025-07-22 12:00:00,Chennai,31.4,63.34384135735378,1001.0,0
2025-07-22 12:00:00,Hyderabad,29.4,68.09299392884964,999.3,0
2025-07-22 12:00:00,Kolkata,33.6,68.49226741509385,996.1,0
2025-07-22 12:00:00,Mumbai,27.8,82.77031896665545,1002.2,0
2025-07-22 12:00:00,New_Delhi,29.4,89.54556000162309,996.2,0
2025-07-22 15:00:00,Chennai,21.5,100.0,1003.4,0
2025-07-22 15:00:00,Hyderabad,26.4,79.65835252904961,1001.8,0
2025-07-22 15:00:00,Kolkata,31.4,78.92130681911149,998.3,0
2025-07-22 15:00:00,Mumbai,25.6,94.78110774663196,1003.9,0
2025-07-22 15:00:00,New_Delhi,29.0,87.95208930052544,997.3,0
2025-07-22 18:00:00,Chennai,28.0,72.96396353006286,1004.7,0
2025-07-22 18:00:00,Hyderabad,25.8,84.05061522100549,1003.0,0
2025-07-22 18:00:00,Kolkata,30.0,84.99729439748566,998.9,0
2025-07-22 18:00:00,Mumbai,25.4,94.7735224161306,1005.0,0
2025-07-22 18:00:00,New_Delhi,28.0,88.91528354225218,997.7,0
2025-07-22 21:00:00,Chennai,27.8,75.63076994448524,1002.5,0
2025-07-22 21:00:00,Hyderabad,23.8,94.71224568260264,1001.7,0
2025-07-22 21:00:00,Kolkata,29.0,90.57266984744004,996.9,0
2025-07-22 21:00:00,Mumbai,25.0,94.75830253018952,1003.4,0
2025-07-22 21:00:00,New_Delhi,27.6,92.09950049107172,996.5,0
2025-07-23 00:00:00,Chennai,27.8,85.78717977072007,1002.9,0
2025-07-23 00:00:00,Hyderabad,23.4,94.69675973556868,1001.3,0
2025-07-23 00:00:00,Kolkata,28.8,90.55942797559786,997.2,0
2025-07-23 00:00:00,Mumbai,25.0,96.47815756865955,1002.5,0
2025-07-23 00:00:00,New_Delhi,27.6,92.09950049107172,996.4,0
2025-07-23 03:00:00,Chennai,29.0,65.57515728735507,1004.5,0
2025-07-23 03:00:00,Hyderabad,23.6,94.70451111903132,1002.5,0
2025-07-23 03:00:00,Kolkata,33.4,67.25543915862544,997.7,0
2025-07-23 03:00:00,Mumbai,25.2,94.76592069291524,1003.7,0
2025-07-23 03:00:00,New_Delhi,27.0,100.0,997.5,0
2025-07-23 06:00:00,Chennai,30.0,63.8146323928593,1004.5,0
2025-07-23 06:00:00,Hyderabad,24.0,93.01505522924244,1002.7,0
2025-07-23 06:00:00,Kolkata,34.6,64.39740048201318,996.1,0
2025-07-23 06:00:00,Mumbai,26.8,95.38933139322062,1003.5,0
2025-07-23 06:00:00,New_Delhi,27.2,96.8991867651397,997.9,0
2025-07-23 09:00:00,Chennai,30.6,69.14973459026399,1002.1,0
2025-07-23 09:00:00,Hyderabad,26.8,81.6627443264234,1000.1,0
2025-07-23 09:00:00,Kolkata,36.0,58.557536758933935,993.8,0
2025-07-23 09:00:00,Mumbai,27.2,92.07698925377626,1001.9,0
2025-07-23 09:00:00,New_Delhi,28.8,93.7983735302794,995.6,0
2025-07-23 12:00:00,Chennai,29.4,80.53536024141098,1001.4,0
2025-07-23 12:00:00,Hyderabad,26.4,82.60642273476351,999.2,0
2025-07-23 12:00:00,Kolkata,34.8,62.20391825591429,992.4,0
2025-07-23 12:00:00,Mumbai,27.8,85.78717977072007,1001.0,0
2025-07-23 12:00:00,New_Delhi,30.6,88.08437507661748,993.5,0
2025-07-23 15:00:00,Chennai,28.4,88.94616815571688,1003.3,0
2025-07-23 15:00:00,Hyderabad,25.2,88.69550382118368,1001.4,0
2025-07-23 15:00:00,Kolkata,32.4,72.8428529693439,995.0,0
2025-07-23 15:00:00,Mumbai,26.2,94.80376584735212,1002.0,0
2025-07-23 15:00:00,New_Delhi,29.0,93.80721852350112,994.7,0
2025-07-23 18:00:00,Chennai,26.0,92.00888400052642,1004.3,0
2025-07-23 18:00:00,Hyderabad,22.8,96.42062016554186,1003.2,0
2025-07-23 18:00:00,Kolkata,31.2,81.23924051845427,995.5,0
2025-07-23 18:00:00,Mumbai,27.6,85.767643247121,1002.7,0
2025-07-23 18:00:00,New_Delhi,28.4,93.78062725022616,995.9,0
2025-07-23 21:00:00,Chennai,25.8,91.99744908137735,1002.8,0
2025-07-23 21:00:00,Hyderabad,22.8,96.42062016554186,1001.9,0
2025-07-23 21:00:00,Kolkata,30.6,82.60607945629376,993.8,0
2025-07-23 21:00:00,Mumbai,27.8,84.2669381064797,1001.0,0
2025-07-23 21:00:00,New_Delhi,28.2,92.13309053912468,995.2,0
2025-07-24 00:00:00,Chennai,25.6,91.98598997205916,1002.2,0
2025-07-24 00:00:00,Hyderabad,22.6,96.4153201366785,1000.7,0
2025-07-24 00:00:00,Kolkata,27.2,95.40267171979632,994.0,0
2025-07-24 00:00:00,Mumbai,27.6,84.24549777703992,1000.1,0
2025-07-24 00:00:00,New_Delhi,26.4,88.79047072518293,995.0,0
2025-07-24 03:00:00,Chennai,27.6,82.7470419948832,1003.7,0
2025-07-24 03:00:00,Hyderabad,23.2,92.97443596255128,1001.9,0
2025-07-24 03:00:00,Kolkata,28.6,95.44891343392182,994.6,0
2025-07-24 03:00:00,Mumbai,28.6,83.35683314726084,1001.7,0
2025-07-24 03:00:00,New_Delhi,29.8,79.63860889063328,995.9,0
2025-07-24 06:00:00,Chennai,31.6,60.03485302219658,1003.8,0
2025-07-24 06:00:00,Hyderabad,24.2,81.83971217254259,1002.0,0
2025-07-24 06:00:00,Kolkata,29.6,89.56011356164207,994.7,0
2025-07-24 06:00:00,Mumbai,30.2,76.91200889831605,1002.3,0
2025-07-24 06:00:00,New_Delhi,33.8,68.53017385519429,996.1,0
2025-07-24 09:00:00,Chennai,34.4,50.06148181372093,1001.2,0
2025-07-24 09:00:00,Hyderabad,25.0,88.67956137467019,1000.6,0
2025-07-24 09:00:00,Kolkata,34.0,68.56801813396841,992.1,0
2025-07-24 09:00:00,Mumbai,28.0,83.28921441559984,1001.1,0
2025-07-24 09:00:00,New_Delhi,35.6,58.46599770220743,993.9,0
2025-07-24 12:00:00,Chennai,29.4,81.97957178446406,1001.1,0
2025-07-24 12:00:00,Hyderabad,23.4,92.98462350012164,1000.2,0
2025-07-24 12:00:00,Kolkata,33.0,71.67322751398581,990.5,0
2025-07-24 12:00:00,Mumbai,27.6,82.7470419948832,1000.1,0
2025-07-24 12:00:00,New_Delhi,35.4,62.6999662963903,991.7,0
2025-07-24 15:00:00,Chennai,28.0,81.80996009312997,1003.3,0
2025-07-24 15:00:00,Hyderabad,23.6,94.70451111903132,1001.8,0
2025-07-24 15:00:00,Kolkata,30.8,81.1895795616241,993.0,0
2025-07-24 15:00:00,Mumbai,26.2,94.80376584735212,1000.5,0
2025-07-24 15:00:00,New_Delhi,32.6,72.87668440277191,993.3,0
2025-07-24 18:00:00,Chennai,29.0,70.96187714437761,1004.0,0
2025-07-24 18:00:00,Hyderabad,23.2,92.97443596255128,1001.7,0
2025-07-24 18:00:00,Kolkata,29.2,89.53097661456914,993.1,0
2025-07-24 18:00:00,Mumbai,26.2,93.68166338882529,1001.7,0
2025-07-24 18:00:00,New_Delhi,31.0,81.21443360821415,995.0,0
2025-07-24 21:00:00,Chennai,27.8,75.63076994448524,1002.1,0
2025-07-24 21:00:00,Hyderabad,23.6,89.65628406436801,1000.5,0
2025-07-24 21:00:00,Kolkata,27.6,95.41595470562916,990.8,0
2025-07-24 21:00:00,Mumbai,26.6,93.69982968596882,999.9,0
2025-07-24 21:00:00,New_Delhi,30.2,79.69205742002245,993.6,0
2025-07-25 00:00:00,Chennai,27.2,75.53609118292528,1002.3,0
2025-07-25 00:00:00,Hyderabad,23.4,88.00984897364455,999.9,0
2025-07-25 00:00:00,Kolkata,27.8,98.261474558228,990.3,0
2025-07-25 00:00:00,Mumbai,27.0,92.06569807815052,999.1,0
2025-07-25 00:00:00,New_Delhi,30.0,84.99729439748566,993.8,0
2025-07-25 03:00:00,Chennai,28.4,70.42408506037569,1003.6,0
2025-07-25 03:00:00,Hyderabad,24.0,91.33708576167582,1001.3,0
2025-07-25 03:00:00,Kolkata,29.0,93.80721852350112,991.2,0
2025-07-25 03:00:00,Mumbai,26.2,96.5089622614157,1001.1,0
2025-07-25 03:00:00,New_Delhi,32.6,71.60318423066752,994.8,0
2025-07-25 06:00:00,Chennai,30.4,65.07093044891502,1003.9,0
2025-07-25 06:00:00,Hyderabad,26.2,87.18984390567529,1001.1,0
2025-07-25 06:00:00,Kolkata,30.4,82.58284223811447,990.8,0
2025-07-25 06:00:00,Mumbai,26.4,93.69075623120436,1002.0,0
2025-07-25 06:00:00,New_Delhi,35.2,62.65724917989903,995.1,0
2025-07-25 09:00:00,Chennai,32.0,62.71443976755974,1001.3,0
2025-07-25 09:00:00,Hyderabad,26.2,87.18984390567529,999.6,0
2025-07-25 09:00:00,Kolkata,28.2,98.266556555781,988.3,0
2025-07-25 09:00:00,Mumbai,25.8,94.78867673105134,1001.2,0
2025-07-25 09:00:00,New_Delhi,36.2,56.90141318081153,993.2,0
2025-07-25 12:00:00,Chennai,30.8,71.71113203855039,1000.6,0
2025-07-25 12:00:00,Hyderabad,24.8,96.472984078473,999.4,0
2025-07-25 12:00:00,Kolkata,27.4,98.25637024612983,989.5,0
2025-07-25 12:00:00,Mumbai,27.0,88.83751596451742,999.8,0
2025-07-25 12:00:00,New_Delhi,36.0,57.530492699389136,991.3,0
2025-07-25 15:00:00,Chennai,30.6,61.656767739717175,1003.5,0
2025-07-25 15:00:00,Hyderabad,24.2,96.45739545380262,1001.2,0
2025-07-25 15:00:00,Kolkata,27.2,98.2538096814028,992.8,0
2025-07-25 15:00:00,Mumbai,26.4,90.3983661985558,1001.1,0
2025-07-25 15:00:00,New_Delhi,32.0,71.07626571001893,993.7,0
2025-07-25 18:00:00,Chennai,29.8,61.10417493715189,1004.5,0
2025-07-25 18:00:00,Hyderabad,23.2,96.43118524187918,1001.9,0
2025-07-25 18:00:00,Kolkata,27.4,98.25637024612983,994.7,0
2025-07-25 18:00:00,Mumbai,26.8,95.38933139322062,1001.6,0
2025-07-25 18:00:00,New_Delhi,31.4,78.92130681911149,995.0,0
2025-07-25 21:00:00,Chennai,29.0,62.82580292280707,1003.2,0
2025-07-25 21:00:00,Hyderabad,23.2,94.6889914839052,1000.3,0
2025-07-25 21:00:00,Kolkata,27.0,98.25124348905273,994.8,0
2025-07-25 21:00:00,Mumbai,26.8,92.0543831105128,1000.7,0
2025-07-25 21:00:00,New_Delhi,29.0,89.51636332080271,995.0,0
2025-07-26 00:00:00,Chennai,28.0,66.1763979306175,1003.3,0
2025-07-26 00:00:00,Hyderabad,23.2,94.6889914839052,1000.1,0
2025-07-26 00:00:00,Kolkata,27.2,98.2538096814028,995.5,0
2025-07-26 00:00:00,Mumbai,26.4,90.3983661985558,1000.3,0
2025-07-26 00:00:00,New_Delhi,29.0,86.41175942849821,995.5,0
2025-07-26 03:00:00,Chennai,28.8,66.74517682756588,1004.9,0
2025-07-26 03:00:00,Hyderabad,23.8,93.00493307197942,1002.0,0
2025-07-26 03:00:00,Kolkata,28.8,90.55942797559786,997.6,0
2025-07-26 03:00:00,Mumbai,27.8,88.89979374390309,1002.2,0
2025-07-26 03:00:00,New_Delhi,30.0,79.66535824918688,996.7,0
2025-07-26 06:00:00,Chennai,32.6,54.04084502929489,1004.4,0
2025-07-26 06:00:00,Hyderabad,23.8,93.00493307197942,1002.7,0
2025-07-26 06:00:00,Kolkata,29.2,87.96874224697314,998.1,0
2025-07-26 06:00:00,Mumbai,28.2,84.81254813644145,1002.7,0
2025-07-26 06:00:00,New_Delhi,32.8,67.93722542562669,996.8,0
2025-07-26 09:00:00,Chennai,34.2,50.01039226884028,1003.0,0
2025-07-26 09:00:00,Hyderabad,24.4,94.73534893450255,1000.7,0
2025-07-26 09:00:00,Kolkata,30.2,88.051503713093,996.5,0
2025-07-26 09:00:00,Mumbai,28.2,87.36638064071765,1001.6,0
2025-07-26 09:00:00,New_Delhi,35.0,62.2470562760692,994.5,0
2025-07-26 12:00:00,Chennai,33.6,50.46945953917431,1002.8,0
2025-07-26 12:00:00,Hyderabad,24.9,88.67157778717231,1000.5,0
2025-07-26 12:00:00,Kolkata,29.0,90.57266984744004,996.4,0
2025-07-26 12:00:00,Mumbai,27.2,88.85313336738866,1000.9,0
2025-07-26 12:00:00,New_Delhi,36.6,52.77597731364829,992.4,0
2025-07-26 15:00:00,Chennai,31.4,56.445824525394414,1005.4,0
2025-07-26 15:00:00,Hyderabad,24.8,87.06411594521353,1002.3,0
2025-07-26 15:00:00,Kolkata,28.0,93.76280556198172,998.5,0
2025-07-26 15:00:00,Mumbai,26.4,88.79047072518293,1002.3,0
2025-07-26 15:00:00,New_Delhi,33.0,67.97575322043862,994.9,0
2025-07-26 18:00:00,Chennai,29.6,64.51071215170371,1006.8,0
2025-07-26 18:00:00,Hyderabad,24.4,83.89661650096087,1003.6,0
2025-07-26 18:00:00,Kolkata,28.0,95.42918067606378,999.2,0
2025-07-26 18:00:00,Mumbai,27.0,88.83751596451742,1002.1,0
2025-07-26 18:00:00,New_Delhi,31.2,82.67552340966292,995.9,0
2025-07-26 21:00:00,Chennai,29.0,64.38421540041374,1005.2,0
2025-07-26 21:00:00,Hyderabad,23.0,91.27459428964966,1002.4,0
2025-07-26 21:00:00,Kolkata,27.8,94.86347768339076,997.5,0
2025-07-26 21:00:00,Mumbai,27.8,82.77031896665545,1001.3,0
2025-07-26 21:00:00,New_Delhi,30.2,86.52294575570109,995.4,0
2025-07-27 00:00:00,Chennai,28.4,66.25795810970587,1005.9,0
2025-07-27 00:00:00,Hyderabad,23.6,86.42328080854222,1002.3,0
2025-07-27 00:00:00,Kolkata,27.6,95.41595470562916,997.8,0
2025-07-27 00:00:00,Mumbai,27.6,79.81995065848324,1001.9,0
2025-07-27 00:00:00,New_Delhi,30.0,82.53623329490637,995.9,0
2025-07-27 03:00:00,Chennai,29.0,64.38421540041374,1007.2,0
2025-07-27 03:00:00,Hyderabad,24.6,80.89039263102475,1003.8,0
2025-07-27 03:00:00,Kolkata,31.4,80.31973345807687,999.2,0
2025-07-27 03:00:00,Mumbai,28.2,81.83433063230953,1003.3,0
2025-07-27 03:00:00,New_Delhi,31.8,76.24895936494288,997.1,0
2025-07-27 06:00:00,Chennai,33.0,47.606318875900186,1006.4,0
2025-07-27 06:00:00,Hyderabad,28.0,69.49759780649958,1003.1,0
2025-07-27 06:00:00,Kolkata,33.8,68.53017385519429,998.4,0
2025-07-27 06:00:00,Mumbai,26.4,87.207659213301,1004.4,0
2025-07-27 06:00:00,New_Delhi,34.0,67.37244576814547,996.4,0
2025-07-27 09:00:00,Chennai,35.0,44.72667147816544,1004.1,0
2025-07-27 09:00:00,Hyderabad,28.8,66.33925366327628,1001.6,0
2025-07-27 09:00:00,Kolkata,34.6,64.39740048201318,996.6,0
2025-07-27 09:00:00,Mumbai,29.8,74.15162297941144,1003.1,0
2025-07-27 09:00:00,New_Delhi,36.0,57.871076835660254,994.6,0
2025-07-27 12:00:00,Chennai,34.6,46.294665135954354,1003.6,0
2025-07-27 12:00:00,Hyderabad,28.6,65.89451972688084,1001.0,0
2025-07-27 12:00:00,Kolkata,32.0,77.63089769639963,996.1,0
2025-07-27 12:00:00,Mumbai,26.8,88.82186644716782,1002.9,0
2025-07-27 12:00:00,New_Delhi,36.2,58.94885638848755,993.0,0
2025-07-27 15:00:00,Chennai,32.4,54.988018967303006,1005.8,0
2025-07-27 15:00:00,Hyderabad,26.6,71.39581590815916,1003.6,0
2025-07-27 15:00:00,Kolkata,28.8,93.7983735302794,999.3,0
2025-07-27 15:00:00,Mumbai,25.8,91.99744908137735,1004.3,0
2025-07-27 15:00:00,New_Delhi,32.6,72.87668440277191,994.7,0
2025-07-27 18:00:00,Chennai,30.4,61.61247622848766,1006.7,0
2025-07-27 18:00:00,Hyderabad,25.2,76.1495718601223,1004.5,0
2025-07-27 18:00:00,Kolkata,27.8,94.86347768339076,999.4,0
2025-07-27 18:00:00,Mumbai,27.8,84.2669381064797,1004.6,0
2025-07-27 18:00:00,New_Delhi,31.2,79.82480457377302,996.0,0
2025-07-27 21:00:00,Chennai,28.8,65.53389236922786,1005.2,0
2025-07-27 21:00:00,Hyderabad,24.0,81.81498534151751,1003.9,0
2025-07-27 21:00:00,Kolkata,28.6,97.13390683461628,997.8,0
2025-07-27 21:00:00,Mumbai,28.0,81.80996009312997,1003.9,0
2025-07-27 21:00:00,New_Delhi,30.6,81.16467826556904,995.1,0
2025-07-28 00:00:00,Chennai,28.0,63.385341541150645,1005.4,0
2025-07-28 00:00:00,Hyderabad,23.8,80.28909195294638,1003.7,0
2025-07-28 00:00:00,Kolkata,28.4,95.44234995416194,998.1,0
2025-07-28 00:00:00,Mumbai,26.4,88.79047072518293,1003.9,0
2025-07-28 00:00:00,New_Delhi,30.0,83.5130798716472,995.5,0
2025-07-28 03:00:00,Chennai,30.2,57.5576548506657,1007.6,0
2025-07-28 03:00:00,Hyderabad,24.8,80.42146721617324,1005.8,0
2025-07-28 03:00:00,Kolkata,28.6,93.78950978997815,999.3,0
2025-07-28 03:00:00,Mumbai,28.0,84.79181717750924,1005.3,0
2025-07-28 03:00:00,New_Delhi,32.0,76.27928569930424,996.5,0
2025-07-28 06:00:00,Chennai,33.4,49.19896559376817,1006.7,0
2025-07-28 06:00:00,Hyderabad,28.2,67.03344873373467,1004.4,0
2025-07-28 06:00:00,Kolkata,30.0,84.00528111799692,998.4,1
2025-07-28 06:00:00,Mumbai,29.2,79.08600581526997,1005.9,0
2025-07-28 06:00:00,New_Delhi,34.6,64.39740048201318,996.4,0
2025-07-28 09:00:00,Chennai,35.0,47.54554171711145,1004.3,0
2025-07-28 09:00:00,Hyderabad,29.4,62.91281064582391,1002.3,0
2025-07-28 09:00:00,Kolkata,29.0,84.89506306062921,997.5,0
2025-07-28 09:00:00,Mumbai,28.8,80.45782143103412,1004.9,0
2025-07-28 09:00:00,New_Delhi,35.0,62.2470562760692,994.7,0
2025-07-28 12:00:00,Chennai,35.2,44.77976864883668,1003.4,0
2025-07-28 12:00:00,Hyderabad,28.6,65.89451972688084,1001.5,0
2025-07-28 12:00:00,Kolkata,27.2,95.40267171979632,997.6,0
2025-07-28 12:00:00,Mumbai,28.8,80.45782143103412,1003.6,0
2025-07-28 12:00:00,New_Delhi,32.6,70.34917736761386,993.9,0
2025-07-28 15:00:00,Chennai,33.2,51.29970826857255,1006.1,0
2025-07-28 15:00:00,Hyderabad,27.4,69.38405747208641,1003.5,0
2025-07-28 15:00:00,Kolkata,27.0,98.25124348905273,999.5,0
2025-07-28 15:00:00,Mumbai,28.0,83.28921441559984,1005.0,0
2025-07-28 15:00:00,New_Delhi,32.0,76.27928569930424,995.9,0
2025-07-28 18:00:00,Chennai,31.2,56.05359172338208,1007.5,0
2025-07-28 18:00:00,Hyderabad,26.0,72.61811825905968,1004.7,0
2025-07-28 18:00:00,Kolkata,27.2,98.2538096814028,999.9,0
2025-07-28 18:00:00,Mumbai,27.8,85.78717977072007,1005.9,0
2025-07-28 18:00:00,New_Delhi,29.8,83.49088910584811,997.0,0
2025-07-28 21:00:00,Chennai,29.0,65.9764050234237,1006.85,1
2025-07-28 21:00:00,Hyderabad,25.0,79.46747438643077,1003.7,0
2025-07-28 21:00:00,Kolkata,27.6,96.54439604252045,998.1,0
2025-07-28 21:00:00,Mumbai,28.0,81.80996009312997,1005.1,0
2025-07-28 21:00:00,New_Delhi,29.8,84.97692867892383,995.8,0
2025-07-29 00:00:00,Chennai,27.8,66.13551830732304,1006.2,0
2025-07-29 00:00:00,Hyderabad,24.0,82.32018205581834,1003.6,0
2025-07-29 00:00:00,Kolkata,26.2,98.24092211346162,998.3,0
2025-07-29 00:00:00,Mumbai,27.6,78.39069896683198,1004.9,0
2025-07-29 00:00:00,New_Delhi,29.0,89.51636332080271,996.1,0
2025-07-29 03:00:00,Chennai,34.0,52.76574284376031,1006.1500000000001,1
2025-07-29 03:00:00,Hyderabad,27.0,69.73535987777385,1003.55,1
2025-07-29 03:00:00,Kolkata,30.0,84.00528111799692,998.75,1
2025-07-29 03:00:00,Mumbai,29.0,79.0585121873896,1005.5,1
2025-07-29 06:00:00,Chennai,33.8,45.51866048636701,1006.1,0
2025-07-29 06:00:00,Hyderabad,28.4,67.07345637066688,1003.5,0
2025-07-29 06:00:00,Kolkata,30.2,88.051503713093,999.2,0
2025-07-29 06:00:00,Mumbai,29.4,77.71354294293734,1006.1,0
2025-07-29 06:00:00,New_Delhi,28.8,98.2741379953428,997.8,0
2025-07-29 09:00:00,Chennai,36.8,37.15602939283433,1003.6,0
2025-07-29 09:00:00,Hyderabad,29.4,61.76765120635756,1002.0,0
2025-07-29 09:00:00,Kolkata,30.2,81.1147334710309,998.0,0
2025-07-29 09:00:00,Mumbai,28.6,80.43187680667027,1004.8,0
2025-07-29 09:00:00,New_Delhi,27.0,98.25124348905273,996.8,0
2025-07-29 12:00:00,Chennai,36.2,41.09709306555568,1003.5,0
2025-07-29 12:00:00,Hyderabad,28.8,64.73711256760602,1001.9,0
2025-07-29 12:00:00,Kolkata,28.2,95.43577238155224,997.7,0
2025-07-29 12:00:00,Mumbai,28.2,81.83433063230953,1004.1,0
2025-07-29 12:00:00,New_Delhi,28.0,85.80667728802291,995.7,0
2025-07-29 15:00:00,Chennai,33.4,54.566580431863855,1005.8,0
2025-07-29 15:00:00,Hyderabad,27.6,69.4219684883362,1003.5,0
2025-07-29 15:00:00,Kolkata,28.2,96.55941799604425,999.7,0
2025-07-29 15:00:00,Mumbai,28.0,84.79181717750924,1004.9,0
2025-07-29 15:00:00,New_Delhi,28.0,96.5544215144089,997.0,0
2025-07-29 18:00:00,Chennai,31.4,55.08058002977347,1007.0,0
2025-07-29 18:00:00,Hyderabad,26.6,72.72251516973928,1004.3,0
2025-07-29 18:00:00,Kolkata,28.2,96.55941799604425,1000.3,0
2025-07-29 18:00:00,Mumbai,28.0,84.79181717750924,1005.4,0
2025-07-29 18:00:00,New_Delhi,28.0,95.42918067606378,997.9,0
2025-07-29 21:00:00,Chennai,29.6,60.68601439855552,1006.1,0
2025-07-29 21:00:00,Hyderabad,25.2,79.49489892026219,1003.2,0
2025-07-29 21:00:00,Kolkata,26.2,98.24092211346162,999.1,0
2025-07-29 21:00:00,Mumbai,27.2,90.45250000428204,1003.8,0
2025-07-29 21:00:00,New_Delhi,27.6,95.41595470562916,996.9,0
2025-07-30 00:00:00,Chennai,28.8,62.782198156408256,1005.9,0
2025-07-30 00:00:00,Hyderabad,23.8,84.86645400274385,1003.3,0
2025-07-30 00:00:00,Kolkata,26.4,98.24351098143454,999.0,0
2025-07-30 00:00:00,Mumbai,26.8,92.0543831105128,1003.8,0
2025-07-30 00:00:00,New_Delhi,27.8,95.4225747975266,996.9,0
2025-07-30 03:00:00,Chennai,30.6,58.00662433733898,1006.5,0
2025-07-30 03:00:00,Hyderabad,25.4,78.0747809293731,1004.3,0
2025-07-30 03:00:00,Kolkata,27.8,96.54941420693456,1000.2,0
2025-07-30 03:00:00,Mumbai,27.8,85.78717977072007,1005.3,0
2025-07-30 03:00:00,New_Delhi,29.2,93.81604482183464,998.3,0
2025-07-30 06:00:00,Chennai,34.4,45.95905839180616,1005.7,0
2025-07-30 06:00:00,Hyderabad,27.8,65.72995303712338,1003.4,0
2025-07-30 06:00:00,Kolkata,29.0,86.41175942849821,1000.1,0
2025-07-30 06:00:00,Mumbai,28.4,84.83323810049623,1005.1,0
2025-07-30 06:00:00,New_Delhi,31.2,78.89384535394599,998.3,0
2025-07-30 09:00:00,Chennai,37.4,41.16770639461373,1003.9,0
2025-07-30 09:00:00,Hyderabad,28.6,63.5148338477734,1002.3,0
2025-07-30 09:00:00,Kolkata,29.0,87.95208930052544,998.4,0
2025-07-30 09:00:00,Mumbai,28.2,84.81254813644145,1004.5,0
2025-07-30 09:00:00,New_Delhi,31.0,85.59526014060029,996.5,0
2025-07-30 12:00:00,Chennai,36.4,41.15093514291351,1004.1,0
2025-07-30 12:00:00,Hyderabad,27.6,72.01298206177633,1002.8,0
2025-07-30 12:00:00,Kolkata,28.6,90.54615869442738,998.2,0
2025-07-30 12:00:00,Mumbai,27.8,84.2669381064797,1003.9,0
2025-07-30 12:00:00,New_Delhi,27.6,100.0,996.3,0
2025-07-30 15:00:00,Chennai,32.0,63.85356133058713,1005.2,0
2025-07-30 15:00:00,Hyderabad,23.8,91.32464040055407,1005.4,0
2025-07-30 15:00:00,Kolkata,27.8,93.7538663078413,1000.3,0
2025-07-30 15:00:00,Mumbai,27.4,85.74806761675889,1005.0,0
2025-07-30 15:00:00,New_Delhi,27.2,98.2538096814028,997.8,0
2025-07-30 18:00:00,Chennai,30.0,75.5227593496699,1006.3,0
2025-07-30 18:00:00,Hyderabad,24.8,88.12759322404811,1004.9,0
2025-07-30 18:00:00,Kolkata,27.0,95.39600874452508,1000.6,0
2025-07-30 18:00:00,Mumbai,27.8,84.2669381064797,1005.4,0
2025-07-30 18:00:00,New_Delhi,27.0,100.0,998.7,0
2025-07-30 21:00:00,Chennai,29.4,81.97957178446406,1005.2,0
2025-07-30 21:00:00,Hyderabad,24.4,84.9292101215455,1003.9,0
2025-07-30 21:00:00,Kolkata,26.6,96.51914127003089,999.3,0
2025-07-30 21:00:00,Mumbai,27.8,84.2669381064797,1003.8,0
2025-07-30 21:00:00,New_Delhi,27.0,100.0,997.5,0
2025-07-31 00:00:00,Chennai,29.0,73.57607488115697,1005.6,0
2025-07-31 00:00:00,Hyderabad,24.0,86.46120985687485,1004.5,0
2025-07-31 00:00:00,Kolkata,26.8,96.52421418955652,999.3,0
2025-07-31 00:00:00,Mumbai,27.4,85.74806761675889,1004.0,0
2025-07-31 00:00:00,New_Delhi,26.4,100.0,997.7,0
2025-07-31 03:00:00,Chennai,30.6,59.08123488638958,1007.3,0
2025-07-31 03:00:00,Hyderabad,25.2,82.46414440188865,1005.6,0
2025-07-31 03:00:00,Kolkata,28.0,96.5544215144089,1000.7,0
2025-07-31 03:00:00,Mumbai,28.2,84.81254813644145,1005.9,0
2025-07-31 03:00:00,New_Delhi,27.4,100.0,998.8,0
2025-07-31 06:00:00,Chennai,34.0,50.879846925795135,1006.4,0
2025-07-31 06:00:00,Hyderabad,28.4,67.48449416423053,1005.2,0
2025-07-31 06:00:00,Kolkata,28.4,95.44234995416194,1000.5,0
2025-07-31 06:00:00,Mumbai,29.8,79.63860889063328,1006.0,0
2025-07-31 06:00:00,New_Delhi,28.8,98.2741379953428,998.7,0
2025-07-31 09:00:00,Chennai,37.0,45.52939529476608,1003.9,0
2025-07-31 09:00:00,Hyderabad,30.0,63.42769734725228,1003.3,0
2025-07-31 09:00:00,Kolkata,26.8,98.24867165262664,999.7,0
2025-07-31 09:00:00,Mumbai,30.0,76.88217771852533,1005.2,0
2025-07-31 09:00:00,New_Delhi,27.8,100.0,998.2,0
2025-07-31 12:00:00,Chennai,32.0,65.01074996458017,1004.7,0
2025-07-31 12:00:00,Hyderabad,28.8,70.07168933719818,1003.1,0
2025-07-31 12:00:00,Kolkata,27.6,96.54439604252045,999.0,0
2025-07-31 12:00:00,Mumbai,29.4,81.97957178446406,1004.5,0
2025-07-31 12:00:00,New_Delhi,27.2,100.0,997.6,0
2025-07-31 15:00:00,Chennai,30.4,72.93500760473812,1006.1,0
2025-07-31 15:00:00,Hyderabad,27.2,73.2719762056861,1005.0,0
2025-07-31 15:00:00,Kolkata,27.4,96.53936698995484,1000.9,0
2025-07-31 15:00:00,Mumbai,28.2,83.31179804309043,1005.7,0
2025-07-31 15:00:00,New_Delhi,27.0,98.25124348905273,998.4,0
2025-07-31 18:00:00,Chennai,30.0,76.88217771852533,1006.4,0
2025-07-31 18:00:00,Hyderabad,26.2,79.63123983066636,1005.7,0
2025-07-31 18:00:00,Kolkata,27.6,98.25892519962696,1001.0,0
2025-07-31 18:00:00,Mumbai,28.0,83.28921441559984,1006.8,0
2025-07-31 18:00:00,New_Delhi,27.0,98.25124348905273,1000.0,0
2025-07-31 21:00:00,Chennai,29.2,79.08600581526997,1004.5,0
2025-07-31 21:00:00,Hyderabad,25.6,81.01881277997141,1003.9,0
2025-07-31 21:00:00,Kolkata,27.8,98.261474558228,999.4,0
2025-07-31 21:00:00,Mumbai,27.8,81.29701074620921,1005.2,0
2025-07-31 21:00:00,New_Delhi,26.8,98.24867165262664,998.6,0
2025-08-01 00:00:00,Chennai,28.8,80.45782143103412,1004.8,0
2025-08-01 00:00:00,Hyderabad,24.6,83.4072263549273,1005.1,0
2025-08-01 00:00:00,Kolkata,27.8,98.261474558228,1000.1,0
2025-08-01 00:00:00,Mumbai,28.0,84.79181717750924,1004.8,0
2025-08-01 00:00:00,New_Delhi,26.6,94.8187901348208,998.8,0
2025-08-01 03:00:00,Chennai,31.0,67.99377352527183,1006.6,0
2025-08-01 03:00:00,Hyderabad,26.0,78.16158824199735,1006.4,0
2025-08-01 03:00:00,Kolkata,29.0,92.17754994106518,1001.6,0
2025-08-01 03:00:00,Mumbai,28.6,83.35683314726084,1006.4,0
2025-08-01 03:00:00,New_Delhi,28.0,90.50618565208272,1000.1,0
2025-08-01 06:00:00,Chennai,34.8,45.50365698828102,1005.8,0
2025-08-01 06:00:00,Hyderabad,29.4,64.07653534072544,1005.1,0
2025-08-01 06:00:00,Kolkata,33.2,69.2266032222682,1000.6,0
2025-08-01 06:00:00,Mumbai,30.0,75.5227593496699,1006.9,0
2025-08-01 06:00:00,New_Delhi,29.6,82.00361602371757,1000.4,0
2025-08-01 09:00:00,Chennai,37.0,44.441226265938326,1003.6,0
2025-08-01 09:00:00,Hyderabad,30.2,57.5576548506657,1003.1,0
2025-08-01 09:00:00,Kolkata,34.2,68.60580036819208,998.7,0
2025-08-01 09:00:00,Mumbai,30.4,81.13972960661955,1005.9,0
2025-08-01 09:00:00,New_Delhi,32.4,65.48228630790443,997.4,0
2025-08-01 12:00:00,Chennai,33.2,58.9647920354539,1003.5,0
2025-08-01 12:00:00,Hyderabad,29.8,59.624049885095886,1003.1,0
2025-08-01 12:00:00,Kolkata,28.9,88.98459669528373,999.1,0
2025-08-01 12:00:00,Mumbai,29.2,81.95548127118022,1005.4,0
2025-08-01 12:00:00,New_Delhi,30.0,89.58913151799659,997.8,0
2025-08-01 15:00:00,Chennai,31.2,70.93306375697343,1005.9,0
2025-08-01 15:00:00,Hyderabad,27.8,68.19643184527753,1005.1,0
2025-08-01 15:00:00,Kolkata,27.0,96.5292760949642,1001.9,0
2025-08-01 15:00:00,Mumbai,28.4,84.83323810049623,1006.6,0
2025-08-01 15:00:00,New_Delhi,29.0,84.89506306062921,999.7,0
2025-08-01 18:00:00,Chennai,30.8,77.00117625197225,1006.5,0
2025-08-01 18:00:00,Hyderabad,26.0,76.74205814496156,1006.0,0
2025-08-01 18:00:00,Kolkata,27.0,95.39600874452508,1002.1,0
2025-08-01 18:00:00,Mumbai,27.8,87.33135888966177,1006.6,0
2025-08-01 18:00:00,New_Delhi,27.8,88.89979374390309,1000.3,0
2025-08-01 21:00:00,Chennai,29.4,72.32825969825754,1005.8,0
2025-08-01 21:00:00,Hyderabad,25.2,80.96759377108864,1004.9,0
2025-08-01 21:00:00,Kolkata,26.8,96.52421418955652,1000.2,0
2025-08-01 21:00:00,Mumbai,26.6,88.80618472944694,1005.3,0
2025-08-01 21:00:00,New_Delhi,27.4,88.86871874139695,999.0,0
2025-08-02 00:00:00,Chennai,27.4,81.24686676192346,1006.0,0
2025-08-02 00:00:00,Hyderabad,24.6,84.95004486909127,1005.1,0
2025-08-02 00:00:00,Kolkata,27.4,96.53936698995484,1001.3,0
2025-08-02 00:00:00,Mumbai,26.0,92.00888400052642,1005.1,0
2025-08-02 00:00:00,New_Delhi,27.4,92.08825670296544,999.0,0
2025-08-02 03:00:00,Chennai,29.0,77.65543578652992,1006.2,0
2025-08-02 03:00:00,Hyderabad,26.6,74.07077551446469,1006.5,0
2025-08-02 03:00:00,Kolkata,29.5,93.28512874616,1002.5,0
2025-08-02 03:00:00,Mumbai,28.2,84.81254813644145,1006.8,0
2025-08-02 03:00:00,New_Delhi,29.2,80.5095630310082,1000.5,0
2025-08-02 06:00:00,Chennai,34.0,56.04514311511978,1005.8,0
2025-08-02 06:00:00,Hyderabad,29.8,60.73115651479413,1005.5,0
2025-08-02 06:00:00,Kolkata,33.0,72.94417143512577,999.8,0
2025-08-02 06:00:00,Mumbai,29.4,76.33535606218936,1007.2,0
2025-08-02 06:00:00,New_Delhi,32.2,67.82126335429727,1001.0,0
2025-08-02 09:00:00,Chennai,36.6,47.10156628812264,1003.2,0
2025-08-02 09:00:00,Hyderabad,31.2,50.47601592432225,1002.8,0
2025-08-02 09:00:00,Kolkata,33.0,72.94417143512577,999.8,0
2025-08-02 09:00:00,Mumbai,29.8,74.15162297941144,1005.7,0
2025-08-02 09:00:00,New_Delhi,33.4,66.07497389595794,998.9,0
2025-08-02 12:00:00,Chennai,33.8,57.01603340699637,1002.7,0
2025-08-02 12:00:00,Hyderabad,30.6,48.77428920867762,1002.7,0
2025-08-02 12:00:00,Kolkata,31.4,80.31973345807687,1000.2,0
2025-08-02 12:00:00,Mumbai,29.6,78.20620296447258,1005.1,0
2025-08-02 12:00:00,New_Delhi,33.0,66.78088716309055,997.8,0
2025-08-02 15:00:00,Chennai,30.8,79.77185498360923,1005.4,0
2025-08-02 15:00:00,Hyderabad,27.6,69.4219684883362,1004.5,0
2025-08-02 15:00:00,Kolkata,30.2,86.52294575570109,1003.1,0
2025-08-02 15:00:00,Mumbai,28.4,81.85865421535438,1006.1,0
2025-08-02 15:00:00,New_Delhi,29.6,84.95652278782288,1000.2,0
2025-08-02 18:00:00,Chennai,30.2,81.1147334710309,1006.3,0
2025-08-02 18:00:00,Hyderabad,26.2,74.00407121193724,1005.8,0
2025-08-02 18:00:00,Kolkata,29.8,91.15475347220372,1003.4,0
2025-08-02 18:00:00,Mumbai,28.2,84.81254813644145,1007.3,0
2025-08-02 18:00:00,New_Delhi,28.4,86.35566419509173,1000.7,0
2025-08-02 21:00:00,Chennai,29.8,84.97692867892383,1005.5,0
2025-08-02 21:00:00,Hyderabad,25.0,82.44026830283795,1005.3,0
2025-08-02 21:00:00,Kolkata,29.2,93.81604482183464,1002.6,0
2025-08-02 21:00:00,Mumbai,27.6,85.767643247121,1005.9,0
2025-08-02 21:00:00,New_Delhi,26.2,100.0,1000.4,0
2025-08-03 00:00:00,Chennai,28.0,78.44744220055776,1005.3,0
2025-08-03 00:00:00,Hyderabad,24.6,86.51781437617485,1005.9,0
2025-08-03 00:00:00,Kolkata,28.8,93.7983735302794,1003.3,0
2025-08-03 00:00:00,Mumbai,27.2,87.27855968744687,1005.8,0
2025-08-03 00:00:00,New_Delhi,26.4,100.0,999.7,0
2025-08-03 03:00:00,Chennai,30.4,69.11197515651446,1006.7,0
2025-08-03 03:00:00,Hyderabad,27.2,77.39127594477806,1006.2,0
2025-08-03 03:00:00,Kolkata,32.0,79.0033862804747,1005.4,0
2025-08-03 03:00:00,Mumbai,27.2,93.72693426762004,1007.1,0
2025-08-03 03:00:00,New_Delhi,28.2,93.77172585847173,1001.4,0
2025-08-03 06:00:00,Chennai,35.6,50.97641213445036,1005.9,0
2025-08-03 06:00:00,Hyderabad,30.0,61.90043484423167,1007.6,0
2025-08-03 06:00:00,Kolkata,31.6,81.2887133807776,1005.1,0
2025-08-03 06:00:00,Mumbai,29.4,80.53536024141098,1007.4,0
2025-08-03 06:00:00,New_Delhi,30.6,75.61652127297627,1001.4,0
2025-08-03 09:00:00,Chennai,32.8,61.03350741643827,1005.0,0
2025-08-03 09:00:00,Hyderabad,32.8,54.0900319487697,1003.7,0
2025-08-03 09:00:00,Kolkata,33.0,71.67322751398581,1003.3,0
2025-08-03 09:00:00,Mumbai,30.8,75.64766286638326,1006.7,0
2025-08-03 09:00:00,New_Delhi,33.4,68.4542986966963,999.8,0
2025-08-03 12:00:00,Chennai,28.6,80.43187680667027,1005.8,0
2025-08-03 12:00:00,Hyderabad,30.2,62.32302111052805,1003.5,0
2025-08-03 12:00:00,Kolkata,31.0,78.40390010984709,1003.5,0
2025-08-03 12:00:00,Mumbai,29.4,80.53536024141098,1006.0,0
2025-08-03 12:00:00,New_Delhi,33.4,68.4542986966963,999.1,0
2025-08-03 15:00:00,Chennai,27.2,84.20248990010974,1006.8,0
2025-08-03 15:00:00,Hyderabad,28.6,73.95364541307103,1005.7,0
2025-08-03 15:00:00,Kolkata,28.6,90.54615869442738,1006.0,0
2025-08-03 15:00:00,Mumbai,28.4,80.40588280898815,1007.3,0
2025-08-03 15:00:00,New_Delhi,31.2,79.82480457377302,1000.6,0
2025-08-03 18:00:00,Chennai,27.4,81.24686676192346,1007.6,0
2025-08-03 18:00:00,Hyderabad,27.6,78.86460603161275,1006.9,0
2025-08-03 18:00:00,Kolkata,26.6,93.69982968596882,1006.3,0
2025-08-03 18:00:00,Mumbai,27.8,85.78717977072007,1008.3,0
2025-08-03 18:00:00,New_Delhi,30.4,85.53649748682237,1001.5,0
2025-08-03 21:00:00,Chennai,27.2,87.80068301379468,1005.8,0
2025-08-03 21:00:00,Hyderabad,26.6,85.66937200749226,1006.4,0
2025-08-03 21:00:00,Kolkata,27.3,95.96996715107568,1005.2,0
2025-08-03 21:00:00,Mumbai,27.6,84.24549777703992,1007.1,0
2025-08-03 21:00:00,New_Delhi,30.0,81.08968974474207,1000.3,0
2025-08-04 00:00:00,Chennai,27.4,79.79314536748959,1006.1,0
2025-08-04 00:00:00,Hyderabad,25.0,94.75830253018952,1006.1,0
2025-08-04 00:00:00,Kolkata,27.2,95.40267171979632,1005.5,0
2025-08-04 00:00:00,Mumbai,27.4,85.74806761675889,1007.1,0
2025-08-04 00:00:00,New_Delhi,29.0,80.48371679996085,1001.0,0
2025-08-04 03:00:00,Chennai,30.2,70.32973763313946,1007.8,0
2025-08-04 03:00:00,Hyderabad,28.2,80.8621356488236,1007.3,0
2025-08-04 03:00:00,Kolkata,29.2,90.58588438387352,1006.9,0
2025-08-04 03:00:00,Mumbai,28.2,78.94802076163292,1008.8,0
2025-08-04 03:00:00,New_Delhi,29.0,79.0585121873896,1002.9,0
2025-08-04 06:00:00,Chennai,34.6,56.524933034712646,1006.8,0
2025-08-04 06:00:00,Hyderabad,31.2,61.78924200299666,1006.4,0
2025-08-04 06:00:00,Kolkata,32.0,80.39702320863196,1006.4,0
2025-08-04 06:00:00,Mumbai,30.8,74.31499881924898,1009.4,0
2025-08-04 06:00:00,New_Delhi,31.0,69.22506422320274,1003.2,0
2025-08-04 09:00:00,Chennai,34.2,59.54690108998311,1005.1,0
2025-08-04 09:00:00,Hyderabad,31.8,61.17889403213977,1003.8,0
2025-08-04 09:00:00,Kolkata,32.8,76.84633730700138,1004.1,0
2025-08-04 09:00:00,Mumbai,30.8,73.00291172196927,1007.7,0
2025-08-04 09:00:00,New_Delhi,33.0,65.60442666205464,1001.7,0
2025-08-04 12:00:00,Chennai,33.0,66.78088716309055,1004.2,0
2025-08-04 12:00:00,Hyderabad,23.4,96.43645035727724,1006.8,0
2025-08-04 12:00:00,Kolkata,31.6,80.34554512689967,1004.4,0
2025-08-04 12:00:00,Mumbai,30.6,74.28243957799879,1006.8,0
2025-08-04 12:00:00,New_Delhi,32.0,72.34703340707203,1000.6,0
2025-08-04 15:00:00,Chennai,30.8,75.64766286638326,1006.9,0
2025-08-04 15:00:00,Hyderabad,24.2,94.7276645424548,1007.0,0
2025-08-04 15:00:00,Kolkata,29.6,88.00194722290112,1005.7,0
2025-08-04 15:00:00,Mumbai,28.6,79.00337009946395,1007.8,0
2025-08-04 15:00:00,New_Delhi,29.2,74.94658155009306,1001.8,0
2025-08-04 18:00:00,Chennai,28.2,84.81254813644145,1007.8,0
2025-08-04 18:00:00,Hyderabad,23.6,94.70451111903132,1007.7,0
2025-08-04 18:00:00,Kolkata,29.2,90.58588438387352,1006.1,0
2025-08-04 18:00:00,Mumbai,27.8,88.89979374390309,1008.8,0
2025-08-04 18:00:00,New_Delhi,29.0,84.89506306062921,1001.8,0
2025-08-04 21:00:00,Chennai,26.6,87.22543835052973,1005.1,0
2025-08-04 21:00:00,Hyderabad,24.0,96.45217641736166,1006.3,0
2025-08-04 21:00:00,Kolkata,29.0,92.17754994106518,1005.0,0
2025-08-04 21:00:00,Mumbai,27.6,84.24549777703992,1006.8,0
2025-08-04 21:00:00,New_Delhi,29.0,81.9313443709877,1000.4,0
2025-08-05 00:00:00,Chennai,26.4,88.79047072518293,1005.9,0
2025-08-05 00:00:00,Hyderabad,24.2,94.7276645424548,1005.9,0
2025-08-05 00:00:00,Kolkata,25.5,97.64853030704536,1005.9,0
2025-08-05 00:00:00,Mumbai,27.2,88.85313336738866,1006.8,0
2025-08-05 00:00:00,New_Delhi,28.4,81.85865421535438,1000.6,0
2025-08-05 03:00:00,Chennai,29.4,74.97860136800087,1007.8,0
2025-08-05 03:00:00,Hyderabad,26.0,92.00888400052642,1007.6,0
2025-08-05 03:00:00,Kolkata,27.4,96.53936698995484,1007.4,0
2025-08-05 03:00:00,Mumbai,28.8,80.45782143103412,1008.5,0
2025-08-05 03:00:00,New_Delhi,29.6,75.45996920875774,1002.1,0
2025-08-05 06:00:00,Chennai,32.4,63.9379440059793,1007.5,0
2025-08-05 06:00:00,Hyderabad,30.6,71.24934831692596,1006.4,0
2025-08-05 06:00:00,Kolkata,32.8,79.11211842158119,1006.4,0
2025-08-05 06:00:00,Mumbai,31.2,72.20890765279174,1009.0,0
2025-08-05 06:00:00,New_Delhi,30.6,74.28243957799879,1003.3,0
2025-08-05 09:00:00,Chennai,34.4,59.59215392807818,1005.0,0
2025-08-05 09:00:00,Hyderabad,31.6,68.10975831103738,1003.7,0
2025-08-05 09:00:00,Kolkata,32.2,79.03064484736562,1004.3,0
2025-08-05 09:00:00,Mumbai,31.8,69.78813164326573,1007.3,0
2025-08-05 09:00:00,New_Delhi,32.6,75.92543258876539,1002.3,0
2025-08-05 12:00:00,Chennai,32.2,66.22646690114202,1003.6,0
2025-08-05 12:00:00,Hyderabad,31.2,67.62672388520386,1003.2,0
2025-08-05 12:00:00,Kolkata,28.2,92.13309053912468,1004.3,0
2025-08-05 12:00:00,Mumbai,31.4,69.71409411644107,1006.2,0
2025-08-05 12:00:00,New_Delhi,32.2,69.86192099541918,1001.0,0
2025-08-05 15:00:00,Chennai,29.8,76.85229197010862,1006.3,0
2025-08-05 15:00:00,Hyderabad,27.6,83.24391446008387,1005.7,0
2025-08-05 15:00:00,Kolkata,28.8,90.55942797559786,1005.4,0
2025-08-05 15:00:00,Mumbai,29.0,79.0585121873896,1007.6,0
2025-08-05 15:00:00,New_Delhi,29.2,76.30480387190515,1002.5,0
2025-08-05 18:00:00,Chennai,29.4,83.44637781059491,1006.9,0
2025-08-05 18:00:00,Hyderabad,26.4,86.1662228097191,1006.5,0
2025-08-05 18:00:00,Kolkata,28.9,91.6339502226869,1007.0,0
2025-08-05 18:00:00,Mumbai,28.6,77.59711341151534,1007.9,0
2025-08-05 18:00:00,New_Delhi,28.6,79.00337009946395,1002.9,0
2025-08-05 21:00:00,Chennai,28.6,79.00337009946395,1006.1,0
2025-08-05 21:00:00,Hyderabad,25.4,96.48847066905626,1005.5,0
2025-08-05 21:00:00,Kolkata,26.0,94.79622941585652,1005.5,0
2025-08-05 21:00:00,Mumbai,28.0,81.80996009312997,1006.6,0
2025-08-05 21:00:00,New_Delhi,28.0,83.28921441559984,1001.3,0
2025-08-06 00:00:00,Chennai,27.2,82.70035172790627,1006.0,0
2025-08-06 00:00:00,Hyderabad,24.0,96.45217641736166,1006.3,0
2025-08-06 00:00:00,Kolkata,25.0,94.75830253018952,1005.3,0
2025-08-06 00:00:00,Mumbai,27.0,92.06569807815052,1006.8,0
2025-08-06 00:00:00,New_Delhi,28.0,84.79181717750924,1003.0,0
2025-08-06 03:00:00,Chennai,30.2,70.32973763313946,1007.3,0
2025-08-06 03:00:00,Hyderabad,26.4,88.79047072518293,1007.3,0
2025-08-06 03:00:00,Kolkata,26.0,94.79622941585652,1006.2,0
2025-08-06 03:00:00,Mumbai,28.0,83.28921441559984,1008.4,0
2025-08-06 03:00:00,New_Delhi,28.4,80.40588280898815,1004.4,0
2025-08-06 06:00:00,Chennai,34.8,52.64629722905695,1006.4,0
2025-08-06 06:00:00,Hyderabad,30.0,71.99991723394687,1006.4,0
2025-08-06 06:00:00,Kolkata,28.2,92.13309053912468,1006.2,0
2025-08-06 06:00:00,Mumbai,30.4,71.64060697493404,1009.0,0
2025-08-06 06:00:00,New_Delhi,32.6,65.52306428907129,1004.5,0
2025-08-06 09:00:00,Chennai,35.0,62.2470562760692,1003.8,0
2025-08-06 09:00:00,Hyderabad,32.2,58.02796060835696,1003.1,0
2025-08-06 09:00:00,Kolkata,29.4,86.44896966030107,1003.2,0
2025-08-06 09:00:00,Mumbai,31.8,69.78813164326573,1007.1,0
2025-08-06 09:00:00,New_Delhi,34.8,60.0371073841844,1002.5,0
2025-08-06 12:00:00,Chennai,32.4,70.31283604150148,1003.2,0
2025-08-06 12:00:00,Hyderabad,32.2,55.61293631340226,1002.1,0
2025-08-06 12:00:00,Kolkata,29.6,89.56011356164207,1001.9,0
2025-08-06 12:00:00,Mumbai,29.8,75.49139258129554,1005.9,0
2025-08-06 12:00:00,New_Delhi,34.4,59.59215392807818,1000.5,0
2025-08-06 15:00:00,Chennai,30.0,78.26294962837345,1005.6,0
2025-08-06 15:00:00,Hyderabad,28.4,79.44994815453647,1005.5,0
2025-08-06 15:00:00,Kolkata,28.4,87.90192756472376,1004.2,0
2025-08-06 15:00:00,Mumbai,28.8,79.03096698905824,1006.7,0
2025-08-06 15:00:00,New_Delhi,31.2,76.157651318818,1001.6,0
2025-08-06 18:00:00,Chennai,28.6,77.59711341151534,1006.0,0
2025-08-06 18:00:00,Hyderabad,26.4,85.64959932544602,1006.2,0
2025-08-06 18:00:00,Kolkata,27.4,92.08825670296544,1004.4,0
2025-08-06 18:00:00,Mumbai,28.6,81.88293095675748,1007.6,0
2025-08-06 18:00:00,New_Delhi,30.0,84.99729439748566,1002.5,0
2025-08-06 21:00:00,Chennai,27.6,74.23649168800932,1005.3,0
2025-08-06 21:00:00,Hyderabad,25.2,87.10022146859102,1005.1,0
2025-08-06 21:00:00,Kolkata,27.0,92.06569807815052,1002.4,0
2025-08-06 21:00:00,Mumbai,26.4,92.03168153578638,1006.2,0
2025-08-06 21:00:00,New_Delhi,29.0,84.89506306062921,1001.6,0
2025-08-07 00:00:00,Chennai,27.2,76.92377783448977,1005.6,0
2025-08-07 00:00:00,Hyderabad,24.6,91.37426421535667,1005.5,0
2025-08-07 00:00:00,Kolkata,26.8,95.38933139322062,1002.9,0
2025-08-07 00:00:00,Mumbai,26.2,92.0202947964304,1006.3,0
2025-08-07 00:00:00,New_Delhi,28.6,77.59711341151534,1001.5,0
2025-08-07 03:00:00,Chennai,29.4,74.97860136800087,1006.1,0
2025-08-07 03:00:00,Hyderabad,27.0,83.17563111659577,1006.3,0
2025-08-07 03:00:00,Kolkata,28.0,87.34888747491027,1004.4,0
2025-08-07 03:00:00,Mumbai,25.8,96.49873881355715,1008.3,0
2025-08-07 03:00:00,New_Delhi,31.0,64.4141386029017,1002.9,0
2025-08-07 06:00:00,Chennai,34.8,52.64629722905695,1005.4,0
2025-08-07 06:00:00,Hyderabad,31.2,64.06900697795328,1004.9,0
2025-08-07 06:00:00,Kolkata,30.0,79.66535824918688,1004.2,0
2025-08-07 06:00:00,Mumbai,26.4,93.69075623120436,1008.9,0
2025-08-07 06:00:00,New_Delhi,33.4,59.01062869308959,1002.9,0
2025-08-07 09:00:00,Chennai,36.0,57.530492699389136,1003.8,0
2025-08-07 09:00:00,Hyderabad,34.0,55.04309180081118,1002.0,0
2025-08-07 09:00:00,Kolkata,30.6,79.74530566981048,1002.8,0
2025-08-07 09:00:00,Mumbai,30.0,74.18441432342445,1007.1,0
2025-08-07 09:00:00,New_Delhi,34.8,56.91064806529948,1001.3,0
2025-08-07 12:00:00,Chennai,33.0,66.78088716309055,1003.0,0
2025-08-07 12:00:00,Hyderabad,26.0,87.17199233244091,1003.2,0
2025-08-07 12:00:00,Kolkata,29.0,84.89506306062921,1002.1,0
2025-08-07 12:00:00,Mumbai,29.0,77.65543578652992,1005.8,0
2025-08-07 12:00:00,New_Delhi,34.4,56.47758336128222,999.0,0
2025-08-07 15:00:00,Chennai,30.2,76.91200889831605,1004.7,0
2025-08-07 15:00:00,Hyderabad,21.6,96.3886437157889,1007.5,0
2025-08-07 15:00:00,Kolkata,28.0,88.39044450592984,1004.1,0
2025-08-07 15:00:00,Mumbai,27.6,87.31379479213656,1006.7,0
2025-08-07 15:00:00,New_Delhi,32.0,68.5931528079531,999.7,0
2025-08-07 18:00:00,Chennai,30.2,81.1147334710309,1005.9,0
2025-08-07 18:00:00,Hyderabad,22.2,96.40468492682572,1008.9,0
2025-08-07 18:00:00,Kolkata,26.2,93.68166338882529,1005.0,0
2025-08-07 18:00:00,Mumbai,27.2,92.07698925377626,1007.6,0
2025-08-07 18:00:00,New_Delhi,30.6,75.61652127297627,1000.9,0
2025-08-07 21:00:00,Chennai,29.6,83.46865512129703,1005.4,0
2025-08-07 21:00:00,Hyderabad,22.0,96.39934967716894,1005.4,0
2025-08-07 21:00:00,Kolkata,26.0,93.67255110424423,1003.1,0
2025-08-07 21:00:00,Mumbai,27.2,92.07698925377626,1005.9,0
2025-08-07 21:00:00,New_Delhi,29.8,76.85229197010862,1000.1,0
2025-08-08 00:00:00,Chennai,26.2,84.09422307879059,1006.1,0
2025-08-08 00:00:00,Hyderabad,21.6,96.3886437157889,1005.5,0
2025-08-08 00:00:00,Kolkata,26.0,93.67255110424423,1004.5,0
2025-08-08 00:00:00,Mumbai,27.2,87.27855968744687,1005.6,0
2025-08-08 00:00:00,New_Delhi,28.8,72.2237174181299,1000.3,0
2025-08-08 03:00:00,Chennai,27.6,79.81995065848324,1007.8,0
2025-08-08 03:00:00,Hyderabad,23.0,91.27459428964966,1007.7,0
2025-08-08 03:00:00,Kolkata,25.5,92.5338112860826,1006.8,0
2025-08-08 03:00:00,Mumbai,28.0,84.79181717750924,1007.6,0
2025-08-08 03:00:00,New_Delhi,30.0,69.03626644470846,1002.1,0
2025-08-08 06:00:00,Chennai,33.0,55.468825283877344,1006.9,0
2025-08-08 06:00:00,Hyderabad,28.0,76.5808442395279,1007.8,0
2025-08-08 06:00:00,Kolkata,26.4,92.03168153578638,1007.6,0
2025-08-08 06:00:00,Mumbai,28.4,84.83323810049623,1008.8,0
2025-08-08 06:00:00,New_Delhi,33.2,57.91132175434653,1003.1,0
2025-08-08 09:00:00,Chennai,33.0,62.18308645409979,1005.7,0
2025-08-08 09:00:00,Hyderabad,28.2,76.6112266802814,1006.1,0
2025-08-08 09:00:00,Kolkata,28.0,87.34888747491027,1005.9,0
2025-08-08 09:00:00,Mumbai,27.6,88.88427217188078,1007.8,0
2025-08-08 09:00:00,New_Delhi,35.6,50.0643092573206,1002.2,0
2025-08-08 12:00:00,Chennai,31.2,68.4404025650585,1005.9,0
2025-08-08 12:00:00,Hyderabad,28.6,76.67182462550362,1005.3,0
2025-08-08 12:00:00,Kolkata,29.4,83.44637781059491,1005.1,0
2025-08-08 12:00:00,Mumbai,29.6,78.20620296447258,1007.2,0
2025-08-08 12:00:00,New_Delhi,35.0,55.948293602131415,1001.7,0
2025-08-08 15:00:00,Chennai,29.4,77.71354294293734,1008.3,0
2025-08-08 15:00:00,Hyderabad,26.2,88.7747243479242,1008.4,0
2025-08-08 15:00:00,Kolkata,27.6,93.74490804295252,1007.4,0
2025-08-08 15:00:00,Mumbai,28.4,83.33433758376981,1008.6,0
2025-08-08 15:00:00,New_Delhi,32.4,71.56807265043355,1003.8,0
2025-08-08 18:00:00,Chennai,29.0,83.40169277956687,1008.8,0
2025-08-08 18:00:00,Hyderabad,25.4,90.33006125111788,1009.3,0
2025-08-08 18:00:00,Kolkata,27.6,92.09950049107172,1008.7,0
2025-08-08 18:00:00,Mumbai,26.8,93.70888380751718,1009.8,0
2025-08-08 18:00:00,New_Delhi,30.0,79.66535824918688,1004.9,0
2025-08-08 21:00:00,Chennai,28.2,83.31179804309043,1008.1,0
2025-08-08 21:00:00,Hyderabad,24.8,91.38660473195172,1007.6,0
2025-08-08 21:00:00,Kolkata,27.4,92.08825670296544,1007.0,0
2025-08-08 21:00:00,Mumbai,26.0,94.23292497092102,1009.25,1
2025-08-08 21:00:00,New_Delhi,26.2,100.0,1003.6,0
2025-08-09 00:00:00,Chennai,26.6,79.6854136873141,1008.1,0
2025-08-09 00:00:00,Hyderabad,24.4,91.36189759637529,1008.0,0
2025-08-09 00:00:00,Kolkata,27.0,96.5292760949642,1007.5,0
2025-08-09 00:00:00,Mumbai,25.6,94.78110774663196,1008.7,0
2025-08-09 00:00:00,New_Delhi,27.2,98.2538096814028,1003.4,0
2025-08-09 03:00:00,Chennai,28.4,74.81792523943739,1009.0,0
2025-08-09 03:00:00,Hyderabad,25.8,85.59004257177266,1009.0,0
2025-08-09 03:00:00,Kolkata,30.6,84.06979751556185,1009.1,0
2025-08-09 03:00:00,Mumbai,26.6,92.0430442850652,1010.2,0
2025-08-09 03:00:00,New_Delhi,25.0,100.0,1006.7,0
2025-08-09 06:00:00,Chennai,31.6,62.25158297844957,1008.9,0
2025-08-09 06:00:00,Hyderabad,27.4,74.65579701063506,1008.9,0
2025-08-09 06:00:00,Kolkata,32.6,71.60318423066752,1008.4,0
2025-08-09 06:00:00,Mumbai,29.8,76.85229197010862,1010.4,0
2025-08-09 06:00:00,New_Delhi,25.4,100.0,1007.4,0
2025-08-09 09:00:00,Chennai,32.6,66.70160074556692,1007.4,0
2025-08-09 09:00:00,Hyderabad,29.6,69.37782799283941,1006.0,0
2025-08-09 09:00:00,Kolkata,32.0,72.34703340707203,1006.3,0
2025-08-09 09:00:00,Mumbai,31.2,68.4404025650585,1008.7,0
2025-08-09 09:00:00,New_Delhi,25.8,100.0,1005.3,0
2025-08-09 12:00:00,Chennai,31.7,67.72419263165283,1007.3,0
2025-08-09 12:00:00,Hyderabad,29.5,68.52575456214743,1005.0,0
2025-08-09 12:00:00,Kolkata,31.0,76.1271052167908,1005.2,0
2025-08-09 12:00:00,Mumbai,30.5,73.82581219027456,1007.3,0
2025-08-09 12:00:00,New_Delhi,25.7,100.0,1003.4,0
2025-08-09 15:00:00,Chennai,29.4,77.71354294293734,1008.6,0
2025-08-09 15:00:00,Hyderabad,27.0,77.36165189255982,1008.1,0
2025-08-09 15:00:00,Kolkata,28.7,82.87450647393747,1006.7,0
2025-08-09 15:00:00,Mumbai,28.6,80.43187680667027,1008.4,0
2025-08-09 15:00:00,New_Delhi,26.0,100.0,1004.2,0
2025-08-09 18:00:00,Chennai,28.2,83.31179804309043,1009.5,0
2025-08-09 18:00:00,Hyderabad,23.0,89.61193893447619,1009.4,0
2025-08-09 18:00:00,Kolkata,28.6,90.54615869442738,1007.0,0
2025-08-09 18:00:00,Mumbai,27.6,88.88427217188078,1009.3,0
2025-08-09 18:00:00,New_Delhi,26.4,100.0,1004.3,0
2025-08-09 21:00:00,Chennai,27.6,76.98390463811192,1008.0,0
2025-08-09 21:00:00,Hyderabad,23.0,89.61193893447619,1008.1,0
2025-08-09 21:00:00,Kolkata,28.4,92.14424033203444,1006.1,0
2025-08-09 21:00:00,Mumbai,26.8,93.70888380751718,1008.0,0
2025-08-09 21:00:00,New_Delhi,26.4,98.24351098143454,1003.7,0
2025-08-10 00:00:00,Chennai,27.2,81.22172233137654,1008.1,0
2025-08-10 00:00:00,Hyderabad,22.8,91.2620162268376,1007.0,0
2025-08-10 00:00:00,Kolkata,28.1,92.67128668689465,1006.2,0
2025-08-10 00:00:00,Mumbai,26.2,93.68166338882529,1007.6,0
2025-08-10 00:00:00,New_Delhi,26.4,96.51405730461325,1003.6,0
2025-08-10 03:00:00,Chennai,30.0,66.17996487728405,1009.1,0
2025-08-10 03:00:00,Hyderabad,25.6,85.5701104081274,1008.6,0
2025-08-10 03:00:00,Kolkata,31.8,77.60205183026918,1007.0,0
2025-08-10 03:00:00,Mumbai,27.2,92.07698925377626,1008.9,0
2025-08-10 03:00:00,New_Delhi,28.0,88.91528354225218,1004.7,0
2025-08-10 06:00:00,Chennai,34.2,47.91980944869557,1008.5,0
2025-08-10 06:00:00,Hyderabad,27.2,78.80873430111363,1008.1,0
2025-08-10 06:00:00,Kolkata,34.0,65.03583657618948,1006.0,0
2025-08-10 06:00:00,Mumbai,29.0,84.89506306062921,1009.5,0
2025-08-10 06:00:00,New_Delhi,31.4,73.53807422593974,1004.5,0
2025-08-10 09:00:00,Chennai,35.0,52.6959049784361,1006.3,0
2025-08-10 09:00:00,Hyderabad,29.0,68.84588152405523,1005.3,0
2025-08-10 09:00:00,Kolkata,34.0,61.66375454243735,1004.0,0
2025-08-10 09:00:00,Mumbai,28.4,86.35566419509173,1007.4,0
2025-08-10 09:00:00,New_Delhi,33.2,67.21631066718778,1002.3,0
2025-08-10 12:00:00,Chennai,31.4,64.49787905022467,1006.6,0
2025-08-10 12:00:00,Hyderabad,26.8,82.65347894376836,1005.0,0
2025-08-10 12:00:00,Kolkata,32.2,71.53290094917851,1003.2,0
2025-08-10 12:00:00,Mumbai,29.0,79.0585121873896,1006.7,0
2025-08-10 12:00:00,New_Delhi,33.0,66.78088716309055,1000.6,0
2025-08-10 15:00:00,Chennai,25.6,94.78110774663196,1009.3,0
2025-08-10 15:00:00,Hyderabad,25.6,85.5701104081274,1006.7,0
2025-08-10 15:00:00,Kolkata,30.0,78.26294962837345,1005.1,0
2025-08-10 15:00:00,Mumbai,26.6,92.0430442850652,1008.2,0
2025-08-10 15:00:00,New_Delhi,30.0,81.08968974474207,1001.9,0
2025-08-10 18:00:00,Chennai,26.0,92.00888400052642,1009.1,0
2025-08-10 18:00:00,Hyderabad,23.4,96.43645035727724,1008.3,0
2025-08-10 18:00:00,Kolkata,29.2,86.43038313933076,1005.8,0
2025-08-10 18:00:00,Mumbai,26.4,90.3983661985558,1008.8,0
2025-08-10 18:00:00,New_Delhi,29.4,89.54556000162309,1002.3,0
2025-08-10 21:00:00,Chennai,25.8,91.99744908137735,1007.1,0
2025-08-10 21:00:00,Hyderabad,23.2,96.43118524187918,1007.2,0
2025-08-10 21:00:00,Kolkata,28.4,88.94616815571688,1004.2,0
2025-08-10 21:00:00,Mumbai,26.8,88.82186644716782,1007.7,0
2025-08-10 21:00:00,New_Delhi,29.0,90.57266984744004,1001.7,0
2025-08-11 00:00:00,Chennai,25.6,90.3437793367858,1006.9,0
2025-08-11 00:00:00,Hyderabad,23.2,94.6889914839052,1006.7,0
2025-08-11 00:00:00,Kolkata,28.2,93.77172585847173,1004.2,0
2025-08-11 00:00:00,Mumbai,26.8,87.24318141227258,1007.5,0
2025-08-11 00:00:00,New_Delhi,28.2,81.83433063230953,1001.2,0
2025-08-11 03:00:00,Chennai,27.4,81.24686676192346,1008.7,0
2025-08-11 03:00:00,Hyderabad,24.0,96.45217641736166,1008.5,0
2025-08-11 03:00:00,Kolkata,32.2,76.30955739524246,1005.4,0
2025-08-11 03:00:00,Mumbai,28.4,81.85865421535438,1009.1,0
2025-08-11 03:00:00,New_Delhi,30.8,70.43939306440934,1002.5,0
2025-08-11 06:00:00,Chennai,32.0,56.93448027880228,1008.3,0
2025-08-11 06:00:00,Hyderabad,27.6,76.5199117925122,1007.6,0
2025-08-11 06:00:00,Kolkata,33.6,68.49226741509385,1004.8,0
2025-08-11 06:00:00,Mumbai,30.4,75.58532357148971,1009.1,0
2025-08-11 06:00:00,New_Delhi,32.8,62.13958951433999,1003.1,0
2025-08-11 09:00:00,Chennai,34.6,53.55559032656666,1006.1,0
2025-08-11 09:00:00,Hyderabad,30.0,66.98529190484982,1004.4,0
2025-08-11 09:00:00,Kolkata,31.1,77.95812007335357,1002.3,0
2025-08-11 09:00:00,Mumbai,31.0,72.1742265807024,1007.8,0
2025-08-11 09:00:00,New_Delhi,33.2,63.34828851792842,1001.4,0
2025-08-11 12:00:00,Chennai,32.0,62.71443976755974,1005.2,0
2025-08-11 12:00:00,Hyderabad,28.4,72.59189550538423,1003.8,0
2025-08-11 12:00:00,Kolkata,31.2,78.89384535394599,1001.3,0
2025-08-11 12:00:00,Mumbai,30.4,71.64060697493404,1006.5,0
2025-08-11 12:00:00,New_Delhi,33.2,68.41626758283552,1000.1,0
2025-08-11 15:00:00,Chennai,26.4,90.3983661985558,1007.0,0
2025-08-11 15:00:00,Hyderabad,23.6,94.70451111903132,1006.8,0
2025-08-11 15:00:00,Kolkata,29.2,86.43038313933076,1003.2,0
2025-08-11 15:00:00,Mumbai,28.6,80.43187680667027,1007.9,0
2025-08-11 15:00:00,New_Delhi,31.0,81.21443360821415,1001.8,0
2025-08-11 18:00:00,Chennai,25.8,90.35746879655076,1007.6,0
2025-08-11 18:00:00,Hyderabad,23.4,96.43645035727724,1007.1,0
2025-08-11 18:00:00,Kolkata,29.0,87.95208930052544,1003.9,0
2025-08-11 18:00:00,Mumbai,28.4,78.97572139747378,1008.4,0
2025-08-11 18:00:00,New_Delhi,30.0,84.99729439748566,1002.0,0
2025-08-11 21:00:00,Chennai,27.0,87.26088849314073,1006.1,0
2025-08-11 21:00:00,Hyderabad,23.0,96.42590852260086,1005.3,0
2025-08-11 21:00:00,Kolkata,28.6,88.96156313904507,1001.8,0
2025-08-11 21:00:00,Mumbai,27.4,82.72371961951407,1007.2,0
2025-08-11 21:00:00,New_Delhi,29.6,86.46751908713752,1000.7,0
2025-08-12 00:00:00,Chennai,27.0,87.26088849314073,1005.9,0
2025-08-12 00:00:00,Hyderabad,23.0,96.42590852260086,1005.3,0
2025-08-12 00:00:00,Kolkata,28.4,90.53286192976503,1001.9,0
2025-08-12 00:00:00,Mumbai,26.6,90.41194193154736,1006.5,0
2025-08-12 00:00:00,New_Delhi,25.4,100.0,1001.9,0
2025-08-12 03:00:00,Chennai,27.2,81.22172233137654,1007.1,0
2025-08-12 03:00:00,Hyderabad,23.0,94.6812063155598,1007.1,0
2025-08-12 03:00:00,Kolkata,31.8,81.78802115273777,1003.2,0
2025-08-12 03:00:00,Mumbai,27.2,85.72845277885752,1007.7,0
2025-08-12 03:00:00,New_Delhi,26.6,98.24609415561164,1003.8,0
2025-08-12 06:00:00,Chennai,30.0,64.98787314987105,1006.6,0
2025-08-12 06:00:00,Hyderabad,26.4,81.61329151166868,1005.7,0
2025-08-12 06:00:00,Kolkata,35.2,63.76997746892072,1001.8,0
2025-08-12 06:00:00,Mumbai,30.2,72.90096632227306,1007.8,0
2025-08-12 06:00:00,New_Delhi,28.4,88.94616815571688,1003.2,0
2025-08-12 09:00:00,Chennai,30.8,62.83365155694164,1005.2,0
2025-08-12 09:00:00,Hyderabad,28.8,72.66100014838472,1004.0,0
2025-08-12 09:00:00,Kolkata,33.8,62.727505384680136,1000.6,0
2025-08-12 09:00:00,Mumbai,31.4,69.71409411644107,1006.5,0
2025-08-12 09:00:00,New_Delhi,26.6,98.24609415561164,1003.8,0
2025-08-12 12:00:00,Chennai,30.8,62.83365155694164,1004.2,0
2025-08-12 12:00:00,Hyderabad,27.8,73.37388259889411,1002.5,0
2025-08-12 12:00:00,Kolkata,31.0,81.21443360821415,999.8,0
2025-08-12 12:00:00,Mumbai,29.8,74.15162297941144,1005.1,0
2025-08-12 12:00:00,New_Delhi,32.8,67.93722542562669,998.8,0
2025-08-12 15:00:00,Chennai,29.0,74.91450415439337,1004.8,0
2025-08-12 15:00:00,Hyderabad,25.4,85.5501381158545,1004.4,0
2025-08-12 15:00:00,Kolkata,30.2,84.02682856635852,1002.7,0
2025-08-12 15:00:00,Mumbai,27.4,84.22401507730588,1006.2,0
2025-08-12 15:00:00,New_Delhi,30.0,79.66535824918688,1000.3,0
2025-08-12 18:00:00,Chennai,27.6,84.24549777703992,1005.5,0
2025-08-12 18:00:00,Hyderabad,25.5,83.50912487697896,1004.1,0
2025-08-12 18:00:00,Kolkata,29.2,89.53097661456914,1003.1,0
2025-08-12 18:00:00,Mumbai,28.0,77.50922415182016,1006.0,0
2025-08-12 18:00:00,New_Delhi,29.0,87.95208930052544,1000.6,0
2025-08-12 21:00:00,Chennai,27.0,85.7087986323302,1003.8,0
2025-08-12 21:00:00,Hyderabad,23.8,94.71224568260264,1003.6,0
2025-08-12 21:00:00,Kolkata,29.0,90.57266984744004,1002.4,0
2025-08-12 21:00:00,Mumbai,28.0,83.28921441559984,1004.6,0
2025-08-12 21:00:00,New_Delhi,28.6,90.54615869442738,999.8,0
2025-08-13 00:00:00,Chennai,27.0,76.8936310454662,1003.7,0
2025-08-13 00:00:00,Hyderabad,23.0,94.6812063155598,1004.1,0
2025-08-13 00:00:00,Kolkata,28.4,93.78062725022616,1002.3,0
2025-08-13 00:00:00,Mumbai,27.2,87.27855968744687,1004.1,0
2025-08-13 00:00:00,New_Delhi,28.6,90.54615869442738,1000.0,0
2025-08-13 03:00:00,Chennai,27.0,78.30518483755301,1006.0,0
2025-08-13 03:00:00,Hyderabad,24.2,89.70035155341864,1004.3,0
2025-08-13 03:00:00,Kolkata,30.2,85.01762004491522,1004.2,0
2025-08-13 03:00:00,Mumbai,28.0,83.28921441559984,1005.5,0
2025-08-13 03:00:00,New_Delhi,30.2,74.2171474546091,1000.9,0
2025-08-13 06:00:00,Chennai,27.6,74.23649168800932,1006.2,0
2025-08-13 06:00:00,Hyderabad,24.6,93.04529191975668,1004.6,0
2025-08-13 06:00:00,Kolkata,31.6,74.88472135092377,1004.2,0
2025-08-13 06:00:00,Mumbai,27.8,88.89979374390309,1005.7,0
2025-08-13 06:00:00,New_Delhi,32.4,65.48228630790443,1000.9,0
2025-08-13 09:00:00,Chennai,28.6,70.46084618703307,1004.2,0
2025-08-13 09:00:00,Hyderabad,25.8,85.59004257177266,1002.9,0
2025-08-13 09:00:00,Kolkata,32.0,72.34703340707203,1003.0,0
2025-08-13 09:00:00,Mumbai,28.2,83.31179804309043,1004.3,0
2025-08-13 09:00:00,New_Delhi,34.6,59.9922459088714,999.2,0
2025-08-13 12:00:00,Chennai,28.4,71.71785815951927,1003.7,0
2025-08-13 12:00:00,Hyderabad,25.0,91.39891921824884,1001.9,0
2025-08-13 12:00:00,Kolkata,30.0,83.5130798716472,1002.8,0
2025-08-13 12:00:00,Mumbai,28.2,80.37983931978188,1003.0,0
2025-08-13 12:00:00,New_Delhi,33.8,62.727505384680136,998.6,0
2025-08-13 15:00:00,Chennai,27.2,82.70035172790627,1005.7,0
2025-08-13 15:00:00,Hyderabad,24.4,94.73534893450255,1003.8,0
2025-08-13 15:00:00,Kolkata,28.8,87.93540259721783,1004.9,0
2025-08-13 15:00:00,Mumbai,26.8,90.42548942576909,1004.2,0
2025-08-13 15:00:00,New_Delhi,31.6,78.94871738353811,1000.1,0
2025-08-13 18:00:00,Chennai,27.4,82.72371961951407,1006.5,0
2025-08-13 18:00:00,Hyderabad,23.8,93.00493307197942,1004.5,0
2025-08-13 18:00:00,Kolkata,28.0,92.12191734434786,1004.8,0
2025-08-13 18:00:00,Mumbai,26.0,94.79622941585652,1004.8,0
2025-08-13 18:00:00,New_Delhi,30.8,85.5757112364315,1001.8,0
2025-08-13 21:00:00,Chennai,26.0,87.17199233244091,1004.9,0
2025-08-13 21:00:00,Hyderabad,23.4,94.69675973556868,1003.3,0
2025-08-13 21:00:00,Kolkata,27.8,93.7538663078413,1003.8,0
2025-08-13 21:00:00,Mumbai,26.0,94.79622941585652,1003.1,0
2025-08-13 21:00:00,New_Delhi,29.6,83.46865512129703,1001.2,0
2025-08-14 00:00:00,Chennai,25.6,91.4357072125878,1005.6,0
2025-08-14 00:00:00,Hyderabad,22.7,97.00705113892808,1003.1,0
2025-08-14 00:00:00,Kolkata,27.6,95.41595470562916,1004.5,0
2025-08-14 00:00:00,Mumbai,25.4,94.7735224161306,1003.4,0
2025-08-14 00:00:00,New_Delhi,27.0,100.0,1002.7,0
2025-08-14 03:00:00,Chennai,27.2,85.72845277885752,1006.6,0
2025-08-14 03:00:00,Hyderabad,23.0,96.42590852260086,1005.1,0
2025-08-14 03:00:00,Kolkata,27.0,92.06569807815052,1005.9,0
2025-08-14 03:00:00,Mumbai,25.2,96.48331975462108,1005.3,0
2025-08-14 03:00:00,New_Delhi,26.2,100.0,1005.2,0
2025-08-14 06:00:00,Chennai,32.0,56.93448027880228,1006.1,0
2025-08-14 06:00:00,Hyderabad,25.4,88.71141337005749,1004.5,0
2025-08-14 06:00:00,Kolkata,30.0,82.53623329490637,1004.9,0
2025-08-14 06:00:00,Mumbai,26.0,94.79622941585652,1005.9,0
2025-08-14 06:00:00,New_Delhi,26.0,100.0,1005.8,0
2025-08-14 09:00:00,Chennai,33.6,52.66619140083634,1003.9,0
2025-08-14 09:00:00,Hyderabad,27.2,77.39127594477806,1002.1,0
2025-08-14 09:00:00,Kolkata,30.2,78.29124418971334,1003.4,0
2025-08-14 09:00:00,Mumbai,28.8,77.62630156297041,1003.4,0
2025-08-14 09:00:00,New_Delhi,26.6,100.0,1004.3,0
2025-08-14 12:00:00,Chennai,32.4,59.49445671738769,1002.9,0
2025-08-14 12:00:00,Hyderabad,26.8,77.3319727882649,1001.3,0
2025-08-14 12:00:00,Kolkata,30.0,81.08968974474207,1002.2,0
2025-08-14 12:00:00,Mumbai,28.6,81.88293095675748,1002.4,0
2025-08-14 12:00:00,New_Delhi,27.4,93.73593071403404,1002.5,0
2025-08-14 15:00:00,Chennai,28.0,80.3537462205201,1005.4,0
2025-08-14 15:00:00,Hyderabad,25.2,85.53012559102365,1003.4,0
2025-08-14 15:00:00,Kolkata,29.2,89.53097661456914,1003.8,0
2025-08-14 15:00:00,Mumbai,26.8,87.24318141227258,1003.9,0
2025-08-14 15:00:00,New_Delhi,27.0,96.5292760949642,1003.3,0
2025-08-14 18:00:00,Chennai,27.8,81.29701074620921,1005.8,0
2025-08-14 18:00:00,Hyderabad,24.4,94.73534893450255,1003.8,0
2025-08-14 18:00:00,Kolkata,28.6,92.1553667873356,1003.8,0
2025-08-14 18:00:00,Mumbai,25.8,93.105186728661,1004.8,0
2025-08-14 18:00:00,New_Delhi,26.8,96.52421418955652,1003.8,0
2025-08-14 21:00:00,Chennai,27.6,81.27196286112057,1004.3,0
2025-08-14 21:00:00,Hyderabad,23.0,94.6812063155598,1002.5,0
2025-08-14 21:00:00,Kolkata,28.0,95.42918067606378,1002.7,0
2025-08-14 21:00:00,Mumbai,25.8,91.99744908137735,1003.3,0
2025-08-14 21:00:00,New_Delhi,26.2,98.24092211346162,1002.8,0
2025-08-15 00:00:00,Chennai,27.2,79.76628914637874,1004.1,0
2025-08-15 00:00:00,Hyderabad,23.0,92.96422650821278,1002.1,0
2025-08-15 00:00:00,Kolkata,27.6,95.41595470562916,1002.5,0
2025-08-15 00:00:00,Mumbai,25.8,93.105186728661,1003.1,0
2025-08-15 00:00:00,New_Delhi,26.6,100.0,1002.9,0
2025-08-15 03:00:00,Chennai,28.4,69.15080360685214,1006.5,0
2025-08-15 03:00:00,Hyderabad,24.4,86.49898460860861,1003.6,0
2025-08-15 03:00:00,Kolkata,30.6,76.97150804274018,1003.4,0
2025-08-15 03:00:00,Mumbai,26.8,90.42548942576909,1004.8,0
2025-08-15 03:00:00,New_Delhi,27.8,96.54941420693456,1003.5,0
2025-08-15 06:00:00,Chennai,32.4,54.988018967303006,1005.5,0
2025-08-15 06:00:00,Hyderabad,26.2,79.63123983066636,1003.5,0
2025-08-15 06:00:00,Kolkata,31.8,73.60449518826249,1003.1,0
2025-08-15 06:00:00,Mumbai,28.2,80.37983931978188,1005.1,0
2025-08-15 06:00:00,New_Delhi,28.6,94.33982141728534,1004.8,0
2025-08-15 09:00:00,Chennai,34.8,49.55903704428391,1003.1,0
2025-08-15 09:00:00,Hyderabad,28.2,75.23841016699755,1000.6,0
2025-08-15 09:00:00,Kolkata,28.8,89.50172004038727,1001.3,0
2025-08-15 09:00:00,Mumbai,26.0,94.79622941585652,1003.9,0
2025-08-15 09:00:00,New_Delhi,28.6,90.54615869442738,1002.4,0
2025-08-15 12:00:00,Chennai,33.6,53.632996598820334,1000.6,0
2025-08-15 12:00:00,Hyderabad,28.4,73.92044305683572,998.9,0
2025-08-15 12:00:00,Kolkata,29.0,86.41175942849821,1000.5,0
2025-08-15 12:00:00,Mumbai,25.8,93.105186728661,1002.5,0
2025-08-15 12:00:00,New_Delhi,29.4,89.54556000162309,999.4,0
2025-08-15 15:00:00,Chennai,30.4,71.64060697493404,1003.2,0
2025-08-15 15:00:00,Hyderabad,26.4,84.62448112085993,1001.5,0
2025-08-15 15:00:00,Kolkata,28.4,88.94616815571688,1002.2,0
2025-08-15 15:00:00,Mumbai,26.2,94.80376584735212,1003.4,0
2025-08-15 15:00:00,New_Delhi,28.2,96.55941799604425,1000.7,0
2025-08-15 18:00:00,Chennai,28.2,76.15120458899845,1004.1,0
2025-08-15 18:00:00,Hyderabad,23.0,96.42590852260086,1003.0,0
2025-08-15 18:00:00,Kolkata,28.0,92.12191734434786,1002.7,0
2025-08-15 18:00:00,Mumbai,25.8,96.49873881355715,1003.8,0
2025-08-15 18:00:00,New_Delhi,27.6,93.74490804295252,1001.2,0
2025-08-15 21:00:00,Chennai,27.8,81.29701074620921,1002.1,0
2025-08-15 21:00:00,Hyderabad,23.0,96.42590852260086,1000.3,0
2025-08-15 21:00:00,Kolkata,27.6,92.09950049107172,1001.8,0
2025-08-15 21:00:00,Mumbai,24.8,96.472984078473,1002.2,0
2025-08-15 21:00:00,New_Delhi,27.0,98.25124348905273,1000.9,0
2025-08-16 00:00:00,Chennai,28.0,74.30236303611937,1002.2,0
2025-08-16 00:00:00,Hyderabad,23.0,96.42590852260086,1000.0,0
2025-08-16 00:00:00,Kolkata,27.4,93.73593071403404,1001.2,0
2025-08-16 00:00:00,Mumbai,25.0,96.47815756865955,1001.8,0
2025-08-16 00:00:00,New_Delhi,27.0,98.25124348905273,1000.9,0
2025-08-16 03:00:00,Chennai,29.0,68.01508576459278,1004.0,0
2025-08-16 03:00:00,Hyderabad,23.2,92.97443596255128,1001.4,0
2025-08-16 03:00:00,Kolkata,31.5,75.31136463537639,1002.6,0
2025-08-16 03:00:00,Mumbai,25.0,94.75830253018952,1003.4,0
2025-08-16 03:00:00,New_Delhi,29.4,89.54556000162309,1002.0,0
2025-08-16 06:00:00,Chennai,33.0,53.160307816284856,1003.1,0
2025-08-16 06:00:00,Hyderabad,24.2,87.00968036068129,1001.8,0
2025-08-16 06:00:00,Kolkata,32.5,67.0788614157572,1001.7,0
2025-08-16 06:00:00,Mumbai,25.8,94.78867673105134,1003.4,0
2025-08-16 06:00:00,New_Delhi,32.2,74.979976618763,1001.6,0
2025-08-16 09:00:00,Chennai,33.2,52.24717555279882,1000.6,0
2025-08-16 09:00:00,Hyderabad,25.4,87.11821906243264,999.8,0
2025-08-16 09:00:00,Kolkata,34.6,58.933037767250966,999.2,0
2025-08-16 09:00:00,Mumbai,26.0,93.67255110424423,1001.8,0
2025-08-16 09:00:00,New_Delhi,33.6,70.9438043249328,999.3,0
2025-08-16 12:00:00,Chennai,28.6,86.37440005285019,1000.0,0
2025-08-16 12:00:00,Hyderabad,25.2,87.10022146859102,999.2,0
2025-08-16 12:00:00,Kolkata,33.0,66.78088716309055,998.6,0
2025-08-16 12:00:00,Mumbai,25.8,94.78867673105134,1000.8,0
2025-08-16 12:00:00,New_Delhi,30.6,78.34767637456054,998.2,0
2025-08-16 15:00:00,Chennai,27.4,81.24686676192346,1002.5,0
2025-08-16 15:00:00,Hyderabad,24.6,88.1108765345105,1001.2,0
2025-08-16 15:00:00,Kolkata,30.8,75.64766286638326,1001.2,0
2025-08-16 15:00:00,Mumbai,25.4,94.7735224161306,1002.3,0
2025-08-16 15:00:00,New_Delhi,29.0,95.4619982743076,999.8,0
2025-08-16 18:00:00,Chennai,26.8,85.68910507577876,1003.5,0
2025-08-16 18:00:00,Hyderabad,24.4,89.71497940989825,1001.8,0
2025-08-16 18:00:00,Kolkata,30.0,81.08968974474207,1002.2,0
2025-08-16 18:00:00,Mumbai,25.6,93.09525743190017,1002.4,0
2025-08-16 18:00:00,New_Delhi,28.6,95.44891343392182,1000.8,0
2025-08-16 21:00:00,Chennai,26.6,84.13765842724912,1001.6,0
2025-08-16 21:00:00,Hyderabad,23.2,91.2871456644803,1000.5,0
2025-08-16 21:00:00,Kolkata,29.6,83.46865512129703,1001.8,0
2025-08-16 21:00:00,Mumbai,25.2,96.48331975462108,1000.5,0
2025-08-16 21:00:00,New_Delhi,27.6,96.54439604252045,1000.6,0
2025-08-17 00:00:00,Chennai,26.2,88.7747243479242,1001.7,0
2025-08-17 00:00:00,Hyderabad,23.2,91.2871456644803,1000.6,0
2025-08-17 00:00:00,Kolkata,28.4,92.14424033203444,1001.5,0
2025-08-17 00:00:00,Mumbai,25.2,94.76592069291524,1000.5,0
2025-08-17 00:00:00,New_Delhi,27.6,93.74490804295252,1001.4,0
2025-08-17 03:00:00,Chennai,27.0,90.43900875787912,1004.1,0
2025-08-17 03:00:00,Hyderabad,24.6,86.51781437617485,1001.9,0
2025-08-17 03:00:00,Kolkata,31.0,78.40390010984709,1003.5,0
2025-08-17 03:00:00,Mumbai,25.2,96.48331975462108,1001.5,0
2025-08-17 03:00:00,New_Delhi,29.8,86.48603151527291,1002.5,0
2025-08-17 06:00:00,Chennai,29.6,71.07014207384191,1004.1,0
2025-08-17 06:00:00,Hyderabad,26.6,79.6854136873141,1002.2,0
2025-08-17 06:00:00,Kolkata,32.6,69.11441091335229,1003.2,0
2025-08-17 06:00:00,Mumbai,26.8,95.38933139322062,1001.6,0
2025-08-17 06:00:00,New_Delhi,33.0,75.5452541352859,1002.6,0
2025-08-17 09:00:00,Chennai,31.4,63.34384135735378,1002.4,0
2025-08-17 09:00:00,Hyderabad,27.0,75.96502451223623,999.6,0
2025-08-17 09:00:00,Kolkata,33.2,66.03479395995936,1000.6,0
2025-08-17 09:00:00,Mumbai,26.0,94.79622941585652,1000.8,0
2025-08-17 09:00:00,New_Delhi,33.6,70.9438043249328,1000.4,0
2025-08-17 12:00:00,Chennai,31.0,67.99377352527183,1002.4,0
2025-08-17 12:00:00,Hyderabad,26.0,92.00888400052642,999.4,0
2025-08-17 12:00:00,Kolkata,29.0,87.95208930052544,1000.8,0
2025-08-17 12:00:00,Mumbai,26.2,93.68166338882529,1000.6,0
2025-08-17 12:00:00,New_Delhi,28.8,86.39309843177878,999.9,0
2025-08-17 15:00:00,Chennai,25.4,91.42347038708564,1005.4,0
2025-08-17 15:00:00,Hyderabad,25.8,85.59004257177266,1001.1,0
2025-08-17 15:00:00,Kolkata,29.2,80.5095630310082,1003.7,0
2025-08-17 15:00:00,Mumbai,26.2,90.38476214988124,1002.4,0
2025-08-17 15:00:00,New_Delhi,28.2,88.93074165144274,1001.3,0
2025-08-17 18:00:00,Chennai,25.6,91.4357072125878,1005.5,0
2025-08-17 18:00:00,Hyderabad,23.8,93.00493307197942,1002.7,0
2025-08-17 18:00:00,Kolkata,28.7,85.87461286726703,1003.7,0
2025-08-17 18:00:00,Mumbai,25.2,94.76592069291524,1003.9,0
2025-08-17 18:00:00,New_Delhi,28.0,90.50618565208272,1003.4,0
2025-08-17 21:00:00,Chennai,25.6,91.4357072125878,1004.2,0
2025-08-17 21:00:00,Hyderabad,22.4,96.41000840186356,1002.2,0
2025-08-17 21:00:00,Kolkata,27.7,91.56265301883126,1003.3,0
2025-08-17 21:00:00,Mumbai,25.4,96.48847066905626,1002.7,0
2025-08-17 21:00:00,New_Delhi,27.4,95.40932035991788,1003.5,0
2025-08-18 00:00:00,Chennai,25.6,88.72729010944434,1004.0,0
2025-08-18 00:00:00,Hyderabad,22.2,96.40468492682572,1002.6,0
2025-08-18 00:00:00,Kolkata,28.0,90.50618565208272,1003.6,0
2025-08-18 00:00:00,Mumbai,25.8,96.49873881355715,1002.3,0
2025-08-18 00:00:00,New_Delhi,27.0,98.25124348905273,1003.1,0
2025-08-18 03:00:00,Chennai,26.5,84.63501770493595,1007.0,0
2025-08-18 03:00:00,Hyderabad,23.0,92.96422650821278,1003.9,0
2025-08-18 03:00:00,Kolkata,30.2,76.91200889831605,1004.7,0
2025-08-18 03:00:00,Mumbai,25.4,98.23050936880628,1003.8,0
2025-08-18 03:00:00,New_Delhi,29.2,97.14635592590469,1005.1,0
2025-08-18 06:00:00,Chennai,30.6,66.70183445693432,1006.5,0
2025-08-18 06:00:00,Hyderabad,24.0,91.33708576167582,1004.1,0
2025-08-18 06:00:00,Kolkata,31.0,72.1742265807024,1003.9,0
2025-08-18 06:00:00,Mumbai,25.4,96.48847066905626,1004.7,0
2025-08-18 06:00:00,New_Delhi,32.0,79.0033862804747,1005.0,0
2025-08-18 09:00:00,Chennai,32.6,57.42298925056439,1003.6,0
2025-08-18 09:00:00,Hyderabad,25.0,88.14427552074832,1001.9,0
2025-08-18 09:00:00,Kolkata,32.0,67.38029965170892,1001.6,0
2025-08-18 09:00:00,Mumbai,26.2,96.5089622614157,1002.9,0
2025-08-18 09:00:00,New_Delhi,34.2,68.60580036819208,1002.3,0
2025-08-18 12:00:00,Chennai,31.4,58.54929693422029,1003.4,0
2025-08-18 12:00:00,Hyderabad,24.6,84.95004486909127,1001.3,0
2025-08-18 12:00:00,Kolkata,28.4,87.90192756472376,1001.8,0
2025-08-18 12:00:00,Mumbai,26.0,96.503856108436,1002.2,0
2025-08-18 12:00:00,New_Delhi,34.2,63.93621970684363,1000.2,0
2025-08-18 15:00:00,Chennai,29.4,72.32825969825754,1005.7,0
2025-08-18 15:00:00,Hyderabad,23.4,89.64153331568741,1003.3,0
2025-08-18 15:00:00,Kolkata,28.8,86.39309843177878,1003.3,0
2025-08-18 15:00:00,Mumbai,26.6,92.0430442850652,1003.5,0
2025-08-18 15:00:00,New_Delhi,31.0,79.79835457938422,1002.1,0
2025-08-18 18:00:00,Chennai,29.0,69.68555280505707,1006.3,0
2025-08-18 18:00:00,Hyderabad,22.9,95.25618988736358,1004.0,0
2025-08-18 18:00:00,Kolkata,28.6,86.37440005285019,1004.0,0
2025-08-18 18:00:00,Mumbai,26.8,92.0543831105128,1004.1,0
2025-08-18 18:00:00,New_Delhi,29.6,83.46865512129703,1002.8,0
2025-08-18 21:00:00,Chennai,27.8,71.61107092213882,1004.5,0
2025-08-18 21:00:00,Hyderabad,22.3,95.23520002951904,1002.8,0
2025-08-18 21:00:00,Kolkata,28.0,92.12191734434786,1002.5,0
2025-08-18 21:00:00,Mumbai,25.8,94.78867673105134,1001.9,0
2025-08-18 21:00:00,New_Delhi,29.0,87.95208930052544,1002.2,0
2025-08-19 00:00:00,Chennai,27.6,68.57664693138325,1005.6,0
2025-08-19 00:00:00,Hyderabad,22.2,96.40468492682572,1002.6,0
2025-08-19 00:00:00,Kolkata,27.2,93.72693426762004,1002.4,0
2025-08-19 00:00:00,Mumbai,25.0,96.47815756865955,1001.2,0
2025-08-19 00:00:00,New_Delhi,28.6,88.96156313904507,1002.3,0
2025-08-19 03:00:00,Chennai,28.6,65.09275319702243,1006.7,0
2025-08-19 03:00:00,Hyderabad,23.4,94.69675973556868,1003.5,0
2025-08-19 03:00:00,Kolkata,29.0,84.89506306062921,1003.5,0
2025-08-19 03:00:00,Mumbai,26.0,96.503856108436,1002.2,0
2025-08-19 03:00:00,New_Delhi,30.6,82.60607945629376,1003.1,0
2025-08-19 06:00:00,Chennai,31.6,50.89250919922128,1006.7,0
2025-08-19 06:00:00,Hyderabad,24.8,88.12759322404811,1003.7,0
2025-08-19 06:00:00,Kolkata,31.0,78.40390010984709,1003.2,0
2025-08-19 06:00:00,Mumbai,26.4,94.8112860716802,1002.8,0
2025-08-19 06:00:00,New_Delhi,34.6,61.06806519838046,1002.6,0
2025-08-19 09:00:00,Chennai,33.0,51.87931731051191,1004.8,0
2025-08-19 09:00:00,Hyderabad,25.8,82.53549250098933,1001.8,0
2025-08-19 09:00:00,Kolkata,29.0,87.95208930052544,1001.8,0
2025-08-19 09:00:00,Mumbai,25.4,96.48847066905626,1002.0,0
2025-08-19 09:00:00,New_Delhi,29.6,74.118773297339,1001.4,0
2025-08-19 12:00:00,Chennai,34.0,50.879846925795135,1003.8,0
2025-08-19 12:00:00,Hyderabad,24.2,87.00968036068129,1002.1,0
2025-08-19 12:00:00,Kolkata,28.2,83.31179804309043,1001.8,0
2025-08-19 12:00:00,Mumbai,26.0,94.79622941585652,1001.3,0
2025-08-19 12:00:00,New_Delhi,31.2,77.51519693628545,999.6,0
2025-08-19 15:00:00,Chennai,31.4,50.52742024257406,1005.8,0
2025-08-19 15:00:00,Hyderabad,23.1,95.26315595399392,1004.0,0
2025-08-19 15:00:00,Kolkata,28.2,90.5195376072018,1003.1,0
2025-08-19 15:00:00,Mumbai,26.0,94.79622941585652,1002.6,0
2025-08-19 15:00:00,New_Delhi,29.0,84.89506306062921,1000.8,0
2025-08-19 18:00:00,Chennai,29.8,56.06041297831903,1006.8,0
2025-08-19 18:00:00,Hyderabad,23.8,83.31588388828354,1003.9,0
2025-08-19 18:00:00,Kolkata,28.0,91.04198796527643,1004.0,0
2025-08-19 18:00:00,Mumbai,26.2,93.68166338882529,1003.4,0
2025-08-19 18:00:00,New_Delhi,28.6,88.96156313904507,1002.0,0
2025-08-19 21:00:00,Chennai,27.0,69.73535987777385,1005.4,0
2025-08-19 21:00:00,Hyderabad,23.6,84.84545097606222,1002.6,0
2025-08-19 21:00:00,Kolkata,27.5,89.9378598335319,1002.5,0
2025-08-19 21:00:00,Mumbai,25.6,94.78110774663196,1001.9,0
2025-08-19 21:00:00,New_Delhi,28.0,92.12191734434786,1001.1,0
2025-08-20 00:00:00,Chennai,27.2,68.49913989698025,1006.3,0
2025-08-20 00:00:00,Hyderabad,23.6,84.84545097606222,1002.6,0
2025-08-20 00:00:00,Kolkata,27.2,95.40267171979632,1002.5,0
2025-08-20 00:00:00,Mumbai,26.2,93.68166338882529,1001.3,0
2025-08-20 00:00:00,New_Delhi,27.8,90.49280598950578,1001.5,0
2025-08-20 03:00:00,Chennai,29.8,57.46279399441182,1008.3,0
2025-08-20 03:00:00,Hyderabad,23.8,86.97320396170663,1004.7,0
2025-08-20 03:00:00,Kolkata,27.4,95.40932035991788,1004.5,0
2025-08-20 03:00:00,Mumbai,26.6,90.41194193154736,1003.3,0
2025-08-20 03:00:00,New_Delhi,30.2,81.1147334710309,1002.7,0
2025-08-20 06:00:00,Chennai,34.6,43.26582466666108,1009.8,0
2025-08-20 06:00:00,Hyderabad,26.6,77.30223850538336,1004.9,0
2025-08-20 06:00:00,Kolkata,28.8,87.93540259721783,1004.4,0
2025-08-20 06:00:00,Mumbai,27.6,85.767643247121,1004.4,0
2025-08-20 06:00:00,New_Delhi,33.4,67.25543915862544,1002.2,0
2025-08-20 09:00:00,Chennai,36.0,44.44663958001136,1005.1,0
2025-08-20 09:00:00,Hyderabad,26.2,76.77248501125355,1003.3,0
2025-08-20 09:00:00,Kolkata,29.6,88.00194722290112,1001.8,0
2025-08-20 09:00:00,Mumbai,27.8,84.2669381064797,1003.4,0
2025-08-20 09:00:00,New_Delhi,35.0,67.96088926567721,999.7,0
2025-08-20 12:00:00,Chennai,35.0,46.68397984064333,1004.5,0
2025-08-20 12:00:00,Hyderabad,26.6,79.6854136873141,1003.1,0
2025-08-20 12:00:00,Kolkata,27.6,96.54439604252045,1001.7,0
2025-08-20 12:00:00,Mumbai,27.2,88.85313336738866,1002.6,0
2025-08-20 12:00:00,New_Delhi,35.0,61.15610416717985,998.2,0
2025-08-20 15:00:00,Chennai,31.2,70.93306375697343,1006.4,0
2025-08-20 15:00:00,Hyderabad,23.4,94.69675973556868,1006.2,0
2025-08-20 15:00:00,Kolkata,27.2,96.53432701791446,1004.0,0
2025-08-20 15:00:00,Mumbai,25.6,90.3437793367858,1004.4,0
2025-08-20 15:00:00,New_Delhi,30.6,82.60607945629376,999.9,0
2025-08-20 18:00:00,Chennai,29.6,80.5611085480825,1007.8,0
2025-08-20 18:00:00,Hyderabad,24.0,89.68569309935684,1007.4,0
2025-08-20 18:00:00,Kolkata,27.6,96.54439604252045,1004.7,0
2025-08-20 18:00:00,Mumbai,26.2,94.80376584735212,1005.8,0
2025-08-20 18:00:00,New_Delhi,29.8,81.06459831337503,1002.2,0
2025-08-20 21:00:00,Chennai,29.0,79.0585121873896,1007.1,0
2025-08-20 21:00:00,Hyderabad,23.6,88.02677396309889,1007.0,0
2025-08-20 21:00:00,Kolkata,26.2,98.24092211346162,1003.5,0
2025-08-20 21:00:00,Mumbai,27.2,87.27855968744687,1005.2,0
2025-08-20 21:00:00,New_Delhi,29.2,83.42405706602797,1002.0,0
2025-08-21 00:00:00,Chennai,27.6,81.27196286112057,1007.7,0
2025-08-21 00:00:00,Hyderabad,23.4,89.64153331568741,1006.7,0
2025-08-21 00:00:00,Kolkata,25.6,98.23312117951836,1003.1,0
2025-08-21 00:00:00,Mumbai,26.4,93.69075623120436,1005.3,0
2025-08-21 00:00:00,New_Delhi,28.2,88.93074165144274,1001.9,0
2025-08-21 03:00:00,Chennai,31.0,59.53505705723449,1010.2,0
2025-08-21 03:00:00,Hyderabad,24.8,83.9408350810903,1008.7,0
2025-08-21 03:00:00,Kolkata,27.2,96.53432701791446,1005.1,0
2025-08-21 03:00:00,Mumbai,27.6,88.88427217188078,1007.2,0
2025-08-21 03:00:00,New_Delhi,30.2,79.69205742002245,1002.8,0
2025-08-21 06:00:00,Chennai,35.2,43.96344994864194,1009.2,0
2025-08-21 06:00:00,Hyderabad,28.0,69.49759780649958,1007.7,0
2025-08-21 06:00:00,Kolkata,27.8,93.7538663078413,1003.8,0
2025-08-21 06:00:00,Mumbai,26.4,92.03168153578638,1007.8,0
2025-08-21 06:00:00,New_Delhi,34.2,63.93621970684363,1001.3,0
2025-08-21 09:00:00,Chennai,36.6,42.226041971973615,1006.2,0
2025-08-21 09:00:00,Hyderabad,29.0,66.37980250404418,1005.7,0
2025-08-21 09:00:00,Kolkata,27.6,93.74490804295252,1002.3,0
2025-08-21 09:00:00,Mumbai,28.8,81.90716097068722,1006.5,0
2025-08-21 09:00:00,New_Delhi,33.2,70.45783465512956,999.2,0
2025-08-21 12:00:00,Chennai,32.8,62.13958951433999,1006.0,0
2025-08-21 12:00:00,Hyderabad,28.8,67.56355741939835,1005.0,0
2025-08-21 12:00:00,Kolkata,25.6,94.78110774663196,1002.4,0
2025-08-21 12:00:00,Mumbai,28.6,81.88293095675748,1005.9,0
2025-08-21 12:00:00,New_Delhi,33.6,68.49226741509385,997.7,0
2025-08-21 15:00:00,Chennai,30.6,63.94211751218886,1008.0,0
2025-08-21 15:00:00,Hyderabad,26.8,77.3319727882649,1007.3,0
2025-08-21 15:00:00,Kolkata,26.0,96.503856108436,1003.8,0
2025-08-21 15:00:00,Mumbai,27.4,87.29619508920601,1008.1,0
2025-08-21 15:00:00,New_Delhi,31.0,79.79835457938422,999.8,0
2025-08-21 18:00:00,Chennai,30.2,75.55406963834521,1009.4,0
2025-08-21 18:00:00,Hyderabad,25.8,84.05061522100549,1008.1,0
2025-08-21 18:00:00,Kolkata,26.6,98.24609415561164,1004.1,0
2025-08-21 18:00:00,Mumbai,27.6,87.31379479213656,1009.2,0
2025-08-21 18:00:00,New_Delhi,29.6,88.00194722290112,1000.7,0
2025-08-21 21:00:00,Chennai,29.4,80.53536024141098,1008.3,0
2025-08-21 21:00:00,Hyderabad,24.8,83.9408350810903,1007.5,0
2025-08-21 21:00:00,Kolkata,26.8,96.52421418955652,1001.3,0
2025-08-21 21:00:00,Mumbai,27.4,87.29619508920601,1007.5,0
2025-08-21 21:00:00,New_Delhi,28.8,90.55942797559786,999.4,0
2025-08-22 00:00:00,Chennai,28.0,80.3537462205201,1008.6,0
2025-08-22 00:00:00,Hyderabad,23.8,88.5832108722717,1007.4,0
2025-08-22 00:00:00,Kolkata,26.3,97.66232425893402,1000.6,0
2025-08-22 00:00:00,Mumbai,27.0,84.18092213796281,1007.0,0
2025-08-22 00:00:00,New_Delhi,28.0,92.12191734434786,999.1,0
2025-08-22 03:00:00,Chennai,26.8,93.70888380751718,1009.4,0
2025-08-22 03:00:00,Hyderabad,24.2,86.48011646915207,1007.7,0
2025-08-22 03:00:00,Kolkata,27.0,95.39600874452508,1001.6,0
2025-08-22 03:00:00,Mumbai,27.8,84.2669381064797,1008.4,0
2025-08-22 03:00:00,New_Delhi,30.8,79.77185498360923,999.6,0
2025-08-22 06:00:00,Chennai,31.2,73.50477620307173,1009.5,0
2025-08-22 06:00:00,Hyderabad,28.2,68.27434030475051,1007.5,0
2025-08-22 06:00:00,Kolkata,27.2,98.2538096814028,1000.9,0
2025-08-22 06:00:00,Mumbai,28.4,83.33433758376981,1009.2,0
2025-08-22 06:00:00,New_Delhi,33.8,64.9948432310438,999.2,0
2025-08-22 09:00:00,Chennai,34.2,58.49166556113909,1005.4,0
2025-08-22 09:00:00,Hyderabad,29.4,66.46070290917613,1005.2,0
2025-08-22 09:00:00,Kolkata,28.0,92.12191734434786,998.4,0
2025-08-22 09:00:00,Mumbai,28.4,77.56787120852722,1007.1,0
2025-08-22 09:00:00,New_Delhi,30.6,82.60607945629376,997.8,0
2025-08-22 12:00:00,Chennai,32.0,73.63761837389029,1004.9,0
2025-08-22 12:00:00,Hyderabad,28.8,66.33925366327628,1004.3,0
2025-08-22 12:00:00,Kolkata,26.4,96.51405730461325,997.9,0
2025-08-22 12:00:00,Mumbai,28.6,81.88293095675748,1006.3,0
2025-08-22 12:00:00,New_Delhi,31.8,76.24895936494288,995.7,0
2025-08-22 15:00:00,Chennai,26.4,88.79047072518293,1008.3,0
2025-08-22 15:00:00,Hyderabad,27.0,74.59053556051053,1005.9,0
2025-08-22 15:00:00,Kolkata,26.6,94.8187901348208,1001.0,0
2025-08-22 15:00:00,Mumbai,27.8,82.77031896665545,1007.8,0
2025-08-22 15:00:00,New_Delhi,29.0,93.80721852350112,998.5,0
2025-08-22 18:00:00,Chennai,26.0,93.67255110424423,1008.8,0
2025-08-22 18:00:00,Hyderabad,26.4,75.40904545009995,1007.1,0
2025-08-22 18:00:00,Kolkata,26.6,94.8187901348208,1000.8,0
2025-08-22 18:00:00,Mumbai,27.2,90.45250000428204,1008.0,0
2025-08-22 18:00:00,New_Delhi,29.0,93.80721852350112,999.2,0
2025-08-22 21:00:00,Chennai,25.6,94.78110774663196,1007.6,0
2025-08-22 21:00:00,Hyderabad,25.2,82.46414440188865,1005.8,0
2025-08-22 21:00:00,Kolkata,26.4,96.51405730461325,998.9,0
2025-08-22 21:00:00,Mumbai,27.0,88.83751596451742,1006.4,0
2025-08-22 21:00:00,New_Delhi,28.6,88.96156313904507,998.5,0
2025-08-23 00:00:00,Chennai,23.6,94.70451111903132,1009.3,0
2025-08-23 00:00:00,Hyderabad,24.2,86.48011646915207,1005.8,0
2025-08-23 00:00:00,Kolkata,26.2,98.24092211346162,999.0,0
2025-08-23 00:00:00,Mumbai,27.2,88.85313336738866,1005.9,0
2025-08-23 00:00:00,New_Delhi,27.8,88.89979374390309,998.5,0
2025-08-23 03:00:00,Chennai,24.0,94.71996347442106,1008.3,0
2025-08-23 03:00:00,Hyderabad,24.6,80.39509424447246,1008.2,0
2025-08-23 03:00:00,Kolkata,27.4,93.73593071403404,1001.1,0
2025-08-23 03:00:00,Mumbai,27.6,84.24549777703992,1007.5,0
2025-08-23 03:00:00,New_Delhi,30.2,81.1147334710309,999.5,0
2025-08-23 06:00:00,Chennai,27.4,81.24686676192346,1008.5,0
2025-08-23 06:00:00,Hyderabad,27.6,68.1573799292512,1006.6,0
2025-08-23 06:00:00,Kolkata,28.2,90.5195376072018,1000.5,0
2025-08-23 06:00:00,Mumbai,29.6,75.45996920875774,1008.4,0
2025-08-23 06:00:00,New_Delhi,33.6,64.95378562281357,999.1,0
2025-08-23 09:00:00,Chennai,32.0,62.71443976755974,1006.6,0
2025-08-23 09:00:00,Hyderabad,28.4,67.07345637066688,1004.9,0
2025-08-23 09:00:00,Kolkata,26.8,95.95530582537604,999.1,0
2025-08-23 09:00:00,Mumbai,29.4,76.33535606218936,1007.4,0
2025-08-23 09:00:00,New_Delhi,32.6,77.71711967076688,997.0,0
2025-08-23 12:00:00,Chennai,31.2,70.93306375697343,1005.8,0
2025-08-23 12:00:00,Hyderabad,28.0,66.99337531539804,1003.9,0
2025-08-23 12:00:00,Kolkata,27.1,98.25252728970754,998.8,0
2025-08-23 12:00:00,Mumbai,27.8,84.2669381064797,1006.6,0
2025-08-23 12:00:00,New_Delhi,26.0,100.0,997.9,0
2025-08-23 15:00:00,Chennai,28.4,86.35566419509173,1007.8,0
2025-08-23 15:00:00,Hyderabad,27.0,67.62164141225769,1005.7,0
2025-08-23 15:00:00,Kolkata,26.7,95.95236402946144,1001.7,0
2025-08-23 15:00:00,Mumbai,27.4,84.22401507730588,1007.6,0
2025-08-23 15:00:00,New_Delhi,26.0,100.0,1000.5,0
2025-08-23 18:00:00,Chennai,28.0,87.34888747491027,1008.7,0
2025-08-23 18:00:00,Hyderabad,26.0,73.97062900551056,1006.8,0
2025-08-23 18:00:00,Kolkata,26.8,95.38933139322062,1002.5,0
2025-08-23 18:00:00,Mumbai,27.4,85.74806761675889,1008.3,0
2025-08-23 18:00:00,New_Delhi,25.8,100.0,1000.1,0
2025-08-23 21:00:00,Chennai,27.6,87.31379479213656,1006.9,0
2025-08-23 21:00:00,Hyderabad,24.4,80.36867035611908,1006.3,0
2025-08-23 21:00:00,Kolkata,27.2,93.72693426762004,1001.2,0
2025-08-23 21:00:00,Mumbai,27.4,82.72371961951407,1006.7,0
2025-08-23 21:00:00,New_Delhi,26.0,98.23832753499846,999.1,0
2025-08-24 00:00:00,Chennai,26.8,87.24318141227258,1007.5,0
2025-08-24 00:00:00,Hyderabad,23.2,86.38519664977352,1006.4,0
2025-08-24 00:00:00,Kolkata,26.6,94.8187901348208,1001.8,0
2025-08-24 00:00:00,Mumbai,27.2,85.72845277885752,1006.4,0
2025-08-24 00:00:00,New_Delhi,25.8,100.0,999.4,0
2025-08-24 03:00:00,Chennai,30.0,74.62820502423824,1008.25,1
2025-08-24 03:00:00,Hyderabad,25.0,73.8025121880607,1007.15,1
2025-08-24 03:00:00,Kolkata,27.0,94.27439081608838,1002.8499999999999,1
2025-08-24 03:00:00,Mumbai,28.0,83.78747242805218,1007.5,1
2025-08-24 06:00:00,Chennai,33.0,50.00855048668853,1009.0,0
2025-08-24 06:00:00,Hyderabad,27.0,67.62164141225769,1007.9,0
2025-08-24 06:00:00,Kolkata,28.2,90.5195376072018,1003.9,0
2025-08-24 06:00:00,Mumbai,30.5,71.23149682785368,1008.6,0
2025-08-24 06:00:00,New_Delhi,31.4,77.54420157006253,1000.4,0
2025-08-24 09:00:00,Chennai,34.6,50.41729520575189,1006.4,0
2025-08-24 09:00:00,Hyderabad,29.2,61.34531898587801,1005.4,0
2025-08-24 09:00:00,Kolkata,28.7,95.45218990145383,1002.2,0
2025-08-24 09:00:00,Mumbai,29.2,77.68451620551635,1007.7,0
2025-08-24 09:00:00,New_Delhi,30.8,85.5757112364315,998.1,0
2025-08-24 12:00:00,Chennai,33.0,62.18308645409979,1005.8,0
2025-08-24 12:00:00,Hyderabad,28.2,65.81236938103763,1004.8,0
2025-08-24 12:00:00,Kolkata,28.1,88.92301655272075,1001.6,0
2025-08-24 12:00:00,Mumbai,29.0,79.0585121873896,1006.8,0
2025-08-24 12:00:00,New_Delhi,27.6,93.74490804295252,998.2,0
2025-08-24 15:00:00,Chennai,30.0,75.5227593496699,1007.4,0
2025-08-24 15:00:00,Hyderabad,26.8,70.12771695724491,1006.9,0
2025-08-24 15:00:00,Kolkata,27.0,92.06569807815052,1003.8,0
2025-08-24 15:00:00,Mumbai,28.0,81.80996009312997,1008.1,0
2025-08-24 15:00:00,New_Delhi,27.4,92.08825670296544,999.6,0
2025-08-24 18:00:00,Chennai,29.6,80.5611085480825,1009.0,0
2025-08-24 18:00:00,Hyderabad,26.0,70.84852701016716,1007.5,0
2025-08-24 18:00:00,Kolkata,26.8,95.38933139322062,1004.7,0
2025-08-24 18:00:00,Mumbai,27.6,84.24549777703992,1008.7,0
2025-08-24 18:00:00,New_Delhi,27.0,93.71791865005991,1000.6,0
2025-08-24 21:00:00,Chennai,28.6,86.37440005285019,1007.4,0
2025-08-24 21:00:00,Hyderabad,24.4,74.62267860192362,1006.8,0
2025-08-24 21:00:00,Kolkata,26.4,94.8112860716802,1003.5,0
2025-08-24 21:00:00,Mumbai,27.0,83.67695517522091,1008.7,1
2025-08-24 21:00:00,New_Delhi,26.8,93.70888380751718,999.3,0
